attempt_id,phase,round_id,execution_position,position_within_round,condition_id,scene_id,inflation_mm,planning_success,failure_reason,planning_reported_solve_time_s,planning_reported_total_time_s,measured_wall_time_s,trajectory_shape,trajectory_finite,maximum_absolute_joint_difference_rad,mean_absolute_joint_difference_rad,trajectory_length_rad,frozen_trajectory_length_rad,trajectory_length_difference_rad,exact_frozen_trajectory_match,tolerance_frozen_trajectory_match_1e_7_rad,status,error
round_01__position_01__formal_baseline_v1__inflation_000mm,measured,1,1,1,formal_baseline_v1__inflation_000mm,formal_baseline_v1,0,True,,0.027341504096984867,0.036291584014892575,0.03671790399675956,"[41,7]",True,0.0,0.0,0.9438674449920654,0.9438674449920654,0.0,True,True,completed,
round_01__position_02__formal_baseline_v1__inflation_005mm,measured,1,2,2,formal_baseline_v1__inflation_005mm,formal_baseline_v1,5,True,,0.02622694396972656,0.03477196884155274,0.03519596599653596,"[41,7]",True,0.0,0.0,0.9439100027084351,0.9439100027084351,0.0,True,True,completed,
round_01__position_03__formal_baseline_v1__inflation_010mm,measured,1,3,3,formal_baseline_v1__inflation_010mm,formal_baseline_v1,10,True,,0.027574496269226076,0.03603926467895508,0.03645431199402083,"[41,7]",True,0.0,0.0,0.9444064497947693,0.9444064497947693,0.0,True,True,completed,
round_01__position_04__formal_baseline_v1__inflation_015mm,measured,1,4,4,formal_baseline_v1__inflation_015mm,formal_baseline_v1,15,True,,0.038563871383666994,0.05101670455932617,0.05143140600557672,"[41,7]",True,0.0,0.0,0.9454147815704346,0.9454147815704346,0.0,True,True,completed,
round_01__position_05__formal_baseline_v1__inflation_020mm,measured,1,5,5,formal_baseline_v1__inflation_020mm,formal_baseline_v1,20,True,,0.027648608207702638,0.03614822387695313,0.03655726899887668,"[41,7]",True,0.0,0.0,0.9469339847564697,0.9469339847564697,0.0,True,True,completed,
round_01__position_06__multiscene_candidate_001__inflation_000mm,measured,1,6,6,multiscene_candidate_001__inflation_000mm,multiscene_candidate_001,0,True,,0.025739456176757814,0.03493302536010742,0.03535019399714656,"[41,7]",True,0.0,0.0,0.9438675045967102,0.9438675045967102,0.0,True,True,completed,
round_01__position_07__multiscene_candidate_001__inflation_005mm,measured,1,7,7,multiscene_candidate_001__inflation_005mm,multiscene_candidate_001,5,True,,0.027589407920837403,0.03605913543701172,0.036484308999206405,"[41,7]",True,0.0,0.0,0.9440393447875977,0.9440393447875977,0.0,True,True,completed,
round_01__position_08__multiscene_candidate_001__inflation_010mm,measured,1,8,8,multiscene_candidate_001__inflation_010mm,multiscene_candidate_001,10,True,,0.02600057506561279,0.036517887115478515,0.0369611790010822,"[41,7]",True,0.0,0.0,0.9447669386863708,0.9447669386863708,0.0,True,True,completed,
round_01__position_09__multiscene_candidate_001__inflation_015mm,measured,1,9,9,multiscene_candidate_001__inflation_015mm,multiscene_candidate_001,15,True,,0.02621017646789551,0.036277950286865236,0.0367834770004265,"[41,7]",True,0.0,0.0,0.9460299015045166,0.9460299015045166,0.0,True,True,completed,
round_01__position_10__multiscene_candidate_001__inflation_020mm,measured,1,10,10,multiscene_candidate_001__inflation_020mm,multiscene_candidate_001,20,True,,0.0271309118270874,0.03580108642578125,0.03623352199792862,"[41,7]",True,0.0,0.0,0.947810709476471,0.947810709476471,0.0,True,True,completed,
round_01__position_11__multiscene_candidate_005__inflation_000mm,measured,1,11,11,multiscene_candidate_005__inflation_000mm,multiscene_candidate_005,0,True,,0.026646400451660158,0.03593711853027344,0.0363976129956427,"[41,7]",True,0.0,0.0,0.9438865780830383,0.9438865780830383,0.0,True,True,completed,
round_01__position_12__multiscene_candidate_005__inflation_005mm,measured,1,12,12,multiscene_candidate_005__inflation_005mm,multiscene_candidate_005,5,True,,0.035922143936157225,0.04748147201538086,0.047887474996969104,"[41,7]",True,0.0,0.0,0.9450989365577698,0.9450989365577698,0.0,True,True,completed,
round_01__position_13__multiscene_candidate_005__inflation_010mm,measured,1,13,13,multiscene_candidate_005__inflation_010mm,multiscene_candidate_005,10,True,,0.02672358322143555,0.03591600036621094,0.03634151099686278,"[41,7]",True,0.0,0.0,0.9485982656478882,0.9485982656478882,0.0,True,True,completed,
round_01__position_14__multiscene_candidate_005__inflation_015mm,measured,1,14,14,multiscene_candidate_005__inflation_015mm,multiscene_candidate_005,15,True,,0.028278943061828613,0.03705033493041992,0.037599991002934985,"[41,7]",True,0.0,0.0,0.9550252556800842,0.9550252556800842,0.0,True,True,completed,
round_01__position_15__multiscene_candidate_005__inflation_020mm,measured,1,15,15,multiscene_candidate_005__inflation_020mm,multiscene_candidate_005,20,True,,0.025994751930236815,0.03662233734130859,0.0370770680019632,"[41,7]",True,0.0,0.0,0.9647320508956909,0.9647320508956909,0.0,True,True,completed,
round_01__position_16__multiscene_candidate_006__inflation_000mm,measured,1,16,16,multiscene_candidate_006__inflation_000mm,multiscene_candidate_006,0,True,,0.026467135429382324,0.035266559600830076,0.03576981899823295,"[41,7]",True,0.0,0.0,0.9438737630844116,0.9438737630844116,0.0,True,True,completed,
round_01__position_17__multiscene_candidate_006__inflation_005mm,measured,1,17,17,multiscene_candidate_006__inflation_005mm,multiscene_candidate_006,5,True,,0.027388959884643557,0.03592697525024414,0.036345999003970064,"[41,7]",True,0.0,0.0,0.9442387819290161,0.9442387819290161,0.0,True,True,completed,
round_01__position_18__multiscene_candidate_006__inflation_010mm,measured,1,18,18,multiscene_candidate_006__inflation_010mm,multiscene_candidate_006,10,True,,0.02647868824005127,0.03679948806762695,0.03722912200464634,"[41,7]",True,0.0,0.0,0.9451422691345215,0.9451422691345215,0.0,True,True,completed,
round_01__position_19__multiscene_candidate_006__inflation_015mm,measured,1,19,19,multiscene_candidate_006__inflation_015mm,multiscene_candidate_006,15,True,,0.026178048133850097,0.03652841567993164,0.03696692000085022,"[41,7]",True,0.0,0.0,0.9466080665588379,0.9466080665588379,0.0,True,True,completed,
round_01__position_20__multiscene_candidate_006__inflation_020mm,measured,1,20,20,multiscene_candidate_006__inflation_020mm,multiscene_candidate_006,20,True,,0.02579075241088867,0.03562908935546875,0.03607833999558352,"[41,7]",True,0.0,0.0,0.9485822916030884,0.9485822916030884,0.0,True,True,completed,
round_02__position_01__multiscene_candidate_001__inflation_010mm,measured,2,21,1,multiscene_candidate_001__inflation_010mm,multiscene_candidate_001,10,True,,0.028145663261413573,0.036881343841552734,0.037378107001131866,"[41,7]",True,0.0,0.0,0.9447669386863708,0.9447669386863708,0.0,True,True,completed,
round_02__position_02__multiscene_candidate_001__inflation_015mm,measured,2,22,2,multiscene_candidate_001__inflation_015mm,multiscene_candidate_001,15,True,,0.026123744010925293,0.03472777557373047,0.03513993800152093,"[41,7]",True,0.0,0.0,0.9460299015045166,0.9460299015045166,0.0,True,True,completed,
round_02__position_03__multiscene_candidate_001__inflation_020mm,measured,2,23,3,multiscene_candidate_001__inflation_020mm,multiscene_candidate_001,20,True,,0.026764320373535155,0.037912799835205076,0.03834447800181806,"[41,7]",True,0.0,0.0,0.947810709476471,0.947810709476471,0.0,True,True,completed,
round_02__position_04__multiscene_candidate_005__inflation_000mm,measured,2,24,4,multiscene_candidate_005__inflation_000mm,multiscene_candidate_005,0,True,,0.02795417594909668,0.03663177490234375,0.03705364200141048,"[41,7]",True,0.0,0.0,0.9438865780830383,0.9438865780830383,0.0,True,True,completed,
round_02__position_05__multiscene_candidate_005__inflation_005mm,measured,2,25,5,multiscene_candidate_005__inflation_005mm,multiscene_candidate_005,5,True,,0.03668089580535888,0.049221569061279294,0.04964156699861633,"[41,7]",True,0.0,0.0,0.9450989365577698,0.9450989365577698,0.0,True,True,completed,
round_02__position_06__multiscene_candidate_005__inflation_010mm,measured,2,26,6,multiscene_candidate_005__inflation_010mm,multiscene_candidate_005,10,True,,0.025568448066711425,0.0353603515625,0.035778394994849805,"[41,7]",True,0.0,0.0,0.9485982656478882,0.9485982656478882,0.0,True,True,completed,
round_02__position_07__multiscene_candidate_005__inflation_015mm,measured,2,27,7,multiscene_candidate_005__inflation_015mm,multiscene_candidate_005,15,True,,0.026061120033264162,0.03491635131835937,0.035381681998842396,"[41,7]",True,0.0,0.0,0.9550252556800842,0.9550252556800842,0.0,True,True,completed,
round_02__position_08__multiscene_candidate_005__inflation_020mm,measured,2,28,8,multiscene_candidate_005__inflation_020mm,multiscene_candidate_005,20,True,,0.026583840370178222,0.036997119903564454,0.037544013997830916,"[41,7]",True,0.0,0.0,0.9647320508956909,0.9647320508956909,0.0,True,True,completed,
round_02__position_09__multiscene_candidate_006__inflation_000mm,measured,2,29,9,multiscene_candidate_006__inflation_000mm,multiscene_candidate_006,0,True,,0.02585283088684082,0.03448223876953125,0.03492743699462153,"[41,7]",True,0.0,0.0,0.9438737630844116,0.9438737630844116,0.0,True,True,completed,
round_02__position_10__multiscene_candidate_006__inflation_005mm,measured,2,30,10,multiscene_candidate_006__inflation_005mm,multiscene_candidate_006,5,True,,0.026747263908386235,0.036273792266845704,0.03669594999519177,"[41,7]",True,0.0,0.0,0.9442387819290161,0.9442387819290161,0.0,True,True,completed,
round_02__position_11__multiscene_candidate_006__inflation_010mm,measured,2,31,11,multiscene_candidate_006__inflation_010mm,multiscene_candidate_006,10,True,,0.026056703567504884,0.0346836166381836,0.035126246002619155,"[41,7]",True,0.0,0.0,0.9451422691345215,0.9451422691345215,0.0,True,True,completed,
round_02__position_12__multiscene_candidate_006__inflation_015mm,measured,2,32,12,multiscene_candidate_006__inflation_015mm,multiscene_candidate_006,15,True,,0.026133632659912108,0.034987167358398436,0.0354682059987681,"[41,7]",True,0.0,0.0,0.9466080665588379,0.9466080665588379,0.0,True,True,completed,
round_02__position_13__multiscene_candidate_006__inflation_020mm,measured,2,33,13,multiscene_candidate_006__inflation_020mm,multiscene_candidate_006,20,True,,0.026837344169616695,0.036106815338134764,0.03662045500095701,"[41,7]",True,0.0,0.0,0.9485822916030884,0.9485822916030884,0.0,True,True,completed,
round_02__position_14__formal_baseline_v1__inflation_000mm,measured,2,34,14,formal_baseline_v1__inflation_000mm,formal_baseline_v1,0,True,,0.02542540836334229,0.034119678497314454,0.034552422002889216,"[41,7]",True,0.0,0.0,0.9438674449920654,0.9438674449920654,0.0,True,True,completed,
round_02__position_15__formal_baseline_v1__inflation_005mm,measured,2,35,15,formal_baseline_v1__inflation_005mm,formal_baseline_v1,5,True,,0.026807200431823733,0.03588521575927734,0.03630559200246353,"[41,7]",True,0.0,0.0,0.9439100027084351,0.9439100027084351,0.0,True,True,completed,
round_02__position_16__formal_baseline_v1__inflation_010mm,measured,2,36,16,formal_baseline_v1__inflation_010mm,formal_baseline_v1,10,True,,0.025783776283264163,0.03466239929199219,0.035082441005215514,"[41,7]",True,0.0,0.0,0.9444064497947693,0.9444064497947693,0.0,True,True,completed,
round_02__position_17__formal_baseline_v1__inflation_015mm,measured,2,37,17,formal_baseline_v1__inflation_015mm,formal_baseline_v1,15,True,,0.03543596839904785,0.04734873580932617,0.04777225200086832,"[41,7]",True,0.0,0.0,0.9454147815704346,0.9454147815704346,0.0,True,True,completed,
round_02__position_18__formal_baseline_v1__inflation_020mm,measured,2,38,18,formal_baseline_v1__inflation_020mm,formal_baseline_v1,20,True,,0.02673206424713135,0.03667721557617187,0.037097214997629635,"[41,7]",True,0.0,0.0,0.9469339847564697,0.9469339847564697,0.0,True,True,completed,
round_02__position_19__multiscene_candidate_001__inflation_000mm,measured,2,39,19,multiscene_candidate_001__inflation_000mm,multiscene_candidate_001,0,True,,0.02512534427642822,0.033739871978759765,0.03415813400351908,"[41,7]",True,0.0,0.0,0.9438675045967102,0.9438675045967102,0.0,True,True,completed,
round_02__position_20__multiscene_candidate_001__inflation_005mm,measured,2,40,20,multiscene_candidate_001__inflation_005mm,multiscene_candidate_001,5,True,,0.02668902397155762,0.035591903686523436,0.036152556000160985,"[41,7]",True,0.0,0.0,0.9440393447875977,0.9440393447875977,0.0,True,True,completed,
round_03__position_01__multiscene_candidate_005__inflation_020mm,measured,3,41,1,multiscene_candidate_005__inflation_020mm,multiscene_candidate_005,20,True,,0.025924608230590823,0.03447091293334961,0.03490309500193689,"[41,7]",True,0.0,0.0,0.9647320508956909,0.9647320508956909,0.0,True,True,completed,
round_03__position_02__multiscene_candidate_006__inflation_000mm,measured,3,42,2,multiscene_candidate_006__inflation_000mm,multiscene_candidate_006,0,True,,0.02640924835205078,0.035332096099853515,0.035769248999713454,"[41,7]",True,0.0,0.0,0.9438737630844116,0.9438737630844116,0.0,True,True,completed,
round_03__position_03__multiscene_candidate_006__inflation_005mm,measured,3,43,3,multiscene_candidate_006__inflation_005mm,multiscene_candidate_006,5,True,,0.02623689556121826,0.034814785003662106,0.03522930399776669,"[41,7]",True,0.0,0.0,0.9442387819290161,0.9442387819290161,0.0,True,True,completed,
round_03__position_04__multiscene_candidate_006__inflation_010mm,measured,3,44,4,multiscene_candidate_006__inflation_010mm,multiscene_candidate_006,10,True,,0.025758399963378906,0.034184032440185544,0.0345920589970774,"[41,7]",True,0.0,0.0,0.9451422691345215,0.9451422691345215,0.0,True,True,completed,
round_03__position_05__multiscene_candidate_006__inflation_015mm,measured,3,45,5,multiscene_candidate_006__inflation_015mm,multiscene_candidate_006,15,True,,0.026265888214111327,0.03549055862426758,0.03601850799896056,"[41,7]",True,0.0,0.0,0.9466080665588379,0.9466080665588379,0.0,True,True,completed,
round_03__position_06__multiscene_candidate_006__inflation_020mm,measured,3,46,6,multiscene_candidate_006__inflation_020mm,multiscene_candidate_006,20,True,,0.025807007789611813,0.034915328979492184,0.03537548100575805,"[41,7]",True,0.0,0.0,0.9485822916030884,0.9485822916030884,0.0,True,True,completed,
round_03__position_07__formal_baseline_v1__inflation_000mm,measured,3,47,7,formal_baseline_v1__inflation_000mm,formal_baseline_v1,0,True,,0.0263328971862793,0.035296257019042966,0.035731769996345975,"[41,7]",True,0.0,0.0,0.9438674449920654,0.9438674449920654,0.0,True,True,completed,
round_03__position_08__formal_baseline_v1__inflation_005mm,measured,3,48,8,formal_baseline_v1__inflation_005mm,formal_baseline_v1,5,True,,0.02613036823272705,0.0352149772644043,0.035635524000099394,"[41,7]",True,0.0,0.0,0.9439100027084351,0.9439100027084351,0.0,True,True,completed,
round_03__position_09__formal_baseline_v1__inflation_010mm,measured,3,49,9,formal_baseline_v1__inflation_010mm,formal_baseline_v1,10,True,,0.02591036796569824,0.03457603073120117,0.0350026340020122,"[41,7]",True,0.0,0.0,0.9444064497947693,0.9444064497947693,0.0,True,True,completed,
round_03__position_10__formal_baseline_v1__inflation_015mm,measured,3,50,10,formal_baseline_v1__inflation_015mm,formal_baseline_v1,15,True,,0.03717203235626221,0.04902838516235351,0.04944335999607574,"[41,7]",True,0.0,0.0,0.9454147815704346,0.9454147815704346,0.0,True,True,completed,
round_03__position_11__formal_baseline_v1__inflation_020mm,measured,3,51,11,formal_baseline_v1__inflation_020mm,formal_baseline_v1,20,True,,0.02548585605621338,0.035066017150878905,0.03547090699430555,"[41,7]",True,0.0,0.0,0.9469339847564697,0.9469339847564697,0.0,True,True,completed,
round_03__position_12__multiscene_candidate_001__inflation_000mm,measured,3,52,12,multiscene_candidate_001__inflation_000mm,multiscene_candidate_001,0,True,,0.02586438274383545,0.03482624053955078,0.03524534499592846,"[41,7]",True,0.0,0.0,0.9438675045967102,0.9438675045967102,0.0,True,True,completed,
round_03__position_13__multiscene_candidate_001__inflation_005mm,measured,3,53,13,multiscene_candidate_001__inflation_005mm,multiscene_candidate_001,5,True,,0.028573184013366698,0.03769571304321289,0.03812535500037484,"[41,7]",True,0.0,0.0,0.9440393447875977,0.9440393447875977,0.0,True,True,completed,
round_03__position_14__multiscene_candidate_001__inflation_010mm,measured,3,54,14,multiscene_candidate_001__inflation_010mm,multiscene_candidate_001,10,True,,0.025631392478942867,0.035008415222167966,0.035446485999273136,"[41,7]",True,0.0,0.0,0.9447669386863708,0.9447669386863708,0.0,True,True,completed,
round_03__position_15__multiscene_candidate_001__inflation_015mm,measured,3,55,15,multiscene_candidate_001__inflation_015mm,multiscene_candidate_001,15,True,,0.02768940830230713,0.03644348907470703,0.03690516000642674,"[41,7]",True,0.0,0.0,0.9460299015045166,0.9460299015045166,0.0,True,True,completed,
round_03__position_16__multiscene_candidate_001__inflation_020mm,measured,3,56,16,multiscene_candidate_001__inflation_020mm,multiscene_candidate_001,20,True,,0.02599964714050293,0.034459648132324217,0.03487454699643422,"[41,7]",True,0.0,0.0,0.947810709476471,0.947810709476471,0.0,True,True,completed,
round_03__position_17__multiscene_candidate_005__inflation_000mm,measured,3,57,17,multiscene_candidate_005__inflation_000mm,multiscene_candidate_005,0,True,,0.02654243183135986,0.03699398422241211,0.037411901001178194,"[41,7]",True,0.0,0.0,0.9438865780830383,0.9438865780830383,0.0,True,True,completed,
round_03__position_18__multiscene_candidate_005__inflation_005mm,measured,3,58,18,multiscene_candidate_005__inflation_005mm,multiscene_candidate_005,5,True,,0.036254432678222655,0.04804092788696289,0.048453622999659274,"[41,7]",True,0.0,0.0,0.9450989365577698,0.9450989365577698,0.0,True,True,completed,
round_03__position_19__multiscene_candidate_005__inflation_010mm,measured,3,59,19,multiscene_candidate_005__inflation_010mm,multiscene_candidate_005,10,True,,0.026017632484436035,0.03440832138061523,0.034818091000488494,"[41,7]",True,0.0,0.0,0.9485982656478882,0.9485982656478882,0.0,True,True,completed,
round_03__position_20__multiscene_candidate_005__inflation_015mm,measured,3,60,20,multiscene_candidate_005__inflation_015mm,multiscene_candidate_005,15,True,,0.02723516845703125,0.0358449592590332,0.03625966399704339,"[41,7]",True,0.0,0.0,0.9550252556800842,0.9550252556800842,0.0,True,True,completed,
round_04__position_01__formal_baseline_v1__inflation_005mm,measured,4,61,1,formal_baseline_v1__inflation_005mm,formal_baseline_v1,5,True,,0.027808959960937497,0.03788380813598633,0.038353415999154095,"[41,7]",True,0.0,0.0,0.9439100027084351,0.9439100027084351,0.0,True,True,completed,
round_04__position_02__formal_baseline_v1__inflation_010mm,measured,4,62,2,formal_baseline_v1__inflation_010mm,formal_baseline_v1,10,True,,0.027705344200134277,0.03629363250732422,0.03671619699889561,"[41,7]",True,0.0,0.0,0.9444064497947693,0.9444064497947693,0.0,True,True,completed,
round_04__position_03__formal_baseline_v1__inflation_015mm,measured,4,63,3,formal_baseline_v1__inflation_015mm,formal_baseline_v1,15,True,,0.03643203163146973,0.04796928024291992,0.04838402599852998,"[41,7]",True,0.0,0.0,0.9454147815704346,0.9454147815704346,0.0,True,True,completed,
round_04__position_04__formal_baseline_v1__inflation_020mm,measured,4,64,4,formal_baseline_v1__inflation_020mm,formal_baseline_v1,20,True,,0.02547427272796631,0.03504947280883789,0.03551178800262278,"[41,7]",True,0.0,0.0,0.9469339847564697,0.9469339847564697,0.0,True,True,completed,
round_04__position_05__multiscene_candidate_001__inflation_000mm,measured,4,65,5,multiscene_candidate_001__inflation_000mm,multiscene_candidate_001,0,True,,0.027686975479125978,0.03643699264526367,0.03694594300031895,"[41,7]",True,0.0,0.0,0.9438675045967102,0.9438675045967102,0.0,True,True,completed,
round_04__position_06__multiscene_candidate_001__inflation_005mm,measured,4,66,6,multiscene_candidate_001__inflation_005mm,multiscene_candidate_001,5,True,,0.02718614387512207,0.03563631820678711,0.036044707005203236,"[41,7]",True,0.0,0.0,0.9440393447875977,0.9440393447875977,0.0,True,True,completed,
round_04__position_07__multiscene_candidate_001__inflation_010mm,measured,4,67,7,multiscene_candidate_001__inflation_010mm,multiscene_candidate_001,10,True,,0.026144672393798828,0.034602592468261716,0.03501367399439914,"[41,7]",True,0.0,0.0,0.9447669386863708,0.9447669386863708,0.0,True,True,completed,
round_04__position_08__multiscene_candidate_001__inflation_015mm,measured,4,68,8,multiscene_candidate_001__inflation_015mm,multiscene_candidate_001,15,True,,0.026466464042663576,0.03534396743774414,0.035785282998404,"[41,7]",True,0.0,0.0,0.9460299015045166,0.9460299015045166,0.0,True,True,completed,
round_04__position_09__multiscene_candidate_001__inflation_020mm,measured,4,69,9,multiscene_candidate_001__inflation_020mm,multiscene_candidate_001,20,True,,0.027031328201293947,0.035609600067138675,0.03603377199760871,"[41,7]",True,0.0,0.0,0.947810709476471,0.947810709476471,0.0,True,True,completed,
round_04__position_10__multiscene_candidate_005__inflation_000mm,measured,4,70,10,multiscene_candidate_005__inflation_000mm,multiscene_candidate_005,0,True,,0.02606732845306397,0.03478531265258789,0.03520120999746723,"[41,7]",True,0.0,0.0,0.9438865780830383,0.9438865780830383,0.0,True,True,completed,
round_04__position_11__multiscene_candidate_005__inflation_005mm,measured,4,71,11,multiscene_candidate_005__inflation_005mm,multiscene_candidate_005,5,True,,0.036003422737121586,0.04739395141601563,0.047808199997234624,"[41,7]",True,0.0,0.0,0.9450989365577698,0.9450989365577698,0.0,True,True,completed,
round_04__position_12__multiscene_candidate_005__inflation_010mm,measured,4,72,12,multiscene_candidate_005__inflation_010mm,multiscene_candidate_005,10,True,,0.02635862350463867,0.03700940704345703,0.03745678199629765,"[41,7]",True,0.0,0.0,0.9485982656478882,0.9485982656478882,0.0,True,True,completed,
round_04__position_13__multiscene_candidate_005__inflation_015mm,measured,4,73,13,multiscene_candidate_005__inflation_015mm,multiscene_candidate_005,15,True,,0.02644441604614258,0.03678915023803711,0.03729910199763253,"[41,7]",True,0.0,0.0,0.9550252556800842,0.9550252556800842,0.0,True,True,completed,
round_04__position_14__multiscene_candidate_005__inflation_020mm,measured,4,74,14,multiscene_candidate_005__inflation_020mm,multiscene_candidate_005,20,True,,0.02717075157165527,0.03594863891601562,0.03637218200310599,"[41,7]",True,0.0,0.0,0.9647320508956909,0.9647320508956909,0.0,True,True,completed,
round_04__position_15__multiscene_candidate_006__inflation_000mm,measured,4,75,15,multiscene_candidate_006__inflation_000mm,multiscene_candidate_006,0,True,,0.026186719894409183,0.034852863311767575,0.03527387700160034,"[41,7]",True,0.0,0.0,0.9438737630844116,0.9438737630844116,0.0,True,True,completed,
round_04__position_16__multiscene_candidate_006__inflation_005mm,measured,4,76,16,multiscene_candidate_006__inflation_005mm,multiscene_candidate_006,5,True,,0.025625280380249024,0.03529747009277344,0.03583723899646429,"[41,7]",True,0.0,0.0,0.9442387819290161,0.9442387819290161,0.0,True,True,completed,
round_04__position_17__multiscene_candidate_006__inflation_010mm,measured,4,77,17,multiscene_candidate_006__inflation_010mm,multiscene_candidate_006,10,True,,0.026580960273742675,0.03529548645019531,0.035710532996745314,"[41,7]",True,0.0,0.0,0.9451422691345215,0.9451422691345215,0.0,True,True,completed,
round_04__position_18__multiscene_candidate_006__inflation_015mm,measured,4,78,18,multiscene_candidate_006__inflation_015mm,multiscene_candidate_006,15,True,,0.02526342391967773,0.03385868835449219,0.034268315001099836,"[41,7]",True,0.0,0.0,0.9466080665588379,0.9466080665588379,0.0,True,True,completed,
round_04__position_19__multiscene_candidate_006__inflation_020mm,measured,4,79,19,multiscene_candidate_006__inflation_020mm,multiscene_candidate_006,20,True,,0.02569638347625732,0.034105342864990236,0.034511334997660015,"[41,7]",True,0.0,0.0,0.9485822916030884,0.9485822916030884,0.0,True,True,completed,
round_04__position_20__formal_baseline_v1__inflation_000mm,measured,4,80,20,formal_baseline_v1__inflation_000mm,formal_baseline_v1,0,True,,0.025812704086303706,0.034372161865234375,0.0347756820046925,"[41,7]",True,0.0,0.0,0.9438674449920654,0.9438674449920654,0.0,True,True,completed,
round_05__position_01__multiscene_candidate_001__inflation_015mm,measured,5,81,1,multiscene_candidate_001__inflation_015mm,multiscene_candidate_001,15,True,,0.02642198371887207,0.03556371307373047,0.03598745099588996,"[41,7]",True,0.0,0.0,0.9460299015045166,0.9460299015045166,0.0,True,True,completed,
round_05__position_02__multiscene_candidate_001__inflation_020mm,measured,5,82,2,multiscene_candidate_001__inflation_020mm,multiscene_candidate_001,20,True,,0.026074783325195312,0.03498188781738281,0.03543075799825601,"[41,7]",True,0.0,0.0,0.947810709476471,0.947810709476471,0.0,True,True,completed,
round_05__position_03__multiscene_candidate_005__inflation_000mm,measured,5,83,3,multiscene_candidate_005__inflation_000mm,multiscene_candidate_005,0,True,,0.026065600395202636,0.0349791374206543,0.03542298899992602,"[41,7]",True,0.0,0.0,0.9438865780830383,0.9438865780830383,0.0,True,True,completed,
round_05__position_04__multiscene_candidate_005__inflation_005mm,measured,5,84,4,multiscene_candidate_005__inflation_005mm,multiscene_candidate_005,5,True,,0.034512799263000486,0.04595897674560547,0.0463701909975498,"[41,7]",True,0.0,0.0,0.9450989365577698,0.9450989365577698,0.0,True,True,completed,
round_05__position_05__multiscene_candidate_005__inflation_010mm,measured,5,85,5,multiscene_candidate_005__inflation_010mm,multiscene_candidate_005,10,True,,0.025564287185668944,0.03417292785644531,0.034710265994363,"[41,7]",True,0.0,0.0,0.9485982656478882,0.9485982656478882,0.0,True,True,completed,
round_05__position_06__multiscene_candidate_005__inflation_015mm,measured,5,86,6,multiscene_candidate_005__inflation_015mm,multiscene_candidate_005,15,True,,0.025973248481750484,0.03439785766601562,0.03481028900569072,"[41,7]",True,0.0,0.0,0.9550252556800842,0.9550252556800842,0.0,True,True,completed,
round_05__position_07__multiscene_candidate_005__inflation_020mm,measured,5,87,7,multiscene_candidate_005__inflation_020mm,multiscene_candidate_005,20,True,,0.026858592033386225,0.036359039306640625,0.036789062003663275,"[41,7]",True,0.0,0.0,0.9647320508956909,0.9647320508956909,0.0,True,True,completed,
round_05__position_08__multiscene_candidate_006__inflation_000mm,measured,5,88,8,multiscene_candidate_006__inflation_000mm,multiscene_candidate_006,0,True,,0.026048480033874513,0.03464790344238281,0.03506583900161786,"[41,7]",True,0.0,0.0,0.9438737630844116,0.9438737630844116,0.0,True,True,completed,
round_05__position_09__multiscene_candidate_006__inflation_005mm,measured,5,89,9,multiscene_candidate_006__inflation_005mm,multiscene_candidate_006,5,True,,0.02689616012573242,0.03608950424194336,0.036498753004707396,"[41,7]",True,0.0,0.0,0.9442387819290161,0.9442387819290161,0.0,True,True,completed,
round_05__position_10__multiscene_candidate_006__inflation_010mm,measured,5,90,10,multiscene_candidate_006__inflation_010mm,multiscene_candidate_006,10,True,,0.025566784858703614,0.03446774291992188,0.03489097599958768,"[41,7]",True,0.0,0.0,0.9451422691345215,0.9451422691345215,0.0,True,True,completed,
round_05__position_11__multiscene_candidate_006__inflation_015mm,measured,5,91,11,multiscene_candidate_006__inflation_015mm,multiscene_candidate_006,15,True,,0.026155200958251953,0.034860736846923826,0.03528014000039548,"[41,7]",True,0.0,0.0,0.9466080665588379,0.9466080665588379,0.0,True,True,completed,
round_05__position_12__multiscene_candidate_006__inflation_020mm,measured,5,92,12,multiscene_candidate_006__inflation_020mm,multiscene_candidate_006,20,True,,0.025661440849304197,0.03459481430053711,0.03501190400129417,"[41,7]",True,0.0,0.0,0.9485822916030884,0.9485822916030884,0.0,True,True,completed,
round_05__position_13__formal_baseline_v1__inflation_000mm,measured,5,93,13,formal_baseline_v1__inflation_000mm,formal_baseline_v1,0,True,,0.025709376335144044,0.03420748901367188,0.034644553998077754,"[41,7]",True,0.0,0.0,0.9438674449920654,0.9438674449920654,0.0,True,True,completed,
round_05__position_14__formal_baseline_v1__inflation_005mm,measured,5,94,14,formal_baseline_v1__inflation_005mm,formal_baseline_v1,5,True,,0.02531667232513428,0.03389471817016602,0.03429890199913643,"[41,7]",True,0.0,0.0,0.9439100027084351,0.9439100027084351,0.0,True,True,completed,
round_05__position_15__formal_baseline_v1__inflation_010mm,measured,5,95,15,formal_baseline_v1__inflation_010mm,formal_baseline_v1,10,True,,0.025977600097656248,0.03438195037841797,0.03478667500166921,"[41,7]",True,0.0,0.0,0.9444064497947693,0.9444064497947693,0.0,True,True,completed,
round_05__position_16__formal_baseline_v1__inflation_015mm,measured,5,96,16,formal_baseline_v1__inflation_015mm,formal_baseline_v1,15,True,,0.03392185592651367,0.0456099853515625,0.04603546200087294,"[41,7]",True,0.0,0.0,0.9454147815704346,0.9454147815704346,0.0,True,True,completed,
round_05__position_17__formal_baseline_v1__inflation_020mm,measured,5,97,17,formal_baseline_v1__inflation_020mm,formal_baseline_v1,20,True,,0.027400896072387694,0.036746078491210935,0.03718927600129973,"[41,7]",True,0.0,0.0,0.9469339847564697,0.9469339847564697,0.0,True,True,completed,
round_05__position_18__multiscene_candidate_001__inflation_000mm,measured,5,98,18,multiscene_candidate_001__inflation_000mm,multiscene_candidate_001,0,True,,0.025932832717895506,0.03480806350708008,0.0352358460004325,"[41,7]",True,0.0,0.0,0.9438675045967102,0.9438675045967102,0.0,True,True,completed,
round_05__position_19__multiscene_candidate_001__inflation_005mm,measured,5,99,19,multiscene_candidate_001__inflation_005mm,multiscene_candidate_001,5,True,,0.02602518367767334,0.03471174240112305,0.035134837999066804,"[41,7]",True,0.0,0.0,0.9440393447875977,0.9440393447875977,0.0,True,True,completed,
round_05__position_20__multiscene_candidate_001__inflation_010mm,measured,5,100,20,multiscene_candidate_001__inflation_010mm,multiscene_candidate_001,10,True,,0.02728534507751465,0.0361014404296875,0.03654260199982673,"[41,7]",True,0.0,0.0,0.9447669386863708,0.9447669386863708,0.0,True,True,completed,
round_06__position_01__multiscene_candidate_006__inflation_000mm,measured,6,101,1,multiscene_candidate_006__inflation_000mm,multiscene_candidate_006,0,True,,0.02537177562713623,0.03553200149536133,0.03595993699855171,"[41,7]",True,0.0,0.0,0.9438737630844116,0.9438737630844116,0.0,True,True,completed,
round_06__position_02__multiscene_candidate_006__inflation_005mm,measured,6,102,2,multiscene_candidate_006__inflation_005mm,multiscene_candidate_006,5,True,,0.027458368301391603,0.03609356689453125,0.03651423800329212,"[41,7]",True,0.0,0.0,0.9442387819290161,0.9442387819290161,0.0,True,True,completed,
round_06__position_03__multiscene_candidate_006__inflation_010mm,measured,6,103,3,multiscene_candidate_006__inflation_010mm,multiscene_candidate_006,10,True,,0.025929408073425295,0.034374881744384765,0.03478594400075963,"[41,7]",True,0.0,0.0,0.9451422691345215,0.9451422691345215,0.0,True,True,completed,
round_06__position_04__multiscene_candidate_006__inflation_015mm,measured,6,104,4,multiscene_candidate_006__inflation_015mm,multiscene_candidate_006,15,True,,0.026603967666625976,0.03514896011352539,0.035848166000505444,"[41,7]",True,0.0,0.0,0.9466080665588379,0.9466080665588379,0.0,True,True,completed,
round_06__position_05__multiscene_candidate_006__inflation_020mm,measured,6,105,5,multiscene_candidate_006__inflation_020mm,multiscene_candidate_006,20,True,,0.02717759990692139,0.035630367279052735,0.03610156899958383,"[41,7]",True,0.0,0.0,0.9485822916030884,0.9485822916030884,0.0,True,True,completed,
round_06__position_06__formal_baseline_v1__inflation_000mm,measured,6,106,6,formal_baseline_v1__inflation_000mm,formal_baseline_v1,0,True,,0.027332640647888182,0.03679529571533203,0.03734731399890734,"[41,7]",True,0.0,0.0,0.9438674449920654,0.9438674449920654,0.0,True,True,completed,
round_06__position_07__formal_baseline_v1__inflation_005mm,measured,6,107,7,formal_baseline_v1__inflation_005mm,formal_baseline_v1,5,True,,0.02573737621307373,0.03472768020629883,0.0351558530019247,"[41,7]",True,0.0,0.0,0.9439100027084351,0.9439100027084351,0.0,True,True,completed,
round_06__position_08__formal_baseline_v1__inflation_010mm,measured,6,108,8,formal_baseline_v1__inflation_010mm,formal_baseline_v1,10,True,,0.027432448387145994,0.03617030334472656,0.03659784499905072,"[41,7]",True,0.0,0.0,0.9444064497947693,0.9444064497947693,0.0,True,True,completed,
round_06__position_09__formal_baseline_v1__inflation_015mm,measured,6,109,9,formal_baseline_v1__inflation_015mm,formal_baseline_v1,15,True,,0.035698528289794924,0.047219711303710936,0.047640980999858584,"[41,7]",True,0.0,0.0,0.9454147815704346,0.9454147815704346,0.0,True,True,completed,
round_06__position_10__formal_baseline_v1__inflation_020mm,measured,6,110,10,formal_baseline_v1__inflation_020mm,formal_baseline_v1,20,True,,0.025359969139099124,0.0341879997253418,0.03459888200450223,"[41,7]",True,0.0,0.0,0.9469339847564697,0.9469339847564697,0.0,True,True,completed,
round_06__position_11__multiscene_candidate_001__inflation_000mm,measured,6,111,11,multiscene_candidate_001__inflation_000mm,multiscene_candidate_001,0,True,,0.02678886413574219,0.035192832946777344,0.03559835300256964,"[41,7]",True,0.0,0.0,0.9438675045967102,0.9438675045967102,0.0,True,True,completed,
round_06__position_12__multiscene_candidate_001__inflation_005mm,measured,6,112,12,multiscene_candidate_001__inflation_005mm,multiscene_candidate_001,5,True,,0.027255519866943356,0.036148895263671876,0.0365792140000849,"[41,7]",True,0.0,0.0,0.9440393447875977,0.9440393447875977,0.0,True,True,completed,
round_06__position_13__multiscene_candidate_001__inflation_010mm,measured,6,113,13,multiscene_candidate_001__inflation_010mm,multiscene_candidate_001,10,True,,0.02567644691467285,0.034647617340087894,0.035134205005306285,"[41,7]",True,0.0,0.0,0.9447669386863708,0.9447669386863708,0.0,True,True,completed,
round_06__position_14__multiscene_candidate_001__inflation_015mm,measured,6,114,14,multiscene_candidate_001__inflation_015mm,multiscene_candidate_001,15,True,,0.027187840461730957,0.03628236770629883,0.03693074799957685,"[41,7]",True,0.0,0.0,0.9460299015045166,0.9460299015045166,0.0,True,True,completed,
round_06__position_15__multiscene_candidate_001__inflation_020mm,measured,6,115,15,multiscene_candidate_001__inflation_020mm,multiscene_candidate_001,20,True,,0.027156352043151855,0.03581849670410156,0.03622756899858359,"[41,7]",True,0.0,0.0,0.947810709476471,0.947810709476471,0.0,True,True,completed,
round_06__position_16__multiscene_candidate_005__inflation_000mm,measured,6,116,16,multiscene_candidate_005__inflation_000mm,multiscene_candidate_005,0,True,,0.02565820789337158,0.03438985443115234,0.03481494799780194,"[41,7]",True,0.0,0.0,0.9438865780830383,0.9438865780830383,0.0,True,True,completed,
round_06__position_17__multiscene_candidate_005__inflation_005mm,measured,6,117,17,multiscene_candidate_005__inflation_005mm,multiscene_candidate_005,5,True,,0.03587667179107666,0.04783411026000976,0.04825997000443749,"[41,7]",True,0.0,0.0,0.9450989365577698,0.9450989365577698,0.0,True,True,completed,
round_06__position_18__multiscene_candidate_005__inflation_010mm,measured,6,118,18,multiscene_candidate_005__inflation_010mm,multiscene_candidate_005,10,True,,0.025622143745422366,0.03542118453979492,0.03583533100027125,"[41,7]",True,0.0,0.0,0.9485982656478882,0.9485982656478882,0.0,True,True,completed,
round_06__position_19__multiscene_candidate_005__inflation_015mm,measured,6,119,19,multiscene_candidate_005__inflation_015mm,multiscene_candidate_005,15,True,,0.02613856029510498,0.03465011215209961,0.03505908599618124,"[41,7]",True,0.0,0.0,0.9550252556800842,0.9550252556800842,0.0,True,True,completed,
round_06__position_20__multiscene_candidate_005__inflation_020mm,measured,6,120,20,multiscene_candidate_005__inflation_020mm,multiscene_candidate_005,20,True,,0.025949567794799802,0.034447647094726565,0.03487499299808405,"[41,7]",True,0.0,0.0,0.9647320508956909,0.9647320508956909,0.0,True,True,completed,
round_07__position_01__formal_baseline_v1__inflation_010mm,measured,7,121,1,formal_baseline_v1__inflation_010mm,formal_baseline_v1,10,True,,0.026392543792724613,0.03574272155761719,0.03617454799677944,"[41,7]",True,0.0,0.0,0.9444064497947693,0.9444064497947693,0.0,True,True,completed,
round_07__position_02__formal_baseline_v1__inflation_015mm,measured,7,122,2,formal_baseline_v1__inflation_015mm,formal_baseline_v1,15,True,,0.036606528282165526,0.04889190292358398,0.049509187003422994,"[41,7]",True,0.0,0.0,0.9454147815704346,0.9454147815704346,0.0,True,True,completed,
round_07__position_03__formal_baseline_v1__inflation_020mm,measured,7,123,3,formal_baseline_v1__inflation_020mm,formal_baseline_v1,20,True,,0.027396575927734375,0.03588947296142578,0.03631147099804366,"[41,7]",True,0.0,0.0,0.9469339847564697,0.9469339847564697,0.0,True,True,completed,
round_07__position_04__multiscene_candidate_001__inflation_000mm,measured,7,124,4,multiscene_candidate_001__inflation_000mm,multiscene_candidate_001,0,True,,0.025032383918762204,0.033739776611328126,0.03414840000186814,"[41,7]",True,0.0,0.0,0.9438675045967102,0.9438675045967102,0.0,True,True,completed,
round_07__position_05__multiscene_candidate_001__inflation_005mm,measured,7,125,5,multiscene_candidate_001__inflation_005mm,multiscene_candidate_001,5,True,,0.027308671951293946,0.035877792358398435,0.03628828700311715,"[41,7]",True,0.0,0.0,0.9440393447875977,0.9440393447875977,0.0,True,True,completed,
round_07__position_06__multiscene_candidate_001__inflation_010mm,measured,7,126,6,multiscene_candidate_001__inflation_010mm,multiscene_candidate_001,10,True,,0.026310655593872072,0.03504127883911133,0.03550651999830734,"[41,7]",True,0.0,0.0,0.9447669386863708,0.9447669386863708,0.0,True,True,completed,
round_07__position_07__multiscene_candidate_001__inflation_015mm,measured,7,127,7,multiscene_candidate_001__inflation_015mm,multiscene_candidate_001,15,True,,0.02602137565612793,0.03468716812133789,0.03509303600003477,"[41,7]",True,0.0,0.0,0.9460299015045166,0.9460299015045166,0.0,True,True,completed,
round_07__position_08__multiscene_candidate_001__inflation_020mm,measured,7,128,8,multiscene_candidate_001__inflation_020mm,multiscene_candidate_001,20,True,,0.026154750823974608,0.03481206512451172,0.03523089199734386,"[41,7]",True,0.0,0.0,0.947810709476471,0.947810709476471,0.0,True,True,completed,
round_07__position_09__multiscene_candidate_005__inflation_000mm,measured,7,129,9,multiscene_candidate_005__inflation_000mm,multiscene_candidate_005,0,True,,0.02584518337249756,0.03449135971069336,0.03492560599988792,"[41,7]",True,0.0,0.0,0.9438865780830383,0.9438865780830383,0.0,True,True,completed,
round_07__position_10__multiscene_candidate_005__inflation_005mm,measured,7,130,10,multiscene_candidate_005__inflation_005mm,multiscene_candidate_005,5,True,,0.03522627162933349,0.04719030380249024,0.04761064300691942,"[41,7]",True,0.0,0.0,0.9450989365577698,0.9450989365577698,0.0,True,True,completed,
round_07__position_11__multiscene_candidate_005__inflation_010mm,measured,7,131,11,multiscene_candidate_005__inflation_010mm,multiscene_candidate_005,10,True,,0.025700063705444337,0.034525184631347655,0.035010276005777996,"[41,7]",True,0.0,0.0,0.9485982656478882,0.9485982656478882,0.0,True,True,completed,
round_07__position_12__multiscene_candidate_005__inflation_015mm,measured,7,132,12,multiscene_candidate_005__inflation_015mm,multiscene_candidate_005,15,True,,0.026949089050292967,0.03635196685791016,0.03679522500169696,"[41,7]",True,0.0,0.0,0.9550252556800842,0.9550252556800842,0.0,True,True,completed,
round_07__position_13__multiscene_candidate_005__inflation_020mm,measured,7,133,13,multiscene_candidate_005__inflation_020mm,multiscene_candidate_005,20,True,,0.02635811233520508,0.03491648101806641,0.035335232998477295,"[41,7]",True,0.0,0.0,0.9647320508956909,0.9647320508956909,0.0,True,True,completed,
round_07__position_14__multiscene_candidate_006__inflation_000mm,measured,7,134,14,multiscene_candidate_006__inflation_000mm,multiscene_candidate_006,0,True,,0.025472960472106933,0.034196735382080075,0.03464050100592431,"[41,7]",True,0.0,0.0,0.9438737630844116,0.9438737630844116,0.0,True,True,completed,
round_07__position_15__multiscene_candidate_006__inflation_005mm,measured,7,135,15,multiscene_candidate_006__inflation_005mm,multiscene_candidate_006,5,True,,0.026259327888488768,0.035041473388671876,0.03555078399949707,"[41,7]",True,0.0,0.0,0.9442387819290161,0.9442387819290161,0.0,True,True,completed,
round_07__position_16__multiscene_candidate_006__inflation_010mm,measured,7,136,16,multiscene_candidate_006__inflation_010mm,multiscene_candidate_006,10,True,,0.025953248023986818,0.035230720520019534,0.0356553379970137,"[41,7]",True,0.0,0.0,0.9451422691345215,0.9451422691345215,0.0,True,True,completed,
round_07__position_17__multiscene_candidate_006__inflation_015mm,measured,7,137,17,multiscene_candidate_006__inflation_015mm,multiscene_candidate_006,15,True,,0.026820703506469725,0.03634380722045898,0.036804645002121106,"[41,7]",True,0.0,0.0,0.9466080665588379,0.9466080665588379,0.0,True,True,completed,
round_07__position_18__multiscene_candidate_006__inflation_020mm,measured,7,138,18,multiscene_candidate_006__inflation_020mm,multiscene_candidate_006,20,True,,0.026194015502929685,0.034910591125488284,0.035338462999789044,"[41,7]",True,0.0,0.0,0.9485822916030884,0.9485822916030884,0.0,True,True,completed,
round_07__position_19__formal_baseline_v1__inflation_000mm,measured,7,139,19,formal_baseline_v1__inflation_000mm,formal_baseline_v1,0,True,,0.025148767471313477,0.034450401306152345,0.03496939999604365,"[41,7]",True,0.0,0.0,0.9438674449920654,0.9438674449920654,0.0,True,True,completed,
round_07__position_20__formal_baseline_v1__inflation_005mm,measured,7,140,20,formal_baseline_v1__inflation_005mm,formal_baseline_v1,5,True,,0.0263219518661499,0.035132640838623046,0.03563694300100906,"[41,7]",True,0.0,0.0,0.9439100027084351,0.9439100027084351,0.0,True,True,completed,
round_08__position_01__multiscene_candidate_001__inflation_020mm,measured,8,141,1,multiscene_candidate_001__inflation_020mm,multiscene_candidate_001,20,True,,0.025487615585327146,0.034555137634277346,0.034972041998116765,"[41,7]",True,0.0,0.0,0.947810709476471,0.947810709476471,0.0,True,True,completed,
round_08__position_02__multiscene_candidate_005__inflation_000mm,measured,8,142,2,multiscene_candidate_005__inflation_000mm,multiscene_candidate_005,0,True,,0.027469151496887206,0.037082145690917966,0.03752143000019714,"[41,7]",True,0.0,0.0,0.9438865780830383,0.9438865780830383,0.0,True,True,completed,
round_08__position_03__multiscene_candidate_005__inflation_005mm,measured,8,143,3,multiscene_candidate_005__inflation_005mm,multiscene_candidate_005,5,True,,0.03479555130004883,0.04657113647460937,0.04699313200399047,"[41,7]",True,0.0,0.0,0.9450989365577698,0.9450989365577698,0.0,True,True,completed,
round_08__position_04__multiscene_candidate_005__inflation_010mm,measured,8,144,4,multiscene_candidate_005__inflation_010mm,multiscene_candidate_005,10,True,,0.026994879722595216,0.0362691535949707,0.03677082599460846,"[41,7]",True,0.0,0.0,0.9485982656478882,0.9485982656478882,0.0,True,True,completed,
round_08__position_05__multiscene_candidate_005__inflation_015mm,measured,8,145,5,multiscene_candidate_005__inflation_015mm,multiscene_candidate_005,15,True,,0.025846847534179686,0.03480271911621094,0.0352270410003257,"[41,7]",True,0.0,0.0,0.9550252556800842,0.9550252556800842,0.0,True,True,completed,
round_08__position_06__multiscene_candidate_005__inflation_020mm,measured,8,146,6,multiscene_candidate_005__inflation_020mm,multiscene_candidate_005,20,True,,0.025942912101745604,0.03443219375610351,0.034846233000280336,"[41,7]",True,0.0,0.0,0.9647320508956909,0.9647320508956909,0.0,True,True,completed,
round_08__position_07__multiscene_candidate_006__inflation_000mm,measured,8,147,7,multiscene_candidate_006__inflation_000mm,multiscene_candidate_006,0,True,,0.026595039367675783,0.03712102508544922,0.0375449290004326,"[41,7]",True,0.0,0.0,0.9438737630844116,0.9438737630844116,0.0,True,True,completed,
round_08__position_08__multiscene_candidate_006__inflation_005mm,measured,8,148,8,multiscene_candidate_006__inflation_005mm,multiscene_candidate_006,5,True,,0.025781791687011717,0.034237438201904294,0.034642854996491224,"[41,7]",True,0.0,0.0,0.9442387819290161,0.9442387819290161,0.0,True,True,completed,
round_08__position_09__multiscene_candidate_006__inflation_010mm,measured,8,149,9,multiscene_candidate_006__inflation_010mm,multiscene_candidate_006,10,True,,0.026329823493957516,0.03528838348388672,0.03572675000032177,"[41,7]",True,0.0,0.0,0.9451422691345215,0.9451422691345215,0.0,True,True,completed,
round_08__position_10__multiscene_candidate_006__inflation_015mm,measured,8,150,10,multiscene_candidate_006__inflation_015mm,multiscene_candidate_006,15,True,,0.026509183883666992,0.03530384063720703,0.03573145699920133,"[41,7]",True,0.0,0.0,0.9466080665588379,0.9466080665588379,0.0,True,True,completed,
round_08__position_11__multiscene_candidate_006__inflation_020mm,measured,8,151,11,multiscene_candidate_006__inflation_020mm,multiscene_candidate_006,20,True,,0.02600313663482666,0.03475724792480469,0.03517966700019315,"[41,7]",True,0.0,0.0,0.9485822916030884,0.9485822916030884,0.0,True,True,completed,
round_08__position_12__formal_baseline_v1__inflation_000mm,measured,8,152,12,formal_baseline_v1__inflation_000mm,formal_baseline_v1,0,True,,0.026259775161743163,0.03555942535400391,0.036009349998494145,"[41,7]",True,0.0,0.0,0.9438674449920654,0.9438674449920654,0.0,True,True,completed,
round_08__position_13__formal_baseline_v1__inflation_005mm,measured,8,153,13,formal_baseline_v1__inflation_005mm,formal_baseline_v1,5,True,,0.027678559303283695,0.03705855941772461,0.03753652700106613,"[41,7]",True,0.0,0.0,0.9439100027084351,0.9439100027084351,0.0,True,True,completed,
round_08__position_14__formal_baseline_v1__inflation_010mm,measured,8,154,14,formal_baseline_v1__inflation_010mm,formal_baseline_v1,10,True,,0.028004416465759276,0.037294174194335936,0.037742499000160024,"[41,7]",True,0.0,0.0,0.9444064497947693,0.9444064497947693,0.0,True,True,completed,
round_08__position_15__formal_baseline_v1__inflation_015mm,measured,8,155,15,formal_baseline_v1__inflation_015mm,formal_baseline_v1,15,True,,0.0345952320098877,0.047270912170410156,0.04768384999624686,"[41,7]",True,0.0,0.0,0.9454147815704346,0.9454147815704346,0.0,True,True,completed,
round_08__position_16__formal_baseline_v1__inflation_020mm,measured,8,156,16,formal_baseline_v1__inflation_020mm,formal_baseline_v1,20,True,,0.02507564783096313,0.03640524673461914,0.0368458750017453,"[41,7]",True,0.0,0.0,0.9469339847564697,0.9469339847564697,0.0,True,True,completed,
round_08__position_17__multiscene_candidate_001__inflation_000mm,measured,8,157,17,multiscene_candidate_001__inflation_000mm,multiscene_candidate_001,0,True,,0.027467424392700196,0.036257793426513675,0.03672805299720494,"[41,7]",True,0.0,0.0,0.9438675045967102,0.9438675045967102,0.0,True,True,completed,
round_08__position_18__multiscene_candidate_001__inflation_005mm,measured,8,158,18,multiscene_candidate_001__inflation_005mm,multiscene_candidate_001,5,True,,0.025916735649108888,0.03452928161621094,0.034941773003083654,"[41,7]",True,0.0,0.0,0.9440393447875977,0.9440393447875977,0.0,True,True,completed,
round_08__position_19__multiscene_candidate_001__inflation_010mm,measured,8,159,19,multiscene_candidate_001__inflation_010mm,multiscene_candidate_001,10,True,,0.026227808952331545,0.036646751403808596,0.037129460004507564,"[41,7]",True,0.0,0.0,0.9447669386863708,0.9447669386863708,0.0,True,True,completed,
round_08__position_20__multiscene_candidate_001__inflation_015mm,measured,8,160,20,multiscene_candidate_001__inflation_015mm,multiscene_candidate_001,15,True,,0.0272672643661499,0.03571318435668945,0.03612378799880389,"[41,7]",True,0.0,0.0,0.9460299015045166,0.9460299015045166,0.0,True,True,completed,
round_09__position_01__multiscene_candidate_006__inflation_005mm,measured,9,161,1,multiscene_candidate_006__inflation_005mm,multiscene_candidate_006,5,True,,0.02798860740661621,0.03783436965942383,0.03826449000189314,"[41,7]",True,0.0,0.0,0.9442387819290161,0.9442387819290161,0.0,True,True,completed,
round_09__position_02__multiscene_candidate_006__inflation_010mm,measured,9,162,2,multiscene_candidate_006__inflation_010mm,multiscene_candidate_006,10,True,,0.026458432197570797,0.035087520599365235,0.03551003599568503,"[41,7]",True,0.0,0.0,0.9451422691345215,0.9451422691345215,0.0,True,True,completed,
round_09__position_03__multiscene_candidate_006__inflation_015mm,measured,9,163,3,multiscene_candidate_006__inflation_015mm,multiscene_candidate_006,15,True,,0.025464927673339844,0.03516643142700195,0.035581860000093,"[41,7]",True,0.0,0.0,0.9466080665588379,0.9466080665588379,0.0,True,True,completed,
round_09__position_04__multiscene_candidate_006__inflation_020mm,measured,9,164,4,multiscene_candidate_006__inflation_020mm,multiscene_candidate_006,20,True,,0.027006464004516603,0.0366512336730957,0.03730836499744328,"[41,7]",True,0.0,0.0,0.9485822916030884,0.9485822916030884,0.0,True,True,completed,
round_09__position_05__formal_baseline_v1__inflation_000mm,measured,9,165,5,formal_baseline_v1__inflation_000mm,formal_baseline_v1,0,True,,0.02571670341491699,0.03445564651489258,0.03489771800377639,"[41,7]",True,0.0,0.0,0.9438674449920654,0.9438674449920654,0.0,True,True,completed,
round_09__position_06__formal_baseline_v1__inflation_005mm,measured,9,166,6,formal_baseline_v1__inflation_005mm,formal_baseline_v1,5,True,,0.026081247329711912,0.037275390625,0.03770422800153028,"[41,7]",True,0.0,0.0,0.9439100027084351,0.9439100027084351,0.0,True,True,completed,
round_09__position_07__formal_baseline_v1__inflation_010mm,measured,9,167,7,formal_baseline_v1__inflation_010mm,formal_baseline_v1,10,True,,0.027571328163146974,0.03629584121704101,0.03672385400568601,"[41,7]",True,0.0,0.0,0.9444064497947693,0.9444064497947693,0.0,True,True,completed,
round_09__position_08__formal_baseline_v1__inflation_015mm,measured,9,168,8,formal_baseline_v1__inflation_015mm,formal_baseline_v1,15,True,,0.03674848079681396,0.049146175384521484,0.04959056399820838,"[41,7]",True,0.0,0.0,0.9454147815704346,0.9454147815704346,0.0,True,True,completed,
round_09__position_09__formal_baseline_v1__inflation_020mm,measured,9,169,9,formal_baseline_v1__inflation_020mm,formal_baseline_v1,20,True,,0.026182335853576662,0.034829246520996095,0.03525830699800281,"[41,7]",True,0.0,0.0,0.9469339847564697,0.9469339847564697,0.0,True,True,completed,
round_09__position_10__multiscene_candidate_001__inflation_000mm,measured,9,170,10,multiscene_candidate_001__inflation_000mm,multiscene_candidate_001,0,True,,0.025133984565734863,0.03525449752807617,0.035662564005178865,"[41,7]",True,0.0,0.0,0.9438675045967102,0.9438675045967102,0.0,True,True,completed,
round_09__position_11__multiscene_candidate_001__inflation_005mm,measured,9,171,11,multiscene_candidate_001__inflation_005mm,multiscene_candidate_001,5,True,,0.02812944030761719,0.038319103240966795,0.03888342199934414,"[41,7]",True,0.0,0.0,0.9440393447875977,0.9440393447875977,0.0,True,True,completed,
round_09__position_12__multiscene_candidate_001__inflation_010mm,measured,9,172,12,multiscene_candidate_001__inflation_010mm,multiscene_candidate_001,10,True,,0.02630495929718018,0.03488671875,0.035294683002575766,"[41,7]",True,0.0,0.0,0.9447669386863708,0.9447669386863708,0.0,True,True,completed,
round_09__position_13__multiscene_candidate_001__inflation_015mm,measured,9,173,13,multiscene_candidate_001__inflation_015mm,multiscene_candidate_001,15,True,,0.026044288635253904,0.03519807815551758,0.03562473499914631,"[41,7]",True,0.0,0.0,0.9460299015045166,0.9460299015045166,0.0,True,True,completed,
round_09__position_14__multiscene_candidate_001__inflation_020mm,measured,9,174,14,multiscene_candidate_001__inflation_020mm,multiscene_candidate_001,20,True,,0.02679436779022217,0.03562700653076172,0.03606097299780231,"[41,7]",True,0.0,0.0,0.947810709476471,0.947810709476471,0.0,True,True,completed,
round_09__position_15__multiscene_candidate_005__inflation_000mm,measured,9,175,15,multiscene_candidate_005__inflation_000mm,multiscene_candidate_005,0,True,,0.02632489585876465,0.034931873321533205,0.0353351459998521,"[41,7]",True,0.0,0.0,0.9438865780830383,0.9438865780830383,0.0,True,True,completed,
round_09__position_16__multiscene_candidate_005__inflation_005mm,measured,9,176,16,multiscene_candidate_005__inflation_005mm,multiscene_candidate_005,5,True,,0.03581350421905517,0.048207584381103515,0.04868054500548169,"[41,7]",True,0.0,0.0,0.9450989365577698,0.9450989365577698,0.0,True,True,completed,
round_09__position_17__multiscene_candidate_005__inflation_010mm,measured,9,177,17,multiscene_candidate_005__inflation_010mm,multiscene_candidate_005,10,True,,0.02655123138427734,0.03537408065795898,0.035798209995846264,"[41,7]",True,0.0,0.0,0.9485982656478882,0.9485982656478882,0.0,True,True,completed,
round_09__position_18__multiscene_candidate_005__inflation_015mm,measured,9,178,18,multiscene_candidate_005__inflation_015mm,multiscene_candidate_005,15,True,,0.026122655868530277,0.035456192016601565,0.03586852800071938,"[41,7]",True,0.0,0.0,0.9550252556800842,0.9550252556800842,0.0,True,True,completed,
round_09__position_19__multiscene_candidate_005__inflation_020mm,measured,9,179,19,multiscene_candidate_005__inflation_020mm,multiscene_candidate_005,20,True,,0.025511199951171876,0.03439513778686523,0.03482214100222336,"[41,7]",True,0.0,0.0,0.9647320508956909,0.9647320508956909,0.0,True,True,completed,
round_09__position_20__multiscene_candidate_006__inflation_000mm,measured,9,180,20,multiscene_candidate_006__inflation_000mm,multiscene_candidate_006,0,True,,0.025959872245788575,0.03484118270874023,0.03534185500029707,"[41,7]",True,0.0,0.0,0.9438737630844116,0.9438737630844116,0.0,True,True,completed,
round_10__position_01__formal_baseline_v1__inflation_015mm,measured,10,181,1,formal_baseline_v1__inflation_015mm,formal_baseline_v1,15,True,,0.035056543350219724,0.04722585678100586,0.04774976900080219,"[41,7]",True,0.0,0.0,0.9454147815704346,0.9454147815704346,0.0,True,True,completed,
round_10__position_02__formal_baseline_v1__inflation_020mm,measured,10,182,2,formal_baseline_v1__inflation_020mm,formal_baseline_v1,20,True,,0.02552934455871582,0.03457331085205078,0.03503393300343305,"[41,7]",True,0.0,0.0,0.9469339847564697,0.9469339847564697,0.0,True,True,completed,
round_10__position_03__multiscene_candidate_001__inflation_000mm,measured,10,183,3,multiscene_candidate_001__inflation_000mm,multiscene_candidate_001,0,True,,0.025745600700378415,0.0344268798828125,0.03495376499631675,"[41,7]",True,0.0,0.0,0.9438675045967102,0.9438675045967102,0.0,True,True,completed,
round_10__position_04__multiscene_candidate_001__inflation_005mm,measured,10,184,4,multiscene_candidate_001__inflation_005mm,multiscene_candidate_001,5,True,,0.025587935447692875,0.03574470520019531,0.036146521000773646,"[41,7]",True,0.0,0.0,0.9440393447875977,0.9440393447875977,0.0,True,True,completed,
round_10__position_05__multiscene_candidate_001__inflation_010mm,measured,10,185,5,multiscene_candidate_001__inflation_010mm,multiscene_candidate_001,10,True,,0.027245152473449705,0.036603904724121096,0.037045409000711516,"[41,7]",True,0.0,0.0,0.9447669386863708,0.9447669386863708,0.0,True,True,completed,
round_10__position_06__multiscene_candidate_001__inflation_015mm,measured,10,186,6,multiscene_candidate_001__inflation_015mm,multiscene_candidate_001,15,True,,0.026253727912902834,0.03486412811279297,0.035291424006572925,"[41,7]",True,0.0,0.0,0.9460299015045166,0.9460299015045166,0.0,True,True,completed,
round_10__position_07__multiscene_candidate_001__inflation_020mm,measured,10,187,7,multiscene_candidate_001__inflation_020mm,multiscene_candidate_001,20,True,,0.025453664779663085,0.03441980743408203,0.034949932000017725,"[41,7]",True,0.0,0.0,0.947810709476471,0.947810709476471,0.0,True,True,completed,
round_10__position_08__multiscene_candidate_005__inflation_000mm,measured,10,188,8,multiscene_candidate_005__inflation_000mm,multiscene_candidate_005,0,True,,0.026503711700439456,0.035655681610107424,0.036309278999397065,"[41,7]",True,0.0,0.0,0.9438865780830383,0.9438865780830383,0.0,True,True,completed,
round_10__position_09__multiscene_candidate_005__inflation_005mm,measured,10,189,9,multiscene_candidate_005__inflation_005mm,multiscene_candidate_005,5,True,,0.034941696166992185,0.046972640991210936,0.04744339500030037,"[41,7]",True,0.0,0.0,0.9450989365577698,0.9450989365577698,0.0,True,True,completed,
round_10__position_10__multiscene_candidate_005__inflation_010mm,measured,10,190,10,multiscene_candidate_005__inflation_010mm,multiscene_candidate_005,10,True,,0.027500160217285158,0.03718041610717773,0.03762706200359389,"[41,7]",True,0.0,0.0,0.9485982656478882,0.9485982656478882,0.0,True,True,completed,
round_10__position_11__multiscene_candidate_005__inflation_015mm,measured,10,191,11,multiscene_candidate_005__inflation_015mm,multiscene_candidate_005,15,True,,0.026296383857727052,0.034915328979492184,0.03536764599994058,"[41,7]",True,0.0,0.0,0.9550252556800842,0.9550252556800842,0.0,True,True,completed,
round_10__position_12__multiscene_candidate_005__inflation_020mm,measured,10,192,12,multiscene_candidate_005__inflation_020mm,multiscene_candidate_005,20,True,,0.02682639980316162,0.03615462493896485,0.03659187199809821,"[41,7]",True,0.0,0.0,0.9647320508956909,0.9647320508956909,0.0,True,True,completed,
round_10__position_13__multiscene_candidate_006__inflation_000mm,measured,10,193,13,multiscene_candidate_006__inflation_000mm,multiscene_candidate_006,0,True,,0.02563126468658447,0.0343548469543457,0.03478867800004082,"[41,7]",True,0.0,0.0,0.9438737630844116,0.9438737630844116,0.0,True,True,completed,
round_10__position_14__multiscene_candidate_006__inflation_005mm,measured,10,194,14,multiscene_candidate_006__inflation_005mm,multiscene_candidate_006,5,True,,0.02587113571166992,0.03433881759643555,0.034747537996736355,"[41,7]",True,0.0,0.0,0.9442387819290161,0.9442387819290161,0.0,True,True,completed,
round_10__position_15__multiscene_candidate_006__inflation_010mm,measured,10,195,15,multiscene_candidate_006__inflation_010mm,multiscene_candidate_006,10,True,,0.027771872520446775,0.03707295989990234,0.03749275500013027,"[41,7]",True,0.0,0.0,0.9451422691345215,0.9451422691345215,0.0,True,True,completed,
round_10__position_16__multiscene_candidate_006__inflation_015mm,measured,10,196,16,multiscene_candidate_006__inflation_015mm,multiscene_candidate_006,15,True,,0.025969407081604008,0.03537692642211914,0.035800912002741825,"[41,7]",True,0.0,0.0,0.9466080665588379,0.9466080665588379,0.0,True,True,completed,
round_10__position_17__multiscene_candidate_006__inflation_020mm,measured,10,197,17,multiscene_candidate_006__inflation_020mm,multiscene_candidate_006,20,True,,0.027965535163879392,0.03721289443969727,0.0376435739963199,"[41,7]",True,0.0,0.0,0.9485822916030884,0.9485822916030884,0.0,True,True,completed,
round_10__position_18__formal_baseline_v1__inflation_000mm,measured,10,198,18,formal_baseline_v1__inflation_000mm,formal_baseline_v1,0,True,,0.026965855598449703,0.035644222259521484,0.03605948000040371,"[41,7]",True,0.0,0.0,0.9438674449920654,0.9438674449920654,0.0,True,True,completed,
round_10__position_19__formal_baseline_v1__inflation_005mm,measured,10,199,19,formal_baseline_v1__inflation_005mm,formal_baseline_v1,5,True,,0.02585158443450928,0.03446518325805664,0.034905865002656356,"[41,7]",True,0.0,0.0,0.9439100027084351,0.9439100027084351,0.0,True,True,completed,
round_10__position_20__formal_baseline_v1__inflation_010mm,measured,10,200,20,formal_baseline_v1__inflation_010mm,formal_baseline_v1,10,True,,0.02680944061279297,0.03640627288818359,0.037007819999416824,"[41,7]",True,0.0,0.0,0.9444064497947693,0.9444064497947693,0.0,True,True,completed,
round_11__position_01__multiscene_candidate_005__inflation_000mm,measured,11,201,1,multiscene_candidate_005__inflation_000mm,multiscene_candidate_005,0,True,,0.026277791976928713,0.0347716178894043,0.03517943300539628,"[41,7]",True,0.0,0.0,0.9438865780830383,0.9438865780830383,0.0,True,True,completed,
round_11__position_02__multiscene_candidate_005__inflation_005mm,measured,11,202,2,multiscene_candidate_005__inflation_005mm,multiscene_candidate_005,5,True,,0.03348710346221924,0.048304576873779294,0.04871540300518973,"[41,7]",True,0.0,0.0,0.9450989365577698,0.9450989365577698,0.0,True,True,completed,
round_11__position_03__multiscene_candidate_005__inflation_010mm,measured,11,203,3,multiscene_candidate_005__inflation_010mm,multiscene_candidate_005,10,True,,0.026690944671630856,0.035676223754882816,0.0361443300062092,"[41,7]",True,0.0,0.0,0.9485982656478882,0.9485982656478882,0.0,True,True,completed,
round_11__position_04__multiscene_candidate_005__inflation_015mm,measured,11,204,4,multiscene_candidate_005__inflation_015mm,multiscene_candidate_005,15,True,,0.028516032218933104,0.037642078399658205,0.03806864900252549,"[41,7]",True,0.0,0.0,0.9550252556800842,0.9550252556800842,0.0,True,True,completed,
round_11__position_05__multiscene_candidate_005__inflation_020mm,measured,11,205,5,multiscene_candidate_005__inflation_020mm,multiscene_candidate_005,20,True,,0.027985024452209472,0.03662723159790039,0.037038495000160765,"[41,7]",True,0.0,0.0,0.9647320508956909,0.9647320508956909,0.0,True,True,completed,
round_11__position_06__multiscene_candidate_006__inflation_000mm,measured,11,206,6,multiscene_candidate_006__inflation_000mm,multiscene_candidate_006,0,True,,0.025871104240417483,0.034740638732910153,0.035147971000697,"[41,7]",True,0.0,0.0,0.9438737630844116,0.9438737630844116,0.0,True,True,completed,
round_11__position_07__multiscene_candidate_006__inflation_005mm,measured,11,207,7,multiscene_candidate_006__inflation_005mm,multiscene_candidate_006,5,True,,0.027794655799865724,0.03712947082519531,0.03755086299497634,"[41,7]",True,0.0,0.0,0.9442387819290161,0.9442387819290161,0.0,True,True,completed,
round_11__position_08__multiscene_candidate_006__inflation_010mm,measured,11,208,8,multiscene_candidate_006__inflation_010mm,multiscene_candidate_006,10,True,,0.027372511863708496,0.035906784057617186,0.036316112003987655,"[41,7]",True,0.0,0.0,0.9451422691345215,0.9451422691345215,0.0,True,True,completed,
round_11__position_09__multiscene_candidate_006__inflation_015mm,measured,11,209,9,multiscene_candidate_006__inflation_015mm,multiscene_candidate_006,15,True,,0.02483407974243164,0.03543142318725586,0.03586072599864565,"[41,7]",True,0.0,0.0,0.9466080665588379,0.9466080665588379,0.0,True,True,completed,
round_11__position_10__multiscene_candidate_006__inflation_020mm,measured,11,210,10,multiscene_candidate_006__inflation_020mm,multiscene_candidate_006,20,True,,0.027793056488037114,0.036509376525878906,0.036929312998836394,"[41,7]",True,0.0,0.0,0.9485822916030884,0.9485822916030884,0.0,True,True,completed,
round_11__position_11__formal_baseline_v1__inflation_000mm,measured,11,211,11,formal_baseline_v1__inflation_000mm,formal_baseline_v1,0,True,,0.02683718395233154,0.03565750503540039,0.03608871299366001,"[41,7]",True,0.0,0.0,0.9438674449920654,0.9438674449920654,0.0,True,True,completed,
round_11__position_12__formal_baseline_v1__inflation_005mm,measured,11,212,12,formal_baseline_v1__inflation_005mm,formal_baseline_v1,5,True,,0.026262399673461913,0.03668041610717773,0.03715793999435846,"[41,7]",True,0.0,0.0,0.9439100027084351,0.9439100027084351,0.0,True,True,completed,
round_11__position_13__formal_baseline_v1__inflation_010mm,measured,11,213,13,formal_baseline_v1__inflation_010mm,formal_baseline_v1,10,True,,0.027620511054992677,0.03614860916137695,0.03655769999750191,"[41,7]",True,0.0,0.0,0.9444064497947693,0.9444064497947693,0.0,True,True,completed,
round_11__position_14__formal_baseline_v1__inflation_015mm,measured,11,214,14,formal_baseline_v1__inflation_015mm,formal_baseline_v1,15,True,,0.03818963241577149,0.05050592041015625,0.05093016700266162,"[41,7]",True,0.0,0.0,0.9454147815704346,0.9454147815704346,0.0,True,True,completed,
round_11__position_15__formal_baseline_v1__inflation_020mm,measured,11,215,15,formal_baseline_v1__inflation_020mm,formal_baseline_v1,20,True,,0.026805407524108885,0.03546419143676758,0.035890639999706764,"[41,7]",True,0.0,0.0,0.9469339847564697,0.9469339847564697,0.0,True,True,completed,
round_11__position_16__multiscene_candidate_001__inflation_000mm,measured,11,216,16,multiscene_candidate_001__inflation_000mm,multiscene_candidate_001,0,True,,0.025717376708984375,0.03649228668212891,0.03691107899794588,"[41,7]",True,0.0,0.0,0.9438675045967102,0.9438675045967102,0.0,True,True,completed,
round_11__position_17__multiscene_candidate_001__inflation_005mm,measured,11,217,17,multiscene_candidate_001__inflation_005mm,multiscene_candidate_001,5,True,,0.02593424034118652,0.03438681411743164,0.034798558001057245,"[41,7]",True,0.0,0.0,0.9440393447875977,0.9440393447875977,0.0,True,True,completed,
round_11__position_18__multiscene_candidate_001__inflation_010mm,measured,11,218,18,multiscene_candidate_001__inflation_010mm,multiscene_candidate_001,10,True,,0.027319199562072755,0.0362212142944336,0.03665277300024172,"[41,7]",True,0.0,0.0,0.9447669386863708,0.9447669386863708,0.0,True,True,completed,
round_11__position_19__multiscene_candidate_001__inflation_015mm,measured,11,219,19,multiscene_candidate_001__inflation_015mm,multiscene_candidate_001,15,True,,0.027201601028442386,0.03668582534790039,0.03714107099949615,"[41,7]",True,0.0,0.0,0.9460299015045166,0.9460299015045166,0.0,True,True,completed,
round_11__position_20__multiscene_candidate_001__inflation_020mm,measured,11,220,20,multiscene_candidate_001__inflation_020mm,multiscene_candidate_001,20,True,,0.027691168785095213,0.036156478881835936,0.03656888199475361,"[41,7]",True,0.0,0.0,0.947810709476471,0.947810709476471,0.0,True,True,completed,
round_12__position_01__multiscene_candidate_006__inflation_010mm,measured,12,221,1,multiscene_candidate_006__inflation_010mm,multiscene_candidate_006,10,True,,0.02644092845916748,0.03559731292724609,0.03601643900037743,"[41,7]",True,0.0,0.0,0.9451422691345215,0.9451422691345215,0.0,True,True,completed,
round_12__position_02__multiscene_candidate_006__inflation_015mm,measured,12,222,2,multiscene_candidate_006__inflation_015mm,multiscene_candidate_006,15,True,,0.0248919997215271,0.03447331237792969,0.03504531400540145,"[41,7]",True,0.0,0.0,0.9466080665588379,0.9466080665588379,0.0,True,True,completed,
round_12__position_03__multiscene_candidate_006__inflation_020mm,measured,12,223,3,multiscene_candidate_006__inflation_020mm,multiscene_candidate_006,20,True,,0.026056704521179197,0.03457964706420898,0.03504328800045187,"[41,7]",True,0.0,0.0,0.9485822916030884,0.9485822916030884,0.0,True,True,completed,
round_12__position_04__formal_baseline_v1__inflation_000mm,measured,12,224,4,formal_baseline_v1__inflation_000mm,formal_baseline_v1,0,True,,0.026491616249084474,0.0360316162109375,0.03643964999355376,"[41,7]",True,0.0,0.0,0.9438674449920654,0.9438674449920654,0.0,True,True,completed,
round_12__position_05__formal_baseline_v1__inflation_005mm,measured,12,225,5,formal_baseline_v1__inflation_005mm,formal_baseline_v1,5,True,,0.0263220157623291,0.03480806350708008,0.03522153599624289,"[41,7]",True,0.0,0.0,0.9439100027084351,0.9439100027084351,0.0,True,True,completed,
round_12__position_06__formal_baseline_v1__inflation_010mm,measured,12,226,6,formal_baseline_v1__inflation_010mm,formal_baseline_v1,10,True,,0.02664620876312256,0.03633241653442383,0.03675044899864588,"[41,7]",True,0.0,0.0,0.9444064497947693,0.9444064497947693,0.0,True,True,completed,
round_12__position_07__formal_baseline_v1__inflation_015mm,measured,12,227,7,formal_baseline_v1__inflation_015mm,formal_baseline_v1,15,True,,0.03405382347106933,0.04612691116333008,0.04661520099762129,"[41,7]",True,0.0,0.0,0.9454147815704346,0.9454147815704346,0.0,True,True,completed,
round_12__position_08__formal_baseline_v1__inflation_020mm,measured,12,228,8,formal_baseline_v1__inflation_020mm,formal_baseline_v1,20,True,,0.025944128990173343,0.0348221435546875,0.035276893999252934,"[41,7]",True,0.0,0.0,0.9469339847564697,0.9469339847564697,0.0,True,True,completed,
round_12__position_09__multiscene_candidate_001__inflation_000mm,measured,12,229,9,multiscene_candidate_001__inflation_000mm,multiscene_candidate_001,0,True,,0.026170240402221677,0.03522272109985351,0.03572681899822783,"[41,7]",True,0.0,0.0,0.9438675045967102,0.9438675045967102,0.0,True,True,completed,
round_12__position_10__multiscene_candidate_001__inflation_005mm,measured,12,230,10,multiscene_candidate_001__inflation_005mm,multiscene_candidate_001,5,True,,0.02564099216461182,0.03424665451049805,0.034834663005312905,"[41,7]",True,0.0,0.0,0.9440393447875977,0.9440393447875977,0.0,True,True,completed,
round_12__position_11__multiscene_candidate_001__inflation_010mm,measured,12,231,11,multiscene_candidate_001__inflation_010mm,multiscene_candidate_001,10,True,,0.027048672676086426,0.03625551986694336,0.03666958199755754,"[41,7]",True,0.0,0.0,0.9447669386863708,0.9447669386863708,0.0,True,True,completed,
round_12__position_12__multiscene_candidate_001__inflation_015mm,measured,12,232,12,multiscene_candidate_001__inflation_015mm,multiscene_candidate_001,15,True,,0.026126048088073728,0.03615475082397461,0.03656317500281148,"[41,7]",True,0.0,0.0,0.9460299015045166,0.9460299015045166,0.0,True,True,completed,
round_12__position_13__multiscene_candidate_001__inflation_020mm,measured,12,233,13,multiscene_candidate_001__inflation_020mm,multiscene_candidate_001,20,True,,0.025489248275756833,0.03440332794189453,0.03484239400131628,"[41,7]",True,0.0,0.0,0.947810709476471,0.947810709476471,0.0,True,True,completed,
round_12__position_14__multiscene_candidate_005__inflation_000mm,measured,12,234,14,multiscene_candidate_005__inflation_000mm,multiscene_candidate_005,0,True,,0.02704377555847168,0.03592396926879883,0.03644977699877927,"[41,7]",True,0.0,0.0,0.9438865780830383,0.9438865780830383,0.0,True,True,completed,
round_12__position_15__multiscene_candidate_005__inflation_005mm,measured,12,235,15,multiscene_candidate_005__inflation_005mm,multiscene_candidate_005,5,True,,0.034647199630737306,0.04618569564819336,0.046614270002464764,"[41,7]",True,0.0,0.0,0.9450989365577698,0.9450989365577698,0.0,True,True,completed,
round_12__position_16__multiscene_candidate_005__inflation_010mm,measured,12,236,16,multiscene_candidate_005__inflation_010mm,multiscene_candidate_005,10,True,,0.026036288261413573,0.035211326599121094,0.03579638899827842,"[41,7]",True,0.0,0.0,0.9485982656478882,0.9485982656478882,0.0,True,True,completed,
round_12__position_17__multiscene_candidate_005__inflation_015mm,measured,12,237,17,multiscene_candidate_005__inflation_015mm,multiscene_candidate_005,15,True,,0.026362174987792968,0.03492185592651367,0.035325102995557245,"[41,7]",True,0.0,0.0,0.9550252556800842,0.9550252556800842,0.0,True,True,completed,
round_12__position_18__multiscene_candidate_005__inflation_020mm,measured,12,238,18,multiscene_candidate_005__inflation_020mm,multiscene_candidate_005,20,True,,0.02614380836486816,0.03569049453735352,0.0361047230035183,"[41,7]",True,0.0,0.0,0.9647320508956909,0.9647320508956909,0.0,True,True,completed,
round_12__position_19__multiscene_candidate_006__inflation_000mm,measured,12,239,19,multiscene_candidate_006__inflation_000mm,multiscene_candidate_006,0,True,,0.026725054740905762,0.03585228729248047,0.03627266800322104,"[41,7]",True,0.0,0.0,0.9438737630844116,0.9438737630844116,0.0,True,True,completed,
round_12__position_20__multiscene_candidate_006__inflation_005mm,measured,12,240,20,multiscene_candidate_006__inflation_005mm,multiscene_candidate_006,5,True,,0.02580201530456543,0.034608062744140626,0.03501975099788979,"[41,7]",True,0.0,0.0,0.9442387819290161,0.9442387819290161,0.0,True,True,completed,
round_13__position_01__formal_baseline_v1__inflation_020mm,measured,13,241,1,formal_baseline_v1__inflation_020mm,formal_baseline_v1,20,True,,0.02646246433258057,0.03571638488769531,0.0361538319993997,"[41,7]",True,0.0,0.0,0.9469339847564697,0.9469339847564697,0.0,True,True,completed,
round_13__position_02__multiscene_candidate_001__inflation_000mm,measured,13,242,2,multiscene_candidate_001__inflation_000mm,multiscene_candidate_001,0,True,,0.02589017677307129,0.034495742797851565,0.034903359999589156,"[41,7]",True,0.0,0.0,0.9438675045967102,0.9438675045967102,0.0,True,True,completed,
round_13__position_03__multiscene_candidate_001__inflation_005mm,measured,13,243,3,multiscene_candidate_001__inflation_005mm,multiscene_candidate_001,5,True,,0.026197376251220705,0.03657113647460938,0.037098835993674584,"[41,7]",True,0.0,0.0,0.9440393447875977,0.9440393447875977,0.0,True,True,completed,
round_13__position_04__multiscene_candidate_001__inflation_010mm,measured,13,244,4,multiscene_candidate_001__inflation_010mm,multiscene_candidate_001,10,True,,0.02697331237792969,0.03598851013183594,0.03646241300157271,"[41,7]",True,0.0,0.0,0.9447669386863708,0.9447669386863708,0.0,True,True,completed,
round_13__position_05__multiscene_candidate_001__inflation_015mm,measured,13,245,5,multiscene_candidate_001__inflation_015mm,multiscene_candidate_001,15,True,,0.02729830455780029,0.03580313491821289,0.03620978399703745,"[41,7]",True,0.0,0.0,0.9460299015045166,0.9460299015045166,0.0,True,True,completed,
round_13__position_06__multiscene_candidate_001__inflation_020mm,measured,13,246,6,multiscene_candidate_001__inflation_020mm,multiscene_candidate_001,20,True,,0.02607923126220703,0.03541196823120117,0.03589373399881879,"[41,7]",True,0.0,0.0,0.947810709476471,0.947810709476471,0.0,True,True,completed,
round_13__position_07__multiscene_candidate_005__inflation_000mm,measured,13,247,7,multiscene_candidate_005__inflation_000mm,multiscene_candidate_005,0,True,,0.027484095573425293,0.035912704467773435,0.036317119003797416,"[41,7]",True,0.0,0.0,0.9438865780830383,0.9438865780830383,0.0,True,True,completed,
round_13__position_08__multiscene_candidate_005__inflation_005mm,measured,13,248,8,multiscene_candidate_005__inflation_005mm,multiscene_candidate_005,5,True,,0.0351025915145874,0.047261760711669924,0.04769062200648477,"[41,7]",True,0.0,0.0,0.9450989365577698,0.9450989365577698,0.0,True,True,completed,
round_13__position_09__multiscene_candidate_005__inflation_010mm,measured,13,249,9,multiscene_candidate_005__inflation_010mm,multiscene_candidate_005,10,True,,0.02773091220855713,0.03709737777709961,0.03753411999787204,"[41,7]",True,0.0,0.0,0.9485982656478882,0.9485982656478882,0.0,True,True,completed,
round_13__position_10__multiscene_candidate_005__inflation_015mm,measured,13,250,10,multiscene_candidate_005__inflation_015mm,multiscene_candidate_005,15,True,,0.026018975257873535,0.034772991180419925,0.0352182070055278,"[41,7]",True,0.0,0.0,0.9550252556800842,0.9550252556800842,0.0,True,True,completed,
round_13__position_11__multiscene_candidate_005__inflation_020mm,measured,13,251,11,multiscene_candidate_005__inflation_020mm,multiscene_candidate_005,20,True,,0.026513023376464842,0.035300159454345705,0.035794710005575325,"[41,7]",True,0.0,0.0,0.9647320508956909,0.9647320508956909,0.0,True,True,completed,
round_13__position_12__multiscene_candidate_006__inflation_000mm,measured,13,252,12,multiscene_candidate_006__inflation_000mm,multiscene_candidate_006,0,True,,0.02590124797821045,0.034463455200195316,0.034867263995693065,"[41,7]",True,0.0,0.0,0.9438737630844116,0.9438737630844116,0.0,True,True,completed,
round_13__position_13__multiscene_candidate_006__inflation_005mm,measured,13,253,13,multiscene_candidate_006__inflation_005mm,multiscene_candidate_006,5,True,,0.027867295265197753,0.03718515014648437,0.03764157200203044,"[41,7]",True,0.0,0.0,0.9442387819290161,0.9442387819290161,0.0,True,True,completed,
round_13__position_14__multiscene_candidate_006__inflation_010mm,measured,13,254,14,multiscene_candidate_006__inflation_010mm,multiscene_candidate_006,10,True,,0.02783129596710205,0.036631553649902344,0.03705403200001456,"[41,7]",True,0.0,0.0,0.9451422691345215,0.9451422691345215,0.0,True,True,completed,
round_13__position_15__multiscene_candidate_006__inflation_015mm,measured,13,255,15,multiscene_candidate_006__inflation_015mm,multiscene_candidate_006,15,True,,0.025889472961425783,0.0366192626953125,0.03704660899529699,"[41,7]",True,0.0,0.0,0.9466080665588379,0.9466080665588379,0.0,True,True,completed,
round_13__position_16__multiscene_candidate_006__inflation_020mm,measured,13,256,16,multiscene_candidate_006__inflation_020mm,multiscene_candidate_006,20,True,,0.02786790370941162,0.03687587356567383,0.0373724909950397,"[41,7]",True,0.0,0.0,0.9485822916030884,0.9485822916030884,0.0,True,True,completed,
round_13__position_17__formal_baseline_v1__inflation_000mm,measured,13,257,17,formal_baseline_v1__inflation_000mm,formal_baseline_v1,0,True,,0.025494144439697268,0.033964031219482424,0.03437122900504619,"[41,7]",True,0.0,0.0,0.9438674449920654,0.9438674449920654,0.0,True,True,completed,
round_13__position_18__formal_baseline_v1__inflation_005mm,measured,13,258,18,formal_baseline_v1__inflation_005mm,formal_baseline_v1,5,True,,0.025919615745544432,0.0352375373840332,0.035655469000630546,"[41,7]",True,0.0,0.0,0.9439100027084351,0.9439100027084351,0.0,True,True,completed,
round_13__position_19__formal_baseline_v1__inflation_010mm,measured,13,259,19,formal_baseline_v1__inflation_010mm,formal_baseline_v1,10,True,,0.02667340850830078,0.035405857086181644,0.03581448199838633,"[41,7]",True,0.0,0.0,0.9444064497947693,0.9444064497947693,0.0,True,True,completed,
round_13__position_20__formal_baseline_v1__inflation_015mm,measured,13,260,20,formal_baseline_v1__inflation_015mm,formal_baseline_v1,15,True,,0.036923744201660155,0.04902297592163086,0.04944438399979845,"[41,7]",True,0.0,0.0,0.9454147815704346,0.9454147815704346,0.0,True,True,completed,
round_14__position_01__multiscene_candidate_005__inflation_005mm,measured,14,261,1,multiscene_candidate_005__inflation_005mm,multiscene_candidate_005,5,True,,0.034202272415161133,0.04618668746948242,0.0466023779954412,"[41,7]",True,0.0,0.0,0.9450989365577698,0.9450989365577698,0.0,True,True,completed,
round_14__position_02__multiscene_candidate_005__inflation_010mm,measured,14,262,2,multiscene_candidate_005__inflation_010mm,multiscene_candidate_005,10,True,,0.027888768196105956,0.03686620712280273,0.037288740000803955,"[41,7]",True,0.0,0.0,0.9485982656478882,0.9485982656478882,0.0,True,True,completed,
round_14__position_03__multiscene_candidate_005__inflation_015mm,measured,14,263,3,multiscene_candidate_005__inflation_015mm,multiscene_candidate_005,15,True,,0.02669363307952881,0.035949886322021486,0.036369622001075186,"[41,7]",True,0.0,0.0,0.9550252556800842,0.9550252556800842,0.0,True,True,completed,
round_14__position_04__multiscene_candidate_005__inflation_020mm,measured,14,264,4,multiscene_candidate_005__inflation_020mm,multiscene_candidate_005,20,True,,0.025976511955261232,0.03503513717651367,0.035455988996545784,"[41,7]",True,0.0,0.0,0.9647320508956909,0.9647320508956909,0.0,True,True,completed,
round_14__position_05__multiscene_candidate_006__inflation_000mm,measured,14,265,5,multiscene_candidate_006__inflation_000mm,multiscene_candidate_006,0,True,,0.027379711151123046,0.03594483184814453,0.036368959001265466,"[41,7]",True,0.0,0.0,0.9438737630844116,0.9438737630844116,0.0,True,True,completed,
round_14__position_06__multiscene_candidate_006__inflation_005mm,measured,14,266,6,multiscene_candidate_006__inflation_005mm,multiscene_candidate_006,5,True,,0.02706009578704834,0.03581167984008789,0.03625847800140036,"[41,7]",True,0.0,0.0,0.9442387819290161,0.9442387819290161,0.0,True,True,completed,
round_14__position_07__multiscene_candidate_006__inflation_010mm,measured,14,267,7,multiscene_candidate_006__inflation_010mm,multiscene_candidate_006,10,True,,0.025545056343078614,0.03396115112304687,0.03439012500166427,"[41,7]",True,0.0,0.0,0.9451422691345215,0.9451422691345215,0.0,True,True,completed,
round_14__position_08__multiscene_candidate_006__inflation_015mm,measured,14,268,8,multiscene_candidate_006__inflation_015mm,multiscene_candidate_006,15,True,,0.026682497024536133,0.03639910507202149,0.03680757899564924,"[41,7]",True,0.0,0.0,0.9466080665588379,0.9466080665588379,0.0,True,True,completed,
round_14__position_09__multiscene_candidate_006__inflation_020mm,measured,14,269,9,multiscene_candidate_006__inflation_020mm,multiscene_candidate_006,20,True,,0.02559148693084717,0.034429153442382815,0.03483870499621844,"[41,7]",True,0.0,0.0,0.9485822916030884,0.9485822916030884,0.0,True,True,completed,
round_14__position_10__formal_baseline_v1__inflation_000mm,measured,14,270,10,formal_baseline_v1__inflation_000mm,formal_baseline_v1,0,True,,0.02689129638671875,0.03532287979125977,0.03573347599740373,"[41,7]",True,0.0,0.0,0.9438674449920654,0.9438674449920654,0.0,True,True,completed,
round_14__position_11__formal_baseline_v1__inflation_005mm,measured,14,271,11,formal_baseline_v1__inflation_005mm,formal_baseline_v1,5,True,,0.026062944412231445,0.035143680572509765,0.035579078998125624,"[41,7]",True,0.0,0.0,0.9439100027084351,0.9439100027084351,0.0,True,True,completed,
round_14__position_12__formal_baseline_v1__inflation_010mm,measured,14,272,12,formal_baseline_v1__inflation_010mm,formal_baseline_v1,10,True,,0.025816063880920413,0.034431041717529295,0.03484722199937096,"[41,7]",True,0.0,0.0,0.9444064497947693,0.9444064497947693,0.0,True,True,completed,
round_14__position_13__formal_baseline_v1__inflation_015mm,measured,14,273,13,formal_baseline_v1__inflation_015mm,formal_baseline_v1,15,True,,0.03482348823547363,0.04672409439086914,0.0471394539999892,"[41,7]",True,0.0,0.0,0.9454147815704346,0.9454147815704346,0.0,True,True,completed,
round_14__position_14__formal_baseline_v1__inflation_020mm,measured,14,274,14,formal_baseline_v1__inflation_020mm,formal_baseline_v1,20,True,,0.0254356164932251,0.03412582397460937,0.034723705997748766,"[41,7]",True,0.0,0.0,0.9469339847564697,0.9469339847564697,0.0,True,True,completed,
round_14__position_15__multiscene_candidate_001__inflation_000mm,measured,14,275,15,multiscene_candidate_001__inflation_000mm,multiscene_candidate_001,0,True,,0.025895423889160156,0.034772735595703125,0.035281426993606146,"[41,7]",True,0.0,0.0,0.9438675045967102,0.9438675045967102,0.0,True,True,completed,
round_14__position_16__multiscene_candidate_001__inflation_005mm,measured,14,276,16,multiscene_candidate_001__inflation_005mm,multiscene_candidate_001,5,True,,0.02552726364135742,0.03422249603271484,0.034633977003977634,"[41,7]",True,0.0,0.0,0.9440393447875977,0.9440393447875977,0.0,True,True,completed,
round_14__position_17__multiscene_candidate_001__inflation_010mm,measured,14,277,17,multiscene_candidate_001__inflation_010mm,multiscene_candidate_001,10,True,,0.025884544372558594,0.034288734436035154,0.03470337299950188,"[41,7]",True,0.0,0.0,0.9447669386863708,0.9447669386863708,0.0,True,True,completed,
round_14__position_18__multiscene_candidate_001__inflation_015mm,measured,14,278,18,multiscene_candidate_001__inflation_015mm,multiscene_candidate_001,15,True,,0.02654374408721924,0.03560819244384766,0.03603090200340375,"[41,7]",True,0.0,0.0,0.9460299015045166,0.9460299015045166,0.0,True,True,completed,
round_14__position_19__multiscene_candidate_001__inflation_020mm,measured,14,279,19,multiscene_candidate_001__inflation_020mm,multiscene_candidate_001,20,True,,0.02589491176605225,0.034977790832519534,0.03541735099861398,"[41,7]",True,0.0,0.0,0.947810709476471,0.947810709476471,0.0,True,True,completed,
round_14__position_20__multiscene_candidate_005__inflation_000mm,measured,14,280,20,multiscene_candidate_005__inflation_000mm,multiscene_candidate_005,0,True,,0.027789247512817382,0.036437408447265625,0.036848276999080554,"[41,7]",True,0.0,0.0,0.9438865780830383,0.9438865780830383,0.0,True,True,completed,
round_15__position_01__multiscene_candidate_006__inflation_015mm,measured,15,281,1,multiscene_candidate_006__inflation_015mm,multiscene_candidate_006,15,True,,0.02601190376281738,0.03447619247436524,0.03488736799772596,"[41,7]",True,0.0,0.0,0.9466080665588379,0.9466080665588379,0.0,True,True,completed,
round_15__position_02__multiscene_candidate_006__inflation_020mm,measured,15,282,2,multiscene_candidate_006__inflation_020mm,multiscene_candidate_006,20,True,,0.025763007164001463,0.03417497634887695,0.034574311997857876,"[41,7]",True,0.0,0.0,0.9485822916030884,0.9485822916030884,0.0,True,True,completed,
round_15__position_03__formal_baseline_v1__inflation_000mm,measured,15,283,3,formal_baseline_v1__inflation_000mm,formal_baseline_v1,0,True,,0.026297279357910156,0.034931713104248044,0.035337076005816925,"[41,7]",True,0.0,0.0,0.9438674449920654,0.9438674449920654,0.0,True,True,completed,
round_15__position_04__formal_baseline_v1__inflation_005mm,measured,15,284,4,formal_baseline_v1__inflation_005mm,formal_baseline_v1,5,True,,0.025433600425720217,0.03383295822143555,0.03424066300067352,"[41,7]",True,0.0,0.0,0.9439100027084351,0.9439100027084351,0.0,True,True,completed,
round_15__position_05__formal_baseline_v1__inflation_010mm,measured,15,285,5,formal_baseline_v1__inflation_010mm,formal_baseline_v1,10,True,,0.02557849597930908,0.03437670516967774,0.03478854500281159,"[41,7]",True,0.0,0.0,0.9444064497947693,0.9444064497947693,0.0,True,True,completed,
round_15__position_06__formal_baseline_v1__inflation_015mm,measured,15,286,6,formal_baseline_v1__inflation_015mm,formal_baseline_v1,15,True,,0.03436995315551758,0.046123104095458986,0.046601950998592656,"[41,7]",True,0.0,0.0,0.9454147815704346,0.9454147815704346,0.0,True,True,completed,
round_15__position_07__formal_baseline_v1__inflation_020mm,measured,15,287,7,formal_baseline_v1__inflation_020mm,formal_baseline_v1,20,True,,0.02640924835205078,0.03561167907714844,0.036030583003594074,"[41,7]",True,0.0,0.0,0.9469339847564697,0.9469339847564697,0.0,True,True,completed,
round_15__position_08__multiscene_candidate_001__inflation_000mm,measured,15,288,8,multiscene_candidate_001__inflation_000mm,multiscene_candidate_001,0,True,,0.025205087661743168,0.034391616821289064,0.03480993200355442,"[41,7]",True,0.0,0.0,0.9438675045967102,0.9438675045967102,0.0,True,True,completed,
round_15__position_09__multiscene_candidate_001__inflation_005mm,measured,15,289,9,multiscene_candidate_001__inflation_005mm,multiscene_candidate_001,5,True,,0.026042880058288573,0.03445452880859375,0.03487147499981802,"[41,7]",True,0.0,0.0,0.9440393447875977,0.9440393447875977,0.0,True,True,completed,
round_15__position_10__multiscene_candidate_001__inflation_010mm,measured,15,290,10,multiscene_candidate_001__inflation_010mm,multiscene_candidate_001,10,True,,0.025521056175231933,0.034121601104736325,0.034529696000390686,"[41,7]",True,0.0,0.0,0.9447669386863708,0.9447669386863708,0.0,True,True,completed,
round_15__position_11__multiscene_candidate_001__inflation_015mm,measured,15,291,11,multiscene_candidate_001__inflation_015mm,multiscene_candidate_001,15,True,,0.025942816734313964,0.034496353149414065,0.03491666899935808,"[41,7]",True,0.0,0.0,0.9460299015045166,0.9460299015045166,0.0,True,True,completed,
round_15__position_12__multiscene_candidate_001__inflation_020mm,measured,15,292,12,multiscene_candidate_001__inflation_020mm,multiscene_candidate_001,20,True,,0.02727113628387451,0.03613174438476562,0.036554646998411044,"[41,7]",True,0.0,0.0,0.947810709476471,0.947810709476471,0.0,True,True,completed,
round_15__position_13__multiscene_candidate_005__inflation_000mm,measured,15,293,13,multiscene_candidate_005__inflation_000mm,multiscene_candidate_005,0,True,,0.02595724868774414,0.03486288070678711,0.035391783007071353,"[41,7]",True,0.0,0.0,0.9438865780830383,0.9438865780830383,0.0,True,True,completed,
round_15__position_14__multiscene_candidate_005__inflation_005mm,measured,15,294,14,multiscene_candidate_005__inflation_005mm,multiscene_candidate_005,5,True,,0.035206111907958984,0.04702716827392578,0.047443149000173435,"[41,7]",True,0.0,0.0,0.9450989365577698,0.9450989365577698,0.0,True,True,completed,
round_15__position_15__multiscene_candidate_005__inflation_010mm,measured,15,295,15,multiscene_candidate_005__inflation_010mm,multiscene_candidate_005,10,True,,0.02588742446899414,0.03584102249145508,0.03624645300442353,"[41,7]",True,0.0,0.0,0.9485982656478882,0.9485982656478882,0.0,True,True,completed,
round_15__position_16__multiscene_candidate_005__inflation_015mm,measured,15,296,16,multiscene_candidate_005__inflation_015mm,multiscene_candidate_005,15,True,,0.027690783500671383,0.036120288848876955,0.0366979319951497,"[41,7]",True,0.0,0.0,0.9550252556800842,0.9550252556800842,0.0,True,True,completed,
round_15__position_17__multiscene_candidate_005__inflation_020mm,measured,15,297,17,multiscene_candidate_005__inflation_020mm,multiscene_candidate_005,20,True,,0.027570207595825194,0.03601795196533203,0.03642367300199112,"[41,7]",True,0.0,0.0,0.9647320508956909,0.9647320508956909,0.0,True,True,completed,
round_15__position_18__multiscene_candidate_006__inflation_000mm,measured,15,298,18,multiscene_candidate_006__inflation_000mm,multiscene_candidate_006,0,True,,0.026651360511779784,0.03559907150268555,0.03600556699529989,"[41,7]",True,0.0,0.0,0.9438737630844116,0.9438737630844116,0.0,True,True,completed,
round_15__position_19__multiscene_candidate_006__inflation_005mm,measured,15,299,19,multiscene_candidate_006__inflation_005mm,multiscene_candidate_006,5,True,,0.027869215011596678,0.037195648193359375,0.03761711200058926,"[41,7]",True,0.0,0.0,0.9442387819290161,0.9442387819290161,0.0,True,True,completed,
round_15__position_20__multiscene_candidate_006__inflation_010mm,measured,15,300,20,multiscene_candidate_006__inflation_010mm,multiscene_candidate_006,10,True,,0.027642815589904786,0.03609945678710937,0.036506791999272536,"[41,7]",True,0.0,0.0,0.9451422691345215,0.9451422691345215,0.0,True,True,completed,
round_16__position_01__multiscene_candidate_001__inflation_000mm,measured,16,301,1,multiscene_candidate_001__inflation_000mm,multiscene_candidate_001,0,True,,0.026004480361938476,0.03484393692016602,0.035273933004646096,"[41,7]",True,0.0,0.0,0.9438675045967102,0.9438675045967102,0.0,True,True,completed,
round_16__position_02__multiscene_candidate_001__inflation_005mm,measured,16,302,2,multiscene_candidate_001__inflation_005mm,multiscene_candidate_001,5,True,,0.026261600494384765,0.03481414413452148,0.03522564799641259,"[41,7]",True,0.0,0.0,0.9440393447875977,0.9440393447875977,0.0,True,True,completed,
round_16__position_03__multiscene_candidate_001__inflation_010mm,measured,16,303,3,multiscene_candidate_001__inflation_010mm,multiscene_candidate_001,10,True,,0.0277837438583374,0.03648428726196289,0.036891992000164464,"[41,7]",True,0.0,0.0,0.9447669386863708,0.9447669386863708,0.0,True,True,completed,
round_16__position_04__multiscene_candidate_001__inflation_015mm,measured,16,304,4,multiscene_candidate_001__inflation_015mm,multiscene_candidate_001,15,True,,0.025626240730285646,0.034318592071533205,0.0347267990000546,"[41,7]",True,0.0,0.0,0.9460299015045166,0.9460299015045166,0.0,True,True,completed,
round_16__position_05__multiscene_candidate_001__inflation_020mm,measured,16,305,5,multiscene_candidate_001__inflation_020mm,multiscene_candidate_001,20,True,,0.027759520530700684,0.0364543342590332,0.03687981400435092,"[41,7]",True,0.0,0.0,0.947810709476471,0.947810709476471,0.0,True,True,completed,
round_16__position_06__multiscene_candidate_005__inflation_000mm,measured,16,306,6,multiscene_candidate_005__inflation_000mm,multiscene_candidate_005,0,True,,0.027263744354248047,0.03580601501464844,0.036238811000657734,"[41,7]",True,0.0,0.0,0.9438865780830383,0.9438865780830383,0.0,True,True,completed,
round_16__position_07__multiscene_candidate_005__inflation_005mm,measured,16,307,7,multiscene_candidate_005__inflation_005mm,multiscene_candidate_005,5,True,,0.033876735687255854,0.04533427047729492,0.04573538200202165,"[41,7]",True,0.0,0.0,0.9450989365577698,0.9450989365577698,0.0,True,True,completed,
round_16__position_08__multiscene_candidate_005__inflation_010mm,measured,16,308,8,multiscene_candidate_005__inflation_010mm,multiscene_candidate_005,10,True,,0.028399168014526365,0.03712409591674805,0.03753355799562996,"[41,7]",True,0.0,0.0,0.9485982656478882,0.9485982656478882,0.0,True,True,completed,
round_16__position_09__multiscene_candidate_005__inflation_015mm,measured,16,309,9,multiscene_candidate_005__inflation_015mm,multiscene_candidate_005,15,True,,0.026450016021728515,0.035195903778076174,0.03564609400200425,"[41,7]",True,0.0,0.0,0.9550252556800842,0.9550252556800842,0.0,True,True,completed,
round_16__position_10__multiscene_candidate_005__inflation_020mm,measured,16,310,10,multiscene_candidate_005__inflation_020mm,multiscene_candidate_005,20,True,,0.025676992416381834,0.03575484848022461,0.03615681499650236,"[41,7]",True,0.0,0.0,0.9647320508956909,0.9647320508956909,0.0,True,True,completed,
round_16__position_11__multiscene_candidate_006__inflation_000mm,measured,16,311,11,multiscene_candidate_006__inflation_000mm,multiscene_candidate_006,0,True,,0.027945440292358396,0.037018848419189454,0.03744251099851681,"[41,7]",True,0.0,0.0,0.9438737630844116,0.9438737630844116,0.0,True,True,completed,
round_16__position_12__multiscene_candidate_006__inflation_005mm,measured,16,312,12,multiscene_candidate_006__inflation_005mm,multiscene_candidate_006,5,True,,0.027311103820800785,0.03596083068847656,0.036380290002853144,"[41,7]",True,0.0,0.0,0.9442387819290161,0.9442387819290161,0.0,True,True,completed,
round_16__position_13__multiscene_candidate_006__inflation_010mm,measured,16,313,13,multiscene_candidate_006__inflation_010mm,multiscene_candidate_006,10,True,,0.027914079666137695,0.03663257598876953,0.0370691709977109,"[41,7]",True,0.0,0.0,0.9451422691345215,0.9451422691345215,0.0,True,True,completed,
round_16__position_14__multiscene_candidate_006__inflation_015mm,measured,16,314,14,multiscene_candidate_006__inflation_015mm,multiscene_candidate_006,15,True,,0.02727903938293457,0.03682870483398438,0.03723452800477389,"[41,7]",True,0.0,0.0,0.9466080665588379,0.9466080665588379,0.0,True,True,completed,
round_16__position_15__multiscene_candidate_006__inflation_020mm,measured,16,315,15,multiscene_candidate_006__inflation_020mm,multiscene_candidate_006,20,True,,0.027470975875854495,0.03589555358886719,0.036299298000812996,"[41,7]",True,0.0,0.0,0.9485822916030884,0.9485822916030884,0.0,True,True,completed,
round_16__position_16__formal_baseline_v1__inflation_000mm,measured,16,316,16,formal_baseline_v1__inflation_000mm,formal_baseline_v1,0,True,,0.02708512020111084,0.035777599334716796,0.03618568900128594,"[41,7]",True,0.0,0.0,0.9438674449920654,0.9438674449920654,0.0,True,True,completed,
round_16__position_17__formal_baseline_v1__inflation_005mm,measured,16,317,17,formal_baseline_v1__inflation_005mm,formal_baseline_v1,5,True,,0.02566348838806152,0.034374656677246096,0.03493444799823919,"[41,7]",True,0.0,0.0,0.9439100027084351,0.9439100027084351,0.0,True,True,completed,
round_16__position_18__formal_baseline_v1__inflation_010mm,measured,16,318,18,formal_baseline_v1__inflation_010mm,formal_baseline_v1,10,True,,0.026765407562255858,0.03555673599243164,0.03600070800166577,"[41,7]",True,0.0,0.0,0.9444064497947693,0.9444064497947693,0.0,True,True,completed,
round_16__position_19__formal_baseline_v1__inflation_015mm,measured,16,319,19,formal_baseline_v1__inflation_015mm,formal_baseline_v1,15,True,,0.03420921611785889,0.04675174331665039,0.04715233300521504,"[41,7]",True,0.0,0.0,0.9454147815704346,0.9454147815704346,0.0,True,True,completed,
round_16__position_20__formal_baseline_v1__inflation_020mm,measured,16,320,20,formal_baseline_v1__inflation_020mm,formal_baseline_v1,20,True,,0.02613017654418945,0.03456633758544922,0.034970519998751115,"[41,7]",True,0.0,0.0,0.9469339847564697,0.9469339847564697,0.0,True,True,completed,
round_17__position_01__multiscene_candidate_005__inflation_010mm,measured,17,321,1,multiscene_candidate_005__inflation_010mm,multiscene_candidate_005,10,True,,0.025949983596801757,0.034430782318115236,0.0348395269975299,"[41,7]",True,0.0,0.0,0.9485982656478882,0.9485982656478882,0.0,True,True,completed,
round_17__position_02__multiscene_candidate_005__inflation_015mm,measured,17,322,2,multiscene_candidate_005__inflation_015mm,multiscene_candidate_005,15,True,,0.025878079414367677,0.03424460983276367,0.03465576600137865,"[41,7]",True,0.0,0.0,0.9550252556800842,0.9550252556800842,0.0,True,True,completed,
round_17__position_03__multiscene_candidate_005__inflation_020mm,measured,17,323,3,multiscene_candidate_005__inflation_020mm,multiscene_candidate_005,20,True,,0.02623187255859375,0.035166206359863283,0.035641823000332806,"[41,7]",True,0.0,0.0,0.9647320508956909,0.9647320508956909,0.0,True,True,completed,
round_17__position_04__multiscene_candidate_006__inflation_000mm,measured,17,324,4,multiscene_candidate_006__inflation_000mm,multiscene_candidate_006,0,True,,0.02622371101379395,0.03515929412841797,0.03566051400412107,"[41,7]",True,0.0,0.0,0.9438737630844116,0.9438737630844116,0.0,True,True,completed,
round_17__position_05__multiscene_candidate_006__inflation_005mm,measured,17,325,5,multiscene_candidate_006__inflation_005mm,multiscene_candidate_006,5,True,,0.02625510311126709,0.034683456420898436,0.03508487899671309,"[41,7]",True,0.0,0.0,0.9442387819290161,0.9442387819290161,0.0,True,True,completed,
round_17__position_06__multiscene_candidate_006__inflation_010mm,measured,17,326,6,multiscene_candidate_006__inflation_010mm,multiscene_candidate_006,10,True,,0.025841279983520506,0.03422320175170898,0.03462479099835036,"[41,7]",True,0.0,0.0,0.9451422691345215,0.9451422691345215,0.0,True,True,completed,
round_17__position_07__multiscene_candidate_006__inflation_015mm,measured,17,327,7,multiscene_candidate_006__inflation_015mm,multiscene_candidate_006,15,True,,0.026289567947387696,0.03469311904907227,0.03509343899349915,"[41,7]",True,0.0,0.0,0.9466080665588379,0.9466080665588379,0.0,True,True,completed,
round_17__position_08__multiscene_candidate_006__inflation_020mm,measured,17,328,8,multiscene_candidate_006__inflation_020mm,multiscene_candidate_006,20,True,,0.02693462371826172,0.035479232788085936,0.03588219700031914,"[41,7]",True,0.0,0.0,0.9485822916030884,0.9485822916030884,0.0,True,True,completed,
round_17__position_09__formal_baseline_v1__inflation_000mm,measured,17,329,9,formal_baseline_v1__inflation_000mm,formal_baseline_v1,0,True,,0.025315552711486815,0.0337949104309082,0.03419391700299457,"[41,7]",True,0.0,0.0,0.9438674449920654,0.9438674449920654,0.0,True,True,completed,
round_17__position_10__formal_baseline_v1__inflation_005mm,measured,17,330,10,formal_baseline_v1__inflation_005mm,formal_baseline_v1,5,True,,0.02766713619232178,0.03639321517944336,0.03681751100521069,"[41,7]",True,0.0,0.0,0.9439100027084351,0.9439100027084351,0.0,True,True,completed,
round_17__position_11__formal_baseline_v1__inflation_010mm,measured,17,331,11,formal_baseline_v1__inflation_010mm,formal_baseline_v1,10,True,,0.025843135833740233,0.034721343994140626,0.035155490004399326,"[41,7]",True,0.0,0.0,0.9444064497947693,0.9444064497947693,0.0,True,True,completed,
round_17__position_12__formal_baseline_v1__inflation_015mm,measured,17,332,12,formal_baseline_v1__inflation_015mm,formal_baseline_v1,15,True,,0.035058591842651365,0.0466561279296875,0.04708751799626043,"[41,7]",True,0.0,0.0,0.9454147815704346,0.9454147815704346,0.0,True,True,completed,
round_17__position_13__formal_baseline_v1__inflation_020mm,measured,17,333,13,formal_baseline_v1__inflation_020mm,formal_baseline_v1,20,True,,0.026108832359313966,0.034660545349121094,0.035077555003226735,"[41,7]",True,0.0,0.0,0.9469339847564697,0.9469339847564697,0.0,True,True,completed,
round_17__position_14__multiscene_candidate_001__inflation_000mm,measured,17,334,14,multiscene_candidate_001__inflation_000mm,multiscene_candidate_001,0,True,,0.025020639419555665,0.03348992156982422,0.03389745399908861,"[41,7]",True,0.0,0.0,0.9438675045967102,0.9438675045967102,0.0,True,True,completed,
round_17__position_15__multiscene_candidate_001__inflation_005mm,measured,17,335,15,multiscene_candidate_001__inflation_005mm,multiscene_candidate_001,5,True,,0.02602774429321289,0.034651134490966795,0.0350788880023174,"[41,7]",True,0.0,0.0,0.9440393447875977,0.9440393447875977,0.0,True,True,completed,
round_17__position_16__multiscene_candidate_001__inflation_010mm,measured,17,336,16,multiscene_candidate_001__inflation_010mm,multiscene_candidate_001,10,True,,0.025927136421203617,0.03457740783691406,0.03499545999511611,"[41,7]",True,0.0,0.0,0.9447669386863708,0.9447669386863708,0.0,True,True,completed,
round_17__position_17__multiscene_candidate_001__inflation_015mm,measured,17,337,17,multiscene_candidate_001__inflation_015mm,multiscene_candidate_001,15,True,,0.026232223510742187,0.03473756790161133,0.03515110700391233,"[41,7]",True,0.0,0.0,0.9460299015045166,0.9460299015045166,0.0,True,True,completed,
round_17__position_18__multiscene_candidate_001__inflation_020mm,measured,17,338,18,multiscene_candidate_001__inflation_020mm,multiscene_candidate_001,20,True,,0.026051615715026857,0.035079296112060544,0.03548245399724692,"[41,7]",True,0.0,0.0,0.947810709476471,0.947810709476471,0.0,True,True,completed,
round_17__position_19__multiscene_candidate_005__inflation_000mm,measured,17,339,19,multiscene_candidate_005__inflation_000mm,multiscene_candidate_005,0,True,,0.026039616584777832,0.03488972854614258,0.03529858800175134,"[41,7]",True,0.0,0.0,0.9438865780830383,0.9438865780830383,0.0,True,True,completed,
round_17__position_20__multiscene_candidate_005__inflation_005mm,measured,17,340,20,multiscene_candidate_005__inflation_005mm,multiscene_candidate_005,5,True,,0.03418752002716065,0.04610172653198242,0.04657655700430041,"[41,7]",True,0.0,0.0,0.9450989365577698,0.9450989365577698,0.0,True,True,completed,
round_18__position_01__multiscene_candidate_006__inflation_020mm,measured,18,341,1,multiscene_candidate_006__inflation_020mm,multiscene_candidate_006,20,True,,0.02733315181732178,0.03585935974121094,0.036271819000830874,"[41,7]",True,0.0,0.0,0.9485822916030884,0.9485822916030884,0.0,True,True,completed,
round_18__position_02__formal_baseline_v1__inflation_000mm,measured,18,342,2,formal_baseline_v1__inflation_000mm,formal_baseline_v1,0,True,,0.025698143959045412,0.034167999267578124,0.03458316700562136,"[41,7]",True,0.0,0.0,0.9438674449920654,0.9438674449920654,0.0,True,True,completed,
round_18__position_03__formal_baseline_v1__inflation_005mm,measured,18,343,3,formal_baseline_v1__inflation_005mm,formal_baseline_v1,5,True,,0.025503583908081058,0.034522113800048826,0.034943790997203905,"[41,7]",True,0.0,0.0,0.9439100027084351,0.9439100027084351,0.0,True,True,completed,
round_18__position_04__formal_baseline_v1__inflation_010mm,measured,18,344,4,formal_baseline_v1__inflation_010mm,formal_baseline_v1,10,True,,0.027771807670593264,0.03645008087158203,0.03690231899963692,"[41,7]",True,0.0,0.0,0.9444064497947693,0.9444064497947693,0.0,True,True,completed,
round_18__position_05__formal_baseline_v1__inflation_015mm,measured,18,345,5,formal_baseline_v1__inflation_015mm,formal_baseline_v1,15,True,,0.03385798358917236,0.04543142318725586,0.04584346399497008,"[41,7]",True,0.0,0.0,0.9454147815704346,0.9454147815704346,0.0,True,True,completed,
round_18__position_06__formal_baseline_v1__inflation_020mm,measured,18,346,6,formal_baseline_v1__inflation_020mm,formal_baseline_v1,20,True,,0.02730406475067139,0.03587071990966797,0.03628497899626382,"[41,7]",True,0.0,0.0,0.9469339847564697,0.9469339847564697,0.0,True,True,completed,
round_18__position_07__multiscene_candidate_001__inflation_000mm,measured,18,347,7,multiscene_candidate_001__inflation_000mm,multiscene_candidate_001,0,True,,0.025849279403686524,0.03489187240600586,0.03538598000159254,"[41,7]",True,0.0,0.0,0.9438675045967102,0.9438675045967102,0.0,True,True,completed,
round_18__position_08__multiscene_candidate_001__inflation_005mm,measured,18,348,8,multiscene_candidate_001__inflation_005mm,multiscene_candidate_001,5,True,,0.02520364809036255,0.03542099380493164,0.035841233999235556,"[41,7]",True,0.0,0.0,0.9440393447875977,0.9440393447875977,0.0,True,True,completed,
round_18__position_09__multiscene_candidate_001__inflation_010mm,measured,18,349,9,multiscene_candidate_001__inflation_010mm,multiscene_candidate_001,10,True,,0.026303296089172368,0.034923519134521484,0.03533914699801244,"[41,7]",True,0.0,0.0,0.9447669386863708,0.9447669386863708,0.0,True,True,completed,
round_18__position_10__multiscene_candidate_001__inflation_015mm,measured,18,350,10,multiscene_candidate_001__inflation_015mm,multiscene_candidate_001,15,True,,0.025412768363952638,0.03492659378051758,0.03533205099665793,"[41,7]",True,0.0,0.0,0.9460299015045166,0.9460299015045166,0.0,True,True,completed,
round_18__position_11__multiscene_candidate_001__inflation_020mm,measured,18,351,11,multiscene_candidate_001__inflation_020mm,multiscene_candidate_001,20,True,,0.02724384117126465,0.03561574554443359,0.036022012995090336,"[41,7]",True,0.0,0.0,0.947810709476471,0.947810709476471,0.0,True,True,completed,
round_18__position_12__multiscene_candidate_005__inflation_000mm,measured,18,352,12,multiscene_candidate_005__inflation_000mm,multiscene_candidate_005,0,True,,0.025895487785339358,0.03449923324584961,0.03493641599925468,"[41,7]",True,0.0,0.0,0.9438865780830383,0.9438865780830383,0.0,True,True,completed,
round_18__position_13__multiscene_candidate_005__inflation_005mm,measured,18,353,13,multiscene_candidate_005__inflation_005mm,multiscene_candidate_005,5,True,,0.033107903480529784,0.046191455841064454,0.04662946100143017,"[41,7]",True,0.0,0.0,0.9450989365577698,0.9450989365577698,0.0,True,True,completed,
round_18__position_14__multiscene_candidate_005__inflation_010mm,measured,18,354,14,multiscene_candidate_005__inflation_010mm,multiscene_candidate_005,10,True,,0.028561247825622558,0.03799619293212891,0.03849950100266142,"[41,7]",True,0.0,0.0,0.9485982656478882,0.9485982656478882,0.0,True,True,completed,
round_18__position_15__multiscene_candidate_005__inflation_015mm,measured,18,355,15,multiscene_candidate_005__inflation_015mm,multiscene_candidate_005,15,True,,0.027431103706359865,0.035983360290527344,0.03639960600412451,"[41,7]",True,0.0,0.0,0.9550252556800842,0.9550252556800842,0.0,True,True,completed,
round_18__position_16__multiscene_candidate_005__inflation_020mm,measured,18,356,16,multiscene_candidate_005__inflation_020mm,multiscene_candidate_005,20,True,,0.02652739143371582,0.03541401672363281,0.03585741899587447,"[41,7]",True,0.0,0.0,0.9647320508956909,0.9647320508956909,0.0,True,True,completed,
round_18__position_17__multiscene_candidate_006__inflation_000mm,measured,18,357,17,multiscene_candidate_006__inflation_000mm,multiscene_candidate_006,0,True,,0.027301088333129886,0.03641161727905273,0.036824005997914355,"[41,7]",True,0.0,0.0,0.9438737630844116,0.9438737630844116,0.0,True,True,completed,
round_18__position_18__multiscene_candidate_006__inflation_005mm,measured,18,358,18,multiscene_candidate_006__inflation_005mm,multiscene_candidate_006,5,True,,0.027087039947509765,0.03553699111938476,0.035947210002632346,"[41,7]",True,0.0,0.0,0.9442387819290161,0.9442387819290161,0.0,True,True,completed,
round_18__position_19__multiscene_candidate_006__inflation_010mm,measured,18,359,19,multiscene_candidate_006__inflation_010mm,multiscene_candidate_006,10,True,,0.025224287986755373,0.034369537353515625,0.034885442997619975,"[41,7]",True,0.0,0.0,0.9451422691345215,0.9451422691345215,0.0,True,True,completed,
round_18__position_20__multiscene_candidate_006__inflation_015mm,measured,18,360,20,multiscene_candidate_006__inflation_015mm,multiscene_candidate_006,15,True,,0.02732665538787842,0.035749824523925784,0.03618700399965746,"[41,7]",True,0.0,0.0,0.9466080665588379,0.9466080665588379,0.0,True,True,completed,
round_19__position_01__multiscene_candidate_001__inflation_005mm,measured,19,361,1,multiscene_candidate_001__inflation_005mm,multiscene_candidate_001,5,True,,0.025495839118957524,0.03410435104370117,0.034509192999394145,"[41,7]",True,0.0,0.0,0.9440393447875977,0.9440393447875977,0.0,True,True,completed,
round_19__position_02__multiscene_candidate_001__inflation_010mm,measured,19,362,2,multiscene_candidate_001__inflation_010mm,multiscene_candidate_001,10,True,,0.026800511360168457,0.03561779022216797,0.0360414429960656,"[41,7]",True,0.0,0.0,0.9447669386863708,0.9447669386863708,0.0,True,True,completed,
round_19__position_03__multiscene_candidate_001__inflation_015mm,measured,19,363,3,multiscene_candidate_001__inflation_015mm,multiscene_candidate_001,15,True,,0.02711523246765137,0.035662689208984376,0.03607500499492744,"[41,7]",True,0.0,0.0,0.9460299015045166,0.9460299015045166,0.0,True,True,completed,
round_19__position_04__multiscene_candidate_001__inflation_020mm,measured,19,364,4,multiscene_candidate_001__inflation_020mm,multiscene_candidate_001,20,True,,0.02556451225280762,0.03555500793457031,0.03608400299708592,"[41,7]",True,0.0,0.0,0.947810709476471,0.947810709476471,0.0,True,True,completed,
round_19__position_05__multiscene_candidate_005__inflation_000mm,measured,19,365,5,multiscene_candidate_005__inflation_000mm,multiscene_candidate_005,0,True,,0.025913759231567385,0.03446988677978516,0.03492846399603877,"[41,7]",True,0.0,0.0,0.9438865780830383,0.9438865780830383,0.0,True,True,completed,
round_19__position_06__multiscene_candidate_005__inflation_005mm,measured,19,366,6,multiscene_candidate_005__inflation_005mm,multiscene_candidate_005,5,True,,0.03401020812988281,0.04705110549926758,0.047459253000852186,"[41,7]",True,0.0,0.0,0.9450989365577698,0.9450989365577698,0.0,True,True,completed,
round_19__position_07__multiscene_candidate_005__inflation_010mm,measured,19,367,7,multiscene_candidate_005__inflation_010mm,multiscene_candidate_005,10,True,,0.025635328292846683,0.03463372802734375,0.035049099002208095,"[41,7]",True,0.0,0.0,0.9485982656478882,0.9485982656478882,0.0,True,True,completed,
round_19__position_08__multiscene_candidate_005__inflation_015mm,measured,19,368,8,multiscene_candidate_005__inflation_015mm,multiscene_candidate_005,15,True,,0.026258015632629396,0.03491945648193359,0.03535853000357747,"[41,7]",True,0.0,0.0,0.9550252556800842,0.9550252556800842,0.0,True,True,completed,
round_19__position_09__multiscene_candidate_005__inflation_020mm,measured,19,369,9,multiscene_candidate_005__inflation_020mm,multiscene_candidate_005,20,True,,0.02612969589233398,0.035084991455078124,0.03552096800558502,"[41,7]",True,0.0,0.0,0.9647320508956909,0.9647320508956909,0.0,True,True,completed,
round_19__position_10__multiscene_candidate_006__inflation_000mm,measured,19,370,10,multiscene_candidate_006__inflation_000mm,multiscene_candidate_006,0,True,,0.025801696777343747,0.034331390380859375,0.03474346599978162,"[41,7]",True,0.0,0.0,0.9438737630844116,0.9438737630844116,0.0,True,True,completed,
round_19__position_11__multiscene_candidate_006__inflation_005mm,measured,19,371,11,multiscene_candidate_006__inflation_005mm,multiscene_candidate_006,5,True,,0.025927807807922365,0.034477054595947264,0.034884862005128525,"[41,7]",True,0.0,0.0,0.9442387819290161,0.9442387819290161,0.0,True,True,completed,
round_19__position_12__multiscene_candidate_006__inflation_010mm,measured,19,372,12,multiscene_candidate_006__inflation_010mm,multiscene_candidate_006,10,True,,0.025951040267944335,0.03474195098876953,0.03517245900002308,"[41,7]",True,0.0,0.0,0.9451422691345215,0.9451422691345215,0.0,True,True,completed,
round_19__position_13__multiscene_candidate_006__inflation_015mm,measured,19,373,13,multiscene_candidate_006__inflation_015mm,multiscene_candidate_006,15,True,,0.026323776245117187,0.03512652969360352,0.035697873994649854,"[41,7]",True,0.0,0.0,0.9466080665588379,0.9466080665588379,0.0,True,True,completed,
round_19__position_14__multiscene_candidate_006__inflation_020mm,measured,19,374,14,multiscene_candidate_006__inflation_020mm,multiscene_candidate_006,20,True,,0.025429663658142088,0.03399369430541992,0.03439684500335716,"[41,7]",True,0.0,0.0,0.9485822916030884,0.9485822916030884,0.0,True,True,completed,
round_19__position_15__formal_baseline_v1__inflation_000mm,measured,19,375,15,formal_baseline_v1__inflation_000mm,formal_baseline_v1,0,True,,0.025436159133911136,0.033805313110351565,0.03421056600200245,"[41,7]",True,0.0,0.0,0.9438674449920654,0.9438674449920654,0.0,True,True,completed,
round_19__position_16__formal_baseline_v1__inflation_005mm,measured,19,376,16,formal_baseline_v1__inflation_005mm,formal_baseline_v1,5,True,,0.025427936553955078,0.034049793243408205,0.034457244000805076,"[41,7]",True,0.0,0.0,0.9439100027084351,0.9439100027084351,0.0,True,True,completed,
round_19__position_17__formal_baseline_v1__inflation_010mm,measured,19,377,17,formal_baseline_v1__inflation_010mm,formal_baseline_v1,10,True,,0.025950624465942384,0.03474195098876953,0.03517204800300533,"[41,7]",True,0.0,0.0,0.9444064497947693,0.9444064497947693,0.0,True,True,completed,
round_19__position_18__formal_baseline_v1__inflation_015mm,measured,19,378,18,formal_baseline_v1__inflation_015mm,formal_baseline_v1,15,True,,0.034150399208068845,0.0462597770690918,0.04676969700085465,"[41,7]",True,0.0,0.0,0.9454147815704346,0.9454147815704346,0.0,True,True,completed,
round_19__position_19__formal_baseline_v1__inflation_020mm,measured,19,379,19,formal_baseline_v1__inflation_020mm,formal_baseline_v1,20,True,,0.025922495841979983,0.03436563110351563,0.034788589997333474,"[41,7]",True,0.0,0.0,0.9469339847564697,0.9469339847564697,0.0,True,True,completed,
round_19__position_20__multiscene_candidate_001__inflation_000mm,measured,19,380,20,multiscene_candidate_001__inflation_000mm,multiscene_candidate_001,0,True,,0.025155712127685546,0.03356671905517578,0.0339720319971093,"[41,7]",True,0.0,0.0,0.9438675045967102,0.9438675045967102,0.0,True,True,completed,
round_20__position_01__multiscene_candidate_005__inflation_015mm,measured,20,381,1,multiscene_candidate_005__inflation_015mm,multiscene_candidate_005,15,True,,0.02645695972442627,0.03492870330810547,0.03533323399460642,"[41,7]",True,0.0,0.0,0.9550252556800842,0.9550252556800842,0.0,True,True,completed,
round_20__position_02__multiscene_candidate_005__inflation_020mm,measured,20,382,2,multiscene_candidate_005__inflation_020mm,multiscene_candidate_005,20,True,,0.026649472236633304,0.03555327987670898,0.035984227994049434,"[41,7]",True,0.0,0.0,0.9647320508956909,0.9647320508956909,0.0,True,True,completed,
round_20__position_03__multiscene_candidate_006__inflation_000mm,measured,20,383,3,multiscene_candidate_006__inflation_000mm,multiscene_candidate_006,0,True,,0.025952351570129394,0.0345272331237793,0.034935263996885624,"[41,7]",True,0.0,0.0,0.9438737630844116,0.9438737630844116,0.0,True,True,completed,
round_20__position_04__multiscene_candidate_006__inflation_005mm,measured,20,384,4,multiscene_candidate_006__inflation_005mm,multiscene_candidate_006,5,True,,0.02583126449584961,0.03422934341430664,0.0346408839977812,"[41,7]",True,0.0,0.0,0.9442387819290161,0.9442387819290161,0.0,True,True,completed,
round_20__position_05__multiscene_candidate_006__inflation_010mm,measured,20,385,5,multiscene_candidate_006__inflation_010mm,multiscene_candidate_006,10,True,,0.02562921619415283,0.03474393463134766,0.03515276200050721,"[41,7]",True,0.0,0.0,0.9451422691345215,0.9451422691345215,0.0,True,True,completed,
round_20__position_06__multiscene_candidate_006__inflation_015mm,measured,20,386,6,multiscene_candidate_006__inflation_015mm,multiscene_candidate_006,15,True,,0.026260704040527345,0.03472681427001953,0.035133852004946675,"[41,7]",True,0.0,0.0,0.9466080665588379,0.9466080665588379,0.0,True,True,completed,
round_20__position_07__multiscene_candidate_006__inflation_020mm,measured,20,387,7,multiscene_candidate_006__inflation_020mm,multiscene_candidate_006,20,True,,0.025458688735961913,0.034431968688964844,0.03484602499520406,"[41,7]",True,0.0,0.0,0.9485822916030884,0.9485822916030884,0.0,True,True,completed,
round_20__position_08__formal_baseline_v1__inflation_000mm,measured,20,388,8,formal_baseline_v1__inflation_000mm,formal_baseline_v1,0,True,,0.025819968223571778,0.034334720611572264,0.034805052004230674,"[41,7]",True,0.0,0.0,0.9438674449920654,0.9438674449920654,0.0,True,True,completed,
round_20__position_09__formal_baseline_v1__inflation_005mm,measured,20,389,9,formal_baseline_v1__inflation_005mm,formal_baseline_v1,5,True,,0.025404607772827152,0.0340052490234375,0.03441432699764846,"[41,7]",True,0.0,0.0,0.9439100027084351,0.9439100027084351,0.0,True,True,completed,
round_20__position_10__formal_baseline_v1__inflation_010mm,measured,20,390,10,formal_baseline_v1__inflation_010mm,formal_baseline_v1,10,True,,0.02716031932830811,0.03555327987670898,0.035960273002274334,"[41,7]",True,0.0,0.0,0.9444064497947693,0.9444064497947693,0.0,True,True,completed,
round_20__position_11__formal_baseline_v1__inflation_015mm,measured,20,391,11,formal_baseline_v1__inflation_015mm,formal_baseline_v1,15,True,,0.03616559982299805,0.047803390502929685,0.04822149700339651,"[41,7]",True,0.0,0.0,0.9454147815704346,0.9454147815704346,0.0,True,True,completed,
round_20__position_12__formal_baseline_v1__inflation_020mm,measured,20,392,12,formal_baseline_v1__inflation_020mm,formal_baseline_v1,20,True,,0.02605395221710205,0.035323902130126955,0.03575051599909784,"[41,7]",True,0.0,0.0,0.9469339847564697,0.9469339847564697,0.0,True,True,completed,
round_20__position_13__multiscene_candidate_001__inflation_000mm,measured,20,393,13,multiscene_candidate_001__inflation_000mm,multiscene_candidate_001,0,True,,0.027731360435485842,0.036596382141113284,0.037034999004390556,"[41,7]",True,0.0,0.0,0.9438675045967102,0.9438675045967102,0.0,True,True,completed,
round_20__position_14__multiscene_candidate_001__inflation_005mm,measured,20,394,14,multiscene_candidate_001__inflation_005mm,multiscene_candidate_001,5,True,,0.027098496437072753,0.03553283309936523,0.035945133000495844,"[41,7]",True,0.0,0.0,0.9440393447875977,0.9440393447875977,0.0,True,True,completed,
round_20__position_15__multiscene_candidate_001__inflation_010mm,measured,20,395,15,multiscene_candidate_001__inflation_010mm,multiscene_candidate_001,10,True,,0.025498688697814943,0.03554617691040039,0.03616159100056393,"[41,7]",True,0.0,0.0,0.9447669386863708,0.9447669386863708,0.0,True,True,completed,
round_20__position_16__multiscene_candidate_001__inflation_015mm,measured,20,396,16,multiscene_candidate_001__inflation_015mm,multiscene_candidate_001,15,True,,0.02608032035827637,0.034748416900634765,0.03516510500048753,"[41,7]",True,0.0,0.0,0.9460299015045166,0.9460299015045166,0.0,True,True,completed,
round_20__position_17__multiscene_candidate_001__inflation_020mm,measured,20,397,17,multiscene_candidate_001__inflation_020mm,multiscene_candidate_001,20,True,,0.02639344024658203,0.03696332931518555,0.03738856699783355,"[41,7]",True,0.0,0.0,0.947810709476471,0.947810709476471,0.0,True,True,completed,
round_20__position_18__multiscene_candidate_005__inflation_000mm,measured,20,398,18,multiscene_candidate_005__inflation_000mm,multiscene_candidate_005,0,True,,0.025904127120971676,0.03526553726196289,0.0357051320024766,"[41,7]",True,0.0,0.0,0.9438865780830383,0.9438865780830383,0.0,True,True,completed,
round_20__position_19__multiscene_candidate_005__inflation_005mm,measured,20,399,19,multiscene_candidate_005__inflation_005mm,multiscene_candidate_005,5,True,,0.035992127418518066,0.047475902557373044,0.04792824500327697,"[41,7]",True,0.0,0.0,0.9450989365577698,0.9450989365577698,0.0,True,True,completed,
round_20__position_20__multiscene_candidate_005__inflation_010mm,measured,20,400,20,multiscene_candidate_005__inflation_010mm,multiscene_candidate_005,10,True,,0.027886911392211916,0.0367749137878418,0.03718669699446764,"[41,7]",True,0.0,0.0,0.9485982656478882,0.9485982656478882,0.0,True,True,completed,
round_21__position_01__formal_baseline_v1__inflation_000mm,measured,21,401,1,formal_baseline_v1__inflation_000mm,formal_baseline_v1,0,True,,0.02507283210754395,0.03367046356201172,0.034086269995896146,"[41,7]",True,0.0,0.0,0.9438674449920654,0.9438674449920654,0.0,True,True,completed,
round_21__position_02__formal_baseline_v1__inflation_005mm,measured,21,402,2,formal_baseline_v1__inflation_005mm,formal_baseline_v1,5,True,,0.02718640041351318,0.03613695907592773,0.03654186600033427,"[41,7]",True,0.0,0.0,0.9439100027084351,0.9439100027084351,0.0,True,True,completed,
round_21__position_03__formal_baseline_v1__inflation_010mm,measured,21,403,3,formal_baseline_v1__inflation_010mm,formal_baseline_v1,10,True,,0.02578483200073242,0.0358089599609375,0.036264372000005096,"[41,7]",True,0.0,0.0,0.9444064497947693,0.9444064497947693,0.0,True,True,completed,
round_21__position_04__formal_baseline_v1__inflation_015mm,measured,21,404,4,formal_baseline_v1__inflation_015mm,formal_baseline_v1,15,True,,0.03435158443450927,0.045797374725341795,0.04621188199962489,"[41,7]",True,0.0,0.0,0.9454147815704346,0.9454147815704346,0.0,True,True,completed,
round_21__position_05__formal_baseline_v1__inflation_020mm,measured,21,405,5,formal_baseline_v1__inflation_020mm,formal_baseline_v1,20,True,,0.02577612781524658,0.03416678237915039,0.03457335099665215,"[41,7]",True,0.0,0.0,0.9469339847564697,0.9469339847564697,0.0,True,True,completed,
round_21__position_06__multiscene_candidate_001__inflation_000mm,measured,21,406,6,multiscene_candidate_001__inflation_000mm,multiscene_candidate_001,0,True,,0.025409984588623046,0.03549462509155273,0.03602419200615259,"[41,7]",True,0.0,0.0,0.9438675045967102,0.9438675045967102,0.0,True,True,completed,
round_21__position_07__multiscene_candidate_001__inflation_005mm,measured,21,407,7,multiscene_candidate_001__inflation_005mm,multiscene_candidate_001,5,True,,0.028166912078857423,0.03720499038696289,0.037637918001564685,"[41,7]",True,0.0,0.0,0.9440393447875977,0.9440393447875977,0.0,True,True,completed,
round_21__position_08__multiscene_candidate_001__inflation_010mm,measured,21,408,8,multiscene_candidate_001__inflation_010mm,multiscene_candidate_001,10,True,,0.026871552467346193,0.03581644821166992,0.03624793799826875,"[41,7]",True,0.0,0.0,0.9447669386863708,0.9447669386863708,0.0,True,True,completed,
round_21__position_09__multiscene_candidate_001__inflation_015mm,measured,21,409,9,multiscene_candidate_001__inflation_015mm,multiscene_candidate_001,15,True,,0.025595935821533203,0.03559718322753906,0.03600336299859919,"[41,7]",True,0.0,0.0,0.9460299015045166,0.9460299015045166,0.0,True,True,completed,
round_21__position_10__multiscene_candidate_001__inflation_020mm,measured,21,410,10,multiscene_candidate_001__inflation_020mm,multiscene_candidate_001,20,True,,0.027294111251831052,0.03577241516113281,0.03618283799733035,"[41,7]",True,0.0,0.0,0.947810709476471,0.947810709476471,0.0,True,True,completed,
round_21__position_11__multiscene_candidate_005__inflation_000mm,measured,21,411,11,multiscene_candidate_005__inflation_000mm,multiscene_candidate_005,0,True,,0.027099903106689454,0.03567001724243164,0.03609514699928695,"[41,7]",True,0.0,0.0,0.9438865780830383,0.9438865780830383,0.0,True,True,completed,
round_21__position_12__multiscene_candidate_005__inflation_005mm,measured,21,412,12,multiscene_candidate_005__inflation_005mm,multiscene_candidate_005,5,True,,0.03472419166564941,0.046167041778564455,0.04658430699782912,"[41,7]",True,0.0,0.0,0.9450989365577698,0.9450989365577698,0.0,True,True,completed,
round_21__position_13__multiscene_candidate_005__inflation_010mm,measured,21,413,13,multiscene_candidate_005__inflation_010mm,multiscene_candidate_005,10,True,,0.02749171257019043,0.036035968780517576,0.036448972998186946,"[41,7]",True,0.0,0.0,0.9485982656478882,0.9485982656478882,0.0,True,True,completed,
round_21__position_14__multiscene_candidate_005__inflation_015mm,measured,21,414,14,multiscene_candidate_005__inflation_015mm,multiscene_candidate_005,15,True,,0.027354175567626954,0.03603481674194336,0.036467322999669705,"[41,7]",True,0.0,0.0,0.9550252556800842,0.9550252556800842,0.0,True,True,completed,
round_21__position_15__multiscene_candidate_005__inflation_020mm,measured,21,415,15,multiscene_candidate_005__inflation_020mm,multiscene_candidate_005,20,True,,0.026073823928833006,0.03590553665161133,0.036345140004414134,"[41,7]",True,0.0,0.0,0.9647320508956909,0.9647320508956909,0.0,True,True,completed,
round_21__position_16__multiscene_candidate_006__inflation_000mm,measured,21,416,16,multiscene_candidate_006__inflation_000mm,multiscene_candidate_006,0,True,,0.02610915184020996,0.034552223205566404,0.034963944999617524,"[41,7]",True,0.0,0.0,0.9438737630844116,0.9438737630844116,0.0,True,True,completed,
round_21__position_17__multiscene_candidate_006__inflation_005mm,measured,21,417,17,multiscene_candidate_006__inflation_005mm,multiscene_candidate_006,5,True,,0.02732838344573974,0.036040702819824216,0.036450600004172884,"[41,7]",True,0.0,0.0,0.9442387819290161,0.9442387819290161,0.0,True,True,completed,
round_21__position_18__multiscene_candidate_006__inflation_010mm,measured,21,418,18,multiscene_candidate_006__inflation_010mm,multiscene_candidate_006,10,True,,0.02624291229248047,0.03472614288330078,0.035140674001013394,"[41,7]",True,0.0,0.0,0.9451422691345215,0.9451422691345215,0.0,True,True,completed,
round_21__position_19__multiscene_candidate_006__inflation_015mm,measured,21,419,19,multiscene_candidate_006__inflation_015mm,multiscene_candidate_006,15,True,,0.025704479217529295,0.034132190704345707,0.03454666800098494,"[41,7]",True,0.0,0.0,0.9466080665588379,0.9466080665588379,0.0,True,True,completed,
round_21__position_20__multiscene_candidate_006__inflation_020mm,measured,21,420,20,multiscene_candidate_006__inflation_020mm,multiscene_candidate_006,20,True,,0.02616422462463379,0.03472588729858399,0.03513603900501039,"[41,7]",True,0.0,0.0,0.9485822916030884,0.9485822916030884,0.0,True,True,completed,
round_22__position_01__multiscene_candidate_001__inflation_010mm,measured,22,421,1,multiscene_candidate_001__inflation_010mm,multiscene_candidate_001,10,True,,0.026835711479187015,0.036283649444580075,0.03672827700211201,"[41,7]",True,0.0,0.0,0.9447669386863708,0.9447669386863708,0.0,True,True,completed,
round_22__position_02__multiscene_candidate_001__inflation_015mm,measured,22,422,2,multiscene_candidate_001__inflation_015mm,multiscene_candidate_001,15,True,,0.026291935920715333,0.03540070343017578,0.03585454000130994,"[41,7]",True,0.0,0.0,0.9460299015045166,0.9460299015045166,0.0,True,True,completed,
round_22__position_03__multiscene_candidate_001__inflation_020mm,measured,22,423,3,multiscene_candidate_001__inflation_020mm,multiscene_candidate_001,20,True,,0.026503071784973145,0.035243038177490235,0.03574043900152901,"[41,7]",True,0.0,0.0,0.947810709476471,0.947810709476471,0.0,True,True,completed,
round_22__position_04__multiscene_candidate_005__inflation_000mm,measured,22,424,4,multiscene_candidate_005__inflation_000mm,multiscene_candidate_005,0,True,,0.02572047996520996,0.03420159912109375,0.034646857995539904,"[41,7]",True,0.0,0.0,0.9438865780830383,0.9438865780830383,0.0,True,True,completed,
round_22__position_05__multiscene_candidate_005__inflation_005mm,measured,22,425,5,multiscene_candidate_005__inflation_005mm,multiscene_candidate_005,5,True,,0.03461619186401367,0.04596835327148437,0.04636864300118759,"[41,7]",True,0.0,0.0,0.9450989365577698,0.9450989365577698,0.0,True,True,completed,
round_22__position_06__multiscene_candidate_005__inflation_010mm,measured,22,426,6,multiscene_candidate_005__inflation_010mm,multiscene_candidate_005,10,True,,0.025950816154479982,0.03441164779663086,0.03482132300268859,"[41,7]",True,0.0,0.0,0.9485982656478882,0.9485982656478882,0.0,True,True,completed,
round_22__position_07__multiscene_candidate_005__inflation_015mm,measured,22,427,7,multiscene_candidate_005__inflation_015mm,multiscene_candidate_005,15,True,,0.026229952812194826,0.035125247955322264,0.035547359999327455,"[41,7]",True,0.0,0.0,0.9550252556800842,0.9550252556800842,0.0,True,True,completed,
round_22__position_08__multiscene_candidate_005__inflation_020mm,measured,22,428,8,multiscene_candidate_005__inflation_020mm,multiscene_candidate_005,20,True,,0.026128640174865724,0.034802688598632815,0.0352425620003487,"[41,7]",True,0.0,0.0,0.9647320508956909,0.9647320508956909,0.0,True,True,completed,
round_22__position_09__multiscene_candidate_006__inflation_000mm,measured,22,429,9,multiscene_candidate_006__inflation_000mm,multiscene_candidate_006,0,True,,0.025337471961975097,0.03398451232910156,0.03438724899751833,"[41,7]",True,0.0,0.0,0.9438737630844116,0.9438737630844116,0.0,True,True,completed,
round_22__position_10__multiscene_candidate_006__inflation_005mm,measured,22,430,10,multiscene_candidate_006__inflation_005mm,multiscene_candidate_006,5,True,,0.02654374408721924,0.03558492660522461,0.0359979970016866,"[41,7]",True,0.0,0.0,0.9442387819290161,0.9442387819290161,0.0,True,True,completed,
round_22__position_11__multiscene_candidate_006__inflation_010mm,measured,22,431,11,multiscene_candidate_006__inflation_010mm,multiscene_candidate_006,10,True,,0.02606883239746094,0.0347064323425293,0.03512126299756346,"[41,7]",True,0.0,0.0,0.9451422691345215,0.9451422691345215,0.0,True,True,completed,
round_22__position_12__multiscene_candidate_006__inflation_015mm,measured,22,432,12,multiscene_candidate_006__inflation_015mm,multiscene_candidate_006,15,True,,0.02589558410644531,0.03461449432373047,0.035026066994760185,"[41,7]",True,0.0,0.0,0.9466080665588379,0.9466080665588379,0.0,True,True,completed,
round_22__position_13__multiscene_candidate_006__inflation_020mm,measured,22,433,13,multiscene_candidate_006__inflation_020mm,multiscene_candidate_006,20,True,,0.025995455741882327,0.034670623779296875,0.0351017339999089,"[41,7]",True,0.0,0.0,0.9485822916030884,0.9485822916030884,0.0,True,True,completed,
round_22__position_14__formal_baseline_v1__inflation_000mm,measured,22,434,14,formal_baseline_v1__inflation_000mm,formal_baseline_v1,0,True,,0.02546460723876953,0.03500032043457031,0.035619179005152546,"[41,7]",True,0.0,0.0,0.9438674449920654,0.9438674449920654,0.0,True,True,completed,
round_22__position_15__formal_baseline_v1__inflation_005mm,measured,22,435,15,formal_baseline_v1__inflation_005mm,formal_baseline_v1,5,True,,0.025954112052917477,0.03437097549438477,0.034779302004608326,"[41,7]",True,0.0,0.0,0.9439100027084351,0.9439100027084351,0.0,True,True,completed,
round_22__position_16__formal_baseline_v1__inflation_010mm,measured,22,436,16,formal_baseline_v1__inflation_010mm,formal_baseline_v1,10,True,,0.025432480812072753,0.03404617691040039,0.03445037600613432,"[41,7]",True,0.0,0.0,0.9444064497947693,0.9444064497947693,0.0,True,True,completed,
round_22__position_17__formal_baseline_v1__inflation_015mm,measured,22,437,17,formal_baseline_v1__inflation_015mm,formal_baseline_v1,15,True,,0.03578870391845703,0.04741427230834961,0.04782872200303245,"[41,7]",True,0.0,0.0,0.9454147815704346,0.9454147815704346,0.0,True,True,completed,
round_22__position_18__formal_baseline_v1__inflation_020mm,measured,22,438,18,formal_baseline_v1__inflation_020mm,formal_baseline_v1,20,True,,0.027528096199035644,0.036489151000976563,0.036931846996594686,"[41,7]",True,0.0,0.0,0.9469339847564697,0.9469339847564697,0.0,True,True,completed,
round_22__position_19__multiscene_candidate_001__inflation_000mm,measured,22,439,19,multiscene_candidate_001__inflation_000mm,multiscene_candidate_001,0,True,,0.025112895965576174,0.03368243026733399,0.03408940400549909,"[41,7]",True,0.0,0.0,0.9438675045967102,0.9438675045967102,0.0,True,True,completed,
round_22__position_20__multiscene_candidate_001__inflation_005mm,measured,22,440,20,multiscene_candidate_001__inflation_005mm,multiscene_candidate_001,5,True,,0.02624131202697754,0.03473043060302734,0.035143903995049186,"[41,7]",True,0.0,0.0,0.9440393447875977,0.9440393447875977,0.0,True,True,completed,
round_23__position_01__multiscene_candidate_005__inflation_020mm,measured,23,441,1,multiscene_candidate_005__inflation_020mm,multiscene_candidate_005,20,True,,0.02737795162200928,0.035982688903808596,0.03641336200234946,"[41,7]",True,0.0,0.0,0.9647320508956909,0.9647320508956909,0.0,True,True,completed,
round_23__position_02__multiscene_candidate_006__inflation_000mm,measured,23,442,2,multiscene_candidate_006__inflation_000mm,multiscene_candidate_006,0,True,,0.027111711502075198,0.036029792785644534,0.0364662279971526,"[41,7]",True,0.0,0.0,0.9438737630844116,0.9438737630844116,0.0,True,True,completed,
round_23__position_03__multiscene_candidate_006__inflation_005mm,measured,23,443,3,multiscene_candidate_006__inflation_005mm,multiscene_candidate_006,5,True,,0.025924160003662107,0.03434105682373047,0.03475537399936002,"[41,7]",True,0.0,0.0,0.9442387819290161,0.9442387819290161,0.0,True,True,completed,
round_23__position_04__multiscene_candidate_006__inflation_010mm,measured,23,444,4,multiscene_candidate_006__inflation_010mm,multiscene_candidate_006,10,True,,0.025493440628051756,0.03541804885864258,0.03582481500052381,"[41,7]",True,0.0,0.0,0.9451422691345215,0.9451422691345215,0.0,True,True,completed,
round_23__position_05__multiscene_candidate_006__inflation_015mm,measured,23,445,5,multiscene_candidate_006__inflation_015mm,multiscene_candidate_006,15,True,,0.026375167846679683,0.03503139114379883,0.0354497980006272,"[41,7]",True,0.0,0.0,0.9466080665588379,0.9466080665588379,0.0,True,True,completed,
round_23__position_06__multiscene_candidate_006__inflation_020mm,measured,23,446,6,multiscene_candidate_006__inflation_020mm,multiscene_candidate_006,20,True,,0.028242079734802243,0.03784902572631836,0.03829326599952765,"[41,7]",True,0.0,0.0,0.9485822916030884,0.9485822916030884,0.0,True,True,completed,
round_23__position_07__formal_baseline_v1__inflation_000mm,measured,23,447,7,formal_baseline_v1__inflation_000mm,formal_baseline_v1,0,True,,0.026791903495788576,0.03585734558105469,0.03631538299669046,"[41,7]",True,0.0,0.0,0.9438674449920654,0.9438674449920654,0.0,True,True,completed,
round_23__position_08__formal_baseline_v1__inflation_005mm,measured,23,448,8,formal_baseline_v1__inflation_005mm,formal_baseline_v1,5,True,,0.026089119911193847,0.034635807037353514,0.03504504600277869,"[41,7]",True,0.0,0.0,0.9439100027084351,0.9439100027084351,0.0,True,True,completed,
round_23__position_09__formal_baseline_v1__inflation_010mm,measured,23,449,9,formal_baseline_v1__inflation_010mm,formal_baseline_v1,10,True,,0.027014880180358886,0.035426143646240235,0.0358262689987896,"[41,7]",True,0.0,0.0,0.9444064497947693,0.9444064497947693,0.0,True,True,completed,
round_23__position_10__formal_baseline_v1__inflation_015mm,measured,23,450,10,formal_baseline_v1__inflation_015mm,formal_baseline_v1,15,True,,0.033073088645935056,0.04574761581420898,0.046290099002362695,"[41,7]",True,0.0,0.0,0.9454147815704346,0.9454147815704346,0.0,True,True,completed,
round_23__position_11__formal_baseline_v1__inflation_020mm,measured,23,451,11,formal_baseline_v1__inflation_020mm,formal_baseline_v1,20,True,,0.02720751953125,0.03564646530151367,0.03605285800585989,"[41,7]",True,0.0,0.0,0.9469339847564697,0.9469339847564697,0.0,True,True,completed,
round_23__position_12__multiscene_candidate_001__inflation_000mm,measured,23,452,12,multiscene_candidate_001__inflation_000mm,multiscene_candidate_001,0,True,,0.026889535903930666,0.03562393569946289,0.036054771997442,"[41,7]",True,0.0,0.0,0.9438675045967102,0.9438675045967102,0.0,True,True,completed,
round_23__position_13__multiscene_candidate_001__inflation_005mm,measured,23,453,13,multiscene_candidate_001__inflation_005mm,multiscene_candidate_001,5,True,,0.025913599014282224,0.03473516845703125,0.035150092000549193,"[41,7]",True,0.0,0.0,0.9440393447875977,0.9440393447875977,0.0,True,True,completed,
round_23__position_14__multiscene_candidate_001__inflation_010mm,measured,23,454,14,multiscene_candidate_001__inflation_010mm,multiscene_candidate_001,10,True,,0.026230239868164064,0.034859390258789064,0.035281394004414324,"[41,7]",True,0.0,0.0,0.9447669386863708,0.9447669386863708,0.0,True,True,completed,
round_23__position_15__multiscene_candidate_001__inflation_015mm,measured,23,455,15,multiscene_candidate_001__inflation_015mm,multiscene_candidate_001,15,True,,0.02625148868560791,0.034767871856689454,0.0351866110067931,"[41,7]",True,0.0,0.0,0.9460299015045166,0.9460299015045166,0.0,True,True,completed,
round_23__position_16__multiscene_candidate_001__inflation_020mm,measured,23,456,16,multiscene_candidate_001__inflation_020mm,multiscene_candidate_001,20,True,,0.027521408081054688,0.035969024658203126,0.03638206100004027,"[41,7]",True,0.0,0.0,0.947810709476471,0.947810709476471,0.0,True,True,completed,
round_23__position_17__multiscene_candidate_005__inflation_000mm,measured,23,457,17,multiscene_candidate_005__inflation_000mm,multiscene_candidate_005,0,True,,0.026432480812072754,0.03658121490478516,0.03699057600169908,"[41,7]",True,0.0,0.0,0.9438865780830383,0.9438865780830383,0.0,True,True,completed,
round_23__position_18__multiscene_candidate_005__inflation_005mm,measured,23,458,18,multiscene_candidate_005__inflation_005mm,multiscene_candidate_005,5,True,,0.03642201614379883,0.047792255401611326,0.04820050399575848,"[41,7]",True,0.0,0.0,0.9450989365577698,0.9450989365577698,0.0,True,True,completed,
round_23__position_19__multiscene_candidate_005__inflation_010mm,measured,23,459,19,multiscene_candidate_005__inflation_010mm,multiscene_candidate_005,10,True,,0.026995391845703126,0.03578534317016602,0.03621585100336233,"[41,7]",True,0.0,0.0,0.9485982656478882,0.9485982656478882,0.0,True,True,completed,
round_23__position_20__multiscene_candidate_005__inflation_015mm,measured,23,460,20,multiscene_candidate_005__inflation_015mm,multiscene_candidate_005,15,True,,0.026198880195617676,0.03665100860595703,0.03711435200239066,"[41,7]",True,0.0,0.0,0.9550252556800842,0.9550252556800842,0.0,True,True,completed,
round_24__position_01__formal_baseline_v1__inflation_005mm,measured,24,461,1,formal_baseline_v1__inflation_005mm,formal_baseline_v1,5,True,,0.025799200057983397,0.03449769592285156,0.0349172459973488,"[41,7]",True,0.0,0.0,0.9439100027084351,0.9439100027084351,0.0,True,True,completed,
round_24__position_02__formal_baseline_v1__inflation_010mm,measured,24,462,2,formal_baseline_v1__inflation_010mm,formal_baseline_v1,10,True,,0.026904704093933106,0.03548672103881836,0.035922447001212277,"[41,7]",True,0.0,0.0,0.9444064497947693,0.9444064497947693,0.0,True,True,completed,
round_24__position_03__formal_baseline_v1__inflation_015mm,measured,24,463,3,formal_baseline_v1__inflation_015mm,formal_baseline_v1,15,True,,0.034347775459289555,0.04581411361694336,0.046223833996918984,"[41,7]",True,0.0,0.0,0.9454147815704346,0.9454147815704346,0.0,True,True,completed,
round_24__position_04__formal_baseline_v1__inflation_020mm,measured,24,464,4,formal_baseline_v1__inflation_020mm,formal_baseline_v1,20,True,,0.02771699142456055,0.03631433486938476,0.036723726996569894,"[41,7]",True,0.0,0.0,0.9469339847564697,0.9469339847564697,0.0,True,True,completed,
round_24__position_05__multiscene_candidate_001__inflation_000mm,measured,24,465,5,multiscene_candidate_001__inflation_000mm,multiscene_candidate_001,0,True,,0.026933375358581542,0.035547134399414065,0.03596444899449125,"[41,7]",True,0.0,0.0,0.9438675045967102,0.9438675045967102,0.0,True,True,completed,
round_24__position_06__multiscene_candidate_001__inflation_005mm,measured,24,466,6,multiscene_candidate_001__inflation_005mm,multiscene_candidate_001,5,True,,0.02663321590423584,0.03534131240844727,0.035753994998231065,"[41,7]",True,0.0,0.0,0.9440393447875977,0.9440393447875977,0.0,True,True,completed,
round_24__position_07__multiscene_candidate_001__inflation_010mm,measured,24,467,7,multiscene_candidate_001__inflation_010mm,multiscene_candidate_001,10,True,,0.02629955196380615,0.03480489730834961,0.035213611998187844,"[41,7]",True,0.0,0.0,0.9447669386863708,0.9447669386863708,0.0,True,True,completed,
round_24__position_08__multiscene_candidate_001__inflation_015mm,measured,24,468,8,multiscene_candidate_001__inflation_015mm,multiscene_candidate_001,15,True,,0.02584614372253418,0.034786304473876956,0.035191110997402575,"[41,7]",True,0.0,0.0,0.9460299015045166,0.9460299015045166,0.0,True,True,completed,
round_24__position_09__multiscene_candidate_001__inflation_020mm,measured,24,469,9,multiscene_candidate_001__inflation_020mm,multiscene_candidate_001,20,True,,0.02633811283111572,0.034856094360351565,0.03526304600381991,"[41,7]",True,0.0,0.0,0.947810709476471,0.947810709476471,0.0,True,True,completed,
round_24__position_10__multiscene_candidate_005__inflation_000mm,measured,24,470,10,multiscene_candidate_005__inflation_000mm,multiscene_candidate_005,0,True,,0.026147680282592775,0.03567827224731445,0.03611755000019912,"[41,7]",True,0.0,0.0,0.9438865780830383,0.9438865780830383,0.0,True,True,completed,
round_24__position_11__multiscene_candidate_005__inflation_005mm,measured,24,471,11,multiscene_candidate_005__inflation_005mm,multiscene_candidate_005,5,True,,0.03552166366577148,0.04746137619018555,0.047904799997922964,"[41,7]",True,0.0,0.0,0.9450989365577698,0.9450989365577698,0.0,True,True,completed,
round_24__position_12__multiscene_candidate_005__inflation_010mm,measured,24,472,12,multiscene_candidate_005__inflation_010mm,multiscene_candidate_005,10,True,,0.02626255989074707,0.03498384094238281,0.03540682899620151,"[41,7]",True,0.0,0.0,0.9485982656478882,0.9485982656478882,0.0,True,True,completed,
round_24__position_13__multiscene_candidate_005__inflation_015mm,measured,24,473,13,multiscene_candidate_005__inflation_015mm,multiscene_candidate_005,15,True,,0.025760383605957032,0.035048225402832034,0.035657311003888026,"[41,7]",True,0.0,0.0,0.9550252556800842,0.9550252556800842,0.0,True,True,completed,
round_24__position_14__multiscene_candidate_005__inflation_020mm,measured,24,474,14,multiscene_candidate_005__inflation_020mm,multiscene_candidate_005,20,True,,0.02615651226043701,0.03483840179443359,0.03525806299876422,"[41,7]",True,0.0,0.0,0.9647320508956909,0.9647320508956909,0.0,True,True,completed,
round_24__position_15__multiscene_candidate_006__inflation_000mm,measured,24,475,15,multiscene_candidate_006__inflation_000mm,multiscene_candidate_006,0,True,,0.02534492778778076,0.034034687042236327,0.03444744399894262,"[41,7]",True,0.0,0.0,0.9438737630844116,0.9438737630844116,0.0,True,True,completed,
round_24__position_16__multiscene_candidate_006__inflation_005mm,measured,24,476,16,multiscene_candidate_006__inflation_005mm,multiscene_candidate_006,5,True,,0.028225184440612793,0.03725187301635742,0.03768297599890502,"[41,7]",True,0.0,0.0,0.9442387819290161,0.9442387819290161,0.0,True,True,completed,
round_24__position_17__multiscene_candidate_006__inflation_010mm,measured,24,477,17,multiscene_candidate_006__inflation_010mm,multiscene_candidate_006,10,True,,0.025937344551086428,0.034399585723876955,0.03483378799865022,"[41,7]",True,0.0,0.0,0.9451422691345215,0.9451422691345215,0.0,True,True,completed,
round_24__position_18__multiscene_candidate_006__inflation_015mm,measured,24,478,18,multiscene_candidate_006__inflation_015mm,multiscene_candidate_006,15,True,,0.02548595142364502,0.03411328125,0.03452081800060114,"[41,7]",True,0.0,0.0,0.9466080665588379,0.9466080665588379,0.0,True,True,completed,
round_24__position_19__multiscene_candidate_006__inflation_020mm,measured,24,479,19,multiscene_candidate_006__inflation_020mm,multiscene_candidate_006,20,True,,0.025887104034423826,0.03430809783935547,0.03472379500453826,"[41,7]",True,0.0,0.0,0.9485822916030884,0.9485822916030884,0.0,True,True,completed,
round_24__position_20__formal_baseline_v1__inflation_000mm,measured,24,480,20,formal_baseline_v1__inflation_000mm,formal_baseline_v1,0,True,,0.025018527984619142,0.033783809661865234,0.03418938799586613,"[41,7]",True,0.0,0.0,0.9438674449920654,0.9438674449920654,0.0,True,True,completed,
round_25__position_01__multiscene_candidate_001__inflation_015mm,measured,25,481,1,multiscene_candidate_001__inflation_015mm,multiscene_candidate_001,15,True,,0.026636287689208983,0.03525814437866211,0.0356741330033401,"[41,7]",True,0.0,0.0,0.9460299015045166,0.9460299015045166,0.0,True,True,completed,
round_25__position_02__multiscene_candidate_001__inflation_020mm,measured,25,482,2,multiscene_candidate_001__inflation_020mm,multiscene_candidate_001,20,True,,0.025609888076782224,0.03422480010986328,0.03463357299915515,"[41,7]",True,0.0,0.0,0.947810709476471,0.947810709476471,0.0,True,True,completed,
round_25__position_03__multiscene_candidate_005__inflation_000mm,measured,25,483,3,multiscene_candidate_005__inflation_000mm,multiscene_candidate_005,0,True,,0.02601846408843994,0.03466681671142578,0.03508662400417961,"[41,7]",True,0.0,0.0,0.9438865780830383,0.9438865780830383,0.0,True,True,completed,
round_25__position_04__multiscene_candidate_005__inflation_005mm,measured,25,484,4,multiscene_candidate_005__inflation_005mm,multiscene_candidate_005,5,True,,0.03469254302978515,0.04645609664916992,0.04689441499795066,"[41,7]",True,0.0,0.0,0.9450989365577698,0.9450989365577698,0.0,True,True,completed,
round_25__position_05__multiscene_candidate_005__inflation_010mm,measured,25,485,5,multiscene_candidate_005__inflation_010mm,multiscene_candidate_005,10,True,,0.025748928070068358,0.034490177154541016,0.034912734998215456,"[41,7]",True,0.0,0.0,0.9485982656478882,0.9485982656478882,0.0,True,True,completed,
round_25__position_06__multiscene_candidate_005__inflation_015mm,measured,25,486,6,multiscene_candidate_005__inflation_015mm,multiscene_candidate_005,15,True,,0.027120575904846192,0.03618576049804687,0.036669549997895956,"[41,7]",True,0.0,0.0,0.9550252556800842,0.9550252556800842,0.0,True,True,completed,
round_25__position_07__multiscene_candidate_005__inflation_020mm,measured,25,487,7,multiscene_candidate_005__inflation_020mm,multiscene_candidate_005,20,True,,0.025609279632568357,0.0354150390625,0.03585444199416088,"[41,7]",True,0.0,0.0,0.9647320508956909,0.9647320508956909,0.0,True,True,completed,
round_25__position_08__multiscene_candidate_006__inflation_000mm,measured,25,488,8,multiscene_candidate_006__inflation_000mm,multiscene_candidate_006,0,True,,0.026003456115722655,0.0345425910949707,0.03497088299627649,"[41,7]",True,0.0,0.0,0.9438737630844116,0.9438737630844116,0.0,True,True,completed,
round_25__position_09__multiscene_candidate_006__inflation_005mm,measured,25,489,9,multiscene_candidate_006__inflation_005mm,multiscene_candidate_006,5,True,,0.026871744155883788,0.03536441421508789,0.03577234299882548,"[41,7]",True,0.0,0.0,0.9442387819290161,0.9442387819290161,0.0,True,True,completed,
round_25__position_10__multiscene_candidate_006__inflation_010mm,measured,25,490,10,multiscene_candidate_006__inflation_010mm,multiscene_candidate_006,10,True,,0.02543126392364502,0.03381388854980469,0.03422066500206711,"[41,7]",True,0.0,0.0,0.9451422691345215,0.9451422691345215,0.0,True,True,completed,
round_25__position_11__multiscene_candidate_006__inflation_015mm,measured,25,491,11,multiscene_candidate_006__inflation_015mm,multiscene_candidate_006,15,True,,0.027756799697875978,0.03693363189697266,0.03734668099787086,"[41,7]",True,0.0,0.0,0.9466080665588379,0.9466080665588379,0.0,True,True,completed,
round_25__position_12__multiscene_candidate_006__inflation_020mm,measured,25,492,12,multiscene_candidate_006__inflation_020mm,multiscene_candidate_006,20,True,,0.025395615577697754,0.03409513473510742,0.03451065099943662,"[41,7]",True,0.0,0.0,0.9485822916030884,0.9485822916030884,0.0,True,True,completed,
round_25__position_13__formal_baseline_v1__inflation_000mm,measured,25,493,13,formal_baseline_v1__inflation_000mm,formal_baseline_v1,0,True,,0.027047744750976564,0.03555827331542969,0.035977524996269494,"[41,7]",True,0.0,0.0,0.9438674449920654,0.9438674449920654,0.0,True,True,completed,
round_25__position_14__formal_baseline_v1__inflation_005mm,measured,25,494,14,formal_baseline_v1__inflation_005mm,formal_baseline_v1,5,True,,0.025844000816345213,0.034284641265869144,0.03468910200172104,"[41,7]",True,0.0,0.0,0.9439100027084351,0.9439100027084351,0.0,True,True,completed,
round_25__position_15__formal_baseline_v1__inflation_010mm,measured,25,495,15,formal_baseline_v1__inflation_010mm,formal_baseline_v1,10,True,,0.028032000541687013,0.03716198348999023,0.03757853600109229,"[41,7]",True,0.0,0.0,0.9444064497947693,0.9444064497947693,0.0,True,True,completed,
round_25__position_16__formal_baseline_v1__inflation_015mm,measured,25,496,16,formal_baseline_v1__inflation_015mm,formal_baseline_v1,15,True,,0.03699680042266846,0.048433406829833985,0.048847275000298396,"[41,7]",True,0.0,0.0,0.9454147815704346,0.9454147815704346,0.0,True,True,completed,
round_25__position_17__formal_baseline_v1__inflation_020mm,measured,25,497,17,formal_baseline_v1__inflation_020mm,formal_baseline_v1,20,True,,0.027277312278747558,0.035784702301025394,0.03620421300001908,"[41,7]",True,0.0,0.0,0.9469339847564697,0.9469339847564697,0.0,True,True,completed,
round_25__position_18__multiscene_candidate_001__inflation_000mm,measured,25,498,18,multiscene_candidate_001__inflation_000mm,multiscene_candidate_001,0,True,,0.027091008186340332,0.035975166320800785,0.03639964299509302,"[41,7]",True,0.0,0.0,0.9438675045967102,0.9438675045967102,0.0,True,True,completed,
round_25__position_19__multiscene_candidate_001__inflation_005mm,measured,25,499,19,multiscene_candidate_001__inflation_005mm,multiscene_candidate_001,5,True,,0.026083680152893064,0.03474227142333984,0.035175176002667286,"[41,7]",True,0.0,0.0,0.9440393447875977,0.9440393447875977,0.0,True,True,completed,
round_25__position_20__multiscene_candidate_001__inflation_010mm,measured,25,500,20,multiscene_candidate_001__inflation_010mm,multiscene_candidate_001,10,True,,0.027216927528381347,0.035673919677734374,0.036087824002606794,"[41,7]",True,0.0,0.0,0.9447669386863708,0.9447669386863708,0.0,True,True,completed,
round_26__position_01__multiscene_candidate_006__inflation_000mm,measured,26,501,1,multiscene_candidate_006__inflation_000mm,multiscene_candidate_006,0,True,,0.025339392662048342,0.03469715118408203,0.035117815001285635,"[41,7]",True,0.0,0.0,0.9438737630844116,0.9438737630844116,0.0,True,True,completed,
round_26__position_02__multiscene_candidate_006__inflation_005mm,measured,26,502,2,multiscene_candidate_006__inflation_005mm,multiscene_candidate_006,5,True,,0.027056735992431642,0.03542966461181641,0.03584906500327634,"[41,7]",True,0.0,0.0,0.9442387819290161,0.9442387819290161,0.0,True,True,completed,
round_26__position_03__multiscene_candidate_006__inflation_010mm,measured,26,503,3,multiscene_candidate_006__inflation_010mm,multiscene_candidate_006,10,True,,0.026279808044433597,0.03582553482055664,0.03623825600516284,"[41,7]",True,0.0,0.0,0.9451422691345215,0.9451422691345215,0.0,True,True,completed,
round_26__position_04__multiscene_candidate_006__inflation_015mm,measured,26,504,4,multiscene_candidate_006__inflation_015mm,multiscene_candidate_006,15,True,,0.027121631622314457,0.035482879638671874,0.03588676400249824,"[41,7]",True,0.0,0.0,0.9466080665588379,0.9466080665588379,0.0,True,True,completed,
round_26__position_05__multiscene_candidate_006__inflation_020mm,measured,26,505,5,multiscene_candidate_006__inflation_020mm,multiscene_candidate_006,20,True,,0.027120415687561034,0.035629631042480465,0.036055641998245846,"[41,7]",True,0.0,0.0,0.9485822916030884,0.9485822916030884,0.0,True,True,completed,
round_26__position_06__formal_baseline_v1__inflation_000mm,measured,26,506,6,formal_baseline_v1__inflation_000mm,formal_baseline_v1,0,True,,0.025784671783447267,0.03496550369262695,0.03538061200379161,"[41,7]",True,0.0,0.0,0.9438674449920654,0.9438674449920654,0.0,True,True,completed,
round_26__position_07__formal_baseline_v1__inflation_005mm,measured,26,507,7,formal_baseline_v1__inflation_005mm,formal_baseline_v1,5,True,,0.02729647922515869,0.03571817779541016,0.036128340994764585,"[41,7]",True,0.0,0.0,0.9439100027084351,0.9439100027084351,0.0,True,True,completed,
round_26__position_08__formal_baseline_v1__inflation_010mm,measured,26,508,8,formal_baseline_v1__inflation_010mm,formal_baseline_v1,10,True,,0.025803839683532715,0.0346163215637207,0.035025971999857575,"[41,7]",True,0.0,0.0,0.9444064497947693,0.9444064497947693,0.0,True,True,completed,
round_26__position_09__formal_baseline_v1__inflation_015mm,measured,26,509,9,formal_baseline_v1__inflation_015mm,formal_baseline_v1,15,True,,0.036140353202819823,0.04758502578735352,0.04799697400449077,"[41,7]",True,0.0,0.0,0.9454147815704346,0.9454147815704346,0.0,True,True,completed,
round_26__position_10__formal_baseline_v1__inflation_020mm,measured,26,510,10,formal_baseline_v1__inflation_020mm,formal_baseline_v1,20,True,,0.026002687454223634,0.034520065307617184,0.03493916000297759,"[41,7]",True,0.0,0.0,0.9469339847564697,0.9469339847564697,0.0,True,True,completed,
round_26__position_11__multiscene_candidate_001__inflation_000mm,measured,26,511,11,multiscene_candidate_001__inflation_000mm,multiscene_candidate_001,0,True,,0.02669635200500488,0.03637456130981445,0.03685144500195747,"[41,7]",True,0.0,0.0,0.9438675045967102,0.9438675045967102,0.0,True,True,completed,
round_26__position_12__multiscene_candidate_001__inflation_005mm,measured,26,512,12,multiscene_candidate_001__inflation_005mm,multiscene_candidate_001,5,True,,0.027649471282958984,0.03621955108642578,0.036652744995080866,"[41,7]",True,0.0,0.0,0.9440393447875977,0.9440393447875977,0.0,True,True,completed,
round_26__position_13__multiscene_candidate_001__inflation_010mm,measured,26,513,13,multiscene_candidate_001__inflation_010mm,multiscene_candidate_001,10,True,,0.026078400611877443,0.034685951232910156,0.03511367499595508,"[41,7]",True,0.0,0.0,0.9447669386863708,0.9447669386863708,0.0,True,True,completed,
round_26__position_14__multiscene_candidate_001__inflation_015mm,measured,26,514,14,multiscene_candidate_001__inflation_015mm,multiscene_candidate_001,15,True,,0.025881759643554686,0.03456204986572266,0.03501925700402353,"[41,7]",True,0.0,0.0,0.9460299015045166,0.9460299015045166,0.0,True,True,completed,
round_26__position_15__multiscene_candidate_001__inflation_020mm,measured,26,515,15,multiscene_candidate_001__inflation_020mm,multiscene_candidate_001,20,True,,0.02635676860809326,0.03487638473510742,0.03528417000052286,"[41,7]",True,0.0,0.0,0.947810709476471,0.947810709476471,0.0,True,True,completed,
round_26__position_16__multiscene_candidate_005__inflation_000mm,measured,26,516,16,multiscene_candidate_005__inflation_000mm,multiscene_candidate_005,0,True,,0.02566112041473389,0.03463065719604492,0.035037923997151665,"[41,7]",True,0.0,0.0,0.9438865780830383,0.9438865780830383,0.0,True,True,completed,
round_26__position_17__multiscene_candidate_005__inflation_005mm,measured,26,517,17,multiscene_candidate_005__inflation_005mm,multiscene_candidate_005,5,True,,0.03581728076934815,0.047312801361083984,0.047722713999974076,"[41,7]",True,0.0,0.0,0.9450989365577698,0.9450989365577698,0.0,True,True,completed,
round_26__position_18__multiscene_candidate_005__inflation_010mm,measured,26,518,18,multiscene_candidate_005__inflation_010mm,multiscene_candidate_005,10,True,,0.02630550289154053,0.03479331207275391,0.035201227001380175,"[41,7]",True,0.0,0.0,0.9485982656478882,0.9485982656478882,0.0,True,True,completed,
round_26__position_19__multiscene_candidate_005__inflation_015mm,measured,26,519,19,multiscene_candidate_005__inflation_015mm,multiscene_candidate_005,15,True,,0.0263319673538208,0.035272705078125,0.035684402006154414,"[41,7]",True,0.0,0.0,0.9550252556800842,0.9550252556800842,0.0,True,True,completed,
round_26__position_20__multiscene_candidate_005__inflation_020mm,measured,26,520,20,multiscene_candidate_005__inflation_020mm,multiscene_candidate_005,20,True,,0.026492544174194336,0.03492326354980469,0.03532997699949192,"[41,7]",True,0.0,0.0,0.9647320508956909,0.9647320508956909,0.0,True,True,completed,
round_27__position_01__formal_baseline_v1__inflation_010mm,measured,27,521,1,formal_baseline_v1__inflation_010mm,formal_baseline_v1,10,True,,0.02637715148925781,0.035464000701904294,0.03589442200609483,"[41,7]",True,0.0,0.0,0.9444064497947693,0.9444064497947693,0.0,True,True,completed,
round_27__position_02__formal_baseline_v1__inflation_015mm,measured,27,522,2,formal_baseline_v1__inflation_015mm,formal_baseline_v1,15,True,,0.03465747165679932,0.04600831985473633,0.046428732995991595,"[41,7]",True,0.0,0.0,0.9454147815704346,0.9454147815704346,0.0,True,True,completed,
round_27__position_03__formal_baseline_v1__inflation_020mm,measured,27,523,3,formal_baseline_v1__inflation_020mm,formal_baseline_v1,20,True,,0.025600768089294432,0.034065406799316404,0.034467124998627696,"[41,7]",True,0.0,0.0,0.9469339847564697,0.9469339847564697,0.0,True,True,completed,
round_27__position_04__multiscene_candidate_001__inflation_000mm,measured,27,524,4,multiscene_candidate_001__inflation_000mm,multiscene_candidate_001,0,True,,0.02553056049346924,0.034282497406005856,0.03470238799491199,"[41,7]",True,0.0,0.0,0.9438675045967102,0.9438675045967102,0.0,True,True,completed,
round_27__position_05__multiscene_candidate_001__inflation_005mm,measured,27,525,5,multiscene_candidate_001__inflation_005mm,multiscene_candidate_001,5,True,,0.02741753578186035,0.03601100921630859,0.03644615899975179,"[41,7]",True,0.0,0.0,0.9440393447875977,0.9440393447875977,0.0,True,True,completed,
round_27__position_06__multiscene_candidate_001__inflation_010mm,measured,27,526,6,multiscene_candidate_001__inflation_010mm,multiscene_candidate_001,10,True,,0.025619968414306644,0.03440188980102539,0.03482873299799394,"[41,7]",True,0.0,0.0,0.9447669386863708,0.9447669386863708,0.0,True,True,completed,
round_27__position_07__multiscene_candidate_001__inflation_015mm,measured,27,527,7,multiscene_candidate_001__inflation_015mm,multiscene_candidate_001,15,True,,0.026213312149047853,0.03559526443481445,0.036009365001518745,"[41,7]",True,0.0,0.0,0.9460299015045166,0.9460299015045166,0.0,True,True,completed,
round_27__position_08__multiscene_candidate_001__inflation_020mm,measured,27,528,8,multiscene_candidate_001__inflation_020mm,multiscene_candidate_001,20,True,,0.02604214382171631,0.034514240264892575,0.0349251430016011,"[41,7]",True,0.0,0.0,0.947810709476471,0.947810709476471,0.0,True,True,completed,
round_27__position_09__multiscene_candidate_005__inflation_000mm,measured,27,529,9,multiscene_candidate_005__inflation_000mm,multiscene_candidate_005,0,True,,0.02573091220855713,0.03438070297241211,0.03480307199788513,"[41,7]",True,0.0,0.0,0.9438865780830383,0.9438865780830383,0.0,True,True,completed,
round_27__position_10__multiscene_candidate_005__inflation_005mm,measured,27,530,10,multiscene_candidate_005__inflation_005mm,multiscene_candidate_005,5,True,,0.03505443096160889,0.04656553649902344,0.04700318099639844,"[41,7]",True,0.0,0.0,0.9450989365577698,0.9450989365577698,0.0,True,True,completed,
round_27__position_11__multiscene_candidate_005__inflation_010mm,measured,27,531,11,multiscene_candidate_005__inflation_010mm,multiscene_candidate_005,10,True,,0.025894303321838376,0.03436617660522461,0.03477631699934136,"[41,7]",True,0.0,0.0,0.9485982656478882,0.9485982656478882,0.0,True,True,completed,
round_27__position_12__multiscene_candidate_005__inflation_015mm,measured,27,532,12,multiscene_candidate_005__inflation_015mm,multiscene_candidate_005,15,True,,0.026637696266174314,0.03509801483154297,0.035497714998200536,"[41,7]",True,0.0,0.0,0.9550252556800842,0.9550252556800842,0.0,True,True,completed,
round_27__position_13__multiscene_candidate_005__inflation_020mm,measured,27,533,13,multiscene_candidate_005__inflation_020mm,multiscene_candidate_005,20,True,,0.025842751502990723,0.03465667343139649,0.0350733089944697,"[41,7]",True,0.0,0.0,0.9647320508956909,0.9647320508956909,0.0,True,True,completed,
round_27__position_14__multiscene_candidate_006__inflation_000mm,measured,27,534,14,multiscene_candidate_006__inflation_000mm,multiscene_candidate_006,0,True,,0.026319360733032225,0.03473814392089844,0.03514864500175463,"[41,7]",True,0.0,0.0,0.9438737630844116,0.9438737630844116,0.0,True,True,completed,
round_27__position_15__multiscene_candidate_006__inflation_005mm,measured,27,535,15,multiscene_candidate_006__inflation_005mm,multiscene_candidate_006,5,True,,0.026745312690734865,0.03580617523193359,0.036354252995806746,"[41,7]",True,0.0,0.0,0.9442387819290161,0.9442387819290161,0.0,True,True,completed,
round_27__position_16__multiscene_candidate_006__inflation_010mm,measured,27,536,16,multiscene_candidate_006__inflation_010mm,multiscene_candidate_006,10,True,,0.02712678337097168,0.03594956970214844,0.036371800997585524,"[41,7]",True,0.0,0.0,0.9451422691345215,0.9451422691345215,0.0,True,True,completed,
round_27__position_17__multiscene_candidate_006__inflation_015mm,measured,27,537,17,multiscene_candidate_006__inflation_015mm,multiscene_candidate_006,15,True,,0.026361951828002928,0.035129150390625,0.03555494300235296,"[41,7]",True,0.0,0.0,0.9466080665588379,0.9466080665588379,0.0,True,True,completed,
round_27__position_18__multiscene_candidate_006__inflation_020mm,measured,27,538,18,multiscene_candidate_006__inflation_020mm,multiscene_candidate_006,20,True,,0.025482463836669918,0.033381759643554686,0.03476260199386161,"[41,7]",True,0.0,0.0,0.9485822916030884,0.9485822916030884,0.0,True,True,completed,
round_27__position_19__formal_baseline_v1__inflation_000mm,measured,27,539,19,formal_baseline_v1__inflation_000mm,formal_baseline_v1,0,True,,0.02696022415161133,0.035373054504394534,0.035780199999862816,"[41,7]",True,0.0,0.0,0.9438674449920654,0.9438674449920654,0.0,True,True,completed,
round_27__position_20__formal_baseline_v1__inflation_005mm,measured,27,540,20,formal_baseline_v1__inflation_005mm,formal_baseline_v1,5,True,,0.027573311805725094,0.036410400390625,0.03681747199880192,"[41,7]",True,0.0,0.0,0.9439100027084351,0.9439100027084351,0.0,True,True,completed,
round_28__position_01__multiscene_candidate_001__inflation_020mm,measured,28,541,1,multiscene_candidate_001__inflation_020mm,multiscene_candidate_001,20,True,,0.026076416015625003,0.035409278869628906,0.03584377899824176,"[41,7]",True,0.0,0.0,0.947810709476471,0.947810709476471,0.0,True,True,completed,
round_28__position_02__multiscene_candidate_005__inflation_000mm,measured,28,542,2,multiscene_candidate_005__inflation_000mm,multiscene_candidate_005,0,True,,0.02774899196624756,0.036398334503173826,0.03682826900330838,"[41,7]",True,0.0,0.0,0.9438865780830383,0.9438865780830383,0.0,True,True,completed,
round_28__position_03__multiscene_candidate_005__inflation_005mm,measured,28,543,3,multiscene_candidate_005__inflation_005mm,multiscene_candidate_005,5,True,,0.03613919925689697,0.04757107162475586,0.0479925110048498,"[41,7]",True,0.0,0.0,0.9450989365577698,0.9450989365577698,0.0,True,True,completed,
round_28__position_04__multiscene_candidate_005__inflation_010mm,measured,28,544,4,multiscene_candidate_005__inflation_010mm,multiscene_candidate_005,10,True,,0.026033856391906737,0.035740928649902345,0.03617402900272282,"[41,7]",True,0.0,0.0,0.9485982656478882,0.9485982656478882,0.0,True,True,completed,
round_28__position_05__multiscene_candidate_005__inflation_015mm,measured,28,545,5,multiscene_candidate_005__inflation_015mm,multiscene_candidate_005,15,True,,0.027917792320251465,0.03658732986450195,0.03700548299821094,"[41,7]",True,0.0,0.0,0.9550252556800842,0.9550252556800842,0.0,True,True,completed,
round_28__position_06__multiscene_candidate_005__inflation_020mm,measured,28,546,6,multiscene_candidate_005__inflation_020mm,multiscene_candidate_005,20,True,,0.027727776527404782,0.036316158294677735,0.036731286003487185,"[41,7]",True,0.0,0.0,0.9647320508956909,0.9647320508956909,0.0,True,True,completed,
round_28__position_07__multiscene_candidate_006__inflation_000mm,measured,28,547,7,multiscene_candidate_006__inflation_000mm,multiscene_candidate_006,0,True,,0.024732960700988772,0.03501753616333008,0.03552086800482357,"[41,7]",True,0.0,0.0,0.9438737630844116,0.9438737630844116,0.0,True,True,completed,
round_28__position_08__multiscene_candidate_006__inflation_005mm,measured,28,548,8,multiscene_candidate_006__inflation_005mm,multiscene_candidate_006,5,True,,0.026325504302978513,0.035081214904785156,0.03557532300328603,"[41,7]",True,0.0,0.0,0.9442387819290161,0.9442387819290161,0.0,True,True,completed,
round_28__position_09__multiscene_candidate_006__inflation_010mm,measured,28,549,9,multiscene_candidate_006__inflation_010mm,multiscene_candidate_006,10,True,,0.026956447601318358,0.03562905502319336,0.03604242300207261,"[41,7]",True,0.0,0.0,0.9451422691345215,0.9451422691345215,0.0,True,True,completed,
round_28__position_10__multiscene_candidate_006__inflation_015mm,measured,28,550,10,multiscene_candidate_006__inflation_015mm,multiscene_candidate_006,15,True,,0.027461600303649907,0.037316959381103514,0.03788079399964772,"[41,7]",True,0.0,0.0,0.9466080665588379,0.9466080665588379,0.0,True,True,completed,
round_28__position_11__multiscene_candidate_006__inflation_020mm,measured,28,551,11,multiscene_candidate_006__inflation_020mm,multiscene_candidate_006,20,True,,0.025988096237182616,0.0347476806640625,0.03516572700027609,"[41,7]",True,0.0,0.0,0.9485822916030884,0.9485822916030884,0.0,True,True,completed,
round_28__position_12__formal_baseline_v1__inflation_000mm,measured,28,552,12,formal_baseline_v1__inflation_000mm,formal_baseline_v1,0,True,,0.02555337619781494,0.0355491828918457,0.035988498995720875,"[41,7]",True,0.0,0.0,0.9438674449920654,0.9438674449920654,0.0,True,True,completed,
round_28__position_13__formal_baseline_v1__inflation_005mm,measured,28,553,13,formal_baseline_v1__inflation_005mm,formal_baseline_v1,5,True,,0.02699340724945068,0.035364864349365234,0.035765417997026816,"[41,7]",True,0.0,0.0,0.9439100027084351,0.9439100027084351,0.0,True,True,completed,
round_28__position_14__formal_baseline_v1__inflation_010mm,measured,28,554,14,formal_baseline_v1__inflation_010mm,formal_baseline_v1,10,True,,0.026056800842285156,0.03445657730102539,0.03486900999996578,"[41,7]",True,0.0,0.0,0.9444064497947693,0.9444064497947693,0.0,True,True,completed,
round_28__position_15__formal_baseline_v1__inflation_015mm,measured,28,555,15,formal_baseline_v1__inflation_015mm,formal_baseline_v1,15,True,,0.034908224105834953,0.0481044807434082,0.048517605995584745,"[41,7]",True,0.0,0.0,0.9454147815704346,0.9454147815704346,0.0,True,True,completed,
round_28__position_16__formal_baseline_v1__inflation_020mm,measured,28,556,16,formal_baseline_v1__inflation_020mm,formal_baseline_v1,20,True,,0.02752787113189697,0.035952926635742184,0.036356910997710656,"[41,7]",True,0.0,0.0,0.9469339847564697,0.9469339847564697,0.0,True,True,completed,
round_28__position_17__multiscene_candidate_001__inflation_000mm,measured,28,557,17,multiscene_candidate_001__inflation_000mm,multiscene_candidate_001,0,True,,0.025683263778686523,0.034131935119628906,0.03453987000102643,"[41,7]",True,0.0,0.0,0.9438675045967102,0.9438675045967102,0.0,True,True,completed,
round_28__position_18__multiscene_candidate_001__inflation_005mm,measured,28,558,18,multiscene_candidate_001__inflation_005mm,multiscene_candidate_001,5,True,,0.025524991989135742,0.033949790954589845,0.034354935996816494,"[41,7]",True,0.0,0.0,0.9440393447875977,0.9440393447875977,0.0,True,True,completed,
round_28__position_19__multiscene_candidate_001__inflation_010mm,measured,28,559,19,multiscene_candidate_001__inflation_010mm,multiscene_candidate_001,10,True,,0.027775424003601074,0.03710585784912109,0.03756700999656459,"[41,7]",True,0.0,0.0,0.9447669386863708,0.9447669386863708,0.0,True,True,completed,
round_28__position_20__multiscene_candidate_001__inflation_015mm,measured,28,560,20,multiscene_candidate_001__inflation_015mm,multiscene_candidate_001,15,True,,0.02789311981201172,0.03681894302368164,0.037355751999712083,"[41,7]",True,0.0,0.0,0.9460299015045166,0.9460299015045166,0.0,True,True,completed,
round_29__position_01__multiscene_candidate_006__inflation_005mm,measured,29,561,1,multiscene_candidate_006__inflation_005mm,multiscene_candidate_006,5,True,,0.025446080207824708,0.034079456329345705,0.03448912900057621,"[41,7]",True,0.0,0.0,0.9442387819290161,0.9442387819290161,0.0,True,True,completed,
round_29__position_02__multiscene_candidate_006__inflation_010mm,measured,29,562,2,multiscene_candidate_006__inflation_010mm,multiscene_candidate_006,10,True,,0.026166944503784182,0.034702945709228515,0.03513158999703592,"[41,7]",True,0.0,0.0,0.9451422691345215,0.9451422691345215,0.0,True,True,completed,
round_29__position_03__multiscene_candidate_006__inflation_015mm,measured,29,563,3,multiscene_candidate_006__inflation_015mm,multiscene_candidate_006,15,True,,0.025607744216918946,0.03544070434570312,0.03588231199682923,"[41,7]",True,0.0,0.0,0.9466080665588379,0.9466080665588379,0.0,True,True,completed,
round_29__position_04__multiscene_candidate_006__inflation_020mm,measured,29,564,4,multiscene_candidate_006__inflation_020mm,multiscene_candidate_006,20,True,,0.02629097557067871,0.03482025527954102,0.03523971600225195,"[41,7]",True,0.0,0.0,0.9485822916030884,0.9485822916030884,0.0,True,True,completed,
round_29__position_05__formal_baseline_v1__inflation_000mm,measured,29,565,5,formal_baseline_v1__inflation_000mm,formal_baseline_v1,0,True,,0.025980863571166996,0.034579071044921875,0.034994905996427406,"[41,7]",True,0.0,0.0,0.9438674449920654,0.9438674449920654,0.0,True,True,completed,
round_29__position_06__formal_baseline_v1__inflation_005mm,measured,29,566,6,formal_baseline_v1__inflation_005mm,formal_baseline_v1,5,True,,0.02616188907623291,0.034622337341308596,0.03504752899607411,"[41,7]",True,0.0,0.0,0.9439100027084351,0.9439100027084351,0.0,True,True,completed,
round_29__position_07__formal_baseline_v1__inflation_010mm,measured,29,567,7,formal_baseline_v1__inflation_010mm,formal_baseline_v1,10,True,,0.02638367938995361,0.035343231201171874,0.03575513399846386,"[41,7]",True,0.0,0.0,0.9444064497947693,0.9444064497947693,0.0,True,True,completed,
round_29__position_08__formal_baseline_v1__inflation_015mm,measured,29,568,8,formal_baseline_v1__inflation_015mm,formal_baseline_v1,15,True,,0.03425456047058106,0.04618035125732422,0.04660586899990449,"[41,7]",True,0.0,0.0,0.9454147815704346,0.9454147815704346,0.0,True,True,completed,
round_29__position_09__formal_baseline_v1__inflation_020mm,measured,29,569,9,formal_baseline_v1__inflation_020mm,formal_baseline_v1,20,True,,0.026532735824584965,0.034974590301513675,0.03537901499657892,"[41,7]",True,0.0,0.0,0.9469339847564697,0.9469339847564697,0.0,True,True,completed,
round_29__position_10__multiscene_candidate_001__inflation_000mm,measured,29,570,10,multiscene_candidate_001__inflation_000mm,multiscene_candidate_001,0,True,,0.026443615913391116,0.03499452972412109,0.035403447996941395,"[41,7]",True,0.0,0.0,0.9438675045967102,0.9438675045967102,0.0,True,True,completed,
round_29__position_11__multiscene_candidate_001__inflation_005mm,measured,29,571,11,multiscene_candidate_001__inflation_005mm,multiscene_candidate_001,5,True,,0.026207872390747067,0.03465830230712891,0.03506876000028569,"[41,7]",True,0.0,0.0,0.9440393447875977,0.9440393447875977,0.0,True,True,completed,
round_29__position_12__multiscene_candidate_001__inflation_010mm,measured,29,572,12,multiscene_candidate_001__inflation_010mm,multiscene_candidate_001,10,True,,0.027069824218750003,0.03620316696166992,0.03663499699905515,"[41,7]",True,0.0,0.0,0.9447669386863708,0.9447669386863708,0.0,True,True,completed,
round_29__position_13__multiscene_candidate_001__inflation_015mm,measured,29,573,13,multiscene_candidate_001__inflation_015mm,multiscene_candidate_001,15,True,,0.0254170560836792,0.0344535026550293,0.03485794799780706,"[41,7]",True,0.0,0.0,0.9460299015045166,0.9460299015045166,0.0,True,True,completed,
round_29__position_14__multiscene_candidate_001__inflation_020mm,measured,29,574,14,multiscene_candidate_001__inflation_020mm,multiscene_candidate_001,20,True,,0.0276974401473999,0.036458271026611325,0.036877181999443565,"[41,7]",True,0.0,0.0,0.947810709476471,0.947810709476471,0.0,True,True,completed,
round_29__position_15__multiscene_candidate_005__inflation_000mm,measured,29,575,15,multiscene_candidate_005__inflation_000mm,multiscene_candidate_005,0,True,,0.026905503273010254,0.03568304061889648,0.03610709599888651,"[41,7]",True,0.0,0.0,0.9438865780830383,0.9438865780830383,0.0,True,True,completed,
round_29__position_16__multiscene_candidate_005__inflation_005mm,measured,29,576,16,multiscene_candidate_005__inflation_005mm,multiscene_candidate_005,5,True,,0.034899008750915526,0.04659526443481445,0.04701689400098985,"[41,7]",True,0.0,0.0,0.9450989365577698,0.9450989365577698,0.0,True,True,completed,
round_29__position_17__multiscene_candidate_005__inflation_010mm,measured,29,577,17,multiscene_candidate_005__inflation_010mm,multiscene_candidate_005,10,True,,0.026264127731323243,0.034719680786132814,0.035133129997120705,"[41,7]",True,0.0,0.0,0.9485982656478882,0.9485982656478882,0.0,True,True,completed,
round_29__position_18__multiscene_candidate_005__inflation_015mm,measured,29,578,18,multiscene_candidate_005__inflation_015mm,multiscene_candidate_005,15,True,,0.025834240913391114,0.034597118377685546,0.03500054000323871,"[41,7]",True,0.0,0.0,0.9550252556800842,0.9550252556800842,0.0,True,True,completed,
round_29__position_19__multiscene_candidate_005__inflation_020mm,measured,29,579,19,multiscene_candidate_005__inflation_020mm,multiscene_candidate_005,20,True,,0.02674547290802002,0.035278079986572265,0.03568558099505026,"[41,7]",True,0.0,0.0,0.9647320508956909,0.9647320508956909,0.0,True,True,completed,
round_29__position_20__multiscene_candidate_006__inflation_000mm,measured,29,580,20,multiscene_candidate_006__inflation_000mm,multiscene_candidate_006,0,True,,0.02634662437438965,0.03535769653320313,0.03578062800079351,"[41,7]",True,0.0,0.0,0.9438737630844116,0.9438737630844116,0.0,True,True,completed,
round_30__position_01__formal_baseline_v1__inflation_015mm,measured,30,581,1,formal_baseline_v1__inflation_015mm,formal_baseline_v1,15,True,,0.034607169151306155,0.046360576629638675,0.04678016999969259,"[41,7]",True,0.0,0.0,0.9454147815704346,0.9454147815704346,0.0,True,True,completed,
round_30__position_02__formal_baseline_v1__inflation_020mm,measured,30,582,2,formal_baseline_v1__inflation_020mm,formal_baseline_v1,20,True,,0.026311296463012696,0.034977790832519534,0.03541396599757718,"[41,7]",True,0.0,0.0,0.9469339847564697,0.9469339847564697,0.0,True,True,completed,
round_30__position_03__multiscene_candidate_001__inflation_000mm,measured,30,583,3,multiscene_candidate_001__inflation_000mm,multiscene_candidate_001,0,True,,0.025185215950012208,0.0339944953918457,0.034408283994707745,"[41,7]",True,0.0,0.0,0.9438675045967102,0.9438675045967102,0.0,True,True,completed,
round_30__position_04__multiscene_candidate_001__inflation_005mm,measured,30,584,4,multiscene_candidate_001__inflation_005mm,multiscene_candidate_001,5,True,,0.026837472915649415,0.03585123062133789,0.0362876020008116,"[41,7]",True,0.0,0.0,0.9440393447875977,0.9440393447875977,0.0,True,True,completed,
round_30__position_05__multiscene_candidate_001__inflation_010mm,measured,30,585,5,multiscene_candidate_001__inflation_010mm,multiscene_candidate_001,10,True,,0.028501855850219728,0.03709475326538086,0.037502207000216004,"[41,7]",True,0.0,0.0,0.9447669386863708,0.9447669386863708,0.0,True,True,completed,
round_30__position_06__multiscene_candidate_001__inflation_015mm,measured,30,586,6,multiscene_candidate_001__inflation_015mm,multiscene_candidate_001,15,True,,0.026020864486694335,0.03493952178955078,0.03534749300160911,"[41,7]",True,0.0,0.0,0.9460299015045166,0.9460299015045166,0.0,True,True,completed,
round_30__position_07__multiscene_candidate_001__inflation_020mm,measured,30,587,7,multiscene_candidate_001__inflation_020mm,multiscene_candidate_001,20,True,,0.02765343952178955,0.03605606460571289,0.036463176998950075,"[41,7]",True,0.0,0.0,0.947810709476471,0.947810709476471,0.0,True,True,completed,
round_30__position_08__multiscene_candidate_005__inflation_000mm,measured,30,588,8,multiscene_candidate_005__inflation_000mm,multiscene_candidate_005,0,True,,0.02796457576751709,0.03697971343994141,0.03742655800306238,"[41,7]",True,0.0,0.0,0.9438865780830383,0.9438865780830383,0.0,True,True,completed,
round_30__position_09__multiscene_candidate_005__inflation_005mm,measured,30,589,9,multiscene_candidate_005__inflation_005mm,multiscene_candidate_005,5,True,,0.0360069751739502,0.047922176361083986,0.04833939200034365,"[41,7]",True,0.0,0.0,0.9450989365577698,0.9450989365577698,0.0,True,True,completed,
round_30__position_10__multiscene_candidate_005__inflation_010mm,measured,30,590,10,multiscene_candidate_005__inflation_010mm,multiscene_candidate_005,10,True,,0.026497343063354488,0.0351409912109375,0.03555941399827134,"[41,7]",True,0.0,0.0,0.9485982656478882,0.9485982656478882,0.0,True,True,completed,
round_30__position_11__multiscene_candidate_005__inflation_015mm,measured,30,591,11,multiscene_candidate_005__inflation_015mm,multiscene_candidate_005,15,True,,0.025963424682617187,0.034444095611572266,0.034863749002397526,"[41,7]",True,0.0,0.0,0.9550252556800842,0.9550252556800842,0.0,True,True,completed,
round_30__position_12__multiscene_candidate_005__inflation_020mm,measured,30,592,12,multiscene_candidate_005__inflation_020mm,multiscene_candidate_005,20,True,,0.027779743194580077,0.03628953552246094,0.03669950600306038,"[41,7]",True,0.0,0.0,0.9647320508956909,0.9647320508956909,0.0,True,True,completed,
round_30__position_13__multiscene_candidate_006__inflation_000mm,measured,30,593,13,multiscene_candidate_006__inflation_000mm,multiscene_candidate_006,0,True,,0.026234272003173832,0.034748416900634765,0.03515209900069749,"[41,7]",True,0.0,0.0,0.9438737630844116,0.9438737630844116,0.0,True,True,completed,
round_30__position_14__multiscene_candidate_006__inflation_005mm,measured,30,594,14,multiscene_candidate_006__inflation_005mm,multiscene_candidate_006,5,True,,0.027399328231811522,0.03603753662109375,0.036609845999919344,"[41,7]",True,0.0,0.0,0.9442387819290161,0.9442387819290161,0.0,True,True,completed,
round_30__position_15__multiscene_candidate_006__inflation_010mm,measured,30,595,15,multiscene_candidate_006__inflation_010mm,multiscene_candidate_006,10,True,,0.028079904556274418,0.03652524948120117,0.036955370000214316,"[41,7]",True,0.0,0.0,0.9451422691345215,0.9451422691345215,0.0,True,True,completed,
round_30__position_16__multiscene_candidate_006__inflation_015mm,measured,30,596,16,multiscene_candidate_006__inflation_015mm,multiscene_candidate_006,15,True,,0.026968832969665527,0.03623507308959961,0.03665291399374837,"[41,7]",True,0.0,0.0,0.9466080665588379,0.9466080665588379,0.0,True,True,completed,
round_30__position_17__multiscene_candidate_006__inflation_020mm,measured,30,597,17,multiscene_candidate_006__inflation_020mm,multiscene_candidate_006,20,True,,0.025771072387695312,0.0344073600769043,0.03483101799793076,"[41,7]",True,0.0,0.0,0.9485822916030884,0.9485822916030884,0.0,True,True,completed,
round_30__position_18__formal_baseline_v1__inflation_000mm,measured,30,598,18,formal_baseline_v1__inflation_000mm,formal_baseline_v1,0,True,,0.027125633239746094,0.035593215942382815,0.036023660002683755,"[41,7]",True,0.0,0.0,0.9438674449920654,0.9438674449920654,0.0,True,True,completed,
round_30__position_19__formal_baseline_v1__inflation_005mm,measured,30,599,19,formal_baseline_v1__inflation_005mm,formal_baseline_v1,5,True,,0.0254968318939209,0.035288288116455076,0.035698763000254985,"[41,7]",True,0.0,0.0,0.9439100027084351,0.9439100027084351,0.0,True,True,completed,
round_30__position_20__formal_baseline_v1__inflation_010mm,measured,30,600,20,formal_baseline_v1__inflation_010mm,formal_baseline_v1,10,True,,0.026145153045654297,0.03460208129882812,0.035031138999329414,"[41,7]",True,0.0,0.0,0.9444064497947693,0.9444064497947693,0.0,True,True,completed,
