attempt_id,round_id,execution_position,condition_id,scene_id,inflation_mm,planning_success,trajectory_shape,trajectory_finite,maximum_absolute_joint_difference_rad,mean_absolute_joint_difference_rad,trajectory_length_rad,frozen_trajectory_length_rad,trajectory_length_difference_rad,exact_frozen_trajectory_match,tolerance_frozen_trajectory_match_1e_7_rad
round_01__position_01__formal_baseline_v1__inflation_000mm,1,1,formal_baseline_v1__inflation_000mm,formal_baseline_v1,0,True,"[41,7]",True,0.0,0.0,0.9438674449920654,0.9438674449920654,0.0,True,True
round_01__position_02__formal_baseline_v1__inflation_005mm,1,2,formal_baseline_v1__inflation_005mm,formal_baseline_v1,5,True,"[41,7]",True,0.0,0.0,0.9439100027084351,0.9439100027084351,0.0,True,True
round_01__position_03__formal_baseline_v1__inflation_010mm,1,3,formal_baseline_v1__inflation_010mm,formal_baseline_v1,10,True,"[41,7]",True,0.0,0.0,0.9444064497947693,0.9444064497947693,0.0,True,True
round_01__position_04__formal_baseline_v1__inflation_015mm,1,4,formal_baseline_v1__inflation_015mm,formal_baseline_v1,15,True,"[41,7]",True,0.0,0.0,0.9454147815704346,0.9454147815704346,0.0,True,True
round_01__position_05__formal_baseline_v1__inflation_020mm,1,5,formal_baseline_v1__inflation_020mm,formal_baseline_v1,20,True,"[41,7]",True,0.0,0.0,0.9469339847564697,0.9469339847564697,0.0,True,True
round_01__position_06__multiscene_candidate_001__inflation_000mm,1,6,multiscene_candidate_001__inflation_000mm,multiscene_candidate_001,0,True,"[41,7]",True,0.0,0.0,0.9438675045967102,0.9438675045967102,0.0,True,True
round_01__position_07__multiscene_candidate_001__inflation_005mm,1,7,multiscene_candidate_001__inflation_005mm,multiscene_candidate_001,5,True,"[41,7]",True,0.0,0.0,0.9440393447875977,0.9440393447875977,0.0,True,True
round_01__position_08__multiscene_candidate_001__inflation_010mm,1,8,multiscene_candidate_001__inflation_010mm,multiscene_candidate_001,10,True,"[41,7]",True,0.0,0.0,0.9447669386863708,0.9447669386863708,0.0,True,True
round_01__position_09__multiscene_candidate_001__inflation_015mm,1,9,multiscene_candidate_001__inflation_015mm,multiscene_candidate_001,15,True,"[41,7]",True,0.0,0.0,0.9460299015045166,0.9460299015045166,0.0,True,True
round_01__position_10__multiscene_candidate_001__inflation_020mm,1,10,multiscene_candidate_001__inflation_020mm,multiscene_candidate_001,20,True,"[41,7]",True,0.0,0.0,0.947810709476471,0.947810709476471,0.0,True,True
round_01__position_11__multiscene_candidate_005__inflation_000mm,1,11,multiscene_candidate_005__inflation_000mm,multiscene_candidate_005,0,True,"[41,7]",True,0.0,0.0,0.9438865780830383,0.9438865780830383,0.0,True,True
round_01__position_12__multiscene_candidate_005__inflation_005mm,1,12,multiscene_candidate_005__inflation_005mm,multiscene_candidate_005,5,True,"[41,7]",True,0.0,0.0,0.9450989365577698,0.9450989365577698,0.0,True,True
round_01__position_13__multiscene_candidate_005__inflation_010mm,1,13,multiscene_candidate_005__inflation_010mm,multiscene_candidate_005,10,True,"[41,7]",True,0.0,0.0,0.9485982656478882,0.9485982656478882,0.0,True,True
round_01__position_14__multiscene_candidate_005__inflation_015mm,1,14,multiscene_candidate_005__inflation_015mm,multiscene_candidate_005,15,True,"[41,7]",True,0.0,0.0,0.9550252556800842,0.9550252556800842,0.0,True,True
round_01__position_15__multiscene_candidate_005__inflation_020mm,1,15,multiscene_candidate_005__inflation_020mm,multiscene_candidate_005,20,True,"[41,7]",True,0.0,0.0,0.9647320508956909,0.9647320508956909,0.0,True,True
round_01__position_16__multiscene_candidate_006__inflation_000mm,1,16,multiscene_candidate_006__inflation_000mm,multiscene_candidate_006,0,True,"[41,7]",True,0.0,0.0,0.9438737630844116,0.9438737630844116,0.0,True,True
round_01__position_17__multiscene_candidate_006__inflation_005mm,1,17,multiscene_candidate_006__inflation_005mm,multiscene_candidate_006,5,True,"[41,7]",True,0.0,0.0,0.9442387819290161,0.9442387819290161,0.0,True,True
round_01__position_18__multiscene_candidate_006__inflation_010mm,1,18,multiscene_candidate_006__inflation_010mm,multiscene_candidate_006,10,True,"[41,7]",True,0.0,0.0,0.9451422691345215,0.9451422691345215,0.0,True,True
round_01__position_19__multiscene_candidate_006__inflation_015mm,1,19,multiscene_candidate_006__inflation_015mm,multiscene_candidate_006,15,True,"[41,7]",True,0.0,0.0,0.9466080665588379,0.9466080665588379,0.0,True,True
round_01__position_20__multiscene_candidate_006__inflation_020mm,1,20,multiscene_candidate_006__inflation_020mm,multiscene_candidate_006,20,True,"[41,7]",True,0.0,0.0,0.9485822916030884,0.9485822916030884,0.0,True,True
round_02__position_01__multiscene_candidate_001__inflation_010mm,2,21,multiscene_candidate_001__inflation_010mm,multiscene_candidate_001,10,True,"[41,7]",True,0.0,0.0,0.9447669386863708,0.9447669386863708,0.0,True,True
round_02__position_02__multiscene_candidate_001__inflation_015mm,2,22,multiscene_candidate_001__inflation_015mm,multiscene_candidate_001,15,True,"[41,7]",True,0.0,0.0,0.9460299015045166,0.9460299015045166,0.0,True,True
round_02__position_03__multiscene_candidate_001__inflation_020mm,2,23,multiscene_candidate_001__inflation_020mm,multiscene_candidate_001,20,True,"[41,7]",True,0.0,0.0,0.947810709476471,0.947810709476471,0.0,True,True
round_02__position_04__multiscene_candidate_005__inflation_000mm,2,24,multiscene_candidate_005__inflation_000mm,multiscene_candidate_005,0,True,"[41,7]",True,0.0,0.0,0.9438865780830383,0.9438865780830383,0.0,True,True
round_02__position_05__multiscene_candidate_005__inflation_005mm,2,25,multiscene_candidate_005__inflation_005mm,multiscene_candidate_005,5,True,"[41,7]",True,0.0,0.0,0.9450989365577698,0.9450989365577698,0.0,True,True
round_02__position_06__multiscene_candidate_005__inflation_010mm,2,26,multiscene_candidate_005__inflation_010mm,multiscene_candidate_005,10,True,"[41,7]",True,0.0,0.0,0.9485982656478882,0.9485982656478882,0.0,True,True
round_02__position_07__multiscene_candidate_005__inflation_015mm,2,27,multiscene_candidate_005__inflation_015mm,multiscene_candidate_005,15,True,"[41,7]",True,0.0,0.0,0.9550252556800842,0.9550252556800842,0.0,True,True
round_02__position_08__multiscene_candidate_005__inflation_020mm,2,28,multiscene_candidate_005__inflation_020mm,multiscene_candidate_005,20,True,"[41,7]",True,0.0,0.0,0.9647320508956909,0.9647320508956909,0.0,True,True
round_02__position_09__multiscene_candidate_006__inflation_000mm,2,29,multiscene_candidate_006__inflation_000mm,multiscene_candidate_006,0,True,"[41,7]",True,0.0,0.0,0.9438737630844116,0.9438737630844116,0.0,True,True
round_02__position_10__multiscene_candidate_006__inflation_005mm,2,30,multiscene_candidate_006__inflation_005mm,multiscene_candidate_006,5,True,"[41,7]",True,0.0,0.0,0.9442387819290161,0.9442387819290161,0.0,True,True
round_02__position_11__multiscene_candidate_006__inflation_010mm,2,31,multiscene_candidate_006__inflation_010mm,multiscene_candidate_006,10,True,"[41,7]",True,0.0,0.0,0.9451422691345215,0.9451422691345215,0.0,True,True
round_02__position_12__multiscene_candidate_006__inflation_015mm,2,32,multiscene_candidate_006__inflation_015mm,multiscene_candidate_006,15,True,"[41,7]",True,0.0,0.0,0.9466080665588379,0.9466080665588379,0.0,True,True
round_02__position_13__multiscene_candidate_006__inflation_020mm,2,33,multiscene_candidate_006__inflation_020mm,multiscene_candidate_006,20,True,"[41,7]",True,0.0,0.0,0.9485822916030884,0.9485822916030884,0.0,True,True
round_02__position_14__formal_baseline_v1__inflation_000mm,2,34,formal_baseline_v1__inflation_000mm,formal_baseline_v1,0,True,"[41,7]",True,0.0,0.0,0.9438674449920654,0.9438674449920654,0.0,True,True
round_02__position_15__formal_baseline_v1__inflation_005mm,2,35,formal_baseline_v1__inflation_005mm,formal_baseline_v1,5,True,"[41,7]",True,0.0,0.0,0.9439100027084351,0.9439100027084351,0.0,True,True
round_02__position_16__formal_baseline_v1__inflation_010mm,2,36,formal_baseline_v1__inflation_010mm,formal_baseline_v1,10,True,"[41,7]",True,0.0,0.0,0.9444064497947693,0.9444064497947693,0.0,True,True
round_02__position_17__formal_baseline_v1__inflation_015mm,2,37,formal_baseline_v1__inflation_015mm,formal_baseline_v1,15,True,"[41,7]",True,0.0,0.0,0.9454147815704346,0.9454147815704346,0.0,True,True
round_02__position_18__formal_baseline_v1__inflation_020mm,2,38,formal_baseline_v1__inflation_020mm,formal_baseline_v1,20,True,"[41,7]",True,0.0,0.0,0.9469339847564697,0.9469339847564697,0.0,True,True
round_02__position_19__multiscene_candidate_001__inflation_000mm,2,39,multiscene_candidate_001__inflation_000mm,multiscene_candidate_001,0,True,"[41,7]",True,0.0,0.0,0.9438675045967102,0.9438675045967102,0.0,True,True
round_02__position_20__multiscene_candidate_001__inflation_005mm,2,40,multiscene_candidate_001__inflation_005mm,multiscene_candidate_001,5,True,"[41,7]",True,0.0,0.0,0.9440393447875977,0.9440393447875977,0.0,True,True
round_03__position_01__multiscene_candidate_005__inflation_020mm,3,41,multiscene_candidate_005__inflation_020mm,multiscene_candidate_005,20,True,"[41,7]",True,0.0,0.0,0.9647320508956909,0.9647320508956909,0.0,True,True
round_03__position_02__multiscene_candidate_006__inflation_000mm,3,42,multiscene_candidate_006__inflation_000mm,multiscene_candidate_006,0,True,"[41,7]",True,0.0,0.0,0.9438737630844116,0.9438737630844116,0.0,True,True
round_03__position_03__multiscene_candidate_006__inflation_005mm,3,43,multiscene_candidate_006__inflation_005mm,multiscene_candidate_006,5,True,"[41,7]",True,0.0,0.0,0.9442387819290161,0.9442387819290161,0.0,True,True
round_03__position_04__multiscene_candidate_006__inflation_010mm,3,44,multiscene_candidate_006__inflation_010mm,multiscene_candidate_006,10,True,"[41,7]",True,0.0,0.0,0.9451422691345215,0.9451422691345215,0.0,True,True
round_03__position_05__multiscene_candidate_006__inflation_015mm,3,45,multiscene_candidate_006__inflation_015mm,multiscene_candidate_006,15,True,"[41,7]",True,0.0,0.0,0.9466080665588379,0.9466080665588379,0.0,True,True
round_03__position_06__multiscene_candidate_006__inflation_020mm,3,46,multiscene_candidate_006__inflation_020mm,multiscene_candidate_006,20,True,"[41,7]",True,0.0,0.0,0.9485822916030884,0.9485822916030884,0.0,True,True
round_03__position_07__formal_baseline_v1__inflation_000mm,3,47,formal_baseline_v1__inflation_000mm,formal_baseline_v1,0,True,"[41,7]",True,0.0,0.0,0.9438674449920654,0.9438674449920654,0.0,True,True
round_03__position_08__formal_baseline_v1__inflation_005mm,3,48,formal_baseline_v1__inflation_005mm,formal_baseline_v1,5,True,"[41,7]",True,0.0,0.0,0.9439100027084351,0.9439100027084351,0.0,True,True
round_03__position_09__formal_baseline_v1__inflation_010mm,3,49,formal_baseline_v1__inflation_010mm,formal_baseline_v1,10,True,"[41,7]",True,0.0,0.0,0.9444064497947693,0.9444064497947693,0.0,True,True
round_03__position_10__formal_baseline_v1__inflation_015mm,3,50,formal_baseline_v1__inflation_015mm,formal_baseline_v1,15,True,"[41,7]",True,0.0,0.0,0.9454147815704346,0.9454147815704346,0.0,True,True
round_03__position_11__formal_baseline_v1__inflation_020mm,3,51,formal_baseline_v1__inflation_020mm,formal_baseline_v1,20,True,"[41,7]",True,0.0,0.0,0.9469339847564697,0.9469339847564697,0.0,True,True
round_03__position_12__multiscene_candidate_001__inflation_000mm,3,52,multiscene_candidate_001__inflation_000mm,multiscene_candidate_001,0,True,"[41,7]",True,0.0,0.0,0.9438675045967102,0.9438675045967102,0.0,True,True
round_03__position_13__multiscene_candidate_001__inflation_005mm,3,53,multiscene_candidate_001__inflation_005mm,multiscene_candidate_001,5,True,"[41,7]",True,0.0,0.0,0.9440393447875977,0.9440393447875977,0.0,True,True
round_03__position_14__multiscene_candidate_001__inflation_010mm,3,54,multiscene_candidate_001__inflation_010mm,multiscene_candidate_001,10,True,"[41,7]",True,0.0,0.0,0.9447669386863708,0.9447669386863708,0.0,True,True
round_03__position_15__multiscene_candidate_001__inflation_015mm,3,55,multiscene_candidate_001__inflation_015mm,multiscene_candidate_001,15,True,"[41,7]",True,0.0,0.0,0.9460299015045166,0.9460299015045166,0.0,True,True
round_03__position_16__multiscene_candidate_001__inflation_020mm,3,56,multiscene_candidate_001__inflation_020mm,multiscene_candidate_001,20,True,"[41,7]",True,0.0,0.0,0.947810709476471,0.947810709476471,0.0,True,True
round_03__position_17__multiscene_candidate_005__inflation_000mm,3,57,multiscene_candidate_005__inflation_000mm,multiscene_candidate_005,0,True,"[41,7]",True,0.0,0.0,0.9438865780830383,0.9438865780830383,0.0,True,True
round_03__position_18__multiscene_candidate_005__inflation_005mm,3,58,multiscene_candidate_005__inflation_005mm,multiscene_candidate_005,5,True,"[41,7]",True,0.0,0.0,0.9450989365577698,0.9450989365577698,0.0,True,True
round_03__position_19__multiscene_candidate_005__inflation_010mm,3,59,multiscene_candidate_005__inflation_010mm,multiscene_candidate_005,10,True,"[41,7]",True,0.0,0.0,0.9485982656478882,0.9485982656478882,0.0,True,True
round_03__position_20__multiscene_candidate_005__inflation_015mm,3,60,multiscene_candidate_005__inflation_015mm,multiscene_candidate_005,15,True,"[41,7]",True,0.0,0.0,0.9550252556800842,0.9550252556800842,0.0,True,True
round_04__position_01__formal_baseline_v1__inflation_005mm,4,61,formal_baseline_v1__inflation_005mm,formal_baseline_v1,5,True,"[41,7]",True,0.0,0.0,0.9439100027084351,0.9439100027084351,0.0,True,True
round_04__position_02__formal_baseline_v1__inflation_010mm,4,62,formal_baseline_v1__inflation_010mm,formal_baseline_v1,10,True,"[41,7]",True,0.0,0.0,0.9444064497947693,0.9444064497947693,0.0,True,True
round_04__position_03__formal_baseline_v1__inflation_015mm,4,63,formal_baseline_v1__inflation_015mm,formal_baseline_v1,15,True,"[41,7]",True,0.0,0.0,0.9454147815704346,0.9454147815704346,0.0,True,True
round_04__position_04__formal_baseline_v1__inflation_020mm,4,64,formal_baseline_v1__inflation_020mm,formal_baseline_v1,20,True,"[41,7]",True,0.0,0.0,0.9469339847564697,0.9469339847564697,0.0,True,True
round_04__position_05__multiscene_candidate_001__inflation_000mm,4,65,multiscene_candidate_001__inflation_000mm,multiscene_candidate_001,0,True,"[41,7]",True,0.0,0.0,0.9438675045967102,0.9438675045967102,0.0,True,True
round_04__position_06__multiscene_candidate_001__inflation_005mm,4,66,multiscene_candidate_001__inflation_005mm,multiscene_candidate_001,5,True,"[41,7]",True,0.0,0.0,0.9440393447875977,0.9440393447875977,0.0,True,True
round_04__position_07__multiscene_candidate_001__inflation_010mm,4,67,multiscene_candidate_001__inflation_010mm,multiscene_candidate_001,10,True,"[41,7]",True,0.0,0.0,0.9447669386863708,0.9447669386863708,0.0,True,True
round_04__position_08__multiscene_candidate_001__inflation_015mm,4,68,multiscene_candidate_001__inflation_015mm,multiscene_candidate_001,15,True,"[41,7]",True,0.0,0.0,0.9460299015045166,0.9460299015045166,0.0,True,True
round_04__position_09__multiscene_candidate_001__inflation_020mm,4,69,multiscene_candidate_001__inflation_020mm,multiscene_candidate_001,20,True,"[41,7]",True,0.0,0.0,0.947810709476471,0.947810709476471,0.0,True,True
round_04__position_10__multiscene_candidate_005__inflation_000mm,4,70,multiscene_candidate_005__inflation_000mm,multiscene_candidate_005,0,True,"[41,7]",True,0.0,0.0,0.9438865780830383,0.9438865780830383,0.0,True,True
round_04__position_11__multiscene_candidate_005__inflation_005mm,4,71,multiscene_candidate_005__inflation_005mm,multiscene_candidate_005,5,True,"[41,7]",True,0.0,0.0,0.9450989365577698,0.9450989365577698,0.0,True,True
round_04__position_12__multiscene_candidate_005__inflation_010mm,4,72,multiscene_candidate_005__inflation_010mm,multiscene_candidate_005,10,True,"[41,7]",True,0.0,0.0,0.9485982656478882,0.9485982656478882,0.0,True,True
round_04__position_13__multiscene_candidate_005__inflation_015mm,4,73,multiscene_candidate_005__inflation_015mm,multiscene_candidate_005,15,True,"[41,7]",True,0.0,0.0,0.9550252556800842,0.9550252556800842,0.0,True,True
round_04__position_14__multiscene_candidate_005__inflation_020mm,4,74,multiscene_candidate_005__inflation_020mm,multiscene_candidate_005,20,True,"[41,7]",True,0.0,0.0,0.9647320508956909,0.9647320508956909,0.0,True,True
round_04__position_15__multiscene_candidate_006__inflation_000mm,4,75,multiscene_candidate_006__inflation_000mm,multiscene_candidate_006,0,True,"[41,7]",True,0.0,0.0,0.9438737630844116,0.9438737630844116,0.0,True,True
round_04__position_16__multiscene_candidate_006__inflation_005mm,4,76,multiscene_candidate_006__inflation_005mm,multiscene_candidate_006,5,True,"[41,7]",True,0.0,0.0,0.9442387819290161,0.9442387819290161,0.0,True,True
round_04__position_17__multiscene_candidate_006__inflation_010mm,4,77,multiscene_candidate_006__inflation_010mm,multiscene_candidate_006,10,True,"[41,7]",True,0.0,0.0,0.9451422691345215,0.9451422691345215,0.0,True,True
round_04__position_18__multiscene_candidate_006__inflation_015mm,4,78,multiscene_candidate_006__inflation_015mm,multiscene_candidate_006,15,True,"[41,7]",True,0.0,0.0,0.9466080665588379,0.9466080665588379,0.0,True,True
round_04__position_19__multiscene_candidate_006__inflation_020mm,4,79,multiscene_candidate_006__inflation_020mm,multiscene_candidate_006,20,True,"[41,7]",True,0.0,0.0,0.9485822916030884,0.9485822916030884,0.0,True,True
round_04__position_20__formal_baseline_v1__inflation_000mm,4,80,formal_baseline_v1__inflation_000mm,formal_baseline_v1,0,True,"[41,7]",True,0.0,0.0,0.9438674449920654,0.9438674449920654,0.0,True,True
round_05__position_01__multiscene_candidate_001__inflation_015mm,5,81,multiscene_candidate_001__inflation_015mm,multiscene_candidate_001,15,True,"[41,7]",True,0.0,0.0,0.9460299015045166,0.9460299015045166,0.0,True,True
round_05__position_02__multiscene_candidate_001__inflation_020mm,5,82,multiscene_candidate_001__inflation_020mm,multiscene_candidate_001,20,True,"[41,7]",True,0.0,0.0,0.947810709476471,0.947810709476471,0.0,True,True
round_05__position_03__multiscene_candidate_005__inflation_000mm,5,83,multiscene_candidate_005__inflation_000mm,multiscene_candidate_005,0,True,"[41,7]",True,0.0,0.0,0.9438865780830383,0.9438865780830383,0.0,True,True
round_05__position_04__multiscene_candidate_005__inflation_005mm,5,84,multiscene_candidate_005__inflation_005mm,multiscene_candidate_005,5,True,"[41,7]",True,0.0,0.0,0.9450989365577698,0.9450989365577698,0.0,True,True
round_05__position_05__multiscene_candidate_005__inflation_010mm,5,85,multiscene_candidate_005__inflation_010mm,multiscene_candidate_005,10,True,"[41,7]",True,0.0,0.0,0.9485982656478882,0.9485982656478882,0.0,True,True
round_05__position_06__multiscene_candidate_005__inflation_015mm,5,86,multiscene_candidate_005__inflation_015mm,multiscene_candidate_005,15,True,"[41,7]",True,0.0,0.0,0.9550252556800842,0.9550252556800842,0.0,True,True
round_05__position_07__multiscene_candidate_005__inflation_020mm,5,87,multiscene_candidate_005__inflation_020mm,multiscene_candidate_005,20,True,"[41,7]",True,0.0,0.0,0.9647320508956909,0.9647320508956909,0.0,True,True
round_05__position_08__multiscene_candidate_006__inflation_000mm,5,88,multiscene_candidate_006__inflation_000mm,multiscene_candidate_006,0,True,"[41,7]",True,0.0,0.0,0.9438737630844116,0.9438737630844116,0.0,True,True
round_05__position_09__multiscene_candidate_006__inflation_005mm,5,89,multiscene_candidate_006__inflation_005mm,multiscene_candidate_006,5,True,"[41,7]",True,0.0,0.0,0.9442387819290161,0.9442387819290161,0.0,True,True
round_05__position_10__multiscene_candidate_006__inflation_010mm,5,90,multiscene_candidate_006__inflation_010mm,multiscene_candidate_006,10,True,"[41,7]",True,0.0,0.0,0.9451422691345215,0.9451422691345215,0.0,True,True
round_05__position_11__multiscene_candidate_006__inflation_015mm,5,91,multiscene_candidate_006__inflation_015mm,multiscene_candidate_006,15,True,"[41,7]",True,0.0,0.0,0.9466080665588379,0.9466080665588379,0.0,True,True
round_05__position_12__multiscene_candidate_006__inflation_020mm,5,92,multiscene_candidate_006__inflation_020mm,multiscene_candidate_006,20,True,"[41,7]",True,0.0,0.0,0.9485822916030884,0.9485822916030884,0.0,True,True
round_05__position_13__formal_baseline_v1__inflation_000mm,5,93,formal_baseline_v1__inflation_000mm,formal_baseline_v1,0,True,"[41,7]",True,0.0,0.0,0.9438674449920654,0.9438674449920654,0.0,True,True
round_05__position_14__formal_baseline_v1__inflation_005mm,5,94,formal_baseline_v1__inflation_005mm,formal_baseline_v1,5,True,"[41,7]",True,0.0,0.0,0.9439100027084351,0.9439100027084351,0.0,True,True
round_05__position_15__formal_baseline_v1__inflation_010mm,5,95,formal_baseline_v1__inflation_010mm,formal_baseline_v1,10,True,"[41,7]",True,0.0,0.0,0.9444064497947693,0.9444064497947693,0.0,True,True
round_05__position_16__formal_baseline_v1__inflation_015mm,5,96,formal_baseline_v1__inflation_015mm,formal_baseline_v1,15,True,"[41,7]",True,0.0,0.0,0.9454147815704346,0.9454147815704346,0.0,True,True
round_05__position_17__formal_baseline_v1__inflation_020mm,5,97,formal_baseline_v1__inflation_020mm,formal_baseline_v1,20,True,"[41,7]",True,0.0,0.0,0.9469339847564697,0.9469339847564697,0.0,True,True
round_05__position_18__multiscene_candidate_001__inflation_000mm,5,98,multiscene_candidate_001__inflation_000mm,multiscene_candidate_001,0,True,"[41,7]",True,0.0,0.0,0.9438675045967102,0.9438675045967102,0.0,True,True
round_05__position_19__multiscene_candidate_001__inflation_005mm,5,99,multiscene_candidate_001__inflation_005mm,multiscene_candidate_001,5,True,"[41,7]",True,0.0,0.0,0.9440393447875977,0.9440393447875977,0.0,True,True
round_05__position_20__multiscene_candidate_001__inflation_010mm,5,100,multiscene_candidate_001__inflation_010mm,multiscene_candidate_001,10,True,"[41,7]",True,0.0,0.0,0.9447669386863708,0.9447669386863708,0.0,True,True
round_06__position_01__multiscene_candidate_006__inflation_000mm,6,101,multiscene_candidate_006__inflation_000mm,multiscene_candidate_006,0,True,"[41,7]",True,0.0,0.0,0.9438737630844116,0.9438737630844116,0.0,True,True
round_06__position_02__multiscene_candidate_006__inflation_005mm,6,102,multiscene_candidate_006__inflation_005mm,multiscene_candidate_006,5,True,"[41,7]",True,0.0,0.0,0.9442387819290161,0.9442387819290161,0.0,True,True
round_06__position_03__multiscene_candidate_006__inflation_010mm,6,103,multiscene_candidate_006__inflation_010mm,multiscene_candidate_006,10,True,"[41,7]",True,0.0,0.0,0.9451422691345215,0.9451422691345215,0.0,True,True
round_06__position_04__multiscene_candidate_006__inflation_015mm,6,104,multiscene_candidate_006__inflation_015mm,multiscene_candidate_006,15,True,"[41,7]",True,0.0,0.0,0.9466080665588379,0.9466080665588379,0.0,True,True
round_06__position_05__multiscene_candidate_006__inflation_020mm,6,105,multiscene_candidate_006__inflation_020mm,multiscene_candidate_006,20,True,"[41,7]",True,0.0,0.0,0.9485822916030884,0.9485822916030884,0.0,True,True
round_06__position_06__formal_baseline_v1__inflation_000mm,6,106,formal_baseline_v1__inflation_000mm,formal_baseline_v1,0,True,"[41,7]",True,0.0,0.0,0.9438674449920654,0.9438674449920654,0.0,True,True
round_06__position_07__formal_baseline_v1__inflation_005mm,6,107,formal_baseline_v1__inflation_005mm,formal_baseline_v1,5,True,"[41,7]",True,0.0,0.0,0.9439100027084351,0.9439100027084351,0.0,True,True
round_06__position_08__formal_baseline_v1__inflation_010mm,6,108,formal_baseline_v1__inflation_010mm,formal_baseline_v1,10,True,"[41,7]",True,0.0,0.0,0.9444064497947693,0.9444064497947693,0.0,True,True
round_06__position_09__formal_baseline_v1__inflation_015mm,6,109,formal_baseline_v1__inflation_015mm,formal_baseline_v1,15,True,"[41,7]",True,0.0,0.0,0.9454147815704346,0.9454147815704346,0.0,True,True
round_06__position_10__formal_baseline_v1__inflation_020mm,6,110,formal_baseline_v1__inflation_020mm,formal_baseline_v1,20,True,"[41,7]",True,0.0,0.0,0.9469339847564697,0.9469339847564697,0.0,True,True
round_06__position_11__multiscene_candidate_001__inflation_000mm,6,111,multiscene_candidate_001__inflation_000mm,multiscene_candidate_001,0,True,"[41,7]",True,0.0,0.0,0.9438675045967102,0.9438675045967102,0.0,True,True
round_06__position_12__multiscene_candidate_001__inflation_005mm,6,112,multiscene_candidate_001__inflation_005mm,multiscene_candidate_001,5,True,"[41,7]",True,0.0,0.0,0.9440393447875977,0.9440393447875977,0.0,True,True
round_06__position_13__multiscene_candidate_001__inflation_010mm,6,113,multiscene_candidate_001__inflation_010mm,multiscene_candidate_001,10,True,"[41,7]",True,0.0,0.0,0.9447669386863708,0.9447669386863708,0.0,True,True
round_06__position_14__multiscene_candidate_001__inflation_015mm,6,114,multiscene_candidate_001__inflation_015mm,multiscene_candidate_001,15,True,"[41,7]",True,0.0,0.0,0.9460299015045166,0.9460299015045166,0.0,True,True
round_06__position_15__multiscene_candidate_001__inflation_020mm,6,115,multiscene_candidate_001__inflation_020mm,multiscene_candidate_001,20,True,"[41,7]",True,0.0,0.0,0.947810709476471,0.947810709476471,0.0,True,True
round_06__position_16__multiscene_candidate_005__inflation_000mm,6,116,multiscene_candidate_005__inflation_000mm,multiscene_candidate_005,0,True,"[41,7]",True,0.0,0.0,0.9438865780830383,0.9438865780830383,0.0,True,True
round_06__position_17__multiscene_candidate_005__inflation_005mm,6,117,multiscene_candidate_005__inflation_005mm,multiscene_candidate_005,5,True,"[41,7]",True,0.0,0.0,0.9450989365577698,0.9450989365577698,0.0,True,True
round_06__position_18__multiscene_candidate_005__inflation_010mm,6,118,multiscene_candidate_005__inflation_010mm,multiscene_candidate_005,10,True,"[41,7]",True,0.0,0.0,0.9485982656478882,0.9485982656478882,0.0,True,True
round_06__position_19__multiscene_candidate_005__inflation_015mm,6,119,multiscene_candidate_005__inflation_015mm,multiscene_candidate_005,15,True,"[41,7]",True,0.0,0.0,0.9550252556800842,0.9550252556800842,0.0,True,True
round_06__position_20__multiscene_candidate_005__inflation_020mm,6,120,multiscene_candidate_005__inflation_020mm,multiscene_candidate_005,20,True,"[41,7]",True,0.0,0.0,0.9647320508956909,0.9647320508956909,0.0,True,True
round_07__position_01__formal_baseline_v1__inflation_010mm,7,121,formal_baseline_v1__inflation_010mm,formal_baseline_v1,10,True,"[41,7]",True,0.0,0.0,0.9444064497947693,0.9444064497947693,0.0,True,True
round_07__position_02__formal_baseline_v1__inflation_015mm,7,122,formal_baseline_v1__inflation_015mm,formal_baseline_v1,15,True,"[41,7]",True,0.0,0.0,0.9454147815704346,0.9454147815704346,0.0,True,True
round_07__position_03__formal_baseline_v1__inflation_020mm,7,123,formal_baseline_v1__inflation_020mm,formal_baseline_v1,20,True,"[41,7]",True,0.0,0.0,0.9469339847564697,0.9469339847564697,0.0,True,True
round_07__position_04__multiscene_candidate_001__inflation_000mm,7,124,multiscene_candidate_001__inflation_000mm,multiscene_candidate_001,0,True,"[41,7]",True,0.0,0.0,0.9438675045967102,0.9438675045967102,0.0,True,True
round_07__position_05__multiscene_candidate_001__inflation_005mm,7,125,multiscene_candidate_001__inflation_005mm,multiscene_candidate_001,5,True,"[41,7]",True,0.0,0.0,0.9440393447875977,0.9440393447875977,0.0,True,True
round_07__position_06__multiscene_candidate_001__inflation_010mm,7,126,multiscene_candidate_001__inflation_010mm,multiscene_candidate_001,10,True,"[41,7]",True,0.0,0.0,0.9447669386863708,0.9447669386863708,0.0,True,True
round_07__position_07__multiscene_candidate_001__inflation_015mm,7,127,multiscene_candidate_001__inflation_015mm,multiscene_candidate_001,15,True,"[41,7]",True,0.0,0.0,0.9460299015045166,0.9460299015045166,0.0,True,True
round_07__position_08__multiscene_candidate_001__inflation_020mm,7,128,multiscene_candidate_001__inflation_020mm,multiscene_candidate_001,20,True,"[41,7]",True,0.0,0.0,0.947810709476471,0.947810709476471,0.0,True,True
round_07__position_09__multiscene_candidate_005__inflation_000mm,7,129,multiscene_candidate_005__inflation_000mm,multiscene_candidate_005,0,True,"[41,7]",True,0.0,0.0,0.9438865780830383,0.9438865780830383,0.0,True,True
round_07__position_10__multiscene_candidate_005__inflation_005mm,7,130,multiscene_candidate_005__inflation_005mm,multiscene_candidate_005,5,True,"[41,7]",True,0.0,0.0,0.9450989365577698,0.9450989365577698,0.0,True,True
round_07__position_11__multiscene_candidate_005__inflation_010mm,7,131,multiscene_candidate_005__inflation_010mm,multiscene_candidate_005,10,True,"[41,7]",True,0.0,0.0,0.9485982656478882,0.9485982656478882,0.0,True,True
round_07__position_12__multiscene_candidate_005__inflation_015mm,7,132,multiscene_candidate_005__inflation_015mm,multiscene_candidate_005,15,True,"[41,7]",True,0.0,0.0,0.9550252556800842,0.9550252556800842,0.0,True,True
round_07__position_13__multiscene_candidate_005__inflation_020mm,7,133,multiscene_candidate_005__inflation_020mm,multiscene_candidate_005,20,True,"[41,7]",True,0.0,0.0,0.9647320508956909,0.9647320508956909,0.0,True,True
round_07__position_14__multiscene_candidate_006__inflation_000mm,7,134,multiscene_candidate_006__inflation_000mm,multiscene_candidate_006,0,True,"[41,7]",True,0.0,0.0,0.9438737630844116,0.9438737630844116,0.0,True,True
round_07__position_15__multiscene_candidate_006__inflation_005mm,7,135,multiscene_candidate_006__inflation_005mm,multiscene_candidate_006,5,True,"[41,7]",True,0.0,0.0,0.9442387819290161,0.9442387819290161,0.0,True,True
round_07__position_16__multiscene_candidate_006__inflation_010mm,7,136,multiscene_candidate_006__inflation_010mm,multiscene_candidate_006,10,True,"[41,7]",True,0.0,0.0,0.9451422691345215,0.9451422691345215,0.0,True,True
round_07__position_17__multiscene_candidate_006__inflation_015mm,7,137,multiscene_candidate_006__inflation_015mm,multiscene_candidate_006,15,True,"[41,7]",True,0.0,0.0,0.9466080665588379,0.9466080665588379,0.0,True,True
round_07__position_18__multiscene_candidate_006__inflation_020mm,7,138,multiscene_candidate_006__inflation_020mm,multiscene_candidate_006,20,True,"[41,7]",True,0.0,0.0,0.9485822916030884,0.9485822916030884,0.0,True,True
round_07__position_19__formal_baseline_v1__inflation_000mm,7,139,formal_baseline_v1__inflation_000mm,formal_baseline_v1,0,True,"[41,7]",True,0.0,0.0,0.9438674449920654,0.9438674449920654,0.0,True,True
round_07__position_20__formal_baseline_v1__inflation_005mm,7,140,formal_baseline_v1__inflation_005mm,formal_baseline_v1,5,True,"[41,7]",True,0.0,0.0,0.9439100027084351,0.9439100027084351,0.0,True,True
round_08__position_01__multiscene_candidate_001__inflation_020mm,8,141,multiscene_candidate_001__inflation_020mm,multiscene_candidate_001,20,True,"[41,7]",True,0.0,0.0,0.947810709476471,0.947810709476471,0.0,True,True
round_08__position_02__multiscene_candidate_005__inflation_000mm,8,142,multiscene_candidate_005__inflation_000mm,multiscene_candidate_005,0,True,"[41,7]",True,0.0,0.0,0.9438865780830383,0.9438865780830383,0.0,True,True
round_08__position_03__multiscene_candidate_005__inflation_005mm,8,143,multiscene_candidate_005__inflation_005mm,multiscene_candidate_005,5,True,"[41,7]",True,0.0,0.0,0.9450989365577698,0.9450989365577698,0.0,True,True
round_08__position_04__multiscene_candidate_005__inflation_010mm,8,144,multiscene_candidate_005__inflation_010mm,multiscene_candidate_005,10,True,"[41,7]",True,0.0,0.0,0.9485982656478882,0.9485982656478882,0.0,True,True
round_08__position_05__multiscene_candidate_005__inflation_015mm,8,145,multiscene_candidate_005__inflation_015mm,multiscene_candidate_005,15,True,"[41,7]",True,0.0,0.0,0.9550252556800842,0.9550252556800842,0.0,True,True
round_08__position_06__multiscene_candidate_005__inflation_020mm,8,146,multiscene_candidate_005__inflation_020mm,multiscene_candidate_005,20,True,"[41,7]",True,0.0,0.0,0.9647320508956909,0.9647320508956909,0.0,True,True
round_08__position_07__multiscene_candidate_006__inflation_000mm,8,147,multiscene_candidate_006__inflation_000mm,multiscene_candidate_006,0,True,"[41,7]",True,0.0,0.0,0.9438737630844116,0.9438737630844116,0.0,True,True
round_08__position_08__multiscene_candidate_006__inflation_005mm,8,148,multiscene_candidate_006__inflation_005mm,multiscene_candidate_006,5,True,"[41,7]",True,0.0,0.0,0.9442387819290161,0.9442387819290161,0.0,True,True
round_08__position_09__multiscene_candidate_006__inflation_010mm,8,149,multiscene_candidate_006__inflation_010mm,multiscene_candidate_006,10,True,"[41,7]",True,0.0,0.0,0.9451422691345215,0.9451422691345215,0.0,True,True
round_08__position_10__multiscene_candidate_006__inflation_015mm,8,150,multiscene_candidate_006__inflation_015mm,multiscene_candidate_006,15,True,"[41,7]",True,0.0,0.0,0.9466080665588379,0.9466080665588379,0.0,True,True
round_08__position_11__multiscene_candidate_006__inflation_020mm,8,151,multiscene_candidate_006__inflation_020mm,multiscene_candidate_006,20,True,"[41,7]",True,0.0,0.0,0.9485822916030884,0.9485822916030884,0.0,True,True
round_08__position_12__formal_baseline_v1__inflation_000mm,8,152,formal_baseline_v1__inflation_000mm,formal_baseline_v1,0,True,"[41,7]",True,0.0,0.0,0.9438674449920654,0.9438674449920654,0.0,True,True
round_08__position_13__formal_baseline_v1__inflation_005mm,8,153,formal_baseline_v1__inflation_005mm,formal_baseline_v1,5,True,"[41,7]",True,0.0,0.0,0.9439100027084351,0.9439100027084351,0.0,True,True
round_08__position_14__formal_baseline_v1__inflation_010mm,8,154,formal_baseline_v1__inflation_010mm,formal_baseline_v1,10,True,"[41,7]",True,0.0,0.0,0.9444064497947693,0.9444064497947693,0.0,True,True
round_08__position_15__formal_baseline_v1__inflation_015mm,8,155,formal_baseline_v1__inflation_015mm,formal_baseline_v1,15,True,"[41,7]",True,0.0,0.0,0.9454147815704346,0.9454147815704346,0.0,True,True
round_08__position_16__formal_baseline_v1__inflation_020mm,8,156,formal_baseline_v1__inflation_020mm,formal_baseline_v1,20,True,"[41,7]",True,0.0,0.0,0.9469339847564697,0.9469339847564697,0.0,True,True
round_08__position_17__multiscene_candidate_001__inflation_000mm,8,157,multiscene_candidate_001__inflation_000mm,multiscene_candidate_001,0,True,"[41,7]",True,0.0,0.0,0.9438675045967102,0.9438675045967102,0.0,True,True
round_08__position_18__multiscene_candidate_001__inflation_005mm,8,158,multiscene_candidate_001__inflation_005mm,multiscene_candidate_001,5,True,"[41,7]",True,0.0,0.0,0.9440393447875977,0.9440393447875977,0.0,True,True
round_08__position_19__multiscene_candidate_001__inflation_010mm,8,159,multiscene_candidate_001__inflation_010mm,multiscene_candidate_001,10,True,"[41,7]",True,0.0,0.0,0.9447669386863708,0.9447669386863708,0.0,True,True
round_08__position_20__multiscene_candidate_001__inflation_015mm,8,160,multiscene_candidate_001__inflation_015mm,multiscene_candidate_001,15,True,"[41,7]",True,0.0,0.0,0.9460299015045166,0.9460299015045166,0.0,True,True
round_09__position_01__multiscene_candidate_006__inflation_005mm,9,161,multiscene_candidate_006__inflation_005mm,multiscene_candidate_006,5,True,"[41,7]",True,0.0,0.0,0.9442387819290161,0.9442387819290161,0.0,True,True
round_09__position_02__multiscene_candidate_006__inflation_010mm,9,162,multiscene_candidate_006__inflation_010mm,multiscene_candidate_006,10,True,"[41,7]",True,0.0,0.0,0.9451422691345215,0.9451422691345215,0.0,True,True
round_09__position_03__multiscene_candidate_006__inflation_015mm,9,163,multiscene_candidate_006__inflation_015mm,multiscene_candidate_006,15,True,"[41,7]",True,0.0,0.0,0.9466080665588379,0.9466080665588379,0.0,True,True
round_09__position_04__multiscene_candidate_006__inflation_020mm,9,164,multiscene_candidate_006__inflation_020mm,multiscene_candidate_006,20,True,"[41,7]",True,0.0,0.0,0.9485822916030884,0.9485822916030884,0.0,True,True
round_09__position_05__formal_baseline_v1__inflation_000mm,9,165,formal_baseline_v1__inflation_000mm,formal_baseline_v1,0,True,"[41,7]",True,0.0,0.0,0.9438674449920654,0.9438674449920654,0.0,True,True
round_09__position_06__formal_baseline_v1__inflation_005mm,9,166,formal_baseline_v1__inflation_005mm,formal_baseline_v1,5,True,"[41,7]",True,0.0,0.0,0.9439100027084351,0.9439100027084351,0.0,True,True
round_09__position_07__formal_baseline_v1__inflation_010mm,9,167,formal_baseline_v1__inflation_010mm,formal_baseline_v1,10,True,"[41,7]",True,0.0,0.0,0.9444064497947693,0.9444064497947693,0.0,True,True
round_09__position_08__formal_baseline_v1__inflation_015mm,9,168,formal_baseline_v1__inflation_015mm,formal_baseline_v1,15,True,"[41,7]",True,0.0,0.0,0.9454147815704346,0.9454147815704346,0.0,True,True
round_09__position_09__formal_baseline_v1__inflation_020mm,9,169,formal_baseline_v1__inflation_020mm,formal_baseline_v1,20,True,"[41,7]",True,0.0,0.0,0.9469339847564697,0.9469339847564697,0.0,True,True
round_09__position_10__multiscene_candidate_001__inflation_000mm,9,170,multiscene_candidate_001__inflation_000mm,multiscene_candidate_001,0,True,"[41,7]",True,0.0,0.0,0.9438675045967102,0.9438675045967102,0.0,True,True
round_09__position_11__multiscene_candidate_001__inflation_005mm,9,171,multiscene_candidate_001__inflation_005mm,multiscene_candidate_001,5,True,"[41,7]",True,0.0,0.0,0.9440393447875977,0.9440393447875977,0.0,True,True
round_09__position_12__multiscene_candidate_001__inflation_010mm,9,172,multiscene_candidate_001__inflation_010mm,multiscene_candidate_001,10,True,"[41,7]",True,0.0,0.0,0.9447669386863708,0.9447669386863708,0.0,True,True
round_09__position_13__multiscene_candidate_001__inflation_015mm,9,173,multiscene_candidate_001__inflation_015mm,multiscene_candidate_001,15,True,"[41,7]",True,0.0,0.0,0.9460299015045166,0.9460299015045166,0.0,True,True
round_09__position_14__multiscene_candidate_001__inflation_020mm,9,174,multiscene_candidate_001__inflation_020mm,multiscene_candidate_001,20,True,"[41,7]",True,0.0,0.0,0.947810709476471,0.947810709476471,0.0,True,True
round_09__position_15__multiscene_candidate_005__inflation_000mm,9,175,multiscene_candidate_005__inflation_000mm,multiscene_candidate_005,0,True,"[41,7]",True,0.0,0.0,0.9438865780830383,0.9438865780830383,0.0,True,True
round_09__position_16__multiscene_candidate_005__inflation_005mm,9,176,multiscene_candidate_005__inflation_005mm,multiscene_candidate_005,5,True,"[41,7]",True,0.0,0.0,0.9450989365577698,0.9450989365577698,0.0,True,True
round_09__position_17__multiscene_candidate_005__inflation_010mm,9,177,multiscene_candidate_005__inflation_010mm,multiscene_candidate_005,10,True,"[41,7]",True,0.0,0.0,0.9485982656478882,0.9485982656478882,0.0,True,True
round_09__position_18__multiscene_candidate_005__inflation_015mm,9,178,multiscene_candidate_005__inflation_015mm,multiscene_candidate_005,15,True,"[41,7]",True,0.0,0.0,0.9550252556800842,0.9550252556800842,0.0,True,True
round_09__position_19__multiscene_candidate_005__inflation_020mm,9,179,multiscene_candidate_005__inflation_020mm,multiscene_candidate_005,20,True,"[41,7]",True,0.0,0.0,0.9647320508956909,0.9647320508956909,0.0,True,True
round_09__position_20__multiscene_candidate_006__inflation_000mm,9,180,multiscene_candidate_006__inflation_000mm,multiscene_candidate_006,0,True,"[41,7]",True,0.0,0.0,0.9438737630844116,0.9438737630844116,0.0,True,True
round_10__position_01__formal_baseline_v1__inflation_015mm,10,181,formal_baseline_v1__inflation_015mm,formal_baseline_v1,15,True,"[41,7]",True,0.0,0.0,0.9454147815704346,0.9454147815704346,0.0,True,True
round_10__position_02__formal_baseline_v1__inflation_020mm,10,182,formal_baseline_v1__inflation_020mm,formal_baseline_v1,20,True,"[41,7]",True,0.0,0.0,0.9469339847564697,0.9469339847564697,0.0,True,True
round_10__position_03__multiscene_candidate_001__inflation_000mm,10,183,multiscene_candidate_001__inflation_000mm,multiscene_candidate_001,0,True,"[41,7]",True,0.0,0.0,0.9438675045967102,0.9438675045967102,0.0,True,True
round_10__position_04__multiscene_candidate_001__inflation_005mm,10,184,multiscene_candidate_001__inflation_005mm,multiscene_candidate_001,5,True,"[41,7]",True,0.0,0.0,0.9440393447875977,0.9440393447875977,0.0,True,True
round_10__position_05__multiscene_candidate_001__inflation_010mm,10,185,multiscene_candidate_001__inflation_010mm,multiscene_candidate_001,10,True,"[41,7]",True,0.0,0.0,0.9447669386863708,0.9447669386863708,0.0,True,True
round_10__position_06__multiscene_candidate_001__inflation_015mm,10,186,multiscene_candidate_001__inflation_015mm,multiscene_candidate_001,15,True,"[41,7]",True,0.0,0.0,0.9460299015045166,0.9460299015045166,0.0,True,True
round_10__position_07__multiscene_candidate_001__inflation_020mm,10,187,multiscene_candidate_001__inflation_020mm,multiscene_candidate_001,20,True,"[41,7]",True,0.0,0.0,0.947810709476471,0.947810709476471,0.0,True,True
round_10__position_08__multiscene_candidate_005__inflation_000mm,10,188,multiscene_candidate_005__inflation_000mm,multiscene_candidate_005,0,True,"[41,7]",True,0.0,0.0,0.9438865780830383,0.9438865780830383,0.0,True,True
round_10__position_09__multiscene_candidate_005__inflation_005mm,10,189,multiscene_candidate_005__inflation_005mm,multiscene_candidate_005,5,True,"[41,7]",True,0.0,0.0,0.9450989365577698,0.9450989365577698,0.0,True,True
round_10__position_10__multiscene_candidate_005__inflation_010mm,10,190,multiscene_candidate_005__inflation_010mm,multiscene_candidate_005,10,True,"[41,7]",True,0.0,0.0,0.9485982656478882,0.9485982656478882,0.0,True,True
round_10__position_11__multiscene_candidate_005__inflation_015mm,10,191,multiscene_candidate_005__inflation_015mm,multiscene_candidate_005,15,True,"[41,7]",True,0.0,0.0,0.9550252556800842,0.9550252556800842,0.0,True,True
round_10__position_12__multiscene_candidate_005__inflation_020mm,10,192,multiscene_candidate_005__inflation_020mm,multiscene_candidate_005,20,True,"[41,7]",True,0.0,0.0,0.9647320508956909,0.9647320508956909,0.0,True,True
round_10__position_13__multiscene_candidate_006__inflation_000mm,10,193,multiscene_candidate_006__inflation_000mm,multiscene_candidate_006,0,True,"[41,7]",True,0.0,0.0,0.9438737630844116,0.9438737630844116,0.0,True,True
round_10__position_14__multiscene_candidate_006__inflation_005mm,10,194,multiscene_candidate_006__inflation_005mm,multiscene_candidate_006,5,True,"[41,7]",True,0.0,0.0,0.9442387819290161,0.9442387819290161,0.0,True,True
round_10__position_15__multiscene_candidate_006__inflation_010mm,10,195,multiscene_candidate_006__inflation_010mm,multiscene_candidate_006,10,True,"[41,7]",True,0.0,0.0,0.9451422691345215,0.9451422691345215,0.0,True,True
round_10__position_16__multiscene_candidate_006__inflation_015mm,10,196,multiscene_candidate_006__inflation_015mm,multiscene_candidate_006,15,True,"[41,7]",True,0.0,0.0,0.9466080665588379,0.9466080665588379,0.0,True,True
round_10__position_17__multiscene_candidate_006__inflation_020mm,10,197,multiscene_candidate_006__inflation_020mm,multiscene_candidate_006,20,True,"[41,7]",True,0.0,0.0,0.9485822916030884,0.9485822916030884,0.0,True,True
round_10__position_18__formal_baseline_v1__inflation_000mm,10,198,formal_baseline_v1__inflation_000mm,formal_baseline_v1,0,True,"[41,7]",True,0.0,0.0,0.9438674449920654,0.9438674449920654,0.0,True,True
round_10__position_19__formal_baseline_v1__inflation_005mm,10,199,formal_baseline_v1__inflation_005mm,formal_baseline_v1,5,True,"[41,7]",True,0.0,0.0,0.9439100027084351,0.9439100027084351,0.0,True,True
round_10__position_20__formal_baseline_v1__inflation_010mm,10,200,formal_baseline_v1__inflation_010mm,formal_baseline_v1,10,True,"[41,7]",True,0.0,0.0,0.9444064497947693,0.9444064497947693,0.0,True,True
round_11__position_01__multiscene_candidate_005__inflation_000mm,11,201,multiscene_candidate_005__inflation_000mm,multiscene_candidate_005,0,True,"[41,7]",True,0.0,0.0,0.9438865780830383,0.9438865780830383,0.0,True,True
round_11__position_02__multiscene_candidate_005__inflation_005mm,11,202,multiscene_candidate_005__inflation_005mm,multiscene_candidate_005,5,True,"[41,7]",True,0.0,0.0,0.9450989365577698,0.9450989365577698,0.0,True,True
round_11__position_03__multiscene_candidate_005__inflation_010mm,11,203,multiscene_candidate_005__inflation_010mm,multiscene_candidate_005,10,True,"[41,7]",True,0.0,0.0,0.9485982656478882,0.9485982656478882,0.0,True,True
round_11__position_04__multiscene_candidate_005__inflation_015mm,11,204,multiscene_candidate_005__inflation_015mm,multiscene_candidate_005,15,True,"[41,7]",True,0.0,0.0,0.9550252556800842,0.9550252556800842,0.0,True,True
round_11__position_05__multiscene_candidate_005__inflation_020mm,11,205,multiscene_candidate_005__inflation_020mm,multiscene_candidate_005,20,True,"[41,7]",True,0.0,0.0,0.9647320508956909,0.9647320508956909,0.0,True,True
round_11__position_06__multiscene_candidate_006__inflation_000mm,11,206,multiscene_candidate_006__inflation_000mm,multiscene_candidate_006,0,True,"[41,7]",True,0.0,0.0,0.9438737630844116,0.9438737630844116,0.0,True,True
round_11__position_07__multiscene_candidate_006__inflation_005mm,11,207,multiscene_candidate_006__inflation_005mm,multiscene_candidate_006,5,True,"[41,7]",True,0.0,0.0,0.9442387819290161,0.9442387819290161,0.0,True,True
round_11__position_08__multiscene_candidate_006__inflation_010mm,11,208,multiscene_candidate_006__inflation_010mm,multiscene_candidate_006,10,True,"[41,7]",True,0.0,0.0,0.9451422691345215,0.9451422691345215,0.0,True,True
round_11__position_09__multiscene_candidate_006__inflation_015mm,11,209,multiscene_candidate_006__inflation_015mm,multiscene_candidate_006,15,True,"[41,7]",True,0.0,0.0,0.9466080665588379,0.9466080665588379,0.0,True,True
round_11__position_10__multiscene_candidate_006__inflation_020mm,11,210,multiscene_candidate_006__inflation_020mm,multiscene_candidate_006,20,True,"[41,7]",True,0.0,0.0,0.9485822916030884,0.9485822916030884,0.0,True,True
round_11__position_11__formal_baseline_v1__inflation_000mm,11,211,formal_baseline_v1__inflation_000mm,formal_baseline_v1,0,True,"[41,7]",True,0.0,0.0,0.9438674449920654,0.9438674449920654,0.0,True,True
round_11__position_12__formal_baseline_v1__inflation_005mm,11,212,formal_baseline_v1__inflation_005mm,formal_baseline_v1,5,True,"[41,7]",True,0.0,0.0,0.9439100027084351,0.9439100027084351,0.0,True,True
round_11__position_13__formal_baseline_v1__inflation_010mm,11,213,formal_baseline_v1__inflation_010mm,formal_baseline_v1,10,True,"[41,7]",True,0.0,0.0,0.9444064497947693,0.9444064497947693,0.0,True,True
round_11__position_14__formal_baseline_v1__inflation_015mm,11,214,formal_baseline_v1__inflation_015mm,formal_baseline_v1,15,True,"[41,7]",True,0.0,0.0,0.9454147815704346,0.9454147815704346,0.0,True,True
round_11__position_15__formal_baseline_v1__inflation_020mm,11,215,formal_baseline_v1__inflation_020mm,formal_baseline_v1,20,True,"[41,7]",True,0.0,0.0,0.9469339847564697,0.9469339847564697,0.0,True,True
round_11__position_16__multiscene_candidate_001__inflation_000mm,11,216,multiscene_candidate_001__inflation_000mm,multiscene_candidate_001,0,True,"[41,7]",True,0.0,0.0,0.9438675045967102,0.9438675045967102,0.0,True,True
round_11__position_17__multiscene_candidate_001__inflation_005mm,11,217,multiscene_candidate_001__inflation_005mm,multiscene_candidate_001,5,True,"[41,7]",True,0.0,0.0,0.9440393447875977,0.9440393447875977,0.0,True,True
round_11__position_18__multiscene_candidate_001__inflation_010mm,11,218,multiscene_candidate_001__inflation_010mm,multiscene_candidate_001,10,True,"[41,7]",True,0.0,0.0,0.9447669386863708,0.9447669386863708,0.0,True,True
round_11__position_19__multiscene_candidate_001__inflation_015mm,11,219,multiscene_candidate_001__inflation_015mm,multiscene_candidate_001,15,True,"[41,7]",True,0.0,0.0,0.9460299015045166,0.9460299015045166,0.0,True,True
round_11__position_20__multiscene_candidate_001__inflation_020mm,11,220,multiscene_candidate_001__inflation_020mm,multiscene_candidate_001,20,True,"[41,7]",True,0.0,0.0,0.947810709476471,0.947810709476471,0.0,True,True
round_12__position_01__multiscene_candidate_006__inflation_010mm,12,221,multiscene_candidate_006__inflation_010mm,multiscene_candidate_006,10,True,"[41,7]",True,0.0,0.0,0.9451422691345215,0.9451422691345215,0.0,True,True
round_12__position_02__multiscene_candidate_006__inflation_015mm,12,222,multiscene_candidate_006__inflation_015mm,multiscene_candidate_006,15,True,"[41,7]",True,0.0,0.0,0.9466080665588379,0.9466080665588379,0.0,True,True
round_12__position_03__multiscene_candidate_006__inflation_020mm,12,223,multiscene_candidate_006__inflation_020mm,multiscene_candidate_006,20,True,"[41,7]",True,0.0,0.0,0.9485822916030884,0.9485822916030884,0.0,True,True
round_12__position_04__formal_baseline_v1__inflation_000mm,12,224,formal_baseline_v1__inflation_000mm,formal_baseline_v1,0,True,"[41,7]",True,0.0,0.0,0.9438674449920654,0.9438674449920654,0.0,True,True
round_12__position_05__formal_baseline_v1__inflation_005mm,12,225,formal_baseline_v1__inflation_005mm,formal_baseline_v1,5,True,"[41,7]",True,0.0,0.0,0.9439100027084351,0.9439100027084351,0.0,True,True
round_12__position_06__formal_baseline_v1__inflation_010mm,12,226,formal_baseline_v1__inflation_010mm,formal_baseline_v1,10,True,"[41,7]",True,0.0,0.0,0.9444064497947693,0.9444064497947693,0.0,True,True
round_12__position_07__formal_baseline_v1__inflation_015mm,12,227,formal_baseline_v1__inflation_015mm,formal_baseline_v1,15,True,"[41,7]",True,0.0,0.0,0.9454147815704346,0.9454147815704346,0.0,True,True
round_12__position_08__formal_baseline_v1__inflation_020mm,12,228,formal_baseline_v1__inflation_020mm,formal_baseline_v1,20,True,"[41,7]",True,0.0,0.0,0.9469339847564697,0.9469339847564697,0.0,True,True
round_12__position_09__multiscene_candidate_001__inflation_000mm,12,229,multiscene_candidate_001__inflation_000mm,multiscene_candidate_001,0,True,"[41,7]",True,0.0,0.0,0.9438675045967102,0.9438675045967102,0.0,True,True
round_12__position_10__multiscene_candidate_001__inflation_005mm,12,230,multiscene_candidate_001__inflation_005mm,multiscene_candidate_001,5,True,"[41,7]",True,0.0,0.0,0.9440393447875977,0.9440393447875977,0.0,True,True
round_12__position_11__multiscene_candidate_001__inflation_010mm,12,231,multiscene_candidate_001__inflation_010mm,multiscene_candidate_001,10,True,"[41,7]",True,0.0,0.0,0.9447669386863708,0.9447669386863708,0.0,True,True
round_12__position_12__multiscene_candidate_001__inflation_015mm,12,232,multiscene_candidate_001__inflation_015mm,multiscene_candidate_001,15,True,"[41,7]",True,0.0,0.0,0.9460299015045166,0.9460299015045166,0.0,True,True
round_12__position_13__multiscene_candidate_001__inflation_020mm,12,233,multiscene_candidate_001__inflation_020mm,multiscene_candidate_001,20,True,"[41,7]",True,0.0,0.0,0.947810709476471,0.947810709476471,0.0,True,True
round_12__position_14__multiscene_candidate_005__inflation_000mm,12,234,multiscene_candidate_005__inflation_000mm,multiscene_candidate_005,0,True,"[41,7]",True,0.0,0.0,0.9438865780830383,0.9438865780830383,0.0,True,True
round_12__position_15__multiscene_candidate_005__inflation_005mm,12,235,multiscene_candidate_005__inflation_005mm,multiscene_candidate_005,5,True,"[41,7]",True,0.0,0.0,0.9450989365577698,0.9450989365577698,0.0,True,True
round_12__position_16__multiscene_candidate_005__inflation_010mm,12,236,multiscene_candidate_005__inflation_010mm,multiscene_candidate_005,10,True,"[41,7]",True,0.0,0.0,0.9485982656478882,0.9485982656478882,0.0,True,True
round_12__position_17__multiscene_candidate_005__inflation_015mm,12,237,multiscene_candidate_005__inflation_015mm,multiscene_candidate_005,15,True,"[41,7]",True,0.0,0.0,0.9550252556800842,0.9550252556800842,0.0,True,True
round_12__position_18__multiscene_candidate_005__inflation_020mm,12,238,multiscene_candidate_005__inflation_020mm,multiscene_candidate_005,20,True,"[41,7]",True,0.0,0.0,0.9647320508956909,0.9647320508956909,0.0,True,True
round_12__position_19__multiscene_candidate_006__inflation_000mm,12,239,multiscene_candidate_006__inflation_000mm,multiscene_candidate_006,0,True,"[41,7]",True,0.0,0.0,0.9438737630844116,0.9438737630844116,0.0,True,True
round_12__position_20__multiscene_candidate_006__inflation_005mm,12,240,multiscene_candidate_006__inflation_005mm,multiscene_candidate_006,5,True,"[41,7]",True,0.0,0.0,0.9442387819290161,0.9442387819290161,0.0,True,True
round_13__position_01__formal_baseline_v1__inflation_020mm,13,241,formal_baseline_v1__inflation_020mm,formal_baseline_v1,20,True,"[41,7]",True,0.0,0.0,0.9469339847564697,0.9469339847564697,0.0,True,True
round_13__position_02__multiscene_candidate_001__inflation_000mm,13,242,multiscene_candidate_001__inflation_000mm,multiscene_candidate_001,0,True,"[41,7]",True,0.0,0.0,0.9438675045967102,0.9438675045967102,0.0,True,True
round_13__position_03__multiscene_candidate_001__inflation_005mm,13,243,multiscene_candidate_001__inflation_005mm,multiscene_candidate_001,5,True,"[41,7]",True,0.0,0.0,0.9440393447875977,0.9440393447875977,0.0,True,True
round_13__position_04__multiscene_candidate_001__inflation_010mm,13,244,multiscene_candidate_001__inflation_010mm,multiscene_candidate_001,10,True,"[41,7]",True,0.0,0.0,0.9447669386863708,0.9447669386863708,0.0,True,True
round_13__position_05__multiscene_candidate_001__inflation_015mm,13,245,multiscene_candidate_001__inflation_015mm,multiscene_candidate_001,15,True,"[41,7]",True,0.0,0.0,0.9460299015045166,0.9460299015045166,0.0,True,True
round_13__position_06__multiscene_candidate_001__inflation_020mm,13,246,multiscene_candidate_001__inflation_020mm,multiscene_candidate_001,20,True,"[41,7]",True,0.0,0.0,0.947810709476471,0.947810709476471,0.0,True,True
round_13__position_07__multiscene_candidate_005__inflation_000mm,13,247,multiscene_candidate_005__inflation_000mm,multiscene_candidate_005,0,True,"[41,7]",True,0.0,0.0,0.9438865780830383,0.9438865780830383,0.0,True,True
round_13__position_08__multiscene_candidate_005__inflation_005mm,13,248,multiscene_candidate_005__inflation_005mm,multiscene_candidate_005,5,True,"[41,7]",True,0.0,0.0,0.9450989365577698,0.9450989365577698,0.0,True,True
round_13__position_09__multiscene_candidate_005__inflation_010mm,13,249,multiscene_candidate_005__inflation_010mm,multiscene_candidate_005,10,True,"[41,7]",True,0.0,0.0,0.9485982656478882,0.9485982656478882,0.0,True,True
round_13__position_10__multiscene_candidate_005__inflation_015mm,13,250,multiscene_candidate_005__inflation_015mm,multiscene_candidate_005,15,True,"[41,7]",True,0.0,0.0,0.9550252556800842,0.9550252556800842,0.0,True,True
round_13__position_11__multiscene_candidate_005__inflation_020mm,13,251,multiscene_candidate_005__inflation_020mm,multiscene_candidate_005,20,True,"[41,7]",True,0.0,0.0,0.9647320508956909,0.9647320508956909,0.0,True,True
round_13__position_12__multiscene_candidate_006__inflation_000mm,13,252,multiscene_candidate_006__inflation_000mm,multiscene_candidate_006,0,True,"[41,7]",True,0.0,0.0,0.9438737630844116,0.9438737630844116,0.0,True,True
round_13__position_13__multiscene_candidate_006__inflation_005mm,13,253,multiscene_candidate_006__inflation_005mm,multiscene_candidate_006,5,True,"[41,7]",True,0.0,0.0,0.9442387819290161,0.9442387819290161,0.0,True,True
round_13__position_14__multiscene_candidate_006__inflation_010mm,13,254,multiscene_candidate_006__inflation_010mm,multiscene_candidate_006,10,True,"[41,7]",True,0.0,0.0,0.9451422691345215,0.9451422691345215,0.0,True,True
round_13__position_15__multiscene_candidate_006__inflation_015mm,13,255,multiscene_candidate_006__inflation_015mm,multiscene_candidate_006,15,True,"[41,7]",True,0.0,0.0,0.9466080665588379,0.9466080665588379,0.0,True,True
round_13__position_16__multiscene_candidate_006__inflation_020mm,13,256,multiscene_candidate_006__inflation_020mm,multiscene_candidate_006,20,True,"[41,7]",True,0.0,0.0,0.9485822916030884,0.9485822916030884,0.0,True,True
round_13__position_17__formal_baseline_v1__inflation_000mm,13,257,formal_baseline_v1__inflation_000mm,formal_baseline_v1,0,True,"[41,7]",True,0.0,0.0,0.9438674449920654,0.9438674449920654,0.0,True,True
round_13__position_18__formal_baseline_v1__inflation_005mm,13,258,formal_baseline_v1__inflation_005mm,formal_baseline_v1,5,True,"[41,7]",True,0.0,0.0,0.9439100027084351,0.9439100027084351,0.0,True,True
round_13__position_19__formal_baseline_v1__inflation_010mm,13,259,formal_baseline_v1__inflation_010mm,formal_baseline_v1,10,True,"[41,7]",True,0.0,0.0,0.9444064497947693,0.9444064497947693,0.0,True,True
round_13__position_20__formal_baseline_v1__inflation_015mm,13,260,formal_baseline_v1__inflation_015mm,formal_baseline_v1,15,True,"[41,7]",True,0.0,0.0,0.9454147815704346,0.9454147815704346,0.0,True,True
round_14__position_01__multiscene_candidate_005__inflation_005mm,14,261,multiscene_candidate_005__inflation_005mm,multiscene_candidate_005,5,True,"[41,7]",True,0.0,0.0,0.9450989365577698,0.9450989365577698,0.0,True,True
round_14__position_02__multiscene_candidate_005__inflation_010mm,14,262,multiscene_candidate_005__inflation_010mm,multiscene_candidate_005,10,True,"[41,7]",True,0.0,0.0,0.9485982656478882,0.9485982656478882,0.0,True,True
round_14__position_03__multiscene_candidate_005__inflation_015mm,14,263,multiscene_candidate_005__inflation_015mm,multiscene_candidate_005,15,True,"[41,7]",True,0.0,0.0,0.9550252556800842,0.9550252556800842,0.0,True,True
round_14__position_04__multiscene_candidate_005__inflation_020mm,14,264,multiscene_candidate_005__inflation_020mm,multiscene_candidate_005,20,True,"[41,7]",True,0.0,0.0,0.9647320508956909,0.9647320508956909,0.0,True,True
round_14__position_05__multiscene_candidate_006__inflation_000mm,14,265,multiscene_candidate_006__inflation_000mm,multiscene_candidate_006,0,True,"[41,7]",True,0.0,0.0,0.9438737630844116,0.9438737630844116,0.0,True,True
round_14__position_06__multiscene_candidate_006__inflation_005mm,14,266,multiscene_candidate_006__inflation_005mm,multiscene_candidate_006,5,True,"[41,7]",True,0.0,0.0,0.9442387819290161,0.9442387819290161,0.0,True,True
round_14__position_07__multiscene_candidate_006__inflation_010mm,14,267,multiscene_candidate_006__inflation_010mm,multiscene_candidate_006,10,True,"[41,7]",True,0.0,0.0,0.9451422691345215,0.9451422691345215,0.0,True,True
round_14__position_08__multiscene_candidate_006__inflation_015mm,14,268,multiscene_candidate_006__inflation_015mm,multiscene_candidate_006,15,True,"[41,7]",True,0.0,0.0,0.9466080665588379,0.9466080665588379,0.0,True,True
round_14__position_09__multiscene_candidate_006__inflation_020mm,14,269,multiscene_candidate_006__inflation_020mm,multiscene_candidate_006,20,True,"[41,7]",True,0.0,0.0,0.9485822916030884,0.9485822916030884,0.0,True,True
round_14__position_10__formal_baseline_v1__inflation_000mm,14,270,formal_baseline_v1__inflation_000mm,formal_baseline_v1,0,True,"[41,7]",True,0.0,0.0,0.9438674449920654,0.9438674449920654,0.0,True,True
round_14__position_11__formal_baseline_v1__inflation_005mm,14,271,formal_baseline_v1__inflation_005mm,formal_baseline_v1,5,True,"[41,7]",True,0.0,0.0,0.9439100027084351,0.9439100027084351,0.0,True,True
round_14__position_12__formal_baseline_v1__inflation_010mm,14,272,formal_baseline_v1__inflation_010mm,formal_baseline_v1,10,True,"[41,7]",True,0.0,0.0,0.9444064497947693,0.9444064497947693,0.0,True,True
round_14__position_13__formal_baseline_v1__inflation_015mm,14,273,formal_baseline_v1__inflation_015mm,formal_baseline_v1,15,True,"[41,7]",True,0.0,0.0,0.9454147815704346,0.9454147815704346,0.0,True,True
round_14__position_14__formal_baseline_v1__inflation_020mm,14,274,formal_baseline_v1__inflation_020mm,formal_baseline_v1,20,True,"[41,7]",True,0.0,0.0,0.9469339847564697,0.9469339847564697,0.0,True,True
round_14__position_15__multiscene_candidate_001__inflation_000mm,14,275,multiscene_candidate_001__inflation_000mm,multiscene_candidate_001,0,True,"[41,7]",True,0.0,0.0,0.9438675045967102,0.9438675045967102,0.0,True,True
round_14__position_16__multiscene_candidate_001__inflation_005mm,14,276,multiscene_candidate_001__inflation_005mm,multiscene_candidate_001,5,True,"[41,7]",True,0.0,0.0,0.9440393447875977,0.9440393447875977,0.0,True,True
round_14__position_17__multiscene_candidate_001__inflation_010mm,14,277,multiscene_candidate_001__inflation_010mm,multiscene_candidate_001,10,True,"[41,7]",True,0.0,0.0,0.9447669386863708,0.9447669386863708,0.0,True,True
round_14__position_18__multiscene_candidate_001__inflation_015mm,14,278,multiscene_candidate_001__inflation_015mm,multiscene_candidate_001,15,True,"[41,7]",True,0.0,0.0,0.9460299015045166,0.9460299015045166,0.0,True,True
round_14__position_19__multiscene_candidate_001__inflation_020mm,14,279,multiscene_candidate_001__inflation_020mm,multiscene_candidate_001,20,True,"[41,7]",True,0.0,0.0,0.947810709476471,0.947810709476471,0.0,True,True
round_14__position_20__multiscene_candidate_005__inflation_000mm,14,280,multiscene_candidate_005__inflation_000mm,multiscene_candidate_005,0,True,"[41,7]",True,0.0,0.0,0.9438865780830383,0.9438865780830383,0.0,True,True
round_15__position_01__multiscene_candidate_006__inflation_015mm,15,281,multiscene_candidate_006__inflation_015mm,multiscene_candidate_006,15,True,"[41,7]",True,0.0,0.0,0.9466080665588379,0.9466080665588379,0.0,True,True
round_15__position_02__multiscene_candidate_006__inflation_020mm,15,282,multiscene_candidate_006__inflation_020mm,multiscene_candidate_006,20,True,"[41,7]",True,0.0,0.0,0.9485822916030884,0.9485822916030884,0.0,True,True
round_15__position_03__formal_baseline_v1__inflation_000mm,15,283,formal_baseline_v1__inflation_000mm,formal_baseline_v1,0,True,"[41,7]",True,0.0,0.0,0.9438674449920654,0.9438674449920654,0.0,True,True
round_15__position_04__formal_baseline_v1__inflation_005mm,15,284,formal_baseline_v1__inflation_005mm,formal_baseline_v1,5,True,"[41,7]",True,0.0,0.0,0.9439100027084351,0.9439100027084351,0.0,True,True
round_15__position_05__formal_baseline_v1__inflation_010mm,15,285,formal_baseline_v1__inflation_010mm,formal_baseline_v1,10,True,"[41,7]",True,0.0,0.0,0.9444064497947693,0.9444064497947693,0.0,True,True
round_15__position_06__formal_baseline_v1__inflation_015mm,15,286,formal_baseline_v1__inflation_015mm,formal_baseline_v1,15,True,"[41,7]",True,0.0,0.0,0.9454147815704346,0.9454147815704346,0.0,True,True
round_15__position_07__formal_baseline_v1__inflation_020mm,15,287,formal_baseline_v1__inflation_020mm,formal_baseline_v1,20,True,"[41,7]",True,0.0,0.0,0.9469339847564697,0.9469339847564697,0.0,True,True
round_15__position_08__multiscene_candidate_001__inflation_000mm,15,288,multiscene_candidate_001__inflation_000mm,multiscene_candidate_001,0,True,"[41,7]",True,0.0,0.0,0.9438675045967102,0.9438675045967102,0.0,True,True
round_15__position_09__multiscene_candidate_001__inflation_005mm,15,289,multiscene_candidate_001__inflation_005mm,multiscene_candidate_001,5,True,"[41,7]",True,0.0,0.0,0.9440393447875977,0.9440393447875977,0.0,True,True
round_15__position_10__multiscene_candidate_001__inflation_010mm,15,290,multiscene_candidate_001__inflation_010mm,multiscene_candidate_001,10,True,"[41,7]",True,0.0,0.0,0.9447669386863708,0.9447669386863708,0.0,True,True
round_15__position_11__multiscene_candidate_001__inflation_015mm,15,291,multiscene_candidate_001__inflation_015mm,multiscene_candidate_001,15,True,"[41,7]",True,0.0,0.0,0.9460299015045166,0.9460299015045166,0.0,True,True
round_15__position_12__multiscene_candidate_001__inflation_020mm,15,292,multiscene_candidate_001__inflation_020mm,multiscene_candidate_001,20,True,"[41,7]",True,0.0,0.0,0.947810709476471,0.947810709476471,0.0,True,True
round_15__position_13__multiscene_candidate_005__inflation_000mm,15,293,multiscene_candidate_005__inflation_000mm,multiscene_candidate_005,0,True,"[41,7]",True,0.0,0.0,0.9438865780830383,0.9438865780830383,0.0,True,True
round_15__position_14__multiscene_candidate_005__inflation_005mm,15,294,multiscene_candidate_005__inflation_005mm,multiscene_candidate_005,5,True,"[41,7]",True,0.0,0.0,0.9450989365577698,0.9450989365577698,0.0,True,True
round_15__position_15__multiscene_candidate_005__inflation_010mm,15,295,multiscene_candidate_005__inflation_010mm,multiscene_candidate_005,10,True,"[41,7]",True,0.0,0.0,0.9485982656478882,0.9485982656478882,0.0,True,True
round_15__position_16__multiscene_candidate_005__inflation_015mm,15,296,multiscene_candidate_005__inflation_015mm,multiscene_candidate_005,15,True,"[41,7]",True,0.0,0.0,0.9550252556800842,0.9550252556800842,0.0,True,True
round_15__position_17__multiscene_candidate_005__inflation_020mm,15,297,multiscene_candidate_005__inflation_020mm,multiscene_candidate_005,20,True,"[41,7]",True,0.0,0.0,0.9647320508956909,0.9647320508956909,0.0,True,True
round_15__position_18__multiscene_candidate_006__inflation_000mm,15,298,multiscene_candidate_006__inflation_000mm,multiscene_candidate_006,0,True,"[41,7]",True,0.0,0.0,0.9438737630844116,0.9438737630844116,0.0,True,True
round_15__position_19__multiscene_candidate_006__inflation_005mm,15,299,multiscene_candidate_006__inflation_005mm,multiscene_candidate_006,5,True,"[41,7]",True,0.0,0.0,0.9442387819290161,0.9442387819290161,0.0,True,True
round_15__position_20__multiscene_candidate_006__inflation_010mm,15,300,multiscene_candidate_006__inflation_010mm,multiscene_candidate_006,10,True,"[41,7]",True,0.0,0.0,0.9451422691345215,0.9451422691345215,0.0,True,True
round_16__position_01__multiscene_candidate_001__inflation_000mm,16,301,multiscene_candidate_001__inflation_000mm,multiscene_candidate_001,0,True,"[41,7]",True,0.0,0.0,0.9438675045967102,0.9438675045967102,0.0,True,True
round_16__position_02__multiscene_candidate_001__inflation_005mm,16,302,multiscene_candidate_001__inflation_005mm,multiscene_candidate_001,5,True,"[41,7]",True,0.0,0.0,0.9440393447875977,0.9440393447875977,0.0,True,True
round_16__position_03__multiscene_candidate_001__inflation_010mm,16,303,multiscene_candidate_001__inflation_010mm,multiscene_candidate_001,10,True,"[41,7]",True,0.0,0.0,0.9447669386863708,0.9447669386863708,0.0,True,True
round_16__position_04__multiscene_candidate_001__inflation_015mm,16,304,multiscene_candidate_001__inflation_015mm,multiscene_candidate_001,15,True,"[41,7]",True,0.0,0.0,0.9460299015045166,0.9460299015045166,0.0,True,True
round_16__position_05__multiscene_candidate_001__inflation_020mm,16,305,multiscene_candidate_001__inflation_020mm,multiscene_candidate_001,20,True,"[41,7]",True,0.0,0.0,0.947810709476471,0.947810709476471,0.0,True,True
round_16__position_06__multiscene_candidate_005__inflation_000mm,16,306,multiscene_candidate_005__inflation_000mm,multiscene_candidate_005,0,True,"[41,7]",True,0.0,0.0,0.9438865780830383,0.9438865780830383,0.0,True,True
round_16__position_07__multiscene_candidate_005__inflation_005mm,16,307,multiscene_candidate_005__inflation_005mm,multiscene_candidate_005,5,True,"[41,7]",True,0.0,0.0,0.9450989365577698,0.9450989365577698,0.0,True,True
round_16__position_08__multiscene_candidate_005__inflation_010mm,16,308,multiscene_candidate_005__inflation_010mm,multiscene_candidate_005,10,True,"[41,7]",True,0.0,0.0,0.9485982656478882,0.9485982656478882,0.0,True,True
round_16__position_09__multiscene_candidate_005__inflation_015mm,16,309,multiscene_candidate_005__inflation_015mm,multiscene_candidate_005,15,True,"[41,7]",True,0.0,0.0,0.9550252556800842,0.9550252556800842,0.0,True,True
round_16__position_10__multiscene_candidate_005__inflation_020mm,16,310,multiscene_candidate_005__inflation_020mm,multiscene_candidate_005,20,True,"[41,7]",True,0.0,0.0,0.9647320508956909,0.9647320508956909,0.0,True,True
round_16__position_11__multiscene_candidate_006__inflation_000mm,16,311,multiscene_candidate_006__inflation_000mm,multiscene_candidate_006,0,True,"[41,7]",True,0.0,0.0,0.9438737630844116,0.9438737630844116,0.0,True,True
round_16__position_12__multiscene_candidate_006__inflation_005mm,16,312,multiscene_candidate_006__inflation_005mm,multiscene_candidate_006,5,True,"[41,7]",True,0.0,0.0,0.9442387819290161,0.9442387819290161,0.0,True,True
round_16__position_13__multiscene_candidate_006__inflation_010mm,16,313,multiscene_candidate_006__inflation_010mm,multiscene_candidate_006,10,True,"[41,7]",True,0.0,0.0,0.9451422691345215,0.9451422691345215,0.0,True,True
round_16__position_14__multiscene_candidate_006__inflation_015mm,16,314,multiscene_candidate_006__inflation_015mm,multiscene_candidate_006,15,True,"[41,7]",True,0.0,0.0,0.9466080665588379,0.9466080665588379,0.0,True,True
round_16__position_15__multiscene_candidate_006__inflation_020mm,16,315,multiscene_candidate_006__inflation_020mm,multiscene_candidate_006,20,True,"[41,7]",True,0.0,0.0,0.9485822916030884,0.9485822916030884,0.0,True,True
round_16__position_16__formal_baseline_v1__inflation_000mm,16,316,formal_baseline_v1__inflation_000mm,formal_baseline_v1,0,True,"[41,7]",True,0.0,0.0,0.9438674449920654,0.9438674449920654,0.0,True,True
round_16__position_17__formal_baseline_v1__inflation_005mm,16,317,formal_baseline_v1__inflation_005mm,formal_baseline_v1,5,True,"[41,7]",True,0.0,0.0,0.9439100027084351,0.9439100027084351,0.0,True,True
round_16__position_18__formal_baseline_v1__inflation_010mm,16,318,formal_baseline_v1__inflation_010mm,formal_baseline_v1,10,True,"[41,7]",True,0.0,0.0,0.9444064497947693,0.9444064497947693,0.0,True,True
round_16__position_19__formal_baseline_v1__inflation_015mm,16,319,formal_baseline_v1__inflation_015mm,formal_baseline_v1,15,True,"[41,7]",True,0.0,0.0,0.9454147815704346,0.9454147815704346,0.0,True,True
round_16__position_20__formal_baseline_v1__inflation_020mm,16,320,formal_baseline_v1__inflation_020mm,formal_baseline_v1,20,True,"[41,7]",True,0.0,0.0,0.9469339847564697,0.9469339847564697,0.0,True,True
round_17__position_01__multiscene_candidate_005__inflation_010mm,17,321,multiscene_candidate_005__inflation_010mm,multiscene_candidate_005,10,True,"[41,7]",True,0.0,0.0,0.9485982656478882,0.9485982656478882,0.0,True,True
round_17__position_02__multiscene_candidate_005__inflation_015mm,17,322,multiscene_candidate_005__inflation_015mm,multiscene_candidate_005,15,True,"[41,7]",True,0.0,0.0,0.9550252556800842,0.9550252556800842,0.0,True,True
round_17__position_03__multiscene_candidate_005__inflation_020mm,17,323,multiscene_candidate_005__inflation_020mm,multiscene_candidate_005,20,True,"[41,7]",True,0.0,0.0,0.9647320508956909,0.9647320508956909,0.0,True,True
round_17__position_04__multiscene_candidate_006__inflation_000mm,17,324,multiscene_candidate_006__inflation_000mm,multiscene_candidate_006,0,True,"[41,7]",True,0.0,0.0,0.9438737630844116,0.9438737630844116,0.0,True,True
round_17__position_05__multiscene_candidate_006__inflation_005mm,17,325,multiscene_candidate_006__inflation_005mm,multiscene_candidate_006,5,True,"[41,7]",True,0.0,0.0,0.9442387819290161,0.9442387819290161,0.0,True,True
round_17__position_06__multiscene_candidate_006__inflation_010mm,17,326,multiscene_candidate_006__inflation_010mm,multiscene_candidate_006,10,True,"[41,7]",True,0.0,0.0,0.9451422691345215,0.9451422691345215,0.0,True,True
round_17__position_07__multiscene_candidate_006__inflation_015mm,17,327,multiscene_candidate_006__inflation_015mm,multiscene_candidate_006,15,True,"[41,7]",True,0.0,0.0,0.9466080665588379,0.9466080665588379,0.0,True,True
round_17__position_08__multiscene_candidate_006__inflation_020mm,17,328,multiscene_candidate_006__inflation_020mm,multiscene_candidate_006,20,True,"[41,7]",True,0.0,0.0,0.9485822916030884,0.9485822916030884,0.0,True,True
round_17__position_09__formal_baseline_v1__inflation_000mm,17,329,formal_baseline_v1__inflation_000mm,formal_baseline_v1,0,True,"[41,7]",True,0.0,0.0,0.9438674449920654,0.9438674449920654,0.0,True,True
round_17__position_10__formal_baseline_v1__inflation_005mm,17,330,formal_baseline_v1__inflation_005mm,formal_baseline_v1,5,True,"[41,7]",True,0.0,0.0,0.9439100027084351,0.9439100027084351,0.0,True,True
round_17__position_11__formal_baseline_v1__inflation_010mm,17,331,formal_baseline_v1__inflation_010mm,formal_baseline_v1,10,True,"[41,7]",True,0.0,0.0,0.9444064497947693,0.9444064497947693,0.0,True,True
round_17__position_12__formal_baseline_v1__inflation_015mm,17,332,formal_baseline_v1__inflation_015mm,formal_baseline_v1,15,True,"[41,7]",True,0.0,0.0,0.9454147815704346,0.9454147815704346,0.0,True,True
round_17__position_13__formal_baseline_v1__inflation_020mm,17,333,formal_baseline_v1__inflation_020mm,formal_baseline_v1,20,True,"[41,7]",True,0.0,0.0,0.9469339847564697,0.9469339847564697,0.0,True,True
round_17__position_14__multiscene_candidate_001__inflation_000mm,17,334,multiscene_candidate_001__inflation_000mm,multiscene_candidate_001,0,True,"[41,7]",True,0.0,0.0,0.9438675045967102,0.9438675045967102,0.0,True,True
round_17__position_15__multiscene_candidate_001__inflation_005mm,17,335,multiscene_candidate_001__inflation_005mm,multiscene_candidate_001,5,True,"[41,7]",True,0.0,0.0,0.9440393447875977,0.9440393447875977,0.0,True,True
round_17__position_16__multiscene_candidate_001__inflation_010mm,17,336,multiscene_candidate_001__inflation_010mm,multiscene_candidate_001,10,True,"[41,7]",True,0.0,0.0,0.9447669386863708,0.9447669386863708,0.0,True,True
round_17__position_17__multiscene_candidate_001__inflation_015mm,17,337,multiscene_candidate_001__inflation_015mm,multiscene_candidate_001,15,True,"[41,7]",True,0.0,0.0,0.9460299015045166,0.9460299015045166,0.0,True,True
round_17__position_18__multiscene_candidate_001__inflation_020mm,17,338,multiscene_candidate_001__inflation_020mm,multiscene_candidate_001,20,True,"[41,7]",True,0.0,0.0,0.947810709476471,0.947810709476471,0.0,True,True
round_17__position_19__multiscene_candidate_005__inflation_000mm,17,339,multiscene_candidate_005__inflation_000mm,multiscene_candidate_005,0,True,"[41,7]",True,0.0,0.0,0.9438865780830383,0.9438865780830383,0.0,True,True
round_17__position_20__multiscene_candidate_005__inflation_005mm,17,340,multiscene_candidate_005__inflation_005mm,multiscene_candidate_005,5,True,"[41,7]",True,0.0,0.0,0.9450989365577698,0.9450989365577698,0.0,True,True
round_18__position_01__multiscene_candidate_006__inflation_020mm,18,341,multiscene_candidate_006__inflation_020mm,multiscene_candidate_006,20,True,"[41,7]",True,0.0,0.0,0.9485822916030884,0.9485822916030884,0.0,True,True
round_18__position_02__formal_baseline_v1__inflation_000mm,18,342,formal_baseline_v1__inflation_000mm,formal_baseline_v1,0,True,"[41,7]",True,0.0,0.0,0.9438674449920654,0.9438674449920654,0.0,True,True
round_18__position_03__formal_baseline_v1__inflation_005mm,18,343,formal_baseline_v1__inflation_005mm,formal_baseline_v1,5,True,"[41,7]",True,0.0,0.0,0.9439100027084351,0.9439100027084351,0.0,True,True
round_18__position_04__formal_baseline_v1__inflation_010mm,18,344,formal_baseline_v1__inflation_010mm,formal_baseline_v1,10,True,"[41,7]",True,0.0,0.0,0.9444064497947693,0.9444064497947693,0.0,True,True
round_18__position_05__formal_baseline_v1__inflation_015mm,18,345,formal_baseline_v1__inflation_015mm,formal_baseline_v1,15,True,"[41,7]",True,0.0,0.0,0.9454147815704346,0.9454147815704346,0.0,True,True
round_18__position_06__formal_baseline_v1__inflation_020mm,18,346,formal_baseline_v1__inflation_020mm,formal_baseline_v1,20,True,"[41,7]",True,0.0,0.0,0.9469339847564697,0.9469339847564697,0.0,True,True
round_18__position_07__multiscene_candidate_001__inflation_000mm,18,347,multiscene_candidate_001__inflation_000mm,multiscene_candidate_001,0,True,"[41,7]",True,0.0,0.0,0.9438675045967102,0.9438675045967102,0.0,True,True
round_18__position_08__multiscene_candidate_001__inflation_005mm,18,348,multiscene_candidate_001__inflation_005mm,multiscene_candidate_001,5,True,"[41,7]",True,0.0,0.0,0.9440393447875977,0.9440393447875977,0.0,True,True
round_18__position_09__multiscene_candidate_001__inflation_010mm,18,349,multiscene_candidate_001__inflation_010mm,multiscene_candidate_001,10,True,"[41,7]",True,0.0,0.0,0.9447669386863708,0.9447669386863708,0.0,True,True
round_18__position_10__multiscene_candidate_001__inflation_015mm,18,350,multiscene_candidate_001__inflation_015mm,multiscene_candidate_001,15,True,"[41,7]",True,0.0,0.0,0.9460299015045166,0.9460299015045166,0.0,True,True
round_18__position_11__multiscene_candidate_001__inflation_020mm,18,351,multiscene_candidate_001__inflation_020mm,multiscene_candidate_001,20,True,"[41,7]",True,0.0,0.0,0.947810709476471,0.947810709476471,0.0,True,True
round_18__position_12__multiscene_candidate_005__inflation_000mm,18,352,multiscene_candidate_005__inflation_000mm,multiscene_candidate_005,0,True,"[41,7]",True,0.0,0.0,0.9438865780830383,0.9438865780830383,0.0,True,True
round_18__position_13__multiscene_candidate_005__inflation_005mm,18,353,multiscene_candidate_005__inflation_005mm,multiscene_candidate_005,5,True,"[41,7]",True,0.0,0.0,0.9450989365577698,0.9450989365577698,0.0,True,True
round_18__position_14__multiscene_candidate_005__inflation_010mm,18,354,multiscene_candidate_005__inflation_010mm,multiscene_candidate_005,10,True,"[41,7]",True,0.0,0.0,0.9485982656478882,0.9485982656478882,0.0,True,True
round_18__position_15__multiscene_candidate_005__inflation_015mm,18,355,multiscene_candidate_005__inflation_015mm,multiscene_candidate_005,15,True,"[41,7]",True,0.0,0.0,0.9550252556800842,0.9550252556800842,0.0,True,True
round_18__position_16__multiscene_candidate_005__inflation_020mm,18,356,multiscene_candidate_005__inflation_020mm,multiscene_candidate_005,20,True,"[41,7]",True,0.0,0.0,0.9647320508956909,0.9647320508956909,0.0,True,True
round_18__position_17__multiscene_candidate_006__inflation_000mm,18,357,multiscene_candidate_006__inflation_000mm,multiscene_candidate_006,0,True,"[41,7]",True,0.0,0.0,0.9438737630844116,0.9438737630844116,0.0,True,True
round_18__position_18__multiscene_candidate_006__inflation_005mm,18,358,multiscene_candidate_006__inflation_005mm,multiscene_candidate_006,5,True,"[41,7]",True,0.0,0.0,0.9442387819290161,0.9442387819290161,0.0,True,True
round_18__position_19__multiscene_candidate_006__inflation_010mm,18,359,multiscene_candidate_006__inflation_010mm,multiscene_candidate_006,10,True,"[41,7]",True,0.0,0.0,0.9451422691345215,0.9451422691345215,0.0,True,True
round_18__position_20__multiscene_candidate_006__inflation_015mm,18,360,multiscene_candidate_006__inflation_015mm,multiscene_candidate_006,15,True,"[41,7]",True,0.0,0.0,0.9466080665588379,0.9466080665588379,0.0,True,True
round_19__position_01__multiscene_candidate_001__inflation_005mm,19,361,multiscene_candidate_001__inflation_005mm,multiscene_candidate_001,5,True,"[41,7]",True,0.0,0.0,0.9440393447875977,0.9440393447875977,0.0,True,True
round_19__position_02__multiscene_candidate_001__inflation_010mm,19,362,multiscene_candidate_001__inflation_010mm,multiscene_candidate_001,10,True,"[41,7]",True,0.0,0.0,0.9447669386863708,0.9447669386863708,0.0,True,True
round_19__position_03__multiscene_candidate_001__inflation_015mm,19,363,multiscene_candidate_001__inflation_015mm,multiscene_candidate_001,15,True,"[41,7]",True,0.0,0.0,0.9460299015045166,0.9460299015045166,0.0,True,True
round_19__position_04__multiscene_candidate_001__inflation_020mm,19,364,multiscene_candidate_001__inflation_020mm,multiscene_candidate_001,20,True,"[41,7]",True,0.0,0.0,0.947810709476471,0.947810709476471,0.0,True,True
round_19__position_05__multiscene_candidate_005__inflation_000mm,19,365,multiscene_candidate_005__inflation_000mm,multiscene_candidate_005,0,True,"[41,7]",True,0.0,0.0,0.9438865780830383,0.9438865780830383,0.0,True,True
round_19__position_06__multiscene_candidate_005__inflation_005mm,19,366,multiscene_candidate_005__inflation_005mm,multiscene_candidate_005,5,True,"[41,7]",True,0.0,0.0,0.9450989365577698,0.9450989365577698,0.0,True,True
round_19__position_07__multiscene_candidate_005__inflation_010mm,19,367,multiscene_candidate_005__inflation_010mm,multiscene_candidate_005,10,True,"[41,7]",True,0.0,0.0,0.9485982656478882,0.9485982656478882,0.0,True,True
round_19__position_08__multiscene_candidate_005__inflation_015mm,19,368,multiscene_candidate_005__inflation_015mm,multiscene_candidate_005,15,True,"[41,7]",True,0.0,0.0,0.9550252556800842,0.9550252556800842,0.0,True,True
round_19__position_09__multiscene_candidate_005__inflation_020mm,19,369,multiscene_candidate_005__inflation_020mm,multiscene_candidate_005,20,True,"[41,7]",True,0.0,0.0,0.9647320508956909,0.9647320508956909,0.0,True,True
round_19__position_10__multiscene_candidate_006__inflation_000mm,19,370,multiscene_candidate_006__inflation_000mm,multiscene_candidate_006,0,True,"[41,7]",True,0.0,0.0,0.9438737630844116,0.9438737630844116,0.0,True,True
round_19__position_11__multiscene_candidate_006__inflation_005mm,19,371,multiscene_candidate_006__inflation_005mm,multiscene_candidate_006,5,True,"[41,7]",True,0.0,0.0,0.9442387819290161,0.9442387819290161,0.0,True,True
round_19__position_12__multiscene_candidate_006__inflation_010mm,19,372,multiscene_candidate_006__inflation_010mm,multiscene_candidate_006,10,True,"[41,7]",True,0.0,0.0,0.9451422691345215,0.9451422691345215,0.0,True,True
round_19__position_13__multiscene_candidate_006__inflation_015mm,19,373,multiscene_candidate_006__inflation_015mm,multiscene_candidate_006,15,True,"[41,7]",True,0.0,0.0,0.9466080665588379,0.9466080665588379,0.0,True,True
round_19__position_14__multiscene_candidate_006__inflation_020mm,19,374,multiscene_candidate_006__inflation_020mm,multiscene_candidate_006,20,True,"[41,7]",True,0.0,0.0,0.9485822916030884,0.9485822916030884,0.0,True,True
round_19__position_15__formal_baseline_v1__inflation_000mm,19,375,formal_baseline_v1__inflation_000mm,formal_baseline_v1,0,True,"[41,7]",True,0.0,0.0,0.9438674449920654,0.9438674449920654,0.0,True,True
round_19__position_16__formal_baseline_v1__inflation_005mm,19,376,formal_baseline_v1__inflation_005mm,formal_baseline_v1,5,True,"[41,7]",True,0.0,0.0,0.9439100027084351,0.9439100027084351,0.0,True,True
round_19__position_17__formal_baseline_v1__inflation_010mm,19,377,formal_baseline_v1__inflation_010mm,formal_baseline_v1,10,True,"[41,7]",True,0.0,0.0,0.9444064497947693,0.9444064497947693,0.0,True,True
round_19__position_18__formal_baseline_v1__inflation_015mm,19,378,formal_baseline_v1__inflation_015mm,formal_baseline_v1,15,True,"[41,7]",True,0.0,0.0,0.9454147815704346,0.9454147815704346,0.0,True,True
round_19__position_19__formal_baseline_v1__inflation_020mm,19,379,formal_baseline_v1__inflation_020mm,formal_baseline_v1,20,True,"[41,7]",True,0.0,0.0,0.9469339847564697,0.9469339847564697,0.0,True,True
round_19__position_20__multiscene_candidate_001__inflation_000mm,19,380,multiscene_candidate_001__inflation_000mm,multiscene_candidate_001,0,True,"[41,7]",True,0.0,0.0,0.9438675045967102,0.9438675045967102,0.0,True,True
round_20__position_01__multiscene_candidate_005__inflation_015mm,20,381,multiscene_candidate_005__inflation_015mm,multiscene_candidate_005,15,True,"[41,7]",True,0.0,0.0,0.9550252556800842,0.9550252556800842,0.0,True,True
round_20__position_02__multiscene_candidate_005__inflation_020mm,20,382,multiscene_candidate_005__inflation_020mm,multiscene_candidate_005,20,True,"[41,7]",True,0.0,0.0,0.9647320508956909,0.9647320508956909,0.0,True,True
round_20__position_03__multiscene_candidate_006__inflation_000mm,20,383,multiscene_candidate_006__inflation_000mm,multiscene_candidate_006,0,True,"[41,7]",True,0.0,0.0,0.9438737630844116,0.9438737630844116,0.0,True,True
round_20__position_04__multiscene_candidate_006__inflation_005mm,20,384,multiscene_candidate_006__inflation_005mm,multiscene_candidate_006,5,True,"[41,7]",True,0.0,0.0,0.9442387819290161,0.9442387819290161,0.0,True,True
round_20__position_05__multiscene_candidate_006__inflation_010mm,20,385,multiscene_candidate_006__inflation_010mm,multiscene_candidate_006,10,True,"[41,7]",True,0.0,0.0,0.9451422691345215,0.9451422691345215,0.0,True,True
round_20__position_06__multiscene_candidate_006__inflation_015mm,20,386,multiscene_candidate_006__inflation_015mm,multiscene_candidate_006,15,True,"[41,7]",True,0.0,0.0,0.9466080665588379,0.9466080665588379,0.0,True,True
round_20__position_07__multiscene_candidate_006__inflation_020mm,20,387,multiscene_candidate_006__inflation_020mm,multiscene_candidate_006,20,True,"[41,7]",True,0.0,0.0,0.9485822916030884,0.9485822916030884,0.0,True,True
round_20__position_08__formal_baseline_v1__inflation_000mm,20,388,formal_baseline_v1__inflation_000mm,formal_baseline_v1,0,True,"[41,7]",True,0.0,0.0,0.9438674449920654,0.9438674449920654,0.0,True,True
round_20__position_09__formal_baseline_v1__inflation_005mm,20,389,formal_baseline_v1__inflation_005mm,formal_baseline_v1,5,True,"[41,7]",True,0.0,0.0,0.9439100027084351,0.9439100027084351,0.0,True,True
round_20__position_10__formal_baseline_v1__inflation_010mm,20,390,formal_baseline_v1__inflation_010mm,formal_baseline_v1,10,True,"[41,7]",True,0.0,0.0,0.9444064497947693,0.9444064497947693,0.0,True,True
round_20__position_11__formal_baseline_v1__inflation_015mm,20,391,formal_baseline_v1__inflation_015mm,formal_baseline_v1,15,True,"[41,7]",True,0.0,0.0,0.9454147815704346,0.9454147815704346,0.0,True,True
round_20__position_12__formal_baseline_v1__inflation_020mm,20,392,formal_baseline_v1__inflation_020mm,formal_baseline_v1,20,True,"[41,7]",True,0.0,0.0,0.9469339847564697,0.9469339847564697,0.0,True,True
round_20__position_13__multiscene_candidate_001__inflation_000mm,20,393,multiscene_candidate_001__inflation_000mm,multiscene_candidate_001,0,True,"[41,7]",True,0.0,0.0,0.9438675045967102,0.9438675045967102,0.0,True,True
round_20__position_14__multiscene_candidate_001__inflation_005mm,20,394,multiscene_candidate_001__inflation_005mm,multiscene_candidate_001,5,True,"[41,7]",True,0.0,0.0,0.9440393447875977,0.9440393447875977,0.0,True,True
round_20__position_15__multiscene_candidate_001__inflation_010mm,20,395,multiscene_candidate_001__inflation_010mm,multiscene_candidate_001,10,True,"[41,7]",True,0.0,0.0,0.9447669386863708,0.9447669386863708,0.0,True,True
round_20__position_16__multiscene_candidate_001__inflation_015mm,20,396,multiscene_candidate_001__inflation_015mm,multiscene_candidate_001,15,True,"[41,7]",True,0.0,0.0,0.9460299015045166,0.9460299015045166,0.0,True,True
round_20__position_17__multiscene_candidate_001__inflation_020mm,20,397,multiscene_candidate_001__inflation_020mm,multiscene_candidate_001,20,True,"[41,7]",True,0.0,0.0,0.947810709476471,0.947810709476471,0.0,True,True
round_20__position_18__multiscene_candidate_005__inflation_000mm,20,398,multiscene_candidate_005__inflation_000mm,multiscene_candidate_005,0,True,"[41,7]",True,0.0,0.0,0.9438865780830383,0.9438865780830383,0.0,True,True
round_20__position_19__multiscene_candidate_005__inflation_005mm,20,399,multiscene_candidate_005__inflation_005mm,multiscene_candidate_005,5,True,"[41,7]",True,0.0,0.0,0.9450989365577698,0.9450989365577698,0.0,True,True
round_20__position_20__multiscene_candidate_005__inflation_010mm,20,400,multiscene_candidate_005__inflation_010mm,multiscene_candidate_005,10,True,"[41,7]",True,0.0,0.0,0.9485982656478882,0.9485982656478882,0.0,True,True
round_21__position_01__formal_baseline_v1__inflation_000mm,21,401,formal_baseline_v1__inflation_000mm,formal_baseline_v1,0,True,"[41,7]",True,0.0,0.0,0.9438674449920654,0.9438674449920654,0.0,True,True
round_21__position_02__formal_baseline_v1__inflation_005mm,21,402,formal_baseline_v1__inflation_005mm,formal_baseline_v1,5,True,"[41,7]",True,0.0,0.0,0.9439100027084351,0.9439100027084351,0.0,True,True
round_21__position_03__formal_baseline_v1__inflation_010mm,21,403,formal_baseline_v1__inflation_010mm,formal_baseline_v1,10,True,"[41,7]",True,0.0,0.0,0.9444064497947693,0.9444064497947693,0.0,True,True
round_21__position_04__formal_baseline_v1__inflation_015mm,21,404,formal_baseline_v1__inflation_015mm,formal_baseline_v1,15,True,"[41,7]",True,0.0,0.0,0.9454147815704346,0.9454147815704346,0.0,True,True
round_21__position_05__formal_baseline_v1__inflation_020mm,21,405,formal_baseline_v1__inflation_020mm,formal_baseline_v1,20,True,"[41,7]",True,0.0,0.0,0.9469339847564697,0.9469339847564697,0.0,True,True
round_21__position_06__multiscene_candidate_001__inflation_000mm,21,406,multiscene_candidate_001__inflation_000mm,multiscene_candidate_001,0,True,"[41,7]",True,0.0,0.0,0.9438675045967102,0.9438675045967102,0.0,True,True
round_21__position_07__multiscene_candidate_001__inflation_005mm,21,407,multiscene_candidate_001__inflation_005mm,multiscene_candidate_001,5,True,"[41,7]",True,0.0,0.0,0.9440393447875977,0.9440393447875977,0.0,True,True
round_21__position_08__multiscene_candidate_001__inflation_010mm,21,408,multiscene_candidate_001__inflation_010mm,multiscene_candidate_001,10,True,"[41,7]",True,0.0,0.0,0.9447669386863708,0.9447669386863708,0.0,True,True
round_21__position_09__multiscene_candidate_001__inflation_015mm,21,409,multiscene_candidate_001__inflation_015mm,multiscene_candidate_001,15,True,"[41,7]",True,0.0,0.0,0.9460299015045166,0.9460299015045166,0.0,True,True
round_21__position_10__multiscene_candidate_001__inflation_020mm,21,410,multiscene_candidate_001__inflation_020mm,multiscene_candidate_001,20,True,"[41,7]",True,0.0,0.0,0.947810709476471,0.947810709476471,0.0,True,True
round_21__position_11__multiscene_candidate_005__inflation_000mm,21,411,multiscene_candidate_005__inflation_000mm,multiscene_candidate_005,0,True,"[41,7]",True,0.0,0.0,0.9438865780830383,0.9438865780830383,0.0,True,True
round_21__position_12__multiscene_candidate_005__inflation_005mm,21,412,multiscene_candidate_005__inflation_005mm,multiscene_candidate_005,5,True,"[41,7]",True,0.0,0.0,0.9450989365577698,0.9450989365577698,0.0,True,True
round_21__position_13__multiscene_candidate_005__inflation_010mm,21,413,multiscene_candidate_005__inflation_010mm,multiscene_candidate_005,10,True,"[41,7]",True,0.0,0.0,0.9485982656478882,0.9485982656478882,0.0,True,True
round_21__position_14__multiscene_candidate_005__inflation_015mm,21,414,multiscene_candidate_005__inflation_015mm,multiscene_candidate_005,15,True,"[41,7]",True,0.0,0.0,0.9550252556800842,0.9550252556800842,0.0,True,True
round_21__position_15__multiscene_candidate_005__inflation_020mm,21,415,multiscene_candidate_005__inflation_020mm,multiscene_candidate_005,20,True,"[41,7]",True,0.0,0.0,0.9647320508956909,0.9647320508956909,0.0,True,True
round_21__position_16__multiscene_candidate_006__inflation_000mm,21,416,multiscene_candidate_006__inflation_000mm,multiscene_candidate_006,0,True,"[41,7]",True,0.0,0.0,0.9438737630844116,0.9438737630844116,0.0,True,True
round_21__position_17__multiscene_candidate_006__inflation_005mm,21,417,multiscene_candidate_006__inflation_005mm,multiscene_candidate_006,5,True,"[41,7]",True,0.0,0.0,0.9442387819290161,0.9442387819290161,0.0,True,True
round_21__position_18__multiscene_candidate_006__inflation_010mm,21,418,multiscene_candidate_006__inflation_010mm,multiscene_candidate_006,10,True,"[41,7]",True,0.0,0.0,0.9451422691345215,0.9451422691345215,0.0,True,True
round_21__position_19__multiscene_candidate_006__inflation_015mm,21,419,multiscene_candidate_006__inflation_015mm,multiscene_candidate_006,15,True,"[41,7]",True,0.0,0.0,0.9466080665588379,0.9466080665588379,0.0,True,True
round_21__position_20__multiscene_candidate_006__inflation_020mm,21,420,multiscene_candidate_006__inflation_020mm,multiscene_candidate_006,20,True,"[41,7]",True,0.0,0.0,0.9485822916030884,0.9485822916030884,0.0,True,True
round_22__position_01__multiscene_candidate_001__inflation_010mm,22,421,multiscene_candidate_001__inflation_010mm,multiscene_candidate_001,10,True,"[41,7]",True,0.0,0.0,0.9447669386863708,0.9447669386863708,0.0,True,True
round_22__position_02__multiscene_candidate_001__inflation_015mm,22,422,multiscene_candidate_001__inflation_015mm,multiscene_candidate_001,15,True,"[41,7]",True,0.0,0.0,0.9460299015045166,0.9460299015045166,0.0,True,True
round_22__position_03__multiscene_candidate_001__inflation_020mm,22,423,multiscene_candidate_001__inflation_020mm,multiscene_candidate_001,20,True,"[41,7]",True,0.0,0.0,0.947810709476471,0.947810709476471,0.0,True,True
round_22__position_04__multiscene_candidate_005__inflation_000mm,22,424,multiscene_candidate_005__inflation_000mm,multiscene_candidate_005,0,True,"[41,7]",True,0.0,0.0,0.9438865780830383,0.9438865780830383,0.0,True,True
round_22__position_05__multiscene_candidate_005__inflation_005mm,22,425,multiscene_candidate_005__inflation_005mm,multiscene_candidate_005,5,True,"[41,7]",True,0.0,0.0,0.9450989365577698,0.9450989365577698,0.0,True,True
round_22__position_06__multiscene_candidate_005__inflation_010mm,22,426,multiscene_candidate_005__inflation_010mm,multiscene_candidate_005,10,True,"[41,7]",True,0.0,0.0,0.9485982656478882,0.9485982656478882,0.0,True,True
round_22__position_07__multiscene_candidate_005__inflation_015mm,22,427,multiscene_candidate_005__inflation_015mm,multiscene_candidate_005,15,True,"[41,7]",True,0.0,0.0,0.9550252556800842,0.9550252556800842,0.0,True,True
round_22__position_08__multiscene_candidate_005__inflation_020mm,22,428,multiscene_candidate_005__inflation_020mm,multiscene_candidate_005,20,True,"[41,7]",True,0.0,0.0,0.9647320508956909,0.9647320508956909,0.0,True,True
round_22__position_09__multiscene_candidate_006__inflation_000mm,22,429,multiscene_candidate_006__inflation_000mm,multiscene_candidate_006,0,True,"[41,7]",True,0.0,0.0,0.9438737630844116,0.9438737630844116,0.0,True,True
round_22__position_10__multiscene_candidate_006__inflation_005mm,22,430,multiscene_candidate_006__inflation_005mm,multiscene_candidate_006,5,True,"[41,7]",True,0.0,0.0,0.9442387819290161,0.9442387819290161,0.0,True,True
round_22__position_11__multiscene_candidate_006__inflation_010mm,22,431,multiscene_candidate_006__inflation_010mm,multiscene_candidate_006,10,True,"[41,7]",True,0.0,0.0,0.9451422691345215,0.9451422691345215,0.0,True,True
round_22__position_12__multiscene_candidate_006__inflation_015mm,22,432,multiscene_candidate_006__inflation_015mm,multiscene_candidate_006,15,True,"[41,7]",True,0.0,0.0,0.9466080665588379,0.9466080665588379,0.0,True,True
round_22__position_13__multiscene_candidate_006__inflation_020mm,22,433,multiscene_candidate_006__inflation_020mm,multiscene_candidate_006,20,True,"[41,7]",True,0.0,0.0,0.9485822916030884,0.9485822916030884,0.0,True,True
round_22__position_14__formal_baseline_v1__inflation_000mm,22,434,formal_baseline_v1__inflation_000mm,formal_baseline_v1,0,True,"[41,7]",True,0.0,0.0,0.9438674449920654,0.9438674449920654,0.0,True,True
round_22__position_15__formal_baseline_v1__inflation_005mm,22,435,formal_baseline_v1__inflation_005mm,formal_baseline_v1,5,True,"[41,7]",True,0.0,0.0,0.9439100027084351,0.9439100027084351,0.0,True,True
round_22__position_16__formal_baseline_v1__inflation_010mm,22,436,formal_baseline_v1__inflation_010mm,formal_baseline_v1,10,True,"[41,7]",True,0.0,0.0,0.9444064497947693,0.9444064497947693,0.0,True,True
round_22__position_17__formal_baseline_v1__inflation_015mm,22,437,formal_baseline_v1__inflation_015mm,formal_baseline_v1,15,True,"[41,7]",True,0.0,0.0,0.9454147815704346,0.9454147815704346,0.0,True,True
round_22__position_18__formal_baseline_v1__inflation_020mm,22,438,formal_baseline_v1__inflation_020mm,formal_baseline_v1,20,True,"[41,7]",True,0.0,0.0,0.9469339847564697,0.9469339847564697,0.0,True,True
round_22__position_19__multiscene_candidate_001__inflation_000mm,22,439,multiscene_candidate_001__inflation_000mm,multiscene_candidate_001,0,True,"[41,7]",True,0.0,0.0,0.9438675045967102,0.9438675045967102,0.0,True,True
round_22__position_20__multiscene_candidate_001__inflation_005mm,22,440,multiscene_candidate_001__inflation_005mm,multiscene_candidate_001,5,True,"[41,7]",True,0.0,0.0,0.9440393447875977,0.9440393447875977,0.0,True,True
round_23__position_01__multiscene_candidate_005__inflation_020mm,23,441,multiscene_candidate_005__inflation_020mm,multiscene_candidate_005,20,True,"[41,7]",True,0.0,0.0,0.9647320508956909,0.9647320508956909,0.0,True,True
round_23__position_02__multiscene_candidate_006__inflation_000mm,23,442,multiscene_candidate_006__inflation_000mm,multiscene_candidate_006,0,True,"[41,7]",True,0.0,0.0,0.9438737630844116,0.9438737630844116,0.0,True,True
round_23__position_03__multiscene_candidate_006__inflation_005mm,23,443,multiscene_candidate_006__inflation_005mm,multiscene_candidate_006,5,True,"[41,7]",True,0.0,0.0,0.9442387819290161,0.9442387819290161,0.0,True,True
round_23__position_04__multiscene_candidate_006__inflation_010mm,23,444,multiscene_candidate_006__inflation_010mm,multiscene_candidate_006,10,True,"[41,7]",True,0.0,0.0,0.9451422691345215,0.9451422691345215,0.0,True,True
round_23__position_05__multiscene_candidate_006__inflation_015mm,23,445,multiscene_candidate_006__inflation_015mm,multiscene_candidate_006,15,True,"[41,7]",True,0.0,0.0,0.9466080665588379,0.9466080665588379,0.0,True,True
round_23__position_06__multiscene_candidate_006__inflation_020mm,23,446,multiscene_candidate_006__inflation_020mm,multiscene_candidate_006,20,True,"[41,7]",True,0.0,0.0,0.9485822916030884,0.9485822916030884,0.0,True,True
round_23__position_07__formal_baseline_v1__inflation_000mm,23,447,formal_baseline_v1__inflation_000mm,formal_baseline_v1,0,True,"[41,7]",True,0.0,0.0,0.9438674449920654,0.9438674449920654,0.0,True,True
round_23__position_08__formal_baseline_v1__inflation_005mm,23,448,formal_baseline_v1__inflation_005mm,formal_baseline_v1,5,True,"[41,7]",True,0.0,0.0,0.9439100027084351,0.9439100027084351,0.0,True,True
round_23__position_09__formal_baseline_v1__inflation_010mm,23,449,formal_baseline_v1__inflation_010mm,formal_baseline_v1,10,True,"[41,7]",True,0.0,0.0,0.9444064497947693,0.9444064497947693,0.0,True,True
round_23__position_10__formal_baseline_v1__inflation_015mm,23,450,formal_baseline_v1__inflation_015mm,formal_baseline_v1,15,True,"[41,7]",True,0.0,0.0,0.9454147815704346,0.9454147815704346,0.0,True,True
round_23__position_11__formal_baseline_v1__inflation_020mm,23,451,formal_baseline_v1__inflation_020mm,formal_baseline_v1,20,True,"[41,7]",True,0.0,0.0,0.9469339847564697,0.9469339847564697,0.0,True,True
round_23__position_12__multiscene_candidate_001__inflation_000mm,23,452,multiscene_candidate_001__inflation_000mm,multiscene_candidate_001,0,True,"[41,7]",True,0.0,0.0,0.9438675045967102,0.9438675045967102,0.0,True,True
round_23__position_13__multiscene_candidate_001__inflation_005mm,23,453,multiscene_candidate_001__inflation_005mm,multiscene_candidate_001,5,True,"[41,7]",True,0.0,0.0,0.9440393447875977,0.9440393447875977,0.0,True,True
round_23__position_14__multiscene_candidate_001__inflation_010mm,23,454,multiscene_candidate_001__inflation_010mm,multiscene_candidate_001,10,True,"[41,7]",True,0.0,0.0,0.9447669386863708,0.9447669386863708,0.0,True,True
round_23__position_15__multiscene_candidate_001__inflation_015mm,23,455,multiscene_candidate_001__inflation_015mm,multiscene_candidate_001,15,True,"[41,7]",True,0.0,0.0,0.9460299015045166,0.9460299015045166,0.0,True,True
round_23__position_16__multiscene_candidate_001__inflation_020mm,23,456,multiscene_candidate_001__inflation_020mm,multiscene_candidate_001,20,True,"[41,7]",True,0.0,0.0,0.947810709476471,0.947810709476471,0.0,True,True
round_23__position_17__multiscene_candidate_005__inflation_000mm,23,457,multiscene_candidate_005__inflation_000mm,multiscene_candidate_005,0,True,"[41,7]",True,0.0,0.0,0.9438865780830383,0.9438865780830383,0.0,True,True
round_23__position_18__multiscene_candidate_005__inflation_005mm,23,458,multiscene_candidate_005__inflation_005mm,multiscene_candidate_005,5,True,"[41,7]",True,0.0,0.0,0.9450989365577698,0.9450989365577698,0.0,True,True
round_23__position_19__multiscene_candidate_005__inflation_010mm,23,459,multiscene_candidate_005__inflation_010mm,multiscene_candidate_005,10,True,"[41,7]",True,0.0,0.0,0.9485982656478882,0.9485982656478882,0.0,True,True
round_23__position_20__multiscene_candidate_005__inflation_015mm,23,460,multiscene_candidate_005__inflation_015mm,multiscene_candidate_005,15,True,"[41,7]",True,0.0,0.0,0.9550252556800842,0.9550252556800842,0.0,True,True
round_24__position_01__formal_baseline_v1__inflation_005mm,24,461,formal_baseline_v1__inflation_005mm,formal_baseline_v1,5,True,"[41,7]",True,0.0,0.0,0.9439100027084351,0.9439100027084351,0.0,True,True
round_24__position_02__formal_baseline_v1__inflation_010mm,24,462,formal_baseline_v1__inflation_010mm,formal_baseline_v1,10,True,"[41,7]",True,0.0,0.0,0.9444064497947693,0.9444064497947693,0.0,True,True
round_24__position_03__formal_baseline_v1__inflation_015mm,24,463,formal_baseline_v1__inflation_015mm,formal_baseline_v1,15,True,"[41,7]",True,0.0,0.0,0.9454147815704346,0.9454147815704346,0.0,True,True
round_24__position_04__formal_baseline_v1__inflation_020mm,24,464,formal_baseline_v1__inflation_020mm,formal_baseline_v1,20,True,"[41,7]",True,0.0,0.0,0.9469339847564697,0.9469339847564697,0.0,True,True
round_24__position_05__multiscene_candidate_001__inflation_000mm,24,465,multiscene_candidate_001__inflation_000mm,multiscene_candidate_001,0,True,"[41,7]",True,0.0,0.0,0.9438675045967102,0.9438675045967102,0.0,True,True
round_24__position_06__multiscene_candidate_001__inflation_005mm,24,466,multiscene_candidate_001__inflation_005mm,multiscene_candidate_001,5,True,"[41,7]",True,0.0,0.0,0.9440393447875977,0.9440393447875977,0.0,True,True
round_24__position_07__multiscene_candidate_001__inflation_010mm,24,467,multiscene_candidate_001__inflation_010mm,multiscene_candidate_001,10,True,"[41,7]",True,0.0,0.0,0.9447669386863708,0.9447669386863708,0.0,True,True
round_24__position_08__multiscene_candidate_001__inflation_015mm,24,468,multiscene_candidate_001__inflation_015mm,multiscene_candidate_001,15,True,"[41,7]",True,0.0,0.0,0.9460299015045166,0.9460299015045166,0.0,True,True
round_24__position_09__multiscene_candidate_001__inflation_020mm,24,469,multiscene_candidate_001__inflation_020mm,multiscene_candidate_001,20,True,"[41,7]",True,0.0,0.0,0.947810709476471,0.947810709476471,0.0,True,True
round_24__position_10__multiscene_candidate_005__inflation_000mm,24,470,multiscene_candidate_005__inflation_000mm,multiscene_candidate_005,0,True,"[41,7]",True,0.0,0.0,0.9438865780830383,0.9438865780830383,0.0,True,True
round_24__position_11__multiscene_candidate_005__inflation_005mm,24,471,multiscene_candidate_005__inflation_005mm,multiscene_candidate_005,5,True,"[41,7]",True,0.0,0.0,0.9450989365577698,0.9450989365577698,0.0,True,True
round_24__position_12__multiscene_candidate_005__inflation_010mm,24,472,multiscene_candidate_005__inflation_010mm,multiscene_candidate_005,10,True,"[41,7]",True,0.0,0.0,0.9485982656478882,0.9485982656478882,0.0,True,True
round_24__position_13__multiscene_candidate_005__inflation_015mm,24,473,multiscene_candidate_005__inflation_015mm,multiscene_candidate_005,15,True,"[41,7]",True,0.0,0.0,0.9550252556800842,0.9550252556800842,0.0,True,True
round_24__position_14__multiscene_candidate_005__inflation_020mm,24,474,multiscene_candidate_005__inflation_020mm,multiscene_candidate_005,20,True,"[41,7]",True,0.0,0.0,0.9647320508956909,0.9647320508956909,0.0,True,True
round_24__position_15__multiscene_candidate_006__inflation_000mm,24,475,multiscene_candidate_006__inflation_000mm,multiscene_candidate_006,0,True,"[41,7]",True,0.0,0.0,0.9438737630844116,0.9438737630844116,0.0,True,True
round_24__position_16__multiscene_candidate_006__inflation_005mm,24,476,multiscene_candidate_006__inflation_005mm,multiscene_candidate_006,5,True,"[41,7]",True,0.0,0.0,0.9442387819290161,0.9442387819290161,0.0,True,True
round_24__position_17__multiscene_candidate_006__inflation_010mm,24,477,multiscene_candidate_006__inflation_010mm,multiscene_candidate_006,10,True,"[41,7]",True,0.0,0.0,0.9451422691345215,0.9451422691345215,0.0,True,True
round_24__position_18__multiscene_candidate_006__inflation_015mm,24,478,multiscene_candidate_006__inflation_015mm,multiscene_candidate_006,15,True,"[41,7]",True,0.0,0.0,0.9466080665588379,0.9466080665588379,0.0,True,True
round_24__position_19__multiscene_candidate_006__inflation_020mm,24,479,multiscene_candidate_006__inflation_020mm,multiscene_candidate_006,20,True,"[41,7]",True,0.0,0.0,0.9485822916030884,0.9485822916030884,0.0,True,True
round_24__position_20__formal_baseline_v1__inflation_000mm,24,480,formal_baseline_v1__inflation_000mm,formal_baseline_v1,0,True,"[41,7]",True,0.0,0.0,0.9438674449920654,0.9438674449920654,0.0,True,True
round_25__position_01__multiscene_candidate_001__inflation_015mm,25,481,multiscene_candidate_001__inflation_015mm,multiscene_candidate_001,15,True,"[41,7]",True,0.0,0.0,0.9460299015045166,0.9460299015045166,0.0,True,True
round_25__position_02__multiscene_candidate_001__inflation_020mm,25,482,multiscene_candidate_001__inflation_020mm,multiscene_candidate_001,20,True,"[41,7]",True,0.0,0.0,0.947810709476471,0.947810709476471,0.0,True,True
round_25__position_03__multiscene_candidate_005__inflation_000mm,25,483,multiscene_candidate_005__inflation_000mm,multiscene_candidate_005,0,True,"[41,7]",True,0.0,0.0,0.9438865780830383,0.9438865780830383,0.0,True,True
round_25__position_04__multiscene_candidate_005__inflation_005mm,25,484,multiscene_candidate_005__inflation_005mm,multiscene_candidate_005,5,True,"[41,7]",True,0.0,0.0,0.9450989365577698,0.9450989365577698,0.0,True,True
round_25__position_05__multiscene_candidate_005__inflation_010mm,25,485,multiscene_candidate_005__inflation_010mm,multiscene_candidate_005,10,True,"[41,7]",True,0.0,0.0,0.9485982656478882,0.9485982656478882,0.0,True,True
round_25__position_06__multiscene_candidate_005__inflation_015mm,25,486,multiscene_candidate_005__inflation_015mm,multiscene_candidate_005,15,True,"[41,7]",True,0.0,0.0,0.9550252556800842,0.9550252556800842,0.0,True,True
round_25__position_07__multiscene_candidate_005__inflation_020mm,25,487,multiscene_candidate_005__inflation_020mm,multiscene_candidate_005,20,True,"[41,7]",True,0.0,0.0,0.9647320508956909,0.9647320508956909,0.0,True,True
round_25__position_08__multiscene_candidate_006__inflation_000mm,25,488,multiscene_candidate_006__inflation_000mm,multiscene_candidate_006,0,True,"[41,7]",True,0.0,0.0,0.9438737630844116,0.9438737630844116,0.0,True,True
round_25__position_09__multiscene_candidate_006__inflation_005mm,25,489,multiscene_candidate_006__inflation_005mm,multiscene_candidate_006,5,True,"[41,7]",True,0.0,0.0,0.9442387819290161,0.9442387819290161,0.0,True,True
round_25__position_10__multiscene_candidate_006__inflation_010mm,25,490,multiscene_candidate_006__inflation_010mm,multiscene_candidate_006,10,True,"[41,7]",True,0.0,0.0,0.9451422691345215,0.9451422691345215,0.0,True,True
round_25__position_11__multiscene_candidate_006__inflation_015mm,25,491,multiscene_candidate_006__inflation_015mm,multiscene_candidate_006,15,True,"[41,7]",True,0.0,0.0,0.9466080665588379,0.9466080665588379,0.0,True,True
round_25__position_12__multiscene_candidate_006__inflation_020mm,25,492,multiscene_candidate_006__inflation_020mm,multiscene_candidate_006,20,True,"[41,7]",True,0.0,0.0,0.9485822916030884,0.9485822916030884,0.0,True,True
round_25__position_13__formal_baseline_v1__inflation_000mm,25,493,formal_baseline_v1__inflation_000mm,formal_baseline_v1,0,True,"[41,7]",True,0.0,0.0,0.9438674449920654,0.9438674449920654,0.0,True,True
round_25__position_14__formal_baseline_v1__inflation_005mm,25,494,formal_baseline_v1__inflation_005mm,formal_baseline_v1,5,True,"[41,7]",True,0.0,0.0,0.9439100027084351,0.9439100027084351,0.0,True,True
round_25__position_15__formal_baseline_v1__inflation_010mm,25,495,formal_baseline_v1__inflation_010mm,formal_baseline_v1,10,True,"[41,7]",True,0.0,0.0,0.9444064497947693,0.9444064497947693,0.0,True,True
round_25__position_16__formal_baseline_v1__inflation_015mm,25,496,formal_baseline_v1__inflation_015mm,formal_baseline_v1,15,True,"[41,7]",True,0.0,0.0,0.9454147815704346,0.9454147815704346,0.0,True,True
round_25__position_17__formal_baseline_v1__inflation_020mm,25,497,formal_baseline_v1__inflation_020mm,formal_baseline_v1,20,True,"[41,7]",True,0.0,0.0,0.9469339847564697,0.9469339847564697,0.0,True,True
round_25__position_18__multiscene_candidate_001__inflation_000mm,25,498,multiscene_candidate_001__inflation_000mm,multiscene_candidate_001,0,True,"[41,7]",True,0.0,0.0,0.9438675045967102,0.9438675045967102,0.0,True,True
round_25__position_19__multiscene_candidate_001__inflation_005mm,25,499,multiscene_candidate_001__inflation_005mm,multiscene_candidate_001,5,True,"[41,7]",True,0.0,0.0,0.9440393447875977,0.9440393447875977,0.0,True,True
round_25__position_20__multiscene_candidate_001__inflation_010mm,25,500,multiscene_candidate_001__inflation_010mm,multiscene_candidate_001,10,True,"[41,7]",True,0.0,0.0,0.9447669386863708,0.9447669386863708,0.0,True,True
round_26__position_01__multiscene_candidate_006__inflation_000mm,26,501,multiscene_candidate_006__inflation_000mm,multiscene_candidate_006,0,True,"[41,7]",True,0.0,0.0,0.9438737630844116,0.9438737630844116,0.0,True,True
round_26__position_02__multiscene_candidate_006__inflation_005mm,26,502,multiscene_candidate_006__inflation_005mm,multiscene_candidate_006,5,True,"[41,7]",True,0.0,0.0,0.9442387819290161,0.9442387819290161,0.0,True,True
round_26__position_03__multiscene_candidate_006__inflation_010mm,26,503,multiscene_candidate_006__inflation_010mm,multiscene_candidate_006,10,True,"[41,7]",True,0.0,0.0,0.9451422691345215,0.9451422691345215,0.0,True,True
round_26__position_04__multiscene_candidate_006__inflation_015mm,26,504,multiscene_candidate_006__inflation_015mm,multiscene_candidate_006,15,True,"[41,7]",True,0.0,0.0,0.9466080665588379,0.9466080665588379,0.0,True,True
round_26__position_05__multiscene_candidate_006__inflation_020mm,26,505,multiscene_candidate_006__inflation_020mm,multiscene_candidate_006,20,True,"[41,7]",True,0.0,0.0,0.9485822916030884,0.9485822916030884,0.0,True,True
round_26__position_06__formal_baseline_v1__inflation_000mm,26,506,formal_baseline_v1__inflation_000mm,formal_baseline_v1,0,True,"[41,7]",True,0.0,0.0,0.9438674449920654,0.9438674449920654,0.0,True,True
round_26__position_07__formal_baseline_v1__inflation_005mm,26,507,formal_baseline_v1__inflation_005mm,formal_baseline_v1,5,True,"[41,7]",True,0.0,0.0,0.9439100027084351,0.9439100027084351,0.0,True,True
round_26__position_08__formal_baseline_v1__inflation_010mm,26,508,formal_baseline_v1__inflation_010mm,formal_baseline_v1,10,True,"[41,7]",True,0.0,0.0,0.9444064497947693,0.9444064497947693,0.0,True,True
round_26__position_09__formal_baseline_v1__inflation_015mm,26,509,formal_baseline_v1__inflation_015mm,formal_baseline_v1,15,True,"[41,7]",True,0.0,0.0,0.9454147815704346,0.9454147815704346,0.0,True,True
round_26__position_10__formal_baseline_v1__inflation_020mm,26,510,formal_baseline_v1__inflation_020mm,formal_baseline_v1,20,True,"[41,7]",True,0.0,0.0,0.9469339847564697,0.9469339847564697,0.0,True,True
round_26__position_11__multiscene_candidate_001__inflation_000mm,26,511,multiscene_candidate_001__inflation_000mm,multiscene_candidate_001,0,True,"[41,7]",True,0.0,0.0,0.9438675045967102,0.9438675045967102,0.0,True,True
round_26__position_12__multiscene_candidate_001__inflation_005mm,26,512,multiscene_candidate_001__inflation_005mm,multiscene_candidate_001,5,True,"[41,7]",True,0.0,0.0,0.9440393447875977,0.9440393447875977,0.0,True,True
round_26__position_13__multiscene_candidate_001__inflation_010mm,26,513,multiscene_candidate_001__inflation_010mm,multiscene_candidate_001,10,True,"[41,7]",True,0.0,0.0,0.9447669386863708,0.9447669386863708,0.0,True,True
round_26__position_14__multiscene_candidate_001__inflation_015mm,26,514,multiscene_candidate_001__inflation_015mm,multiscene_candidate_001,15,True,"[41,7]",True,0.0,0.0,0.9460299015045166,0.9460299015045166,0.0,True,True
round_26__position_15__multiscene_candidate_001__inflation_020mm,26,515,multiscene_candidate_001__inflation_020mm,multiscene_candidate_001,20,True,"[41,7]",True,0.0,0.0,0.947810709476471,0.947810709476471,0.0,True,True
round_26__position_16__multiscene_candidate_005__inflation_000mm,26,516,multiscene_candidate_005__inflation_000mm,multiscene_candidate_005,0,True,"[41,7]",True,0.0,0.0,0.9438865780830383,0.9438865780830383,0.0,True,True
round_26__position_17__multiscene_candidate_005__inflation_005mm,26,517,multiscene_candidate_005__inflation_005mm,multiscene_candidate_005,5,True,"[41,7]",True,0.0,0.0,0.9450989365577698,0.9450989365577698,0.0,True,True
round_26__position_18__multiscene_candidate_005__inflation_010mm,26,518,multiscene_candidate_005__inflation_010mm,multiscene_candidate_005,10,True,"[41,7]",True,0.0,0.0,0.9485982656478882,0.9485982656478882,0.0,True,True
round_26__position_19__multiscene_candidate_005__inflation_015mm,26,519,multiscene_candidate_005__inflation_015mm,multiscene_candidate_005,15,True,"[41,7]",True,0.0,0.0,0.9550252556800842,0.9550252556800842,0.0,True,True
round_26__position_20__multiscene_candidate_005__inflation_020mm,26,520,multiscene_candidate_005__inflation_020mm,multiscene_candidate_005,20,True,"[41,7]",True,0.0,0.0,0.9647320508956909,0.9647320508956909,0.0,True,True
round_27__position_01__formal_baseline_v1__inflation_010mm,27,521,formal_baseline_v1__inflation_010mm,formal_baseline_v1,10,True,"[41,7]",True,0.0,0.0,0.9444064497947693,0.9444064497947693,0.0,True,True
round_27__position_02__formal_baseline_v1__inflation_015mm,27,522,formal_baseline_v1__inflation_015mm,formal_baseline_v1,15,True,"[41,7]",True,0.0,0.0,0.9454147815704346,0.9454147815704346,0.0,True,True
round_27__position_03__formal_baseline_v1__inflation_020mm,27,523,formal_baseline_v1__inflation_020mm,formal_baseline_v1,20,True,"[41,7]",True,0.0,0.0,0.9469339847564697,0.9469339847564697,0.0,True,True
round_27__position_04__multiscene_candidate_001__inflation_000mm,27,524,multiscene_candidate_001__inflation_000mm,multiscene_candidate_001,0,True,"[41,7]",True,0.0,0.0,0.9438675045967102,0.9438675045967102,0.0,True,True
round_27__position_05__multiscene_candidate_001__inflation_005mm,27,525,multiscene_candidate_001__inflation_005mm,multiscene_candidate_001,5,True,"[41,7]",True,0.0,0.0,0.9440393447875977,0.9440393447875977,0.0,True,True
round_27__position_06__multiscene_candidate_001__inflation_010mm,27,526,multiscene_candidate_001__inflation_010mm,multiscene_candidate_001,10,True,"[41,7]",True,0.0,0.0,0.9447669386863708,0.9447669386863708,0.0,True,True
round_27__position_07__multiscene_candidate_001__inflation_015mm,27,527,multiscene_candidate_001__inflation_015mm,multiscene_candidate_001,15,True,"[41,7]",True,0.0,0.0,0.9460299015045166,0.9460299015045166,0.0,True,True
round_27__position_08__multiscene_candidate_001__inflation_020mm,27,528,multiscene_candidate_001__inflation_020mm,multiscene_candidate_001,20,True,"[41,7]",True,0.0,0.0,0.947810709476471,0.947810709476471,0.0,True,True
round_27__position_09__multiscene_candidate_005__inflation_000mm,27,529,multiscene_candidate_005__inflation_000mm,multiscene_candidate_005,0,True,"[41,7]",True,0.0,0.0,0.9438865780830383,0.9438865780830383,0.0,True,True
round_27__position_10__multiscene_candidate_005__inflation_005mm,27,530,multiscene_candidate_005__inflation_005mm,multiscene_candidate_005,5,True,"[41,7]",True,0.0,0.0,0.9450989365577698,0.9450989365577698,0.0,True,True
round_27__position_11__multiscene_candidate_005__inflation_010mm,27,531,multiscene_candidate_005__inflation_010mm,multiscene_candidate_005,10,True,"[41,7]",True,0.0,0.0,0.9485982656478882,0.9485982656478882,0.0,True,True
round_27__position_12__multiscene_candidate_005__inflation_015mm,27,532,multiscene_candidate_005__inflation_015mm,multiscene_candidate_005,15,True,"[41,7]",True,0.0,0.0,0.9550252556800842,0.9550252556800842,0.0,True,True
round_27__position_13__multiscene_candidate_005__inflation_020mm,27,533,multiscene_candidate_005__inflation_020mm,multiscene_candidate_005,20,True,"[41,7]",True,0.0,0.0,0.9647320508956909,0.9647320508956909,0.0,True,True
round_27__position_14__multiscene_candidate_006__inflation_000mm,27,534,multiscene_candidate_006__inflation_000mm,multiscene_candidate_006,0,True,"[41,7]",True,0.0,0.0,0.9438737630844116,0.9438737630844116,0.0,True,True
round_27__position_15__multiscene_candidate_006__inflation_005mm,27,535,multiscene_candidate_006__inflation_005mm,multiscene_candidate_006,5,True,"[41,7]",True,0.0,0.0,0.9442387819290161,0.9442387819290161,0.0,True,True
round_27__position_16__multiscene_candidate_006__inflation_010mm,27,536,multiscene_candidate_006__inflation_010mm,multiscene_candidate_006,10,True,"[41,7]",True,0.0,0.0,0.9451422691345215,0.9451422691345215,0.0,True,True
round_27__position_17__multiscene_candidate_006__inflation_015mm,27,537,multiscene_candidate_006__inflation_015mm,multiscene_candidate_006,15,True,"[41,7]",True,0.0,0.0,0.9466080665588379,0.9466080665588379,0.0,True,True
round_27__position_18__multiscene_candidate_006__inflation_020mm,27,538,multiscene_candidate_006__inflation_020mm,multiscene_candidate_006,20,True,"[41,7]",True,0.0,0.0,0.9485822916030884,0.9485822916030884,0.0,True,True
round_27__position_19__formal_baseline_v1__inflation_000mm,27,539,formal_baseline_v1__inflation_000mm,formal_baseline_v1,0,True,"[41,7]",True,0.0,0.0,0.9438674449920654,0.9438674449920654,0.0,True,True
round_27__position_20__formal_baseline_v1__inflation_005mm,27,540,formal_baseline_v1__inflation_005mm,formal_baseline_v1,5,True,"[41,7]",True,0.0,0.0,0.9439100027084351,0.9439100027084351,0.0,True,True
round_28__position_01__multiscene_candidate_001__inflation_020mm,28,541,multiscene_candidate_001__inflation_020mm,multiscene_candidate_001,20,True,"[41,7]",True,0.0,0.0,0.947810709476471,0.947810709476471,0.0,True,True
round_28__position_02__multiscene_candidate_005__inflation_000mm,28,542,multiscene_candidate_005__inflation_000mm,multiscene_candidate_005,0,True,"[41,7]",True,0.0,0.0,0.9438865780830383,0.9438865780830383,0.0,True,True
round_28__position_03__multiscene_candidate_005__inflation_005mm,28,543,multiscene_candidate_005__inflation_005mm,multiscene_candidate_005,5,True,"[41,7]",True,0.0,0.0,0.9450989365577698,0.9450989365577698,0.0,True,True
round_28__position_04__multiscene_candidate_005__inflation_010mm,28,544,multiscene_candidate_005__inflation_010mm,multiscene_candidate_005,10,True,"[41,7]",True,0.0,0.0,0.9485982656478882,0.9485982656478882,0.0,True,True
round_28__position_05__multiscene_candidate_005__inflation_015mm,28,545,multiscene_candidate_005__inflation_015mm,multiscene_candidate_005,15,True,"[41,7]",True,0.0,0.0,0.9550252556800842,0.9550252556800842,0.0,True,True
round_28__position_06__multiscene_candidate_005__inflation_020mm,28,546,multiscene_candidate_005__inflation_020mm,multiscene_candidate_005,20,True,"[41,7]",True,0.0,0.0,0.9647320508956909,0.9647320508956909,0.0,True,True
round_28__position_07__multiscene_candidate_006__inflation_000mm,28,547,multiscene_candidate_006__inflation_000mm,multiscene_candidate_006,0,True,"[41,7]",True,0.0,0.0,0.9438737630844116,0.9438737630844116,0.0,True,True
round_28__position_08__multiscene_candidate_006__inflation_005mm,28,548,multiscene_candidate_006__inflation_005mm,multiscene_candidate_006,5,True,"[41,7]",True,0.0,0.0,0.9442387819290161,0.9442387819290161,0.0,True,True
round_28__position_09__multiscene_candidate_006__inflation_010mm,28,549,multiscene_candidate_006__inflation_010mm,multiscene_candidate_006,10,True,"[41,7]",True,0.0,0.0,0.9451422691345215,0.9451422691345215,0.0,True,True
round_28__position_10__multiscene_candidate_006__inflation_015mm,28,550,multiscene_candidate_006__inflation_015mm,multiscene_candidate_006,15,True,"[41,7]",True,0.0,0.0,0.9466080665588379,0.9466080665588379,0.0,True,True
round_28__position_11__multiscene_candidate_006__inflation_020mm,28,551,multiscene_candidate_006__inflation_020mm,multiscene_candidate_006,20,True,"[41,7]",True,0.0,0.0,0.9485822916030884,0.9485822916030884,0.0,True,True
round_28__position_12__formal_baseline_v1__inflation_000mm,28,552,formal_baseline_v1__inflation_000mm,formal_baseline_v1,0,True,"[41,7]",True,0.0,0.0,0.9438674449920654,0.9438674449920654,0.0,True,True
round_28__position_13__formal_baseline_v1__inflation_005mm,28,553,formal_baseline_v1__inflation_005mm,formal_baseline_v1,5,True,"[41,7]",True,0.0,0.0,0.9439100027084351,0.9439100027084351,0.0,True,True
round_28__position_14__formal_baseline_v1__inflation_010mm,28,554,formal_baseline_v1__inflation_010mm,formal_baseline_v1,10,True,"[41,7]",True,0.0,0.0,0.9444064497947693,0.9444064497947693,0.0,True,True
round_28__position_15__formal_baseline_v1__inflation_015mm,28,555,formal_baseline_v1__inflation_015mm,formal_baseline_v1,15,True,"[41,7]",True,0.0,0.0,0.9454147815704346,0.9454147815704346,0.0,True,True
round_28__position_16__formal_baseline_v1__inflation_020mm,28,556,formal_baseline_v1__inflation_020mm,formal_baseline_v1,20,True,"[41,7]",True,0.0,0.0,0.9469339847564697,0.9469339847564697,0.0,True,True
round_28__position_17__multiscene_candidate_001__inflation_000mm,28,557,multiscene_candidate_001__inflation_000mm,multiscene_candidate_001,0,True,"[41,7]",True,0.0,0.0,0.9438675045967102,0.9438675045967102,0.0,True,True
round_28__position_18__multiscene_candidate_001__inflation_005mm,28,558,multiscene_candidate_001__inflation_005mm,multiscene_candidate_001,5,True,"[41,7]",True,0.0,0.0,0.9440393447875977,0.9440393447875977,0.0,True,True
round_28__position_19__multiscene_candidate_001__inflation_010mm,28,559,multiscene_candidate_001__inflation_010mm,multiscene_candidate_001,10,True,"[41,7]",True,0.0,0.0,0.9447669386863708,0.9447669386863708,0.0,True,True
round_28__position_20__multiscene_candidate_001__inflation_015mm,28,560,multiscene_candidate_001__inflation_015mm,multiscene_candidate_001,15,True,"[41,7]",True,0.0,0.0,0.9460299015045166,0.9460299015045166,0.0,True,True
round_29__position_01__multiscene_candidate_006__inflation_005mm,29,561,multiscene_candidate_006__inflation_005mm,multiscene_candidate_006,5,True,"[41,7]",True,0.0,0.0,0.9442387819290161,0.9442387819290161,0.0,True,True
round_29__position_02__multiscene_candidate_006__inflation_010mm,29,562,multiscene_candidate_006__inflation_010mm,multiscene_candidate_006,10,True,"[41,7]",True,0.0,0.0,0.9451422691345215,0.9451422691345215,0.0,True,True
round_29__position_03__multiscene_candidate_006__inflation_015mm,29,563,multiscene_candidate_006__inflation_015mm,multiscene_candidate_006,15,True,"[41,7]",True,0.0,0.0,0.9466080665588379,0.9466080665588379,0.0,True,True
round_29__position_04__multiscene_candidate_006__inflation_020mm,29,564,multiscene_candidate_006__inflation_020mm,multiscene_candidate_006,20,True,"[41,7]",True,0.0,0.0,0.9485822916030884,0.9485822916030884,0.0,True,True
round_29__position_05__formal_baseline_v1__inflation_000mm,29,565,formal_baseline_v1__inflation_000mm,formal_baseline_v1,0,True,"[41,7]",True,0.0,0.0,0.9438674449920654,0.9438674449920654,0.0,True,True
round_29__position_06__formal_baseline_v1__inflation_005mm,29,566,formal_baseline_v1__inflation_005mm,formal_baseline_v1,5,True,"[41,7]",True,0.0,0.0,0.9439100027084351,0.9439100027084351,0.0,True,True
round_29__position_07__formal_baseline_v1__inflation_010mm,29,567,formal_baseline_v1__inflation_010mm,formal_baseline_v1,10,True,"[41,7]",True,0.0,0.0,0.9444064497947693,0.9444064497947693,0.0,True,True
round_29__position_08__formal_baseline_v1__inflation_015mm,29,568,formal_baseline_v1__inflation_015mm,formal_baseline_v1,15,True,"[41,7]",True,0.0,0.0,0.9454147815704346,0.9454147815704346,0.0,True,True
round_29__position_09__formal_baseline_v1__inflation_020mm,29,569,formal_baseline_v1__inflation_020mm,formal_baseline_v1,20,True,"[41,7]",True,0.0,0.0,0.9469339847564697,0.9469339847564697,0.0,True,True
round_29__position_10__multiscene_candidate_001__inflation_000mm,29,570,multiscene_candidate_001__inflation_000mm,multiscene_candidate_001,0,True,"[41,7]",True,0.0,0.0,0.9438675045967102,0.9438675045967102,0.0,True,True
round_29__position_11__multiscene_candidate_001__inflation_005mm,29,571,multiscene_candidate_001__inflation_005mm,multiscene_candidate_001,5,True,"[41,7]",True,0.0,0.0,0.9440393447875977,0.9440393447875977,0.0,True,True
round_29__position_12__multiscene_candidate_001__inflation_010mm,29,572,multiscene_candidate_001__inflation_010mm,multiscene_candidate_001,10,True,"[41,7]",True,0.0,0.0,0.9447669386863708,0.9447669386863708,0.0,True,True
round_29__position_13__multiscene_candidate_001__inflation_015mm,29,573,multiscene_candidate_001__inflation_015mm,multiscene_candidate_001,15,True,"[41,7]",True,0.0,0.0,0.9460299015045166,0.9460299015045166,0.0,True,True
round_29__position_14__multiscene_candidate_001__inflation_020mm,29,574,multiscene_candidate_001__inflation_020mm,multiscene_candidate_001,20,True,"[41,7]",True,0.0,0.0,0.947810709476471,0.947810709476471,0.0,True,True
round_29__position_15__multiscene_candidate_005__inflation_000mm,29,575,multiscene_candidate_005__inflation_000mm,multiscene_candidate_005,0,True,"[41,7]",True,0.0,0.0,0.9438865780830383,0.9438865780830383,0.0,True,True
round_29__position_16__multiscene_candidate_005__inflation_005mm,29,576,multiscene_candidate_005__inflation_005mm,multiscene_candidate_005,5,True,"[41,7]",True,0.0,0.0,0.9450989365577698,0.9450989365577698,0.0,True,True
round_29__position_17__multiscene_candidate_005__inflation_010mm,29,577,multiscene_candidate_005__inflation_010mm,multiscene_candidate_005,10,True,"[41,7]",True,0.0,0.0,0.9485982656478882,0.9485982656478882,0.0,True,True
round_29__position_18__multiscene_candidate_005__inflation_015mm,29,578,multiscene_candidate_005__inflation_015mm,multiscene_candidate_005,15,True,"[41,7]",True,0.0,0.0,0.9550252556800842,0.9550252556800842,0.0,True,True
round_29__position_19__multiscene_candidate_005__inflation_020mm,29,579,multiscene_candidate_005__inflation_020mm,multiscene_candidate_005,20,True,"[41,7]",True,0.0,0.0,0.9647320508956909,0.9647320508956909,0.0,True,True
round_29__position_20__multiscene_candidate_006__inflation_000mm,29,580,multiscene_candidate_006__inflation_000mm,multiscene_candidate_006,0,True,"[41,7]",True,0.0,0.0,0.9438737630844116,0.9438737630844116,0.0,True,True
round_30__position_01__formal_baseline_v1__inflation_015mm,30,581,formal_baseline_v1__inflation_015mm,formal_baseline_v1,15,True,"[41,7]",True,0.0,0.0,0.9454147815704346,0.9454147815704346,0.0,True,True
round_30__position_02__formal_baseline_v1__inflation_020mm,30,582,formal_baseline_v1__inflation_020mm,formal_baseline_v1,20,True,"[41,7]",True,0.0,0.0,0.9469339847564697,0.9469339847564697,0.0,True,True
round_30__position_03__multiscene_candidate_001__inflation_000mm,30,583,multiscene_candidate_001__inflation_000mm,multiscene_candidate_001,0,True,"[41,7]",True,0.0,0.0,0.9438675045967102,0.9438675045967102,0.0,True,True
round_30__position_04__multiscene_candidate_001__inflation_005mm,30,584,multiscene_candidate_001__inflation_005mm,multiscene_candidate_001,5,True,"[41,7]",True,0.0,0.0,0.9440393447875977,0.9440393447875977,0.0,True,True
round_30__position_05__multiscene_candidate_001__inflation_010mm,30,585,multiscene_candidate_001__inflation_010mm,multiscene_candidate_001,10,True,"[41,7]",True,0.0,0.0,0.9447669386863708,0.9447669386863708,0.0,True,True
round_30__position_06__multiscene_candidate_001__inflation_015mm,30,586,multiscene_candidate_001__inflation_015mm,multiscene_candidate_001,15,True,"[41,7]",True,0.0,0.0,0.9460299015045166,0.9460299015045166,0.0,True,True
round_30__position_07__multiscene_candidate_001__inflation_020mm,30,587,multiscene_candidate_001__inflation_020mm,multiscene_candidate_001,20,True,"[41,7]",True,0.0,0.0,0.947810709476471,0.947810709476471,0.0,True,True
round_30__position_08__multiscene_candidate_005__inflation_000mm,30,588,multiscene_candidate_005__inflation_000mm,multiscene_candidate_005,0,True,"[41,7]",True,0.0,0.0,0.9438865780830383,0.9438865780830383,0.0,True,True
round_30__position_09__multiscene_candidate_005__inflation_005mm,30,589,multiscene_candidate_005__inflation_005mm,multiscene_candidate_005,5,True,"[41,7]",True,0.0,0.0,0.9450989365577698,0.9450989365577698,0.0,True,True
round_30__position_10__multiscene_candidate_005__inflation_010mm,30,590,multiscene_candidate_005__inflation_010mm,multiscene_candidate_005,10,True,"[41,7]",True,0.0,0.0,0.9485982656478882,0.9485982656478882,0.0,True,True
round_30__position_11__multiscene_candidate_005__inflation_015mm,30,591,multiscene_candidate_005__inflation_015mm,multiscene_candidate_005,15,True,"[41,7]",True,0.0,0.0,0.9550252556800842,0.9550252556800842,0.0,True,True
round_30__position_12__multiscene_candidate_005__inflation_020mm,30,592,multiscene_candidate_005__inflation_020mm,multiscene_candidate_005,20,True,"[41,7]",True,0.0,0.0,0.9647320508956909,0.9647320508956909,0.0,True,True
round_30__position_13__multiscene_candidate_006__inflation_000mm,30,593,multiscene_candidate_006__inflation_000mm,multiscene_candidate_006,0,True,"[41,7]",True,0.0,0.0,0.9438737630844116,0.9438737630844116,0.0,True,True
round_30__position_14__multiscene_candidate_006__inflation_005mm,30,594,multiscene_candidate_006__inflation_005mm,multiscene_candidate_006,5,True,"[41,7]",True,0.0,0.0,0.9442387819290161,0.9442387819290161,0.0,True,True
round_30__position_15__multiscene_candidate_006__inflation_010mm,30,595,multiscene_candidate_006__inflation_010mm,multiscene_candidate_006,10,True,"[41,7]",True,0.0,0.0,0.9451422691345215,0.9451422691345215,0.0,True,True
round_30__position_16__multiscene_candidate_006__inflation_015mm,30,596,multiscene_candidate_006__inflation_015mm,multiscene_candidate_006,15,True,"[41,7]",True,0.0,0.0,0.9466080665588379,0.9466080665588379,0.0,True,True
round_30__position_17__multiscene_candidate_006__inflation_020mm,30,597,multiscene_candidate_006__inflation_020mm,multiscene_candidate_006,20,True,"[41,7]",True,0.0,0.0,0.9485822916030884,0.9485822916030884,0.0,True,True
round_30__position_18__formal_baseline_v1__inflation_000mm,30,598,formal_baseline_v1__inflation_000mm,formal_baseline_v1,0,True,"[41,7]",True,0.0,0.0,0.9438674449920654,0.9438674449920654,0.0,True,True
round_30__position_19__formal_baseline_v1__inflation_005mm,30,599,formal_baseline_v1__inflation_005mm,formal_baseline_v1,5,True,"[41,7]",True,0.0,0.0,0.9439100027084351,0.9439100027084351,0.0,True,True
round_30__position_20__formal_baseline_v1__inflation_010mm,30,600,formal_baseline_v1__inflation_010mm,formal_baseline_v1,10,True,"[41,7]",True,0.0,0.0,0.9444064497947693,0.9444064497947693,0.0,True,True
