trial_id,condition_id,scene_id,inflation_mm,magnitude_mm,disagreement_type,absolute_curobo_clearance_mm,absolute_physx_separation_mm
formal_baseline_v1__inflation_000mm__direction_081__044mm,formal_baseline_v1__inflation_000mm,formal_baseline_v1,0,44.0,curobo_collision_physx_safe,0.1567341387271881,0.15045702457427979
formal_baseline_v1__inflation_000mm__direction_083__036mm,formal_baseline_v1__inflation_000mm,formal_baseline_v1,0,36.0,curobo_safe_physx_collision,2.7115270495414734,0.4878900945186615
formal_baseline_v1__inflation_000mm__direction_083__038mm,formal_baseline_v1__inflation_000mm,formal_baseline_v1,0,38.0,curobo_safe_physx_collision,2.127036452293396,1.1511258780956268
formal_baseline_v1__inflation_000mm__direction_083__040mm,formal_baseline_v1__inflation_000mm,formal_baseline_v1,0,40.0,curobo_safe_physx_collision,1.549798995256424,1.756720244884491
formal_baseline_v1__inflation_000mm__direction_083__042mm,formal_baseline_v1__inflation_000mm,formal_baseline_v1,0,42.0,curobo_safe_physx_collision,0.9799636900424957,2.3378655314445496
formal_baseline_v1__inflation_000mm__direction_083__044mm,formal_baseline_v1__inflation_000mm,formal_baseline_v1,0,44.0,curobo_safe_physx_collision,0.4178769886493683,2.919025719165802
formal_baseline_v1__inflation_000mm__direction_084__050mm,formal_baseline_v1__inflation_000mm,formal_baseline_v1,0,50.0,curobo_collision_physx_safe,0.1177564263343811,1.4700740575790405
formal_baseline_v1__inflation_000mm__direction_084__052mm,formal_baseline_v1__inflation_000mm,formal_baseline_v1,0,52.0,curobo_collision_physx_safe,0.6307922303676605,0.9438395500183105
formal_baseline_v1__inflation_000mm__direction_084__054mm,formal_baseline_v1__inflation_000mm,formal_baseline_v1,0,54.0,curobo_collision_physx_safe,1.1192075908184052,0.42128562927246094
formal_baseline_v1__inflation_000mm__direction_085__048mm,formal_baseline_v1__inflation_000mm,formal_baseline_v1,0,48.0,curobo_safe_physx_collision,2.4747438728809357,0.4294589161872864
formal_baseline_v1__inflation_000mm__direction_085__050mm,formal_baseline_v1__inflation_000mm,formal_baseline_v1,0,50.0,curobo_safe_physx_collision,2.2079311311244965,0.8893348276615143
formal_baseline_v1__inflation_000mm__direction_085__052mm,formal_baseline_v1__inflation_000mm,formal_baseline_v1,0,52.0,curobo_safe_physx_collision,2.021562308073044,1.3491623103618622
formal_baseline_v1__inflation_000mm__direction_085__054mm,formal_baseline_v1__inflation_000mm,formal_baseline_v1,0,54.0,curobo_safe_physx_collision,1.8593333661556244,1.8090121448040009
formal_baseline_v1__inflation_000mm__direction_085__056mm,formal_baseline_v1__inflation_000mm,formal_baseline_v1,0,56.0,curobo_safe_physx_collision,1.2159422039985657,1.8183067440986633
formal_baseline_v1__inflation_000mm__direction_085__058mm,formal_baseline_v1__inflation_000mm,formal_baseline_v1,0,58.0,curobo_safe_physx_collision,0.6474293768405914,2.247381955385208
formal_baseline_v1__inflation_000mm__direction_085__060mm,formal_baseline_v1__inflation_000mm,formal_baseline_v1,0,60.0,curobo_safe_physx_collision,0.15710294246673584,2.6764683425426483
formal_baseline_v1__inflation_000mm__direction_086__032mm,formal_baseline_v1__inflation_000mm,formal_baseline_v1,0,32.0,curobo_collision_physx_safe,0.14467909932136536,0.5170181393623352
formal_baseline_v1__inflation_000mm__direction_087__056mm,formal_baseline_v1__inflation_000mm,formal_baseline_v1,0,56.0,curobo_collision_physx_safe,0.5293227732181549,0.8112192153930664
formal_baseline_v1__inflation_000mm__direction_087__058mm,formal_baseline_v1__inflation_000mm,formal_baseline_v1,0,58.0,curobo_collision_physx_safe,1.1516101658344269,0.30313432216644287
formal_baseline_v1__inflation_000mm__direction_088__032mm,formal_baseline_v1__inflation_000mm,formal_baseline_v1,0,32.0,curobo_safe_physx_collision,3.36519256234169,0.11077523231506348
formal_baseline_v1__inflation_000mm__direction_088__034mm,formal_baseline_v1__inflation_000mm,formal_baseline_v1,0,34.0,curobo_safe_physx_collision,2.657286822795868,0.7710009813308716
formal_baseline_v1__inflation_000mm__direction_088__036mm,formal_baseline_v1__inflation_000mm,formal_baseline_v1,0,36.0,curobo_safe_physx_collision,1.992989331483841,1.1504963040351868
formal_baseline_v1__inflation_000mm__direction_088__038mm,formal_baseline_v1__inflation_000mm,formal_baseline_v1,0,38.0,curobo_safe_physx_collision,1.3741664588451385,1.2863576412200928
formal_baseline_v1__inflation_000mm__direction_088__040mm,formal_baseline_v1__inflation_000mm,formal_baseline_v1,0,40.0,curobo_safe_physx_collision,0.8026659488677979,1.9170232117176056
formal_baseline_v1__inflation_000mm__direction_088__042mm,formal_baseline_v1__inflation_000mm,formal_baseline_v1,0,42.0,curobo_safe_physx_collision,0.2802833914756775,2.547692507505417
formal_baseline_v1__inflation_000mm__direction_090__040mm,formal_baseline_v1__inflation_000mm,formal_baseline_v1,0,40.0,curobo_collision_physx_safe,0.22517144680023193,1.0730177164077759
formal_baseline_v1__inflation_000mm__direction_090__042mm,formal_baseline_v1__inflation_000mm,formal_baseline_v1,0,42.0,curobo_collision_physx_safe,0.6715506315231323,0.39542466402053833
formal_baseline_v1__inflation_000mm__direction_092__036mm,formal_baseline_v1__inflation_000mm,formal_baseline_v1,0,36.0,curobo_collision_physx_safe,0.033970922231674194,1.5459135174751282
formal_baseline_v1__inflation_000mm__direction_092__038mm,formal_baseline_v1__inflation_000mm,formal_baseline_v1,0,38.0,curobo_collision_physx_safe,0.7074810564517975,0.8192509412765503
formal_baseline_v1__inflation_000mm__direction_092__040mm,formal_baseline_v1__inflation_000mm,formal_baseline_v1,0,40.0,curobo_collision_physx_safe,1.3291947543621063,0.09261816740036011
formal_baseline_v1__inflation_000mm__direction_093__030mm,formal_baseline_v1__inflation_000mm,formal_baseline_v1,0,30.0,curobo_safe_physx_collision,2.0572245121002197,0.07246434688568115
formal_baseline_v1__inflation_000mm__direction_093__032mm,formal_baseline_v1__inflation_000mm,formal_baseline_v1,0,32.0,curobo_safe_physx_collision,1.3713203370571136,1.0100007057189941
formal_baseline_v1__inflation_000mm__direction_093__034mm,formal_baseline_v1__inflation_000mm,formal_baseline_v1,0,34.0,curobo_safe_physx_collision,0.7611401379108429,1.9475892186164856
formal_baseline_v1__inflation_000mm__direction_093__036mm,formal_baseline_v1__inflation_000mm,formal_baseline_v1,0,36.0,curobo_safe_physx_collision,0.2298690378665924,2.851836383342743
formal_baseline_v1__inflation_000mm__direction_095__034mm,formal_baseline_v1__inflation_000mm,formal_baseline_v1,0,34.0,curobo_collision_physx_safe,0.04669278860092163,1.2880414724349976
formal_baseline_v1__inflation_000mm__direction_095__036mm,formal_baseline_v1__inflation_000mm,formal_baseline_v1,0,36.0,curobo_collision_physx_safe,0.5971603095531464,0.5034729838371277
formal_baseline_v1__inflation_000mm__direction_096__024mm,formal_baseline_v1__inflation_000mm,formal_baseline_v1,0,24.0,curobo_safe_physx_collision,1.5002675354480743,0.11557340621948242
formal_baseline_v1__inflation_000mm__direction_096__026mm,formal_baseline_v1__inflation_000mm,formal_baseline_v1,0,26.0,curobo_safe_physx_collision,0.5298107862472534,1.2035742402076721
formal_baseline_v1__inflation_000mm__direction_097__028mm,formal_baseline_v1__inflation_000mm,formal_baseline_v1,0,28.0,curobo_collision_physx_safe,0.7021091878414154,0.644192099571228
formal_baseline_v1__inflation_000mm__direction_100__028mm,formal_baseline_v1__inflation_000mm,formal_baseline_v1,0,28.0,curobo_collision_physx_safe,0.2856925129890442,1.0408610105514526
formal_baseline_v1__inflation_000mm__direction_100__030mm,formal_baseline_v1__inflation_000mm,formal_baseline_v1,0,30.0,curobo_collision_physx_safe,1.299150288105011,0.2831071615219116
formal_baseline_v1__inflation_000mm__direction_101__024mm,formal_baseline_v1__inflation_000mm,formal_baseline_v1,0,24.0,curobo_safe_physx_collision,0.4816800355911255,0.6774142384529114
formal_baseline_v1__inflation_000mm__direction_102__022mm,formal_baseline_v1__inflation_000mm,formal_baseline_v1,0,22.0,curobo_collision_physx_safe,0.053126364946365356,0.4854723811149597
formal_baseline_v1__inflation_000mm__direction_103__026mm,formal_baseline_v1__inflation_000mm,formal_baseline_v1,0,26.0,curobo_collision_physx_safe,0.4479028284549713,0.12977421283721924
formal_baseline_v1__inflation_000mm__direction_105__024mm,formal_baseline_v1__inflation_000mm,formal_baseline_v1,0,24.0,curobo_collision_physx_safe,0.9719729423522949,0.09016692638397217
formal_baseline_v1__inflation_000mm__direction_107__018mm,formal_baseline_v1__inflation_000mm,formal_baseline_v1,0,18.0,curobo_collision_physx_safe,0.026144087314605713,1.1206567287445068
formal_baseline_v1__inflation_000mm__direction_111__020mm,formal_baseline_v1__inflation_000mm,formal_baseline_v1,0,20.0,curobo_collision_physx_safe,0.7451474666595459,0.5050152540206909
formal_baseline_v1__inflation_000mm__direction_113__020mm,formal_baseline_v1__inflation_000mm,formal_baseline_v1,0,20.0,curobo_collision_physx_safe,0.9865984320640564,0.13539940118789673
formal_baseline_v1__inflation_000mm__direction_116__018mm,formal_baseline_v1__inflation_000mm,formal_baseline_v1,0,18.0,curobo_collision_physx_safe,0.506572425365448,0.7292330265045166
formal_baseline_v1__inflation_000mm__direction_117__016mm,formal_baseline_v1__inflation_000mm,formal_baseline_v1,0,16.0,curobo_collision_physx_safe,0.39215385913848877,0.08090585470199585
formal_baseline_v1__inflation_000mm__direction_119__016mm,formal_baseline_v1__inflation_000mm,formal_baseline_v1,0,16.0,curobo_collision_physx_safe,0.22909045219421387,0.2978965640068054
formal_baseline_v1__inflation_000mm__direction_121__016mm,formal_baseline_v1__inflation_000mm,formal_baseline_v1,0,16.0,curobo_collision_physx_safe,0.4879757761955261,0.8709654211997986
formal_baseline_v1__inflation_000mm__direction_126__014mm,formal_baseline_v1__inflation_000mm,formal_baseline_v1,0,14.0,curobo_collision_physx_safe,0.02596154808998108,0.49336254596710205
formal_baseline_v1__inflation_000mm__direction_127__014mm,formal_baseline_v1__inflation_000mm,formal_baseline_v1,0,14.0,curobo_collision_physx_safe,0.24471059441566467,0.11908262968063354
formal_baseline_v1__inflation_005mm__direction_078__050mm,formal_baseline_v1__inflation_005mm,formal_baseline_v1,5,50.0,curobo_safe_physx_collision,1.217573881149292,0.34749507904052734
formal_baseline_v1__inflation_005mm__direction_078__052mm,formal_baseline_v1__inflation_005mm,formal_baseline_v1,5,52.0,curobo_safe_physx_collision,0.7372945547103882,0.8561871945858002
formal_baseline_v1__inflation_005mm__direction_078__054mm,formal_baseline_v1__inflation_005mm,formal_baseline_v1,5,54.0,curobo_safe_physx_collision,0.15716254711151123,1.3307146728038788
formal_baseline_v1__inflation_005mm__direction_083__042mm,formal_baseline_v1__inflation_005mm,formal_baseline_v1,5,42.0,curobo_safe_physx_collision,3.3288970589637756,0.2336464822292328
formal_baseline_v1__inflation_005mm__direction_083__044mm,formal_baseline_v1__inflation_005mm,formal_baseline_v1,5,44.0,curobo_safe_physx_collision,2.779364585876465,0.8106902241706848
formal_baseline_v1__inflation_005mm__direction_083__046mm,formal_baseline_v1__inflation_005mm,formal_baseline_v1,5,46.0,curobo_safe_physx_collision,2.2378191351890564,1.1130347847938538
formal_baseline_v1__inflation_005mm__direction_083__048mm,formal_baseline_v1__inflation_005mm,formal_baseline_v1,5,48.0,curobo_safe_physx_collision,1.7044171690940857,1.4154426753520966
formal_baseline_v1__inflation_005mm__direction_083__050mm,formal_baseline_v1__inflation_005mm,formal_baseline_v1,5,50.0,curobo_safe_physx_collision,1.1795014142990112,1.7178356647491455
formal_baseline_v1__inflation_005mm__direction_083__052mm,formal_baseline_v1__inflation_005mm,formal_baseline_v1,5,52.0,curobo_safe_physx_collision,0.6634294986724854,2.1026208996772766
formal_baseline_v1__inflation_005mm__direction_083__054mm,formal_baseline_v1__inflation_005mm,formal_baseline_v1,5,54.0,curobo_safe_physx_collision,0.15637651085853577,2.67111137509346
formal_baseline_v1__inflation_005mm__direction_084__060mm,formal_baseline_v1__inflation_005mm,formal_baseline_v1,5,60.0,curobo_collision_physx_safe,0.3260001540184021,0.8604750037193298
formal_baseline_v1__inflation_005mm__direction_085__058mm,formal_baseline_v1__inflation_005mm,formal_baseline_v1,5,58.0,curobo_safe_physx_collision,2.811841666698456,0.029258430004119873
formal_baseline_v1__inflation_005mm__direction_085__060mm,formal_baseline_v1__inflation_005mm,formal_baseline_v1,5,60.0,curobo_safe_physx_collision,2.356860786676407,0.46032294631004333
formal_baseline_v1__inflation_005mm__direction_088__042mm,formal_baseline_v1__inflation_005mm,formal_baseline_v1,5,42.0,curobo_safe_physx_collision,2.694185823202133,0.29559433460235596
formal_baseline_v1__inflation_005mm__direction_088__044mm,formal_baseline_v1__inflation_005mm,formal_baseline_v1,5,44.0,curobo_safe_physx_collision,2.2452808916568756,0.9278729557991028
formal_baseline_v1__inflation_005mm__direction_088__046mm,formal_baseline_v1__inflation_005mm,formal_baseline_v1,5,46.0,curobo_safe_physx_collision,1.8465220928192139,1.5601366758346558
formal_baseline_v1__inflation_005mm__direction_088__048mm,formal_baseline_v1__inflation_005mm,formal_baseline_v1,5,48.0,curobo_safe_physx_collision,1.4991909265518188,2.1924003958702087
formal_baseline_v1__inflation_005mm__direction_088__050mm,formal_baseline_v1__inflation_005mm,formal_baseline_v1,5,50.0,curobo_safe_physx_collision,0.7640048861503601,2.831842750310898
formal_baseline_v1__inflation_005mm__direction_088__052mm,formal_baseline_v1__inflation_005mm,formal_baseline_v1,5,52.0,curobo_safe_physx_collision,0.051587820053100586,2.859819680452347
formal_baseline_v1__inflation_005mm__direction_089__040mm,formal_baseline_v1__inflation_005mm,formal_baseline_v1,5,40.0,curobo_collision_physx_safe,0.036094337701797485,0.08203089237213135
formal_baseline_v1__inflation_005mm__direction_091__032mm,formal_baseline_v1__inflation_005mm,formal_baseline_v1,5,32.0,curobo_safe_physx_collision,0.4887320101261139,0.8452460169792175
formal_baseline_v1__inflation_005mm__direction_092__044mm,formal_baseline_v1__inflation_005mm,formal_baseline_v1,5,44.0,curobo_collision_physx_safe,0.336524099111557,0.6041303277015686
formal_baseline_v1__inflation_005mm__direction_093__036mm,formal_baseline_v1__inflation_005mm,formal_baseline_v1,5,36.0,curobo_safe_physx_collision,2.6761144399642944,0.6022714078426361
formal_baseline_v1__inflation_005mm__direction_093__038mm,formal_baseline_v1__inflation_005mm,formal_baseline_v1,5,38.0,curobo_safe_physx_collision,2.2497065365314484,1.3569928705692291
formal_baseline_v1__inflation_005mm__direction_093__040mm,formal_baseline_v1__inflation_005mm,formal_baseline_v1,5,40.0,curobo_safe_physx_collision,1.4693662524223328,2.1455027163028717
formal_baseline_v1__inflation_005mm__direction_093__042mm,formal_baseline_v1__inflation_005mm,formal_baseline_v1,5,42.0,curobo_safe_physx_collision,0.6242506206035614,2.2496916353702545
formal_baseline_v1__inflation_005mm__direction_094__030mm,formal_baseline_v1__inflation_005mm,formal_baseline_v1,5,30.0,curobo_collision_physx_safe,0.18498674035072327,0.0020116567611694336
formal_baseline_v1__inflation_005mm__direction_095__042mm,formal_baseline_v1__inflation_005mm,formal_baseline_v1,5,42.0,curobo_collision_physx_safe,0.7770657539367676,0.1477077603340149
formal_baseline_v1__inflation_005mm__direction_096__028mm,formal_baseline_v1__inflation_005mm,formal_baseline_v1,5,28.0,curobo_safe_physx_collision,1.9328929483890533,0.21447241306304932
formal_baseline_v1__inflation_005mm__direction_096__030mm,formal_baseline_v1__inflation_005mm,formal_baseline_v1,5,30.0,curobo_safe_physx_collision,1.0191239416599274,1.3016313314437866
formal_baseline_v1__inflation_005mm__direction_096__032mm,formal_baseline_v1__inflation_005mm,formal_baseline_v1,5,32.0,curobo_safe_physx_collision,0.12548640370368958,2.3887380957603455
formal_baseline_v1__inflation_005mm__direction_097__032mm,formal_baseline_v1__inflation_005mm,formal_baseline_v1,5,32.0,curobo_collision_physx_safe,0.4450269043445587,0.7013082504272461
formal_baseline_v1__inflation_005mm__direction_100__032mm,formal_baseline_v1__inflation_005mm,formal_baseline_v1,5,32.0,curobo_collision_physx_safe,0.07805600762367249,1.297585666179657
formal_baseline_v1__inflation_005mm__direction_100__034mm,formal_baseline_v1__inflation_005mm,formal_baseline_v1,5,34.0,curobo_collision_physx_safe,0.9872317314147949,0.3396719694137573
formal_baseline_v1__inflation_005mm__direction_101__028mm,formal_baseline_v1__inflation_005mm,formal_baseline_v1,5,28.0,curobo_safe_physx_collision,1.364685595035553,1.306980848312378
formal_baseline_v1__inflation_005mm__direction_101__030mm,formal_baseline_v1__inflation_005mm,formal_baseline_v1,5,30.0,curobo_safe_physx_collision,0.2749413251876831,2.659544348716736
formal_baseline_v1__inflation_005mm__direction_102__026mm,formal_baseline_v1__inflation_005mm,formal_baseline_v1,5,26.0,curobo_collision_physx_safe,0.46026334166526794,0.11152029037475586
formal_baseline_v1__inflation_005mm__direction_106__026mm,formal_baseline_v1__inflation_005mm,formal_baseline_v1,5,26.0,curobo_safe_physx_collision,0.3744475543498993,1.0695680975914001
formal_baseline_v1__inflation_005mm__direction_108__026mm,formal_baseline_v1__inflation_005mm,formal_baseline_v1,5,26.0,curobo_collision_physx_safe,0.2471543848514557,0.2864375710487366
formal_baseline_v1__inflation_005mm__direction_109__022mm,formal_baseline_v1__inflation_005mm,formal_baseline_v1,5,22.0,curobo_safe_physx_collision,0.3835037350654602,0.8590966463088989
formal_baseline_v1__inflation_005mm__direction_110__022mm,formal_baseline_v1__inflation_005mm,formal_baseline_v1,5,22.0,curobo_collision_physx_safe,0.08294358849525452,0.2181902527809143
formal_baseline_v1__inflation_005mm__direction_113__022mm,formal_baseline_v1__inflation_005mm,formal_baseline_v1,5,22.0,curobo_collision_physx_safe,0.1360177993774414,0.7352307438850403
formal_baseline_v1__inflation_010mm__direction_086__050mm,formal_baseline_v1__inflation_010mm,formal_baseline_v1,10,50.0,curobo_safe_physx_collision,0.3270842134952545,0.04603341221809387
formal_baseline_v1__inflation_010mm__direction_089__054mm,formal_baseline_v1__inflation_010mm,formal_baseline_v1,10,54.0,curobo_safe_physx_collision,0.07889419794082642,0.20958483219146729
formal_baseline_v1__inflation_010mm__direction_091__042mm,formal_baseline_v1__inflation_010mm,formal_baseline_v1,10,42.0,curobo_safe_physx_collision,2.1412335336208344,0.5104169249534607
formal_baseline_v1__inflation_010mm__direction_091__044mm,formal_baseline_v1__inflation_010mm,formal_baseline_v1,10,44.0,curobo_safe_physx_collision,1.2759752571582794,1.4183521270751953
formal_baseline_v1__inflation_010mm__direction_091__046mm,formal_baseline_v1__inflation_010mm,formal_baseline_v1,10,46.0,curobo_safe_physx_collision,0.4107169806957245,2.326302230358124
formal_baseline_v1__inflation_010mm__direction_092__058mm,formal_baseline_v1__inflation_010mm,formal_baseline_v1,10,58.0,curobo_collision_physx_safe,0.22378936409950256,0.6115883588790894
formal_baseline_v1__inflation_010mm__direction_093__052mm,formal_baseline_v1__inflation_010mm,formal_baseline_v1,10,52.0,curobo_safe_physx_collision,3.3937953412532806,0.054176896810531616
formal_baseline_v1__inflation_010mm__direction_093__054mm,formal_baseline_v1__inflation_010mm,formal_baseline_v1,10,54.0,curobo_safe_physx_collision,2.4908147752285004,0.5652531981468201
formal_baseline_v1__inflation_010mm__direction_093__056mm,formal_baseline_v1__inflation_010mm,formal_baseline_v1,10,56.0,curobo_safe_physx_collision,1.6529709100723267,1.262720674276352
formal_baseline_v1__inflation_010mm__direction_093__058mm,formal_baseline_v1__inflation_010mm,formal_baseline_v1,10,58.0,curobo_safe_physx_collision,0.8855909109115601,2.0016804337501526
formal_baseline_v1__inflation_010mm__direction_093__060mm,formal_baseline_v1__inflation_010mm,formal_baseline_v1,10,60.0,curobo_safe_physx_collision,0.19238516688346863,2.8008557856082916
formal_baseline_v1__inflation_010mm__direction_095__054mm,formal_baseline_v1__inflation_010mm,formal_baseline_v1,10,54.0,curobo_collision_physx_safe,0.109843909740448,0.5742907524108887
formal_baseline_v1__inflation_010mm__direction_096__040mm,formal_baseline_v1__inflation_010mm,formal_baseline_v1,10,40.0,curobo_safe_physx_collision,3.1108558177948,0.7735118269920349
formal_baseline_v1__inflation_010mm__direction_096__042mm,formal_baseline_v1__inflation_010mm,formal_baseline_v1,10,42.0,curobo_safe_physx_collision,2.18857079744339,1.7294324934482574
formal_baseline_v1__inflation_010mm__direction_096__044mm,formal_baseline_v1__inflation_010mm,formal_baseline_v1,10,44.0,curobo_safe_physx_collision,1.1938586831092834,2.685319632291794
formal_baseline_v1__inflation_010mm__direction_096__046mm,formal_baseline_v1__inflation_010mm,formal_baseline_v1,10,46.0,curobo_safe_physx_collision,0.21575391292572021,3.4893937408924103
formal_baseline_v1__inflation_010mm__direction_098__044mm,formal_baseline_v1__inflation_010mm,formal_baseline_v1,10,44.0,curobo_safe_physx_collision,1.7764344811439514,0.441625714302063
formal_baseline_v1__inflation_010mm__direction_098__046mm,formal_baseline_v1__inflation_010mm,formal_baseline_v1,10,46.0,curobo_safe_physx_collision,0.8170865476131439,1.4563649892807007
formal_baseline_v1__inflation_010mm__direction_099__034mm,formal_baseline_v1__inflation_010mm,formal_baseline_v1,10,34.0,curobo_safe_physx_collision,0.19792839884757996,0.09511411190032959
formal_baseline_v1__inflation_010mm__direction_101__038mm,formal_baseline_v1__inflation_010mm,formal_baseline_v1,10,38.0,curobo_safe_physx_collision,2.3471713066101074,0.9641200304031372
formal_baseline_v1__inflation_010mm__direction_101__040mm,formal_baseline_v1__inflation_010mm,formal_baseline_v1,10,40.0,curobo_safe_physx_collision,1.5377067029476166,2.00454518198967
formal_baseline_v1__inflation_010mm__direction_101__042mm,formal_baseline_v1__inflation_010mm,formal_baseline_v1,10,42.0,curobo_safe_physx_collision,0.7884502410888672,3.0449852347373962
formal_baseline_v1__inflation_010mm__direction_102__034mm,formal_baseline_v1__inflation_010mm,formal_baseline_v1,10,34.0,curobo_collision_physx_safe,0.019825994968414307,0.5178749561309814
formal_baseline_v1__inflation_010mm__direction_103__040mm,formal_baseline_v1__inflation_010mm,formal_baseline_v1,10,40.0,curobo_collision_physx_safe,0.7365569472312927,0.04521012306213379
formal_baseline_v1__inflation_010mm__direction_104__032mm,formal_baseline_v1__inflation_010mm,formal_baseline_v1,10,32.0,curobo_safe_physx_collision,1.1543594300746918,1.0958202183246613
formal_baseline_v1__inflation_010mm__direction_104__034mm,formal_baseline_v1__inflation_010mm,formal_baseline_v1,10,34.0,curobo_safe_physx_collision,0.00040978193283081055,2.587825059890747
formal_baseline_v1__inflation_010mm__direction_106__034mm,formal_baseline_v1__inflation_010mm,formal_baseline_v1,10,34.0,curobo_safe_physx_collision,1.6930997371673584,1.047678291797638
formal_baseline_v1__inflation_010mm__direction_106__036mm,formal_baseline_v1__inflation_010mm,formal_baseline_v1,10,36.0,curobo_safe_physx_collision,0.6864368915557861,2.367742359638214
formal_baseline_v1__inflation_010mm__direction_109__028mm,formal_baseline_v1__inflation_010mm,formal_baseline_v1,10,28.0,curobo_safe_physx_collision,2.637084573507309,0.3089047968387604
formal_baseline_v1__inflation_010mm__direction_109__030mm,formal_baseline_v1__inflation_010mm,formal_baseline_v1,10,30.0,curobo_safe_physx_collision,1.4379657804965973,1.7785541713237762
formal_baseline_v1__inflation_010mm__direction_109__032mm,formal_baseline_v1__inflation_010mm,formal_baseline_v1,10,32.0,curobo_safe_physx_collision,0.2710595726966858,3.2481923699378967
formal_baseline_v1__inflation_010mm__direction_112__026mm,formal_baseline_v1__inflation_010mm,formal_baseline_v1,10,26.0,curobo_safe_physx_collision,0.3705807030200958,0.19429996609687805
formal_baseline_v1__inflation_010mm__direction_114__028mm,formal_baseline_v1__inflation_010mm,formal_baseline_v1,10,28.0,curobo_safe_physx_collision,1.3161413371562958,0.9933561086654663
formal_baseline_v1__inflation_010mm__direction_115__026mm,formal_baseline_v1__inflation_010mm,formal_baseline_v1,10,26.0,curobo_collision_physx_safe,0.5226880311965942,0.03326684236526489
formal_baseline_v1__inflation_010mm__direction_117__024mm,formal_baseline_v1__inflation_010mm,formal_baseline_v1,10,24.0,curobo_safe_physx_collision,1.5928931534290314,0.35303086042404175
formal_baseline_v1__inflation_010mm__direction_125__022mm,formal_baseline_v1__inflation_010mm,formal_baseline_v1,10,22.0,curobo_safe_physx_collision,0.15784427523612976,0.13117492198944092
formal_baseline_v1__inflation_015mm__direction_086__060mm,formal_baseline_v1__inflation_015mm,formal_baseline_v1,15,60.0,curobo_safe_physx_collision,0.5882643163204193,0.2975165843963623
formal_baseline_v1__inflation_015mm__direction_091__052mm,formal_baseline_v1__inflation_015mm,formal_baseline_v1,15,52.0,curobo_safe_physx_collision,3.716949373483658,0.6784908473491669
formal_baseline_v1__inflation_015mm__direction_091__054mm,formal_baseline_v1__inflation_015mm,formal_baseline_v1,15,54.0,curobo_safe_physx_collision,2.8530173003673553,1.5144534409046173
formal_baseline_v1__inflation_015mm__direction_091__056mm,formal_baseline_v1__inflation_015mm,formal_baseline_v1,15,56.0,curobo_safe_physx_collision,1.9891299307346344,2.3504309356212616
formal_baseline_v1__inflation_015mm__direction_091__058mm,formal_baseline_v1__inflation_015mm,formal_baseline_v1,15,58.0,curobo_safe_physx_collision,1.1252984404563904,3.186400979757309
formal_baseline_v1__inflation_015mm__direction_091__060mm,formal_baseline_v1__inflation_015mm,formal_baseline_v1,15,60.0,curobo_safe_physx_collision,0.2615228295326233,4.022371023893356
formal_baseline_v1__inflation_015mm__direction_096__052mm,formal_baseline_v1__inflation_015mm,formal_baseline_v1,15,52.0,curobo_safe_physx_collision,3.1326785683631897,0.08293241262435913
formal_baseline_v1__inflation_015mm__direction_096__054mm,formal_baseline_v1__inflation_015mm,formal_baseline_v1,15,54.0,curobo_safe_physx_collision,2.2777095437049866,1.0236911475658417
formal_baseline_v1__inflation_015mm__direction_096__056mm,formal_baseline_v1__inflation_015mm,formal_baseline_v1,15,56.0,curobo_safe_physx_collision,1.4445409178733826,1.9644014537334442
formal_baseline_v1__inflation_015mm__direction_096__058mm,formal_baseline_v1__inflation_015mm,formal_baseline_v1,15,58.0,curobo_safe_physx_collision,0.6342492997646332,2.905163913965225
formal_baseline_v1__inflation_015mm__direction_097__054mm,formal_baseline_v1__inflation_015mm,formal_baseline_v1,15,54.0,curobo_safe_physx_collision,0.142756849527359,0.07157772779464722
formal_baseline_v1__inflation_015mm__direction_098__054mm,formal_baseline_v1__inflation_015mm,formal_baseline_v1,15,54.0,curobo_safe_physx_collision,3.193344920873642,0.3059767186641693
formal_baseline_v1__inflation_015mm__direction_098__056mm,formal_baseline_v1__inflation_015mm,formal_baseline_v1,15,56.0,curobo_safe_physx_collision,2.1152161061763763,1.0930821299552917
formal_baseline_v1__inflation_015mm__direction_098__058mm,formal_baseline_v1__inflation_015mm,formal_baseline_v1,15,58.0,curobo_safe_physx_collision,1.0510794818401337,1.9794255495071411
formal_baseline_v1__inflation_015mm__direction_098__060mm,formal_baseline_v1__inflation_015mm,formal_baseline_v1,15,60.0,curobo_safe_physx_collision,0.03824010491371155,2.9166974127292633
formal_baseline_v1__inflation_015mm__direction_099__042mm,formal_baseline_v1__inflation_015mm,formal_baseline_v1,15,42.0,curobo_safe_physx_collision,0.8268840610980988,0.5219131708145142
formal_baseline_v1__inflation_015mm__direction_101__048mm,formal_baseline_v1__inflation_015mm,formal_baseline_v1,15,48.0,curobo_safe_physx_collision,2.8633028268814087,0.1070760190486908
formal_baseline_v1__inflation_015mm__direction_101__050mm,formal_baseline_v1__inflation_015mm,formal_baseline_v1,15,50.0,curobo_safe_physx_collision,1.9048266112804413,1.118343323469162
formal_baseline_v1__inflation_015mm__direction_101__052mm,formal_baseline_v1__inflation_015mm,formal_baseline_v1,15,52.0,curobo_safe_physx_collision,1.0005496442317963,2.136263996362686
formal_baseline_v1__inflation_015mm__direction_101__054mm,formal_baseline_v1__inflation_015mm,formal_baseline_v1,15,54.0,curobo_safe_physx_collision,0.15372410416603088,3.154207020998001
formal_baseline_v1__inflation_015mm__direction_104__038mm,formal_baseline_v1__inflation_015mm,formal_baseline_v1,15,38.0,curobo_safe_physx_collision,3.247886896133423,1.1909976601600647
formal_baseline_v1__inflation_015mm__direction_104__040mm,formal_baseline_v1__inflation_015mm,formal_baseline_v1,15,40.0,curobo_safe_physx_collision,2.0066574215888977,2.369184046983719
formal_baseline_v1__inflation_015mm__direction_104__042mm,formal_baseline_v1__inflation_015mm,formal_baseline_v1,15,42.0,curobo_safe_physx_collision,0.7680468261241913,3.430616110563278
formal_baseline_v1__inflation_015mm__direction_106__042mm,formal_baseline_v1__inflation_015mm,formal_baseline_v1,15,42.0,curobo_safe_physx_collision,2.8199516236782074,0.18256902694702148
formal_baseline_v1__inflation_015mm__direction_106__044mm,formal_baseline_v1__inflation_015mm,formal_baseline_v1,15,44.0,curobo_safe_physx_collision,1.6159601509571075,1.3498030602931976
formal_baseline_v1__inflation_015mm__direction_106__046mm,formal_baseline_v1__inflation_015mm,formal_baseline_v1,15,46.0,curobo_safe_physx_collision,0.46777352690696716,2.5289878249168396
formal_baseline_v1__inflation_015mm__direction_109__036mm,formal_baseline_v1__inflation_015mm,formal_baseline_v1,15,36.0,curobo_safe_physx_collision,3.384564071893692,0.36098435521125793
formal_baseline_v1__inflation_015mm__direction_109__038mm,formal_baseline_v1__inflation_015mm,formal_baseline_v1,15,38.0,curobo_safe_physx_collision,2.02907994389534,1.264270395040512
formal_baseline_v1__inflation_015mm__direction_109__040mm,formal_baseline_v1__inflation_015mm,formal_baseline_v1,15,40.0,curobo_safe_physx_collision,0.6967633962631226,2.3984722793102264
formal_baseline_v1__inflation_015mm__direction_112__034mm,formal_baseline_v1__inflation_015mm,formal_baseline_v1,15,34.0,curobo_safe_physx_collision,0.08840486407279968,1.3246163725852966
formal_baseline_v1__inflation_015mm__direction_114__034mm,formal_baseline_v1__inflation_015mm,formal_baseline_v1,15,34.0,curobo_safe_physx_collision,2.4545080959796906,0.6651803851127625
formal_baseline_v1__inflation_015mm__direction_114__036mm,formal_baseline_v1__inflation_015mm,formal_baseline_v1,15,36.0,curobo_safe_physx_collision,1.059267669916153,2.1381936967372894
formal_baseline_v1__inflation_015mm__direction_117__030mm,formal_baseline_v1__inflation_015mm,formal_baseline_v1,15,30.0,curobo_safe_physx_collision,2.347242087125778,0.3569275140762329
formal_baseline_v1__inflation_015mm__direction_117__032mm,formal_baseline_v1__inflation_015mm,formal_baseline_v1,15,32.0,curobo_safe_physx_collision,0.7324367761611938,2.0730048418045044
formal_baseline_v1__inflation_015mm__direction_119__032mm,formal_baseline_v1__inflation_015mm,formal_baseline_v1,15,32.0,curobo_safe_physx_collision,1.1655762791633606,0.9398125112056732
formal_baseline_v1__inflation_015mm__direction_122__030mm,formal_baseline_v1__inflation_015mm,formal_baseline_v1,15,30.0,curobo_safe_physx_collision,0.6043240427970886,1.3497881591320038
formal_baseline_v1__inflation_015mm__direction_125__028mm,formal_baseline_v1__inflation_015mm,formal_baseline_v1,15,28.0,curobo_safe_physx_collision,0.23748353123664856,0.872291624546051
formal_baseline_v1__inflation_020mm__direction_094__060mm,formal_baseline_v1__inflation_020mm,formal_baseline_v1,20,60.0,curobo_safe_physx_collision,0.27801841497421265,0.7014051079750061
formal_baseline_v1__inflation_020mm__direction_099__050mm,formal_baseline_v1__inflation_020mm,formal_baseline_v1,20,50.0,curobo_safe_physx_collision,1.820877194404602,0.036578625440597534
formal_baseline_v1__inflation_020mm__direction_099__052mm,formal_baseline_v1__inflation_020mm,formal_baseline_v1,20,52.0,curobo_safe_physx_collision,0.6168298423290253,1.2535825371742249
formal_baseline_v1__inflation_020mm__direction_101__060mm,formal_baseline_v1__inflation_020mm,formal_baseline_v1,20,60.0,curobo_safe_physx_collision,2.2519975900650024,0.9147189557552338
formal_baseline_v1__inflation_020mm__direction_103__058mm,formal_baseline_v1__inflation_020mm,formal_baseline_v1,20,58.0,curobo_safe_physx_collision,0.12508779764175415,0.4353523254394531
formal_baseline_v1__inflation_020mm__direction_104__048mm,formal_baseline_v1__inflation_020mm,formal_baseline_v1,20,48.0,curobo_safe_physx_collision,2.9878951609134674,0.6900019943714142
formal_baseline_v1__inflation_020mm__direction_104__050mm,formal_baseline_v1__inflation_020mm,formal_baseline_v1,20,50.0,curobo_safe_physx_collision,1.7828568816184998,1.9397586584091187
formal_baseline_v1__inflation_020mm__direction_104__052mm,formal_baseline_v1__inflation_020mm,formal_baseline_v1,20,52.0,curobo_safe_physx_collision,0.5825087428092957,3.1894706189632416
formal_baseline_v1__inflation_020mm__direction_106__052mm,formal_baseline_v1__inflation_020mm,formal_baseline_v1,20,52.0,curobo_safe_physx_collision,2.829398959875107,0.5253665149211884
formal_baseline_v1__inflation_020mm__direction_106__054mm,formal_baseline_v1__inflation_020mm,formal_baseline_v1,20,54.0,curobo_safe_physx_collision,1.5012286603450775,1.6719624400138855
formal_baseline_v1__inflation_020mm__direction_106__056mm,formal_baseline_v1__inflation_020mm,formal_baseline_v1,20,56.0,curobo_safe_physx_collision,0.1856200397014618,2.945978194475174
formal_baseline_v1__inflation_020mm__direction_109__046mm,formal_baseline_v1__inflation_020mm,formal_baseline_v1,20,46.0,curobo_safe_physx_collision,2.798784524202347,0.8756592869758606
formal_baseline_v1__inflation_020mm__direction_109__048mm,formal_baseline_v1__inflation_020mm,formal_baseline_v1,20,48.0,curobo_safe_physx_collision,1.6287267208099365,2.2175125777721405
formal_baseline_v1__inflation_020mm__direction_109__050mm,formal_baseline_v1__inflation_020mm,formal_baseline_v1,20,50.0,curobo_safe_physx_collision,0.3683827817440033,3.559388220310211
formal_baseline_v1__inflation_020mm__direction_110__044mm,formal_baseline_v1__inflation_020mm,formal_baseline_v1,20,44.0,curobo_safe_physx_collision,0.7321499288082123,0.08888170123100281
formal_baseline_v1__inflation_020mm__direction_111__046mm,formal_baseline_v1__inflation_020mm,formal_baseline_v1,20,46.0,curobo_safe_physx_collision,1.7746351659297943,0.547654926776886
formal_baseline_v1__inflation_020mm__direction_111__048mm,formal_baseline_v1__inflation_020mm,formal_baseline_v1,20,48.0,curobo_safe_physx_collision,0.29180198907852173,1.9654706120491028
formal_baseline_v1__inflation_020mm__direction_112__040mm,formal_baseline_v1__inflation_020mm,formal_baseline_v1,20,40.0,curobo_safe_physx_collision,1.4407746493816376,1.66427344083786
formal_baseline_v1__inflation_020mm__direction_114__042mm,formal_baseline_v1__inflation_020mm,formal_baseline_v1,20,42.0,curobo_safe_physx_collision,2.774622291326523,1.010153442621231
formal_baseline_v1__inflation_020mm__direction_114__044mm,formal_baseline_v1__inflation_020mm,formal_baseline_v1,20,44.0,curobo_safe_physx_collision,1.1998452246189117,2.034272998571396
formal_baseline_v1__inflation_020mm__direction_115__038mm,formal_baseline_v1__inflation_020mm,formal_baseline_v1,20,38.0,curobo_safe_physx_collision,0.392325222492218,0.4743337631225586
formal_baseline_v1__inflation_020mm__direction_117__036mm,formal_baseline_v1__inflation_020mm,formal_baseline_v1,20,36.0,curobo_safe_physx_collision,3.5025402903556824,0.32312050461769104
formal_baseline_v1__inflation_020mm__direction_117__038mm,formal_baseline_v1__inflation_020mm,formal_baseline_v1,20,38.0,curobo_safe_physx_collision,1.9442066550254822,1.9690990447998047
formal_baseline_v1__inflation_020mm__direction_117__040mm,formal_baseline_v1__inflation_020mm,formal_baseline_v1,20,40.0,curobo_safe_physx_collision,0.3976114094257355,3.615017980337143
formal_baseline_v1__inflation_020mm__direction_119__038mm,formal_baseline_v1__inflation_020mm,formal_baseline_v1,20,38.0,curobo_safe_physx_collision,1.938462257385254,0.9328871965408325
formal_baseline_v1__inflation_020mm__direction_119__040mm,formal_baseline_v1__inflation_020mm,formal_baseline_v1,20,40.0,curobo_safe_physx_collision,0.38109347224235535,2.6500336825847626
formal_baseline_v1__inflation_020mm__direction_120__034mm,formal_baseline_v1__inflation_020mm,formal_baseline_v1,20,34.0,curobo_safe_physx_collision,1.210629940032959,0.05904585123062134
formal_baseline_v1__inflation_020mm__direction_121__038mm,formal_baseline_v1__inflation_020mm,formal_baseline_v1,20,38.0,curobo_safe_physx_collision,0.16837939620018005,0.7284283638000488
formal_baseline_v1__inflation_020mm__direction_122__034mm,formal_baseline_v1__inflation_020mm,formal_baseline_v1,20,34.0,curobo_safe_physx_collision,3.292348235845566,0.27704983949661255
formal_baseline_v1__inflation_020mm__direction_122__036mm,formal_baseline_v1__inflation_020mm,formal_baseline_v1,20,36.0,curobo_safe_physx_collision,1.4689303934574127,2.152077853679657
formal_baseline_v1__inflation_020mm__direction_123__034mm,formal_baseline_v1__inflation_020mm,formal_baseline_v1,20,34.0,curobo_safe_physx_collision,0.8035264909267426,0.0029690563678741455
formal_baseline_v1__inflation_020mm__direction_125__032mm,formal_baseline_v1__inflation_020mm,formal_baseline_v1,20,32.0,curobo_safe_physx_collision,2.0043961703777313,0.2533644437789917
formal_baseline_v1__inflation_020mm__direction_125__034mm,formal_baseline_v1__inflation_020mm,formal_baseline_v1,20,34.0,curobo_safe_physx_collision,0.08558109402656555,2.24410742521286
formal_baseline_v1__inflation_020mm__direction_127__032mm,formal_baseline_v1__inflation_020mm,formal_baseline_v1,20,32.0,curobo_safe_physx_collision,1.339748501777649,0.07179751992225647
multiscene_candidate_001__inflation_000mm__direction_004__012mm,multiscene_candidate_001__inflation_000mm,multiscene_candidate_001,0,12.0,curobo_safe_physx_collision,0.509217381477356,0.023361295461654663
multiscene_candidate_001__inflation_000mm__direction_007__014mm,multiscene_candidate_001__inflation_000mm,multiscene_candidate_001,0,14.0,curobo_safe_physx_collision,0.2429969608783722,0.17572566866874695
multiscene_candidate_001__inflation_000mm__direction_016__014mm,multiscene_candidate_001__inflation_000mm,multiscene_candidate_001,0,14.0,curobo_safe_physx_collision,0.159580260515213,0.1931620790855959
multiscene_candidate_001__inflation_000mm__direction_021__018mm,multiscene_candidate_001__inflation_000mm,multiscene_candidate_001,0,18.0,curobo_safe_physx_collision,0.5107810720801353,0.3729984164237976
multiscene_candidate_001__inflation_000mm__direction_022__016mm,multiscene_candidate_001__inflation_000mm,multiscene_candidate_001,0,16.0,curobo_safe_physx_collision,0.17519667744636536,0.28809159994125366
multiscene_candidate_001__inflation_000mm__direction_023__022mm,multiscene_candidate_001__inflation_000mm,multiscene_candidate_001,0,22.0,curobo_safe_physx_collision,0.612456351518631,0.08159130811691284
multiscene_candidate_001__inflation_000mm__direction_027__016mm,multiscene_candidate_001__inflation_000mm,multiscene_candidate_001,0,16.0,curobo_safe_physx_collision,0.11533498764038086,0.01527741551399231
multiscene_candidate_001__inflation_000mm__direction_028__026mm,multiscene_candidate_001__inflation_000mm,multiscene_candidate_001,0,26.0,curobo_safe_physx_collision,0.11243298649787903,0.22342056035995483
multiscene_candidate_001__inflation_000mm__direction_030__020mm,multiscene_candidate_001__inflation_000mm,multiscene_candidate_001,0,20.0,curobo_safe_physx_collision,0.0814385712146759,0.287570059299469
multiscene_candidate_001__inflation_000mm__direction_031__028mm,multiscene_candidate_001__inflation_000mm,multiscene_candidate_001,0,28.0,curobo_safe_physx_collision,0.3155656158924103,0.022396445274353027
multiscene_candidate_001__inflation_000mm__direction_032__020mm,multiscene_candidate_001__inflation_000mm,multiscene_candidate_001,0,20.0,curobo_safe_physx_collision,0.706452876329422,0.20305439829826355
multiscene_candidate_001__inflation_000mm__direction_033__030mm,multiscene_candidate_001__inflation_000mm,multiscene_candidate_001,0,30.0,curobo_safe_physx_collision,0.23745372891426086,0.5465038120746613
multiscene_candidate_001__inflation_000mm__direction_034__030mm,multiscene_candidate_001__inflation_000mm,multiscene_candidate_001,0,30.0,curobo_safe_physx_collision,0.7061846554279327,0.29561668634414673
multiscene_candidate_001__inflation_000mm__direction_036__038mm,multiscene_candidate_001__inflation_000mm,multiscene_candidate_001,0,38.0,curobo_safe_physx_collision,0.007886439561843872,0.27771666646003723
multiscene_candidate_001__inflation_000mm__direction_037__030mm,multiscene_candidate_001__inflation_000mm,multiscene_candidate_001,0,30.0,curobo_safe_physx_collision,0.18050149083137512,0.29182061553001404
multiscene_candidate_001__inflation_000mm__direction_038__030mm,multiscene_candidate_001__inflation_000mm,multiscene_candidate_001,0,30.0,curobo_safe_physx_collision,0.6492622196674347,0.39128586649894714
multiscene_candidate_001__inflation_000mm__direction_040__022mm,multiscene_candidate_001__inflation_000mm,multiscene_candidate_001,0,22.0,curobo_safe_physx_collision,0.3974316641688347,0.23298710584640503
multiscene_candidate_001__inflation_000mm__direction_042__048mm,multiscene_candidate_001__inflation_000mm,multiscene_candidate_001,0,48.0,curobo_safe_physx_collision,0.6003333255648613,0.15811994671821594
multiscene_candidate_001__inflation_000mm__direction_042__050mm,multiscene_candidate_001__inflation_000mm,multiscene_candidate_001,0,50.0,curobo_safe_physx_collision,0.5794437602162361,0.30549243092536926
multiscene_candidate_001__inflation_000mm__direction_042__052mm,multiscene_candidate_001__inflation_000mm,multiscene_candidate_001,0,52.0,curobo_safe_physx_collision,0.5311854183673859,0.4621148109436035
multiscene_candidate_001__inflation_000mm__direction_043__028mm,multiscene_candidate_001__inflation_000mm,multiscene_candidate_001,0,28.0,curobo_safe_physx_collision,0.26490818709135056,0.19591301679611206
multiscene_candidate_001__inflation_000mm__direction_045__040mm,multiscene_candidate_001__inflation_000mm,multiscene_candidate_001,0,40.0,curobo_safe_physx_collision,1.0398812592029572,0.19278377294540405
multiscene_candidate_001__inflation_000mm__direction_045__042mm,multiscene_candidate_001__inflation_000mm,multiscene_candidate_001,0,42.0,curobo_safe_physx_collision,0.4617460072040558,0.4485882818698883
multiscene_candidate_001__inflation_000mm__direction_048__030mm,multiscene_candidate_001__inflation_000mm,multiscene_candidate_001,0,30.0,curobo_collision_physx_safe,0.2063428983092308,0.5551204085350037
multiscene_candidate_001__inflation_000mm__direction_051__052mm,multiscene_candidate_001__inflation_000mm,multiscene_candidate_001,0,52.0,curobo_safe_physx_collision,0.39394572377204895,0.04589930176734924
multiscene_candidate_001__inflation_000mm__direction_051__054mm,multiscene_candidate_001__inflation_000mm,multiscene_candidate_001,0,54.0,curobo_safe_physx_collision,0.0033266842365264893,0.44527649879455566
multiscene_candidate_001__inflation_000mm__direction_053__058mm,multiscene_candidate_001__inflation_000mm,multiscene_candidate_001,0,58.0,curobo_safe_physx_collision,1.0345764458179474,0.2313069999217987
multiscene_candidate_001__inflation_000mm__direction_053__060mm,multiscene_candidate_001__inflation_000mm,multiscene_candidate_001,0,60.0,curobo_safe_physx_collision,0.706452876329422,0.5073584616184235
multiscene_candidate_001__inflation_000mm__direction_056__048mm,multiscene_candidate_001__inflation_000mm,multiscene_candidate_001,0,48.0,curobo_safe_physx_collision,0.5139894783496857,0.2841278910636902
multiscene_candidate_001__inflation_000mm__direction_056__050mm,multiscene_candidate_001__inflation_000mm,multiscene_candidate_001,0,50.0,curobo_safe_physx_collision,0.27962401509284973,0.9065568447113037
multiscene_candidate_001__inflation_005mm__direction_000__016mm,multiscene_candidate_001__inflation_005mm,multiscene_candidate_001,5,16.0,curobo_safe_physx_collision,0.42993947863578796,0.23446232080459595
multiscene_candidate_001__inflation_005mm__direction_004__018mm,multiscene_candidate_001__inflation_005mm,multiscene_candidate_001,5,18.0,curobo_safe_physx_collision,0.28428155928850174,0.8073113858699799
multiscene_candidate_001__inflation_005mm__direction_008__018mm,multiscene_candidate_001__inflation_005mm,multiscene_candidate_001,5,18.0,curobo_collision_physx_safe,0.3258008509874344,0.7242225110530853
multiscene_candidate_001__inflation_005mm__direction_011__018mm,multiscene_candidate_001__inflation_005mm,multiscene_candidate_001,5,18.0,curobo_safe_physx_collision,0.27136877179145813,0.19237026572227478
multiscene_candidate_001__inflation_005mm__direction_016__020mm,multiscene_candidate_001__inflation_005mm,multiscene_candidate_001,5,20.0,curobo_safe_physx_collision,0.4846034571528435,0.12223060184624046
multiscene_candidate_001__inflation_005mm__direction_017__022mm,multiscene_candidate_001__inflation_005mm,multiscene_candidate_001,5,22.0,curobo_safe_physx_collision,0.05833432078361511,0.4852078855037689
multiscene_candidate_001__inflation_005mm__direction_022__022mm,multiscene_candidate_001__inflation_005mm,multiscene_candidate_001,5,22.0,curobo_safe_physx_collision,0.7713623344898224,0.13310089707374573
multiscene_candidate_001__inflation_005mm__direction_024__024mm,multiscene_candidate_001__inflation_005mm,multiscene_candidate_001,5,24.0,curobo_safe_physx_collision,0.35396404564380646,0.2392493188381195
multiscene_candidate_001__inflation_005mm__direction_025__028mm,multiscene_candidate_001__inflation_005mm,multiscene_candidate_001,5,28.0,curobo_safe_physx_collision,0.2016313374042511,0.1781657338142395
multiscene_candidate_001__inflation_005mm__direction_028__036mm,multiscene_candidate_001__inflation_005mm,multiscene_candidate_001,5,36.0,curobo_safe_physx_collision,0.49625709652900696,0.1722276210784912
multiscene_candidate_001__inflation_005mm__direction_029__032mm,multiscene_candidate_001__inflation_005mm,multiscene_candidate_001,5,32.0,curobo_safe_physx_collision,0.6130710244178772,0.17602741718292236
multiscene_candidate_001__inflation_005mm__direction_029__034mm,multiscene_candidate_001__inflation_005mm,multiscene_candidate_001,5,34.0,curobo_safe_physx_collision,0.3021005541086197,0.9070634841918945
multiscene_candidate_001__inflation_005mm__direction_030__028mm,multiscene_candidate_001__inflation_005mm,multiscene_candidate_001,5,28.0,curobo_safe_physx_collision,0.3807432949542999,0.0330805778503418
multiscene_candidate_001__inflation_005mm__direction_031__040mm,multiscene_candidate_001__inflation_005mm,multiscene_candidate_001,5,40.0,curobo_safe_physx_collision,0.15251711010932922,0.3631189465522766
multiscene_candidate_001__inflation_005mm__direction_032__030mm,multiscene_candidate_001__inflation_005mm,multiscene_candidate_001,5,30.0,curobo_safe_physx_collision,0.27136877179145813,0.19236654043197632
multiscene_candidate_001__inflation_005mm__direction_034__044mm,multiscene_candidate_001__inflation_005mm,multiscene_candidate_001,5,44.0,curobo_safe_physx_collision,0.1837499439716339,0.13048574328422546
multiscene_candidate_001__inflation_005mm__direction_035__028mm,multiscene_candidate_001__inflation_005mm,multiscene_candidate_001,5,28.0,curobo_safe_physx_collision,0.3651566803455353,0.08276477456092834
multiscene_candidate_001__inflation_005mm__direction_037__044mm,multiscene_candidate_001__inflation_005mm,multiscene_candidate_001,5,44.0,curobo_safe_physx_collision,0.6357021629810333,0.20191073417663574
multiscene_candidate_001__inflation_005mm__direction_038__042mm,multiscene_candidate_001__inflation_005mm,multiscene_candidate_001,5,42.0,curobo_safe_physx_collision,0.3110058605670929,0.2540983259677887
multiscene_candidate_001__inflation_005mm__direction_040__034mm,multiscene_candidate_001__inflation_005mm,multiscene_candidate_001,5,34.0,curobo_safe_physx_collision,0.34954026341438293,0.16302242875099182
multiscene_candidate_001__inflation_005mm__direction_043__040mm,multiscene_candidate_001__inflation_005mm,multiscene_candidate_001,5,40.0,curobo_safe_physx_collision,0.023424625396728516,0.40656328201293945
multiscene_candidate_001__inflation_005mm__direction_045__058mm,multiscene_candidate_001__inflation_005mm,multiscene_candidate_001,5,58.0,curobo_safe_physx_collision,0.3611277788877487,0.13437122106552124
multiscene_candidate_001__inflation_005mm__direction_048__042mm,multiscene_candidate_001__inflation_005mm,multiscene_candidate_001,5,42.0,curobo_safe_physx_collision,0.2844221889972687,0.2761520445346832
multiscene_candidate_001__inflation_010mm__direction_000__022mm,multiscene_candidate_001__inflation_010mm,multiscene_candidate_001,10,22.0,curobo_safe_physx_collision,0.8832132443785667,0.1507401466369629
multiscene_candidate_001__inflation_010mm__direction_003__022mm,multiscene_candidate_001__inflation_010mm,multiscene_candidate_001,10,22.0,curobo_safe_physx_collision,0.10360777378082275,0.1993962359847501
multiscene_candidate_001__inflation_010mm__direction_004__024mm,multiscene_candidate_001__inflation_010mm,multiscene_candidate_001,10,24.0,curobo_safe_physx_collision,0.5204863846302032,0.2706274390220642
multiscene_candidate_001__inflation_010mm__direction_015__032mm,multiscene_candidate_001__inflation_010mm,multiscene_candidate_001,10,32.0,curobo_safe_physx_collision,0.2373950555920601,0.12644752860069275
multiscene_candidate_001__inflation_010mm__direction_016__030mm,multiscene_candidate_001__inflation_010mm,multiscene_candidate_001,10,30.0,curobo_safe_physx_collision,0.567365437746048,0.22674724459648132
multiscene_candidate_001__inflation_010mm__direction_017__030mm,multiscene_candidate_001__inflation_010mm,multiscene_candidate_001,10,30.0,curobo_safe_physx_collision,0.47930702567100525,0.3158673644065857
multiscene_candidate_001__inflation_010mm__direction_018__034mm,multiscene_candidate_001__inflation_010mm,multiscene_candidate_001,10,34.0,curobo_safe_physx_collision,0.3091283142566681,0.10546669363975525
multiscene_candidate_001__inflation_010mm__direction_020__036mm,multiscene_candidate_001__inflation_010mm,multiscene_candidate_001,10,36.0,curobo_safe_physx_collision,0.012237578630447388,0.40235742926597595
multiscene_candidate_001__inflation_010mm__direction_021__036mm,multiscene_candidate_001__inflation_010mm,multiscene_candidate_001,10,36.0,curobo_safe_physx_collision,0.5747266113758087,0.20726770162582397
multiscene_candidate_001__inflation_010mm__direction_022__030mm,multiscene_candidate_001__inflation_010mm,multiscene_candidate_001,10,30.0,curobo_safe_physx_collision,0.6295889616012573,0.19896402955055237
multiscene_candidate_001__inflation_010mm__direction_024__036mm,multiscene_candidate_001__inflation_010mm,multiscene_candidate_001,10,36.0,curobo_safe_physx_collision,0.5905069410800934,0.6780922412872314
multiscene_candidate_001__inflation_010mm__direction_025__038mm,multiscene_candidate_001__inflation_010mm,multiscene_candidate_001,10,38.0,curobo_safe_physx_collision,0.25832001119852066,0.053200870752334595
multiscene_candidate_001__inflation_010mm__direction_027__032mm,multiscene_candidate_001__inflation_010mm,multiscene_candidate_001,10,32.0,curobo_safe_physx_collision,0.3725476562976837,0.11213868856430054
multiscene_candidate_001__inflation_010mm__direction_029__046mm,multiscene_candidate_001__inflation_010mm,multiscene_candidate_001,10,46.0,curobo_safe_physx_collision,0.22491812705993652,0.5224943161010742
multiscene_candidate_001__inflation_010mm__direction_032__042mm,multiscene_candidate_001__inflation_010mm,multiscene_candidate_001,10,42.0,curobo_safe_physx_collision,0.21012499928474426,0.2196095883846283
multiscene_candidate_001__inflation_010mm__direction_033__054mm,multiscene_candidate_001__inflation_010mm,multiscene_candidate_001,10,54.0,curobo_safe_physx_collision,0.1075156033039093,0.27063116431236267
multiscene_candidate_001__inflation_010mm__direction_034__058mm,multiscene_candidate_001__inflation_010mm,multiscene_candidate_001,10,58.0,curobo_safe_physx_collision,0.21606218069791794,0.042244791984558105
multiscene_candidate_001__inflation_010mm__direction_035__038mm,multiscene_candidate_001__inflation_010mm,multiscene_candidate_001,10,38.0,curobo_safe_physx_collision,0.44168345630168915,0.3230459988117218
multiscene_candidate_001__inflation_010mm__direction_040__050mm,multiscene_candidate_001__inflation_010mm,multiscene_candidate_001,10,50.0,curobo_safe_physx_collision,0.2631731331348419,0.21075084805488586
multiscene_candidate_001__inflation_010mm__direction_043__054mm,multiscene_candidate_001__inflation_010mm,multiscene_candidate_001,10,54.0,curobo_safe_physx_collision,0.9630667045712471,0.22718682885169983
multiscene_candidate_001__inflation_010mm__direction_048__056mm,multiscene_candidate_001__inflation_010mm,multiscene_candidate_001,10,56.0,curobo_safe_physx_collision,0.5763741210103035,0.2362579107284546
multiscene_candidate_001__inflation_015mm__direction_000__028mm,multiscene_candidate_001__inflation_015mm,multiscene_candidate_001,15,28.0,curobo_safe_physx_collision,0.55699422955513,0.2086646854877472
multiscene_candidate_001__inflation_015mm__direction_003__028mm,multiscene_candidate_001__inflation_015mm,multiscene_candidate_001,15,28.0,curobo_safe_physx_collision,0.04944298416376114,0.4224333679303527
multiscene_candidate_001__inflation_015mm__direction_004__030mm,multiscene_candidate_001__inflation_015mm,multiscene_candidate_001,15,30.0,curobo_safe_physx_collision,0.4476197063922882,0.07311254739761353
multiscene_candidate_001__inflation_015mm__direction_008__032mm,multiscene_candidate_001__inflation_015mm,multiscene_candidate_001,15,32.0,curobo_safe_physx_collision,0.5882568657398224,0.07249042391777039
multiscene_candidate_001__inflation_015mm__direction_011__032mm,multiscene_candidate_001__inflation_015mm,multiscene_candidate_001,15,32.0,curobo_safe_physx_collision,0.25587156414985657,0.20608305931091309
multiscene_candidate_001__inflation_015mm__direction_012__036mm,multiscene_candidate_001__inflation_015mm,multiscene_candidate_001,15,36.0,curobo_safe_physx_collision,0.6534475833177567,0.1333579421043396
multiscene_candidate_001__inflation_015mm__direction_014__032mm,multiscene_candidate_001__inflation_015mm,multiscene_candidate_001,15,32.0,curobo_safe_physx_collision,0.12259278446435928,0.4336237907409668
multiscene_candidate_001__inflation_015mm__direction_016__038mm,multiscene_candidate_001__inflation_015mm,multiscene_candidate_001,15,38.0,curobo_safe_physx_collision,0.13511255383491516,0.23417547345161438
multiscene_candidate_001__inflation_015mm__direction_017__038mm,multiscene_candidate_001__inflation_015mm,multiscene_candidate_001,15,38.0,curobo_safe_physx_collision,0.7288642227649689,0.2870112657546997
multiscene_candidate_001__inflation_015mm__direction_018__042mm,multiscene_candidate_001__inflation_015mm,multiscene_candidate_001,15,42.0,curobo_safe_physx_collision,0.05128607153892517,0.25052204728126526
multiscene_candidate_001__inflation_015mm__direction_022__038mm,multiscene_candidate_001__inflation_015mm,multiscene_candidate_001,15,38.0,curobo_safe_physx_collision,0.24940725415945053,0.30862167477607727
multiscene_candidate_001__inflation_015mm__direction_027__040mm,multiscene_candidate_001__inflation_015mm,multiscene_candidate_001,15,40.0,curobo_safe_physx_collision,0.3483705222606659,0.755086075514555
multiscene_candidate_001__inflation_015mm__direction_028__056mm,multiscene_candidate_001__inflation_015mm,multiscene_candidate_001,15,56.0,curobo_safe_physx_collision,0.4470124840736389,0.6750347092747688
multiscene_candidate_001__inflation_015mm__direction_030__050mm,multiscene_candidate_001__inflation_015mm,multiscene_candidate_001,15,50.0,curobo_safe_physx_collision,0.3340132534503937,0.36085397005081177
multiscene_candidate_001__inflation_015mm__direction_035__048mm,multiscene_candidate_001__inflation_015mm,multiscene_candidate_001,15,48.0,curobo_safe_physx_collision,0.26199687272310257,0.38595497608184814
multiscene_candidate_001__inflation_020mm__direction_000__034mm,multiscene_candidate_001__inflation_020mm,multiscene_candidate_001,20,34.0,curobo_safe_physx_collision,0.10346248745918274,0.48898160457611084
multiscene_candidate_001__inflation_020mm__direction_002__036mm,multiscene_candidate_001__inflation_020mm,multiscene_candidate_001,20,36.0,curobo_safe_physx_collision,0.3022439777851105,0.26277080178260803
multiscene_candidate_001__inflation_020mm__direction_004__036mm,multiscene_candidate_001__inflation_020mm,multiscene_candidate_001,20,36.0,curobo_safe_physx_collision,0.36909058690071106,0.22335350513458252
multiscene_candidate_001__inflation_020mm__direction_013__044mm,multiscene_candidate_001__inflation_020mm,multiscene_candidate_001,20,44.0,curobo_safe_physx_collision,0.17725303769111633,0.16693025827407837
multiscene_candidate_001__inflation_020mm__direction_016__046mm,multiscene_candidate_001__inflation_020mm,multiscene_candidate_001,20,46.0,curobo_safe_physx_collision,0.27212128043174744,0.4015825688838959
multiscene_candidate_001__inflation_020mm__direction_017__046mm,multiscene_candidate_001__inflation_020mm,multiscene_candidate_001,20,46.0,curobo_safe_physx_collision,0.4159696400165558,0.32920390367507935
multiscene_candidate_001__inflation_020mm__direction_020__052mm,multiscene_candidate_001__inflation_020mm,multiscene_candidate_001,20,52.0,curobo_safe_physx_collision,0.25265663862228394,0.6636865437030792
multiscene_candidate_001__inflation_020mm__direction_022__046mm,multiscene_candidate_001__inflation_020mm,multiscene_candidate_001,20,46.0,curobo_safe_physx_collision,0.16491953283548355,0.4950910806655884
multiscene_candidate_001__inflation_020mm__direction_025__058mm,multiscene_candidate_001__inflation_020mm,multiscene_candidate_001,20,58.0,curobo_safe_physx_collision,0.1914985477924347,0.36377087235450745
multiscene_candidate_001__inflation_020mm__direction_026__058mm,multiscene_candidate_001__inflation_020mm,multiscene_candidate_001,20,58.0,curobo_safe_physx_collision,0.030267983675003052,0.12081488966941833
multiscene_candidate_001__inflation_020mm__direction_027__048mm,multiscene_candidate_001__inflation_020mm,multiscene_candidate_001,20,48.0,curobo_safe_physx_collision,0.24235248565673828,0.1416243612766266
multiscene_candidate_001__inflation_020mm__direction_028__060mm,multiscene_candidate_001__inflation_020mm,multiscene_candidate_001,20,60.0,curobo_safe_physx_collision,0.7407777011394501,1.32759939879179
multiscene_candidate_001__inflation_020mm__direction_030__060mm,multiscene_candidate_001__inflation_020mm,multiscene_candidate_001,20,60.0,curobo_safe_physx_collision,0.7136352360248566,0.26819854974746704
multiscene_candidate_005__inflation_000mm__direction_000__010mm,multiscene_candidate_005__inflation_000mm,multiscene_candidate_005,0,10.0,curobo_safe_physx_collision,0.45924168080091476,0.31685829162597656
multiscene_candidate_005__inflation_000mm__direction_001__010mm,multiscene_candidate_005__inflation_000mm,multiscene_candidate_005,0,10.0,curobo_safe_physx_collision,0.1142602413892746,0.7710084319114685
multiscene_candidate_005__inflation_000mm__direction_002__010mm,multiscene_candidate_005__inflation_000mm,multiscene_candidate_005,0,10.0,curobo_safe_physx_collision,0.5077393725514412,0.34410133957862854
multiscene_candidate_005__inflation_000mm__direction_004__010mm,multiscene_candidate_005__inflation_000mm,multiscene_candidate_005,0,10.0,curobo_safe_physx_collision,0.5687065422534943,0.3022514283657074
multiscene_candidate_005__inflation_000mm__direction_005__012mm,multiscene_candidate_005__inflation_000mm,multiscene_candidate_005,0,12.0,curobo_safe_physx_collision,0.7090717554092407,0.3575481823645532
multiscene_candidate_005__inflation_000mm__direction_012__012mm,multiscene_candidate_005__inflation_000mm,multiscene_candidate_005,0,12.0,curobo_safe_physx_collision,0.2093203365802765,0.7604099810123444
multiscene_candidate_005__inflation_000mm__direction_014__012mm,multiscene_candidate_005__inflation_000mm,multiscene_candidate_005,0,12.0,curobo_safe_physx_collision,0.5843229591846466,0.28662756085395813
multiscene_candidate_005__inflation_000mm__direction_015__012mm,multiscene_candidate_005__inflation_000mm,multiscene_candidate_005,0,12.0,curobo_safe_physx_collision,0.8273683488368988,0.09911879897117615
multiscene_candidate_005__inflation_000mm__direction_016__016mm,multiscene_candidate_005__inflation_000mm,multiscene_candidate_005,0,16.0,curobo_safe_physx_collision,0.2562291920185089,0.5903877317905426
multiscene_candidate_005__inflation_000mm__direction_017__012mm,multiscene_candidate_005__inflation_000mm,multiscene_candidate_005,0,12.0,curobo_safe_physx_collision,0.20427629351615906,0.6623119115829468
multiscene_candidate_005__inflation_000mm__direction_018__016mm,multiscene_candidate_005__inflation_000mm,multiscene_candidate_005,0,16.0,curobo_safe_physx_collision,0.7562227547168732,0.09040161967277527
multiscene_candidate_005__inflation_000mm__direction_019__014mm,multiscene_candidate_005__inflation_000mm,multiscene_candidate_005,0,14.0,curobo_safe_physx_collision,0.2581970766186714,0.6914585828781128
multiscene_candidate_005__inflation_000mm__direction_020__014mm,multiscene_candidate_005__inflation_000mm,multiscene_candidate_005,0,14.0,curobo_safe_physx_collision,0.34995749592781067,0.7978379726409912
multiscene_candidate_005__inflation_000mm__direction_021__018mm,multiscene_candidate_005__inflation_000mm,multiscene_candidate_005,0,18.0,curobo_safe_physx_collision,0.6890948861837387,0.09383633732795715
multiscene_candidate_005__inflation_000mm__direction_021__020mm,multiscene_candidate_005__inflation_000mm,multiscene_candidate_005,0,20.0,curobo_safe_physx_collision,0.0015776604413986206,0.8903518319129944
multiscene_candidate_005__inflation_000mm__direction_023__016mm,multiscene_candidate_005__inflation_000mm,multiscene_candidate_005,0,16.0,curobo_safe_physx_collision,0.7931319996714592,0.03487616777420044
multiscene_candidate_005__inflation_000mm__direction_026__022mm,multiscene_candidate_005__inflation_000mm,multiscene_candidate_005,0,22.0,curobo_safe_physx_collision,1.0046269744634628,0.062049541156738997
multiscene_candidate_005__inflation_000mm__direction_026__024mm,multiscene_candidate_005__inflation_000mm,multiscene_candidate_005,0,24.0,curobo_safe_physx_collision,0.4253573715686798,0.5647726356983185
multiscene_candidate_005__inflation_000mm__direction_027__016mm,multiscene_candidate_005__inflation_000mm,multiscene_candidate_005,0,16.0,curobo_safe_physx_collision,0.7405765354633331,0.13038143515586853
multiscene_candidate_005__inflation_000mm__direction_029__026mm,multiscene_candidate_005__inflation_000mm,multiscene_candidate_005,0,26.0,curobo_safe_physx_collision,0.47223642468452454,0.34708157181739807
multiscene_candidate_005__inflation_000mm__direction_030__014mm,multiscene_candidate_005__inflation_000mm,multiscene_candidate_005,0,14.0,curobo_safe_physx_collision,0.5302028730511665,0.4222691059112549
multiscene_candidate_005__inflation_000mm__direction_031__024mm,multiscene_candidate_005__inflation_000mm,multiscene_candidate_005,0,24.0,curobo_safe_physx_collision,0.016271136701107025,0.902906060218811
multiscene_candidate_005__inflation_000mm__direction_032__022mm,multiscene_candidate_005__inflation_000mm,multiscene_candidate_005,0,22.0,curobo_safe_physx_collision,0.39529427886009216,0.5350597202777863
multiscene_candidate_005__inflation_000mm__direction_033__016mm,multiscene_candidate_005__inflation_000mm,multiscene_candidate_005,0,16.0,curobo_safe_physx_collision,0.30839070677757263,0.5687102675437927
multiscene_candidate_005__inflation_000mm__direction_034__034mm,multiscene_candidate_005__inflation_000mm,multiscene_candidate_005,0,34.0,curobo_safe_physx_collision,1.232285052537918,0.06165727972984314
multiscene_candidate_005__inflation_000mm__direction_034__036mm,multiscene_candidate_005__inflation_000mm,multiscene_candidate_005,0,36.0,curobo_safe_physx_collision,0.310409814119339,0.4789493978023529
multiscene_candidate_005__inflation_000mm__direction_036__022mm,multiscene_candidate_005__inflation_000mm,multiscene_candidate_005,0,22.0,curobo_safe_physx_collision,0.6317198276519775,0.24215131998062134
multiscene_candidate_005__inflation_000mm__direction_037__034mm,multiscene_candidate_005__inflation_000mm,multiscene_candidate_005,0,34.0,curobo_safe_physx_collision,0.40974095463752747,0.4095882177352905
multiscene_candidate_005__inflation_000mm__direction_038__018mm,multiscene_candidate_005__inflation_000mm,multiscene_candidate_005,0,18.0,curobo_safe_physx_collision,0.5540437996387482,0.3736242651939392
multiscene_candidate_005__inflation_000mm__direction_039__040mm,multiscene_candidate_005__inflation_000mm,multiscene_candidate_005,0,40.0,curobo_safe_physx_collision,1.1774925515055656,0.021354731870815158
multiscene_candidate_005__inflation_000mm__direction_039__042mm,multiscene_candidate_005__inflation_000mm,multiscene_candidate_005,0,42.0,curobo_safe_physx_collision,0.8260495960712433,0.10824203491210938
multiscene_candidate_005__inflation_000mm__direction_039__044mm,multiscene_candidate_005__inflation_000mm,multiscene_candidate_005,0,44.0,curobo_safe_physx_collision,0.06042793393135071,0.7289350032806396
multiscene_candidate_005__inflation_000mm__direction_040__026mm,multiscene_candidate_005__inflation_000mm,multiscene_candidate_005,0,26.0,curobo_safe_physx_collision,0.3186948597431183,0.5522631108760834
multiscene_candidate_005__inflation_000mm__direction_041__022mm,multiscene_candidate_005__inflation_000mm,multiscene_candidate_005,0,22.0,curobo_safe_physx_collision,0.23124460130929947,0.6228946149349213
multiscene_candidate_005__inflation_000mm__direction_042__056mm,multiscene_candidate_005__inflation_000mm,multiscene_candidate_005,0,56.0,curobo_safe_physx_collision,0.5785766988992691,0.21879374980926514
multiscene_candidate_005__inflation_000mm__direction_042__058mm,multiscene_candidate_005__inflation_000mm,multiscene_candidate_005,0,58.0,curobo_safe_physx_collision,0.21770410239696503,0.5998425185680389
multiscene_candidate_005__inflation_000mm__direction_042__060mm,multiscene_candidate_005__inflation_000mm,multiscene_candidate_005,0,60.0,curobo_safe_physx_collision,0.18545985221862793,0.7009990513324738
multiscene_candidate_005__inflation_000mm__direction_045__044mm,multiscene_candidate_005__inflation_000mm,multiscene_candidate_005,0,44.0,curobo_safe_physx_collision,0.9985314682126045,0.016734004020690918
multiscene_candidate_005__inflation_000mm__direction_045__046mm,multiscene_candidate_005__inflation_000mm,multiscene_candidate_005,0,46.0,curobo_safe_physx_collision,0.8906824514269829,0.270155374892056
multiscene_candidate_005__inflation_000mm__direction_045__048mm,multiscene_candidate_005__inflation_000mm,multiscene_candidate_005,0,48.0,curobo_safe_physx_collision,0.612843781709671,0.5219727754592896
multiscene_candidate_005__inflation_000mm__direction_045__050mm,multiscene_candidate_005__inflation_000mm,multiscene_candidate_005,0,50.0,curobo_safe_physx_collision,0.03473833203315735,0.7845833897590637
multiscene_candidate_005__inflation_000mm__direction_046__022mm,multiscene_candidate_005__inflation_000mm,multiscene_candidate_005,0,22.0,curobo_safe_physx_collision,0.5151005461812019,0.2456381916999817
multiscene_candidate_005__inflation_000mm__direction_048__030mm,multiscene_candidate_005__inflation_000mm,multiscene_candidate_005,0,30.0,curobo_safe_physx_collision,0.4602856934070587,0.43246522545814514
multiscene_candidate_005__inflation_000mm__direction_051__026mm,multiscene_candidate_005__inflation_000mm,multiscene_candidate_005,0,26.0,curobo_safe_physx_collision,0.6828494369983673,0.22869929671287537
multiscene_candidate_005__inflation_000mm__direction_056__036mm,multiscene_candidate_005__inflation_000mm,multiscene_candidate_005,0,36.0,curobo_safe_physx_collision,0.6493618711829185,0.10824203491210938
multiscene_candidate_005__inflation_000mm__direction_059__038mm,multiscene_candidate_005__inflation_000mm,multiscene_candidate_005,0,38.0,curobo_safe_physx_collision,0.08879508823156357,0.7737986743450165
multiscene_candidate_005__inflation_000mm__direction_064__052mm,multiscene_candidate_005__inflation_000mm,multiscene_candidate_005,0,52.0,curobo_safe_physx_collision,0.7029203698039055,0.2977102994918823
multiscene_candidate_005__inflation_000mm__direction_064__054mm,multiscene_candidate_005__inflation_000mm,multiscene_candidate_005,0,54.0,curobo_safe_physx_collision,0.6775744259357452,0.28210505843162537
multiscene_candidate_005__inflation_000mm__direction_064__056mm,multiscene_candidate_005__inflation_000mm,multiscene_candidate_005,0,56.0,curobo_safe_physx_collision,0.6931908428668976,0.2664811909198761
multiscene_candidate_005__inflation_000mm__direction_064__058mm,multiscene_candidate_005__inflation_000mm,multiscene_candidate_005,0,58.0,curobo_safe_physx_collision,0.7088072597980499,0.25086477398872375
multiscene_candidate_005__inflation_000mm__direction_064__060mm,multiscene_candidate_005__inflation_000mm,multiscene_candidate_005,0,60.0,curobo_safe_physx_collision,0.72445347905159,0.23522600531578064
multiscene_candidate_005__inflation_005mm__direction_001__016mm,multiscene_candidate_005__inflation_005mm,multiscene_candidate_005,5,16.0,curobo_safe_physx_collision,0.3511812537908554,0.49028173089027405
multiscene_candidate_005__inflation_005mm__direction_004__016mm,multiscene_candidate_005__inflation_005mm,multiscene_candidate_005,5,16.0,curobo_safe_physx_collision,1.0616965591907501,0.19142404198646545
multiscene_candidate_005__inflation_005mm__direction_005__020mm,multiscene_candidate_005__inflation_005mm,multiscene_candidate_005,5,20.0,curobo_safe_physx_collision,0.7087774574756622,0.058941543102264404
multiscene_candidate_005__inflation_005mm__direction_007__018mm,multiscene_candidate_005__inflation_005mm,multiscene_candidate_005,5,18.0,curobo_safe_physx_collision,0.04606321454048157,0.7559023797512054
multiscene_candidate_005__inflation_005mm__direction_008__022mm,multiscene_candidate_005__inflation_005mm,multiscene_candidate_005,5,22.0,curobo_safe_physx_collision,0.05472265183925629,0.8283704519271851
multiscene_candidate_005__inflation_005mm__direction_010__022mm,multiscene_candidate_005__inflation_005mm,multiscene_candidate_005,5,22.0,curobo_safe_physx_collision,0.5994029343128204,0.6321482360363007
multiscene_candidate_005__inflation_005mm__direction_011__022mm,multiscene_candidate_005__inflation_005mm,multiscene_candidate_005,5,22.0,curobo_safe_physx_collision,0.4719160497188568,0.855080783367157
multiscene_candidate_005__inflation_005mm__direction_013__026mm,multiscene_candidate_005__inflation_005mm,multiscene_candidate_005,5,26.0,curobo_safe_physx_collision,0.827576033771038,0.40175020694732666
multiscene_candidate_005__inflation_005mm__direction_014__020mm,multiscene_candidate_005__inflation_005mm,multiscene_candidate_005,5,20.0,curobo_safe_physx_collision,0.02987496554851532,1.3450495898723602
multiscene_candidate_005__inflation_005mm__direction_016__026mm,multiscene_candidate_005__inflation_005mm,multiscene_candidate_005,5,26.0,curobo_safe_physx_collision,0.722893513739109,0.06206706166267395
multiscene_candidate_005__inflation_005mm__direction_018__028mm,multiscene_candidate_005__inflation_005mm,multiscene_candidate_005,5,28.0,curobo_safe_physx_collision,0.45668892562389374,0.4400685429573059
multiscene_candidate_005__inflation_005mm__direction_020__020mm,multiscene_candidate_005__inflation_005mm,multiscene_candidate_005,5,20.0,curobo_safe_physx_collision,0.4334840923547745,0.3815963864326477
multiscene_candidate_005__inflation_005mm__direction_021__034mm,multiscene_candidate_005__inflation_005mm,multiscene_candidate_005,5,34.0,curobo_safe_physx_collision,0.08093006908893585,0.664394348859787
multiscene_candidate_005__inflation_005mm__direction_022__020mm,multiscene_candidate_005__inflation_005mm,multiscene_candidate_005,5,20.0,curobo_safe_physx_collision,0.04872400313615799,0.8139908313751221
multiscene_candidate_005__inflation_005mm__direction_023__028mm,multiscene_candidate_005__inflation_005mm,multiscene_candidate_005,5,28.0,curobo_safe_physx_collision,1.2712962925434113,0.1514032483100891
multiscene_candidate_005__inflation_005mm__direction_023__030mm,multiscene_candidate_005__inflation_005mm,multiscene_candidate_005,5,30.0,curobo_safe_physx_collision,0.005651265382766724,1.1920593678951263
multiscene_candidate_005__inflation_005mm__direction_025__020mm,multiscene_candidate_005__inflation_005mm,multiscene_candidate_005,5,20.0,curobo_safe_physx_collision,0.808078795671463,0.1974441111087799
multiscene_candidate_005__inflation_005mm__direction_026__042mm,multiscene_candidate_005__inflation_005mm,multiscene_candidate_005,5,42.0,curobo_safe_physx_collision,0.24952366948127747,0.4875287413597107
multiscene_candidate_005__inflation_005mm__direction_028__026mm,multiscene_candidate_005__inflation_005mm,multiscene_candidate_005,5,26.0,curobo_safe_physx_collision,0.8253529667854309,0.3846362233161926
multiscene_candidate_005__inflation_005mm__direction_029__046mm,multiscene_candidate_005__inflation_005mm,multiscene_candidate_005,5,46.0,curobo_safe_physx_collision,0.06200745701789856,0.6339475512504578
multiscene_candidate_005__inflation_005mm__direction_030__022mm,multiscene_candidate_005__inflation_005mm,multiscene_candidate_005,5,22.0,curobo_safe_physx_collision,0.131143257021904,0.890395836904645
multiscene_candidate_005__inflation_005mm__direction_031__042mm,multiscene_candidate_005__inflation_005mm,multiscene_candidate_005,5,42.0,curobo_safe_physx_collision,0.6404407322406769,0.08934363722801208
multiscene_candidate_005__inflation_005mm__direction_032__038mm,multiscene_candidate_005__inflation_005mm,multiscene_candidate_005,5,38.0,curobo_safe_physx_collision,0.2868957817554474,0.728067010641098
multiscene_candidate_005__inflation_005mm__direction_033__024mm,multiscene_candidate_005__inflation_005mm,multiscene_candidate_005,5,24.0,curobo_safe_physx_collision,1.0485025122761726,0.24157389998435974
multiscene_candidate_005__inflation_005mm__direction_035__026mm,multiscene_candidate_005__inflation_005mm,multiscene_candidate_005,5,26.0,curobo_safe_physx_collision,1.2612231075763702,0.016383826732635498
multiscene_candidate_005__inflation_005mm__direction_035__028mm,multiscene_candidate_005__inflation_005mm,multiscene_candidate_005,5,28.0,curobo_safe_physx_collision,0.037503428757190704,1.338966190814972
multiscene_candidate_005__inflation_005mm__direction_037__060mm,multiscene_candidate_005__inflation_005mm,multiscene_candidate_005,5,60.0,curobo_safe_physx_collision,0.1795310527086258,0.6808266043663025
multiscene_candidate_005__inflation_005mm__direction_038__024mm,multiscene_candidate_005__inflation_005mm,multiscene_candidate_005,5,24.0,curobo_safe_physx_collision,0.4832511767745018,0.34583359956741333
multiscene_candidate_005__inflation_005mm__direction_040__040mm,multiscene_candidate_005__inflation_005mm,multiscene_candidate_005,5,40.0,curobo_safe_physx_collision,1.0343091562390327,0.36339089274406433
multiscene_candidate_005__inflation_005mm__direction_040__042mm,multiscene_candidate_005__inflation_005mm,multiscene_candidate_005,5,42.0,curobo_safe_physx_collision,0.2618497237563133,1.1805370450019836
multiscene_candidate_005__inflation_005mm__direction_041__038mm,multiscene_candidate_005__inflation_005mm,multiscene_candidate_005,5,38.0,curobo_safe_physx_collision,1.97590421885252,0.007059425115585327
multiscene_candidate_005__inflation_005mm__direction_043__028mm,multiscene_candidate_005__inflation_005mm,multiscene_candidate_005,5,28.0,curobo_safe_physx_collision,0.8543431758880615,0.030744820833206177
multiscene_candidate_005__inflation_005mm__direction_043__030mm,multiscene_candidate_005__inflation_005mm,multiscene_candidate_005,5,30.0,curobo_safe_physx_collision,0.15174131840467453,1.2488849461078644
multiscene_candidate_005__inflation_005mm__direction_046__030mm,multiscene_candidate_005__inflation_005mm,multiscene_candidate_005,5,30.0,curobo_safe_physx_collision,0.7779868319630623,0.2655750431586057
multiscene_candidate_005__inflation_005mm__direction_048__042mm,multiscene_candidate_005__inflation_005mm,multiscene_candidate_005,5,42.0,curobo_safe_physx_collision,0.24362746626138687,0.48346444964408875
multiscene_candidate_005__inflation_005mm__direction_051__032mm,multiscene_candidate_005__inflation_005mm,multiscene_candidate_005,5,32.0,curobo_safe_physx_collision,0.805993564426899,0.18977373838424683
multiscene_candidate_005__inflation_005mm__direction_056__044mm,multiscene_candidate_005__inflation_005mm,multiscene_candidate_005,5,44.0,curobo_safe_physx_collision,0.8564349263906479,0.0601448118686676
multiscene_candidate_005__inflation_005mm__direction_059__042mm,multiscene_candidate_005__inflation_005mm,multiscene_candidate_005,5,42.0,curobo_safe_physx_collision,0.1664813607931137,0.5780048668384552
multiscene_candidate_005__inflation_005mm__direction_064__052mm,multiscene_candidate_005__inflation_005mm,multiscene_candidate_005,5,52.0,curobo_safe_physx_collision,0.7029203698039055,0.2977102994918823
multiscene_candidate_005__inflation_005mm__direction_064__054mm,multiscene_candidate_005__inflation_005mm,multiscene_candidate_005,5,54.0,curobo_safe_physx_collision,0.6775744259357452,0.28210505843162537
multiscene_candidate_005__inflation_005mm__direction_064__056mm,multiscene_candidate_005__inflation_005mm,multiscene_candidate_005,5,56.0,curobo_safe_physx_collision,0.6931908428668976,0.2664811909198761
multiscene_candidate_005__inflation_005mm__direction_064__058mm,multiscene_candidate_005__inflation_005mm,multiscene_candidate_005,5,58.0,curobo_safe_physx_collision,0.7088072597980499,0.25086477398872375
multiscene_candidate_005__inflation_005mm__direction_064__060mm,multiscene_candidate_005__inflation_005mm,multiscene_candidate_005,5,60.0,curobo_safe_physx_collision,0.72445347905159,0.23522600531578064
multiscene_candidate_005__inflation_010mm__direction_000__026mm,multiscene_candidate_005__inflation_010mm,multiscene_candidate_005,10,26.0,curobo_safe_physx_collision,0.3809817135334015,1.1251382529735565
multiscene_candidate_005__inflation_010mm__direction_004__022mm,multiscene_candidate_005__inflation_010mm,multiscene_candidate_005,10,22.0,curobo_safe_physx_collision,1.6199611127376556,0.07314234972000122
multiscene_candidate_005__inflation_010mm__direction_008__034mm,multiscene_candidate_005__inflation_010mm,multiscene_candidate_005,10,34.0,curobo_safe_physx_collision,0.2435334026813507,0.7247403264045715
multiscene_candidate_005__inflation_010mm__direction_012__024mm,multiscene_candidate_005__inflation_010mm,multiscene_candidate_005,10,24.0,curobo_safe_physx_collision,0.06413180381059647,0.6607770919799805
multiscene_candidate_005__inflation_010mm__direction_013__038mm,multiscene_candidate_005__inflation_010mm,multiscene_candidate_005,10,38.0,curobo_safe_physx_collision,0.6364565342664719,0.06473064422607422
multiscene_candidate_005__inflation_010mm__direction_014__026mm,multiscene_candidate_005__inflation_010mm,multiscene_candidate_005,10,26.0,curobo_safe_physx_collision,0.8776672184467316,0.3588870167732239
multiscene_candidate_005__inflation_010mm__direction_015__030mm,multiscene_candidate_005__inflation_010mm,multiscene_candidate_005,10,30.0,curobo_safe_physx_collision,0.28205569833517075,0.39366260170936584
multiscene_candidate_005__inflation_010mm__direction_016__040mm,multiscene_candidate_005__inflation_010mm,multiscene_candidate_005,10,40.0,curobo_safe_physx_collision,0.2515241503715515,0.5168803036212921
multiscene_candidate_005__inflation_010mm__direction_017__024mm,multiscene_candidate_005__inflation_010mm,multiscene_candidate_005,10,24.0,curobo_safe_physx_collision,0.9637782350182533,0.7039792835712433
multiscene_candidate_005__inflation_010mm__direction_018__042mm,multiscene_candidate_005__inflation_010mm,multiscene_candidate_005,10,42.0,curobo_safe_physx_collision,0.17692521214485168,0.5412362515926361
multiscene_candidate_005__inflation_010mm__direction_020__028mm,multiscene_candidate_005__inflation_010mm,multiscene_candidate_005,10,28.0,curobo_safe_physx_collision,0.01283641904592514,0.8340813219547272
multiscene_candidate_005__inflation_010mm__direction_021__052mm,multiscene_candidate_005__inflation_010mm,multiscene_candidate_005,10,52.0,curobo_safe_physx_collision,0.6781406700611115,0.4654380027204752
multiscene_candidate_005__inflation_010mm__direction_021__054mm,multiscene_candidate_005__inflation_010mm,multiscene_candidate_005,10,54.0,curobo_safe_physx_collision,0.27449801564216614,1.135062426328659
multiscene_candidate_005__inflation_010mm__direction_022__026mm,multiscene_candidate_005__inflation_010mm,multiscene_candidate_005,10,26.0,curobo_safe_physx_collision,1.5511326491832733,0.07361546158790588
multiscene_candidate_005__inflation_010mm__direction_022__028mm,multiscene_candidate_005__inflation_010mm,multiscene_candidate_005,10,28.0,curobo_safe_physx_collision,0.23799017071723938,1.7873011529445648
multiscene_candidate_005__inflation_010mm__direction_023__046mm,multiscene_candidate_005__inflation_010mm,multiscene_candidate_005,10,46.0,curobo_safe_physx_collision,0.24036038666963577,1.274988055229187
multiscene_candidate_005__inflation_010mm__direction_023__048mm,multiscene_candidate_005__inflation_010mm,multiscene_candidate_005,10,48.0,curobo_safe_physx_collision,0.201384536921978,1.5912801027297974
multiscene_candidate_005__inflation_010mm__direction_024__048mm,multiscene_candidate_005__inflation_010mm,multiscene_candidate_005,10,48.0,curobo_safe_physx_collision,0.11193379759788513,0.5357936024665833
multiscene_candidate_005__inflation_010mm__direction_025__026mm,multiscene_candidate_005__inflation_010mm,multiscene_candidate_005,10,26.0,curobo_safe_physx_collision,0.626368448138237,0.3770184121094644
multiscene_candidate_005__inflation_010mm__direction_027__034mm,multiscene_candidate_005__inflation_010mm,multiscene_candidate_005,10,34.0,curobo_safe_physx_collision,0.718776136636734,0.21384062711149454
multiscene_candidate_005__inflation_010mm__direction_028__060mm,multiscene_candidate_005__inflation_010mm,multiscene_candidate_005,10,60.0,curobo_safe_physx_collision,2.337593585252762,0.46620890498161316
multiscene_candidate_005__inflation_010mm__direction_030__028mm,multiscene_candidate_005__inflation_010mm,multiscene_candidate_005,10,28.0,curobo_safe_physx_collision,0.11183321475982666,1.2961998581886292
multiscene_candidate_005__inflation_010mm__direction_032__052mm,multiscene_candidate_005__inflation_010mm,multiscene_candidate_005,10,52.0,curobo_safe_physx_collision,0.7674805819988251,0.037692487239837646
multiscene_candidate_005__inflation_010mm__direction_033__030mm,multiscene_candidate_005__inflation_010mm,multiscene_candidate_005,10,30.0,curobo_safe_physx_collision,1.259644515812397,0.053375959396362305
multiscene_candidate_005__inflation_010mm__direction_035__034mm,multiscene_candidate_005__inflation_010mm,multiscene_candidate_005,10,34.0,curobo_safe_physx_collision,0.5933614447712898,0.7520749932155013
multiscene_candidate_005__inflation_010mm__direction_038__030mm,multiscene_candidate_005__inflation_010mm,multiscene_candidate_005,10,30.0,curobo_safe_physx_collision,0.5323616787791252,1.2327022850513458
multiscene_candidate_005__inflation_010mm__direction_040__056mm,multiscene_candidate_005__inflation_010mm,multiscene_candidate_005,10,56.0,curobo_safe_physx_collision,0.6275195628404617,0.7175654172897339
multiscene_candidate_005__inflation_010mm__direction_043__034mm,multiscene_candidate_005__inflation_010mm,multiscene_candidate_005,10,34.0,curobo_safe_physx_collision,0.7675765082240105,0.8966289460659027
multiscene_candidate_005__inflation_010mm__direction_046__036mm,multiscene_candidate_005__inflation_010mm,multiscene_candidate_005,10,36.0,curobo_safe_physx_collision,0.7961839437484741,1.013379544019699
multiscene_candidate_005__inflation_010mm__direction_048__052mm,multiscene_candidate_005__inflation_010mm,multiscene_candidate_005,10,52.0,curobo_safe_physx_collision,1.273537054657936,0.382397323846817
multiscene_candidate_005__inflation_010mm__direction_048__054mm,multiscene_candidate_005__inflation_010mm,multiscene_candidate_005,10,54.0,curobo_safe_physx_collision,0.24312548339366913,1.2342147529125214
multiscene_candidate_005__inflation_010mm__direction_051__036mm,multiscene_candidate_005__inflation_010mm,multiscene_candidate_005,10,36.0,curobo_safe_physx_collision,0.9115822613239288,0.8827857673168182
multiscene_candidate_005__inflation_010mm__direction_056__046mm,multiscene_candidate_005__inflation_010mm,multiscene_candidate_005,10,46.0,curobo_safe_physx_collision,2.3083658888936043,0.11426210403442383
multiscene_candidate_005__inflation_010mm__direction_056__048mm,multiscene_candidate_005__inflation_010mm,multiscene_candidate_005,10,48.0,curobo_safe_physx_collision,1.3953428715467453,1.25928595662117
multiscene_candidate_005__inflation_010mm__direction_056__050mm,multiscene_candidate_005__inflation_010mm,multiscene_candidate_005,10,50.0,curobo_safe_physx_collision,0.18524564802646637,2.1547041833400726
multiscene_candidate_005__inflation_010mm__direction_059__042mm,multiscene_candidate_005__inflation_010mm,multiscene_candidate_005,10,42.0,curobo_safe_physx_collision,1.112552359700203,0.5262605845928192
multiscene_candidate_005__inflation_010mm__direction_064__052mm,multiscene_candidate_005__inflation_010mm,multiscene_candidate_005,10,52.0,curobo_safe_physx_collision,0.7029203698039055,0.2977102994918823
multiscene_candidate_005__inflation_010mm__direction_064__054mm,multiscene_candidate_005__inflation_010mm,multiscene_candidate_005,10,54.0,curobo_safe_physx_collision,0.6775744259357452,0.28210505843162537
multiscene_candidate_005__inflation_010mm__direction_064__056mm,multiscene_candidate_005__inflation_010mm,multiscene_candidate_005,10,56.0,curobo_safe_physx_collision,0.6931908428668976,0.2664811909198761
multiscene_candidate_005__inflation_010mm__direction_064__058mm,multiscene_candidate_005__inflation_010mm,multiscene_candidate_005,10,58.0,curobo_safe_physx_collision,0.7088072597980499,0.25086477398872375
multiscene_candidate_005__inflation_010mm__direction_064__060mm,multiscene_candidate_005__inflation_010mm,multiscene_candidate_005,10,60.0,curobo_safe_physx_collision,0.72445347905159,0.23522600531578064
multiscene_candidate_005__inflation_015mm__direction_000__034mm,multiscene_candidate_005__inflation_015mm,multiscene_candidate_005,15,34.0,curobo_safe_physx_collision,0.14305021613836288,0.9820684790611267
multiscene_candidate_005__inflation_015mm__direction_002__034mm,multiscene_candidate_005__inflation_015mm,multiscene_candidate_005,15,34.0,curobo_safe_physx_collision,0.5792919546365738,0.6167329847812653
multiscene_candidate_005__inflation_015mm__direction_003__036mm,multiscene_candidate_005__inflation_015mm,multiscene_candidate_005,15,36.0,curobo_safe_physx_collision,1.1602900922298431,1.2789331376552582
multiscene_candidate_005__inflation_015mm__direction_004__030mm,multiscene_candidate_005__inflation_015mm,multiscene_candidate_005,15,30.0,curobo_safe_physx_collision,0.8986489847302437,1.2608282268047333
multiscene_candidate_005__inflation_015mm__direction_005__036mm,multiscene_candidate_005__inflation_015mm,multiscene_candidate_005,15,36.0,curobo_safe_physx_collision,2.712596207857132,0.1539289951324463
multiscene_candidate_005__inflation_015mm__direction_005__038mm,multiscene_candidate_005__inflation_015mm,multiscene_candidate_005,15,38.0,curobo_safe_physx_collision,0.8844621479511261,1.9820593297481537
multiscene_candidate_005__inflation_015mm__direction_006__034mm,multiscene_candidate_005__inflation_015mm,multiscene_candidate_005,15,34.0,curobo_safe_physx_collision,0.6001954898238182,0.5096308887004852
multiscene_candidate_005__inflation_015mm__direction_008__038mm,multiscene_candidate_005__inflation_015mm,multiscene_candidate_005,15,38.0,curobo_safe_physx_collision,2.6657171547412872,0.20081177353858948
multiscene_candidate_005__inflation_015mm__direction_008__040mm,multiscene_candidate_005__inflation_015mm,multiscene_candidate_005,15,40.0,curobo_safe_physx_collision,0.9313412010669708,1.935180276632309
multiscene_candidate_005__inflation_015mm__direction_009__030mm,multiscene_candidate_005__inflation_015mm,multiscene_candidate_005,15,30.0,curobo_safe_physx_collision,0.43365079909563065,0.5465123686008155
multiscene_candidate_005__inflation_015mm__direction_010__040mm,multiscene_candidate_005__inflation_015mm,multiscene_candidate_005,15,40.0,curobo_safe_physx_collision,2.1813400089740753,0.6851814687252045
multiscene_candidate_005__inflation_015mm__direction_010__042mm,multiscene_candidate_005__inflation_015mm,multiscene_candidate_005,15,42.0,curobo_safe_physx_collision,0.509459525346756,2.3570582270622253
multiscene_candidate_005__inflation_015mm__direction_011__040mm,multiscene_candidate_005__inflation_015mm,multiscene_candidate_005,15,40.0,curobo_safe_physx_collision,2.0546307787299156,0.06019696593284607
multiscene_candidate_005__inflation_015mm__direction_011__042mm,multiscene_candidate_005__inflation_015mm,multiscene_candidate_005,15,42.0,curobo_safe_physx_collision,0.8330559358000755,1.70082226395607
multiscene_candidate_005__inflation_015mm__direction_012__030mm,multiscene_candidate_005__inflation_015mm,multiscene_candidate_005,15,30.0,curobo_safe_physx_collision,1.1919224634766579,0.2062879502773285
multiscene_candidate_005__inflation_015mm__direction_013__042mm,multiscene_candidate_005__inflation_015mm,multiscene_candidate_005,15,42.0,curobo_safe_physx_collision,2.4782009422779083,0.38832053542137146
multiscene_candidate_005__inflation_015mm__direction_013__044mm,multiscene_candidate_005__inflation_015mm,multiscene_candidate_005,15,44.0,curobo_safe_physx_collision,0.9000785648822784,1.9664429128170013
multiscene_candidate_005__inflation_015mm__direction_014__034mm,multiscene_candidate_005__inflation_015mm,multiscene_candidate_005,15,34.0,curobo_safe_physx_collision,1.2285346165299416,0.3888644278049469
multiscene_candidate_005__inflation_015mm__direction_015__042mm,multiscene_candidate_005__inflation_015mm,multiscene_candidate_005,15,42.0,curobo_safe_physx_collision,1.554061658680439,1.5428109327331185
multiscene_candidate_005__inflation_015mm__direction_015__044mm,multiscene_candidate_005__inflation_015mm,multiscene_candidate_005,15,44.0,curobo_safe_physx_collision,0.6854981184005737,1.050509512424469
multiscene_candidate_005__inflation_015mm__direction_016__046mm,multiscene_candidate_005__inflation_015mm,multiscene_candidate_005,15,46.0,curobo_safe_physx_collision,1.4782138168811798,1.3883076608181
multiscene_candidate_005__inflation_015mm__direction_017__030mm,multiscene_candidate_005__inflation_015mm,multiscene_candidate_005,15,30.0,curobo_safe_physx_collision,1.1642994359135628,0.735938549041748
multiscene_candidate_005__inflation_015mm__direction_018__048mm,multiscene_candidate_005__inflation_015mm,multiscene_candidate_005,15,48.0,curobo_safe_physx_collision,1.4938302338123322,1.3726912438869476
multiscene_candidate_005__inflation_015mm__direction_018__050mm,multiscene_candidate_005__inflation_015mm,multiscene_candidate_005,15,50.0,curobo_safe_physx_collision,0.0719614326953888,2.794560045003891
multiscene_candidate_005__inflation_015mm__direction_019__046mm,multiscene_candidate_005__inflation_015mm,multiscene_candidate_005,15,46.0,curobo_safe_physx_collision,1.1862218379974365,0.912003219127655
multiscene_candidate_005__inflation_015mm__direction_021__054mm,multiscene_candidate_005__inflation_015mm,multiscene_candidate_005,15,54.0,curobo_safe_physx_collision,0.39585400372743607,0.3885701298713684
multiscene_candidate_005__inflation_015mm__direction_022__034mm,multiscene_candidate_005__inflation_015mm,multiscene_candidate_005,15,34.0,curobo_safe_physx_collision,0.5144765600562096,1.2313984334468842
multiscene_candidate_005__inflation_015mm__direction_023__052mm,multiscene_candidate_005__inflation_015mm,multiscene_candidate_005,15,52.0,curobo_safe_physx_collision,2.712596207857132,0.1539289951324463
multiscene_candidate_005__inflation_015mm__direction_023__054mm,multiscene_candidate_005__inflation_015mm,multiscene_candidate_005,15,54.0,curobo_safe_physx_collision,1.4469511806964874,1.4195702970027924
multiscene_candidate_005__inflation_015mm__direction_023__056mm,multiscene_candidate_005__inflation_015mm,multiscene_candidate_005,15,56.0,curobo_safe_physx_collision,0.1813359558582306,2.6851780712604523
multiscene_candidate_005__inflation_015mm__direction_024__054mm,multiscene_candidate_005__inflation_015mm,multiscene_candidate_005,15,54.0,curobo_safe_physx_collision,2.290714532136917,0.5758069455623627
multiscene_candidate_005__inflation_015mm__direction_024__056mm,multiscene_candidate_005__inflation_015mm,multiscene_candidate_005,15,56.0,curobo_safe_physx_collision,1.056332141160965,1.8101930618286133
multiscene_candidate_005__inflation_015mm__direction_025__032mm,multiscene_candidate_005__inflation_015mm,multiscene_candidate_005,15,32.0,curobo_safe_physx_collision,0.8946694433689117,1.8067322671413422
multiscene_candidate_005__inflation_015mm__direction_028__060mm,multiscene_candidate_005__inflation_015mm,multiscene_candidate_005,15,60.0,curobo_safe_physx_collision,2.337593585252762,0.46620890498161316
multiscene_candidate_005__inflation_015mm__direction_030__032mm,multiscene_candidate_005__inflation_015mm,multiscene_candidate_005,15,32.0,curobo_safe_physx_collision,2.096894197165966,0.31201913952827454
multiscene_candidate_005__inflation_015mm__direction_030__034mm,multiscene_candidate_005__inflation_015mm,multiscene_candidate_005,15,34.0,curobo_safe_physx_collision,0.15354063361883163,1.9552744925022125
multiscene_candidate_005__inflation_015mm__direction_033__038mm,multiscene_candidate_005__inflation_015mm,multiscene_candidate_005,15,38.0,curobo_safe_physx_collision,1.7648609355092049,1.5710183652117848
multiscene_candidate_005__inflation_015mm__direction_033__040mm,multiscene_candidate_005__inflation_015mm,multiscene_candidate_005,15,40.0,curobo_safe_physx_collision,0.972844660282135,1.9543103408068419
multiscene_candidate_005__inflation_015mm__direction_033__042mm,multiscene_candidate_005__inflation_015mm,multiscene_candidate_005,15,42.0,curobo_safe_physx_collision,0.16527436673641205,2.92384997010231
multiscene_candidate_005__inflation_015mm__direction_033__050mm,multiscene_candidate_005__inflation_015mm,multiscene_candidate_005,15,50.0,curobo_safe_physx_collision,0.2527739852666855,2.0908787846565247
multiscene_candidate_005__inflation_015mm__direction_033__052mm,multiscene_candidate_005__inflation_015mm,multiscene_candidate_005,15,52.0,curobo_safe_physx_collision,1.1289594694972038,1.0881117777898908
multiscene_candidate_005__inflation_015mm__direction_033__054mm,multiscene_candidate_005__inflation_015mm,multiscene_candidate_005,15,54.0,curobo_safe_physx_collision,1.982525922358036,0.6658472120761871
multiscene_candidate_005__inflation_015mm__direction_035__040mm,multiscene_candidate_005__inflation_015mm,multiscene_candidate_005,15,40.0,curobo_safe_physx_collision,2.208499237895012,0.4615709185600281
multiscene_candidate_005__inflation_015mm__direction_035__042mm,multiscene_candidate_005__inflation_015mm,multiscene_candidate_005,15,42.0,curobo_safe_physx_collision,0.9245723485946655,1.783672720193863
multiscene_candidate_005__inflation_015mm__direction_038__032mm,multiscene_candidate_005__inflation_015mm,multiscene_candidate_005,15,32.0,curobo_safe_physx_collision,3.1427517533302307,0.06254762411117554
multiscene_candidate_005__inflation_015mm__direction_038__034mm,multiscene_candidate_005__inflation_015mm,multiscene_candidate_005,15,34.0,curobo_safe_physx_collision,1.545548439025879,1.5526190400123596
multiscene_candidate_005__inflation_015mm__direction_043__038mm,multiscene_candidate_005__inflation_015mm,multiscene_candidate_005,15,38.0,curobo_safe_physx_collision,1.7950693145394325,0.6801560521125793
multiscene_candidate_005__inflation_015mm__direction_043__040mm,multiscene_candidate_005__inflation_015mm,multiscene_candidate_005,15,40.0,curobo_safe_physx_collision,0.07061287760734558,1.9674599170684814
multiscene_candidate_005__inflation_015mm__direction_046__040mm,multiscene_candidate_005__inflation_015mm,multiscene_candidate_005,15,40.0,curobo_safe_physx_collision,0.667814165353775,2.3570542689412832
multiscene_candidate_005__inflation_015mm__direction_048__058mm,multiscene_candidate_005__inflation_015mm,multiscene_candidate_005,15,58.0,curobo_safe_physx_collision,2.523389644920826,0.6186403334140778
multiscene_candidate_005__inflation_015mm__direction_048__060mm,multiscene_candidate_005__inflation_015mm,multiscene_candidate_005,15,60.0,curobo_safe_physx_collision,1.547602005302906,1.599777489900589
multiscene_candidate_005__inflation_015mm__direction_051__036mm,multiscene_candidate_005__inflation_015mm,multiscene_candidate_005,15,36.0,curobo_safe_physx_collision,3.171786665916443,0.6113983690738678
multiscene_candidate_005__inflation_015mm__direction_051__038mm,multiscene_candidate_005__inflation_015mm,multiscene_candidate_005,15,38.0,curobo_safe_physx_collision,1.410466618835926,2.275090664625168
multiscene_candidate_005__inflation_015mm__direction_056__048mm,multiscene_candidate_005__inflation_015mm,multiscene_candidate_005,15,48.0,curobo_safe_physx_collision,2.8157373890280724,1.2027956545352936
multiscene_candidate_005__inflation_015mm__direction_056__050mm,multiscene_candidate_005__inflation_015mm,multiscene_candidate_005,15,50.0,curobo_safe_physx_collision,1.5604142099618912,2.1547041833400726
multiscene_candidate_005__inflation_015mm__direction_056__052mm,multiscene_candidate_005__inflation_015mm,multiscene_candidate_005,15,52.0,curobo_safe_physx_collision,0.1607406884431839,3.0088163912296295
multiscene_candidate_005__inflation_015mm__direction_059__042mm,multiscene_candidate_005__inflation_015mm,multiscene_candidate_005,15,42.0,curobo_safe_physx_collision,1.3658003881573677,0.5262605845928192
multiscene_candidate_005__inflation_015mm__direction_064__052mm,multiscene_candidate_005__inflation_015mm,multiscene_candidate_005,15,52.0,curobo_safe_physx_collision,0.7029203698039055,0.2977102994918823
multiscene_candidate_005__inflation_015mm__direction_064__054mm,multiscene_candidate_005__inflation_015mm,multiscene_candidate_005,15,54.0,curobo_safe_physx_collision,0.6775744259357452,0.28210505843162537
multiscene_candidate_005__inflation_015mm__direction_064__056mm,multiscene_candidate_005__inflation_015mm,multiscene_candidate_005,15,56.0,curobo_safe_physx_collision,0.6931908428668976,0.2664811909198761
multiscene_candidate_005__inflation_015mm__direction_064__058mm,multiscene_candidate_005__inflation_015mm,multiscene_candidate_005,15,58.0,curobo_safe_physx_collision,0.7088072597980499,0.25086477398872375
multiscene_candidate_005__inflation_015mm__direction_064__060mm,multiscene_candidate_005__inflation_015mm,multiscene_candidate_005,15,60.0,curobo_safe_physx_collision,0.72445347905159,0.23522600531578064
multiscene_candidate_005__inflation_020mm__direction_000__034mm,multiscene_candidate_005__inflation_020mm,multiscene_candidate_005,20,34.0,curobo_safe_physx_collision,1.8844492733478546,0.9820684790611267
multiscene_candidate_005__inflation_020mm__direction_001__034mm,multiscene_candidate_005__inflation_020mm,multiscene_candidate_005,20,34.0,curobo_safe_physx_collision,2.4157054722309113,0.45081228017807007
multiscene_candidate_005__inflation_020mm__direction_001__036mm,multiscene_candidate_005__inflation_020mm,multiscene_candidate_005,20,36.0,curobo_safe_physx_collision,0.46258047223091125,2.40393728017807
multiscene_candidate_005__inflation_020mm__direction_002__036mm,multiscene_candidate_005__inflation_020mm,multiscene_candidate_005,20,36.0,curobo_safe_physx_collision,1.0250695049762726,1.8414482474327087
multiscene_candidate_005__inflation_020mm__direction_003__036mm,multiscene_candidate_005__inflation_020mm,multiscene_candidate_005,20,36.0,curobo_safe_physx_collision,1.5875883400440216,1.2789331376552582
multiscene_candidate_005__inflation_020mm__direction_004__036mm,multiscene_candidate_005__inflation_020mm,multiscene_candidate_005,20,36.0,curobo_safe_physx_collision,1.7200009897351265,0.7164515554904938
multiscene_candidate_005__inflation_020mm__direction_005__036mm,multiscene_candidate_005__inflation_020mm,multiscene_candidate_005,20,36.0,curobo_safe_physx_collision,2.712596207857132,0.1539289951324463
multiscene_candidate_005__inflation_020mm__direction_005__038mm,multiscene_candidate_005__inflation_020mm,multiscene_candidate_005,20,38.0,curobo_safe_physx_collision,0.8844621479511261,1.9820593297481537
multiscene_candidate_005__inflation_020mm__direction_006__038mm,multiscene_candidate_005__inflation_020mm,multiscene_candidate_005,20,38.0,curobo_safe_physx_collision,1.4782138168811798,1.3883076608181
multiscene_candidate_005__inflation_020mm__direction_007__038mm,multiscene_candidate_005__inflation_020mm,multiscene_candidate_005,20,38.0,curobo_safe_physx_collision,2.0719654858112335,0.7945559918880463
multiscene_candidate_005__inflation_020mm__direction_007__040mm,multiscene_candidate_005__inflation_020mm,multiscene_candidate_005,20,40.0,curobo_safe_physx_collision,0.30632689595222473,2.560194581747055
multiscene_candidate_005__inflation_020mm__direction_008__038mm,multiscene_candidate_005__inflation_020mm,multiscene_candidate_005,20,38.0,curobo_safe_physx_collision,2.6657171547412872,0.20081177353858948
multiscene_candidate_005__inflation_020mm__direction_008__040mm,multiscene_candidate_005__inflation_020mm,multiscene_candidate_005,20,40.0,curobo_safe_physx_collision,0.9313412010669708,1.935180276632309
multiscene_candidate_005__inflation_020mm__direction_009__038mm,multiscene_candidate_005__inflation_020mm,multiscene_candidate_005,20,38.0,curobo_safe_physx_collision,0.6331708282232285,1.484215259552002
multiscene_candidate_005__inflation_020mm__direction_010__040mm,multiscene_candidate_005__inflation_020mm,multiscene_candidate_005,20,40.0,curobo_safe_physx_collision,2.1813400089740753,0.6851814687252045
multiscene_candidate_005__inflation_020mm__direction_010__042mm,multiscene_candidate_005__inflation_020mm,multiscene_candidate_005,20,42.0,curobo_safe_physx_collision,0.509459525346756,2.3570582270622253
multiscene_candidate_005__inflation_020mm__direction_011__040mm,multiscene_candidate_005__inflation_020mm,multiscene_candidate_005,20,40.0,curobo_safe_physx_collision,2.8063245117664337,0.06019696593284607
multiscene_candidate_005__inflation_020mm__direction_011__042mm,multiscene_candidate_005__inflation_020mm,multiscene_candidate_005,20,42.0,curobo_safe_physx_collision,1.1657066643238068,1.70082226395607
multiscene_candidate_005__inflation_020mm__direction_012__038mm,multiscene_candidate_005__inflation_020mm,multiscene_candidate_005,20,38.0,curobo_safe_physx_collision,1.0529253631830215,0.2732574939727783
multiscene_candidate_005__inflation_020mm__direction_013__042mm,multiscene_candidate_005__inflation_020mm,multiscene_candidate_005,20,42.0,curobo_safe_physx_collision,2.4782009422779083,0.38832053542137146
multiscene_candidate_005__inflation_020mm__direction_013__044mm,multiscene_candidate_005__inflation_020mm,multiscene_candidate_005,20,44.0,curobo_safe_physx_collision,0.9000785648822784,1.9664429128170013
multiscene_candidate_005__inflation_020mm__direction_014__042mm,multiscene_candidate_005__inflation_020mm,multiscene_candidate_005,20,42.0,curobo_safe_physx_collision,1.9285492599010468,0.36467239260673523
multiscene_candidate_005__inflation_020mm__direction_014__044mm,multiscene_candidate_005__inflation_020mm,multiscene_candidate_005,20,44.0,curobo_safe_physx_collision,0.26120617985725403,2.0886771380901337
multiscene_candidate_005__inflation_020mm__direction_015__044mm,multiscene_candidate_005__inflation_020mm,multiscene_candidate_005,20,44.0,curobo_safe_physx_collision,2.2750981152057648,0.591423362493515
multiscene_candidate_005__inflation_020mm__direction_015__046mm,multiscene_candidate_005__inflation_020mm,multiscene_candidate_005,20,46.0,curobo_safe_physx_collision,0.759471207857132,2.107050269842148
multiscene_candidate_005__inflation_020mm__direction_016__046mm,multiscene_candidate_005__inflation_020mm,multiscene_candidate_005,20,46.0,curobo_safe_physx_collision,1.4782138168811798,1.3883076608181
multiscene_candidate_005__inflation_020mm__direction_017__036mm,multiscene_candidate_005__inflation_020mm,multiscene_candidate_005,20,36.0,curobo_safe_physx_collision,1.8141521140933037,0.6888322532176971
multiscene_candidate_005__inflation_020mm__direction_018__048mm,multiscene_candidate_005__inflation_020mm,multiscene_candidate_005,20,48.0,curobo_safe_physx_collision,1.4938302338123322,1.3726912438869476
multiscene_candidate_005__inflation_020mm__direction_018__050mm,multiscene_candidate_005__inflation_020mm,multiscene_candidate_005,20,50.0,curobo_safe_physx_collision,0.0719614326953888,2.794560045003891
multiscene_candidate_005__inflation_020mm__direction_019__048mm,multiscene_candidate_005__inflation_020mm,multiscene_candidate_005,20,48.0,curobo_safe_physx_collision,2.2438354790210724,0.6226859986782074
multiscene_candidate_005__inflation_020mm__direction_019__050mm,multiscene_candidate_005__inflation_020mm,multiscene_candidate_005,20,50.0,curobo_safe_physx_collision,0.8531995117664337,2.0133256912231445
multiscene_candidate_005__inflation_020mm__direction_020__050mm,multiscene_candidate_005__inflation_020mm,multiscene_candidate_005,20,50.0,curobo_safe_physx_collision,1.6344673931598663,1.232057809829712
multiscene_candidate_005__inflation_020mm__direction_020__052mm,multiscene_candidate_005__inflation_020mm,multiscene_candidate_005,20,52.0,curobo_safe_physx_collision,0.27509406208992004,2.591431140899658
multiscene_candidate_005__inflation_020mm__direction_021__054mm,multiscene_candidate_005__inflation_020mm,multiscene_candidate_005,20,54.0,curobo_safe_physx_collision,0.39585400372743607,0.3885701298713684
multiscene_candidate_005__inflation_020mm__direction_022__040mm,multiscene_candidate_005__inflation_020mm,multiscene_candidate_005,20,40.0,curobo_safe_physx_collision,1.720069907605648,0.5994588136672974
multiscene_candidate_005__inflation_020mm__direction_023__052mm,multiscene_candidate_005__inflation_020mm,multiscene_candidate_005,20,52.0,curobo_safe_physx_collision,2.712596207857132,0.1539289951324463
multiscene_candidate_005__inflation_020mm__direction_023__054mm,multiscene_candidate_005__inflation_020mm,multiscene_candidate_005,20,54.0,curobo_safe_physx_collision,1.4469511806964874,1.4195702970027924
multiscene_candidate_005__inflation_020mm__direction_023__056mm,multiscene_candidate_005__inflation_020mm,multiscene_candidate_005,20,56.0,curobo_safe_physx_collision,0.1813359558582306,2.6851780712604523
multiscene_candidate_005__inflation_020mm__direction_024__054mm,multiscene_candidate_005__inflation_020mm,multiscene_candidate_005,20,54.0,curobo_safe_physx_collision,2.290714532136917,0.5758069455623627
multiscene_candidate_005__inflation_020mm__direction_024__056mm,multiscene_candidate_005__inflation_020mm,multiscene_candidate_005,20,56.0,curobo_safe_physx_collision,1.056332141160965,1.8101930618286133
multiscene_candidate_005__inflation_020mm__direction_025__036mm,multiscene_candidate_005__inflation_020mm,multiscene_candidate_005,20,36.0,curobo_safe_physx_collision,3.279765136539936,0.9384863078594208
multiscene_candidate_005__inflation_020mm__direction_025__038mm,multiscene_candidate_005__inflation_020mm,multiscene_candidate_005,20,38.0,curobo_safe_physx_collision,1.4631925150752068,2.5983303785324097
multiscene_candidate_005__inflation_020mm__direction_027__056mm,multiscene_candidate_005__inflation_020mm,multiscene_candidate_005,20,56.0,curobo_safe_physx_collision,1.4093443751335144,0.8321776986122131
multiscene_candidate_005__inflation_020mm__direction_027__058mm,multiscene_candidate_005__inflation_020mm,multiscene_candidate_005,20,58.0,curobo_safe_physx_collision,0.2188514918088913,2.141885459423065
multiscene_candidate_005__inflation_020mm__direction_028__060mm,multiscene_candidate_005__inflation_020mm,multiscene_candidate_005,20,60.0,curobo_safe_physx_collision,2.337593585252762,0.46620890498161316
multiscene_candidate_005__inflation_020mm__direction_030__038mm,multiscene_candidate_005__inflation_020mm,multiscene_candidate_005,20,38.0,curobo_safe_physx_collision,1.2320280075073242,0.8947029709815979
multiscene_candidate_005__inflation_020mm__direction_033__046mm,multiscene_candidate_005__inflation_020mm,multiscene_candidate_005,20,46.0,curobo_safe_physx_collision,3.7672584876418114,0.8939206600189209
multiscene_candidate_005__inflation_020mm__direction_033__048mm,multiscene_candidate_005__inflation_020mm,multiscene_candidate_005,20,48.0,curobo_safe_physx_collision,3.4582894295454025,0.8251368999481201
multiscene_candidate_005__inflation_020mm__direction_035__046mm,multiscene_candidate_005__inflation_020mm,multiscene_candidate_005,20,46.0,curobo_safe_physx_collision,3.6789365112781525,0.08641183376312256
multiscene_candidate_005__inflation_020mm__direction_035__048mm,multiscene_candidate_005__inflation_020mm,multiscene_candidate_005,20,48.0,curobo_safe_physx_collision,2.185099758207798,1.4052540063858032
multiscene_candidate_005__inflation_020mm__direction_035__050mm,multiscene_candidate_005__inflation_020mm,multiscene_candidate_005,20,50.0,curobo_safe_physx_collision,0.6947387009859085,2.7240626513957977
multiscene_candidate_005__inflation_020mm__direction_038__036mm,multiscene_candidate_005__inflation_020mm,multiscene_candidate_005,20,36.0,curobo_safe_physx_collision,3.1205937266349792,0.1970529556274414
multiscene_candidate_005__inflation_020mm__direction_038__038mm,multiscene_candidate_005__inflation_020mm,multiscene_candidate_005,20,38.0,curobo_safe_physx_collision,1.1487491428852081,1.6842670738697052
multiscene_candidate_005__inflation_020mm__direction_043__040mm,multiscene_candidate_005__inflation_020mm,multiscene_candidate_005,20,40.0,curobo_safe_physx_collision,3.3091921359300613,0.4569143056869507
multiscene_candidate_005__inflation_020mm__direction_043__042mm,multiscene_candidate_005__inflation_020mm,multiscene_candidate_005,20,42.0,curobo_safe_physx_collision,1.6007162630558014,2.142544835805893
multiscene_candidate_005__inflation_020mm__direction_046__040mm,multiscene_candidate_005__inflation_020mm,multiscene_candidate_005,20,40.0,curobo_safe_physx_collision,3.166838549077511,0.8211393724195659
multiscene_candidate_005__inflation_020mm__direction_046__042mm,multiscene_candidate_005__inflation_020mm,multiscene_candidate_005,20,42.0,curobo_safe_physx_collision,1.4887694269418716,0.8104328881017864
multiscene_candidate_005__inflation_020mm__direction_051__036mm,multiscene_candidate_005__inflation_020mm,multiscene_candidate_005,20,36.0,curobo_safe_physx_collision,4.430037923157215,0.18486753106117249
multiscene_candidate_005__inflation_020mm__direction_051__038mm,multiscene_candidate_005__inflation_020mm,multiscene_candidate_005,20,38.0,curobo_safe_physx_collision,2.4871118366718292,1.8125809729099274
multiscene_candidate_005__inflation_020mm__direction_051__040mm,multiscene_candidate_005__inflation_020mm,multiscene_candidate_005,20,40.0,curobo_safe_physx_collision,0.5585756152868271,3.4660883247852325
multiscene_candidate_005__inflation_020mm__direction_056__048mm,multiscene_candidate_005__inflation_020mm,multiscene_candidate_005,20,48.0,curobo_safe_physx_collision,3.392142243683338,1.1984966695308685
multiscene_candidate_005__inflation_020mm__direction_056__050mm,multiscene_candidate_005__inflation_020mm,multiscene_candidate_005,20,50.0,curobo_safe_physx_collision,1.897021196782589,2.1547041833400726
multiscene_candidate_005__inflation_020mm__direction_056__052mm,multiscene_candidate_005__inflation_020mm,multiscene_candidate_005,20,52.0,curobo_safe_physx_collision,0.4162779077887535,3.0088163912296295
multiscene_candidate_005__inflation_020mm__direction_059__042mm,multiscene_candidate_005__inflation_020mm,multiscene_candidate_005,20,42.0,curobo_safe_physx_collision,1.3658003881573677,0.5262605845928192
multiscene_candidate_005__inflation_020mm__direction_064__052mm,multiscene_candidate_005__inflation_020mm,multiscene_candidate_005,20,52.0,curobo_safe_physx_collision,0.7029203698039055,0.2977102994918823
multiscene_candidate_005__inflation_020mm__direction_064__054mm,multiscene_candidate_005__inflation_020mm,multiscene_candidate_005,20,54.0,curobo_safe_physx_collision,0.6775744259357452,0.28210505843162537
multiscene_candidate_005__inflation_020mm__direction_064__056mm,multiscene_candidate_005__inflation_020mm,multiscene_candidate_005,20,56.0,curobo_safe_physx_collision,0.6931908428668976,0.2664811909198761
multiscene_candidate_005__inflation_020mm__direction_064__058mm,multiscene_candidate_005__inflation_020mm,multiscene_candidate_005,20,58.0,curobo_safe_physx_collision,0.7088072597980499,0.25086477398872375
multiscene_candidate_005__inflation_020mm__direction_064__060mm,multiscene_candidate_005__inflation_020mm,multiscene_candidate_005,20,60.0,curobo_safe_physx_collision,0.72445347905159,0.23522600531578064
multiscene_candidate_006__inflation_000mm__direction_068__056mm,multiscene_candidate_006__inflation_000mm,multiscene_candidate_006,0,56.0,curobo_collision_physx_safe,0.035740435123443604,1.4037340879440308
multiscene_candidate_006__inflation_000mm__direction_068__058mm,multiscene_candidate_006__inflation_000mm,multiscene_candidate_006,0,58.0,curobo_collision_physx_safe,0.2274550497531891,1.2237802147865295
multiscene_candidate_006__inflation_000mm__direction_068__060mm,multiscene_candidate_006__inflation_000mm,multiscene_candidate_006,0,60.0,curobo_collision_physx_safe,0.41713565587997437,1.0437965393066406
multiscene_candidate_006__inflation_000mm__direction_073__030mm,multiscene_candidate_006__inflation_000mm,multiscene_candidate_006,0,30.0,curobo_safe_physx_collision,2.2586509585380554,0.37217140197753906
multiscene_candidate_006__inflation_000mm__direction_073__032mm,multiscene_candidate_006__inflation_000mm,multiscene_candidate_006,0,32.0,curobo_safe_physx_collision,1.6846507787704468,0.8523464202880859
multiscene_candidate_006__inflation_000mm__direction_073__034mm,multiscene_candidate_006__inflation_000mm,multiscene_candidate_006,0,34.0,curobo_safe_physx_collision,1.1522918939590454,1.3325735926628113
multiscene_candidate_006__inflation_000mm__direction_073__036mm,multiscene_candidate_006__inflation_000mm,multiscene_candidate_006,0,36.0,curobo_safe_physx_collision,0.6630867719650269,1.8128007650375366
multiscene_candidate_006__inflation_000mm__direction_073__038mm,multiscene_candidate_006__inflation_000mm,multiscene_candidate_006,0,38.0,curobo_safe_physx_collision,0.2184361219406128,2.293035387992859
multiscene_candidate_006__inflation_000mm__direction_076__034mm,multiscene_candidate_006__inflation_000mm,multiscene_candidate_006,0,34.0,curobo_collision_physx_safe,0.10429695248603821,1.1555179953575134
multiscene_candidate_006__inflation_000mm__direction_076__036mm,multiscene_candidate_006__inflation_000mm,multiscene_candidate_006,0,36.0,curobo_collision_physx_safe,0.4159286618232727,0.8116737008094788
multiscene_candidate_006__inflation_000mm__direction_076__038mm,multiscene_candidate_006__inflation_000mm,multiscene_candidate_006,0,38.0,curobo_collision_physx_safe,0.7234290242195129,0.4677996039390564
multiscene_candidate_006__inflation_000mm__direction_076__040mm,multiscene_candidate_006__inflation_000mm,multiscene_candidate_006,0,40.0,curobo_collision_physx_safe,1.0266490280628204,0.12391060590744019
multiscene_candidate_006__inflation_000mm__direction_078__028mm,multiscene_candidate_006__inflation_000mm,multiscene_candidate_006,0,28.0,curobo_safe_physx_collision,2.601534128189087,0.38719549775123596
multiscene_candidate_006__inflation_000mm__direction_078__030mm,multiscene_candidate_006__inflation_000mm,multiscene_candidate_006,0,30.0,curobo_safe_physx_collision,2.0647570490837097,0.9307824075222015
multiscene_candidate_006__inflation_000mm__direction_078__032mm,multiscene_candidate_006__inflation_000mm,multiscene_candidate_006,0,32.0,curobo_safe_physx_collision,1.5321038663387299,1.4743544161319733
multiscene_candidate_006__inflation_000mm__direction_078__034mm,multiscene_candidate_006__inflation_000mm,multiscene_candidate_006,0,34.0,curobo_safe_physx_collision,1.0036565363407135,2.018023282289505
multiscene_candidate_006__inflation_000mm__direction_078__036mm,multiscene_candidate_006__inflation_000mm,multiscene_candidate_006,0,36.0,curobo_safe_physx_collision,0.47967955470085144,2.5615915656089783
multiscene_candidate_006__inflation_000mm__direction_080__058mm,multiscene_candidate_006__inflation_000mm,multiscene_candidate_006,0,58.0,curobo_safe_physx_collision,3.656867891550064,0.1541823148727417
multiscene_candidate_006__inflation_000mm__direction_080__060mm,multiscene_candidate_006__inflation_000mm,multiscene_candidate_006,0,60.0,curobo_safe_physx_collision,3.278180956840515,0.2826601266860962
multiscene_candidate_006__inflation_000mm__direction_081__024mm,multiscene_candidate_006__inflation_000mm,multiscene_candidate_006,0,24.0,curobo_safe_physx_collision,0.3409646451473236,0.5930662155151367
multiscene_candidate_006__inflation_000mm__direction_082__058mm,multiscene_candidate_006__inflation_000mm,multiscene_candidate_006,0,58.0,curobo_collision_physx_safe,0.08477643132209778,0.7743313908576965
multiscene_candidate_006__inflation_000mm__direction_082__060mm,multiscene_candidate_006__inflation_000mm,multiscene_candidate_006,0,60.0,curobo_collision_physx_safe,0.3099590539932251,0.41553378105163574
multiscene_candidate_006__inflation_000mm__direction_083__028mm,multiscene_candidate_006__inflation_000mm,multiscene_candidate_006,0,28.0,curobo_safe_physx_collision,2.7572326362133026,0.34847110509872437
multiscene_candidate_006__inflation_000mm__direction_083__030mm,multiscene_candidate_006__inflation_000mm,multiscene_candidate_006,0,30.0,curobo_safe_physx_collision,2.241000533103943,0.8561350405216217
multiscene_candidate_006__inflation_000mm__direction_083__032mm,multiscene_candidate_006__inflation_000mm,multiscene_candidate_006,0,32.0,curobo_safe_physx_collision,1.7336085438728333,1.3637207448482513
multiscene_candidate_006__inflation_000mm__direction_083__034mm,multiscene_candidate_006__inflation_000mm,multiscene_candidate_006,0,34.0,curobo_safe_physx_collision,1.2352168560028076,1.8713697791099548
multiscene_candidate_006__inflation_000mm__direction_083__036mm,multiscene_candidate_006__inflation_000mm,multiscene_candidate_006,0,36.0,curobo_safe_physx_collision,0.7461793720722198,2.3790188133716583
multiscene_candidate_006__inflation_000mm__direction_083__038mm,multiscene_candidate_006__inflation_000mm,multiscene_candidate_006,0,38.0,curobo_safe_physx_collision,0.26686862111091614,2.8866343200206757
multiscene_candidate_006__inflation_000mm__direction_084__026mm,multiscene_candidate_006__inflation_000mm,multiscene_candidate_006,0,26.0,curobo_collision_physx_safe,0.08486956357955933,1.054227352142334
multiscene_candidate_006__inflation_000mm__direction_084__028mm,multiscene_candidate_006__inflation_000mm,multiscene_candidate_006,0,28.0,curobo_collision_physx_safe,0.6675794720649719,0.536106526851654
multiscene_candidate_006__inflation_000mm__direction_084__030mm,multiscene_candidate_006__inflation_000mm,multiscene_candidate_006,0,30.0,curobo_collision_physx_safe,1.2273453176021576,0.017978250980377197
multiscene_candidate_006__inflation_000mm__direction_085__038mm,multiscene_candidate_006__inflation_000mm,multiscene_candidate_006,0,38.0,curobo_safe_physx_collision,3.21824848651886,0.4527159035205841
multiscene_candidate_006__inflation_000mm__direction_085__040mm,multiscene_candidate_006__inflation_000mm,multiscene_candidate_006,0,40.0,curobo_safe_physx_collision,2.637237310409546,0.9994655847549438
multiscene_candidate_006__inflation_000mm__direction_085__042mm,multiscene_candidate_006__inflation_000mm,multiscene_candidate_006,0,42.0,curobo_safe_physx_collision,2.130761742591858,1.2937262654304504
multiscene_candidate_006__inflation_000mm__direction_085__044mm,multiscene_candidate_006__inflation_000mm,multiscene_candidate_006,0,44.0,curobo_safe_physx_collision,1.7013736069202423,1.5879198908805847
multiscene_candidate_006__inflation_000mm__direction_085__046mm,multiscene_candidate_006__inflation_000mm,multiscene_candidate_006,0,46.0,curobo_safe_physx_collision,1.3511478900909424,1.8821284174919128
multiscene_candidate_006__inflation_000mm__direction_085__048mm,multiscene_candidate_006__inflation_000mm,multiscene_candidate_006,0,48.0,curobo_safe_physx_collision,1.0818913578987122,2.1763108670711517
multiscene_candidate_006__inflation_000mm__direction_085__050mm,multiscene_candidate_006__inflation_000mm,multiscene_candidate_006,0,50.0,curobo_safe_physx_collision,0.8950270712375641,2.470538020133972
multiscene_candidate_006__inflation_000mm__direction_085__052mm,multiscene_candidate_006__inflation_000mm,multiscene_candidate_006,0,52.0,curobo_safe_physx_collision,0.7915087044239044,2.8064511716365814
multiscene_candidate_006__inflation_000mm__direction_085__054mm,multiscene_candidate_006__inflation_000mm,multiscene_candidate_006,0,54.0,curobo_safe_physx_collision,0.3930330276489258,3.4783072769641876
multiscene_candidate_006__inflation_000mm__direction_086__018mm,multiscene_candidate_006__inflation_000mm,multiscene_candidate_006,0,18.0,curobo_safe_physx_collision,2.2396259009838104,0.8012689650058746
multiscene_candidate_006__inflation_000mm__direction_086__020mm,multiscene_candidate_006__inflation_000mm,multiscene_candidate_006,0,20.0,curobo_safe_physx_collision,1.4153942465782166,1.6928315162658691
multiscene_candidate_006__inflation_000mm__direction_086__022mm,multiscene_candidate_006__inflation_000mm,multiscene_candidate_006,0,22.0,curobo_safe_physx_collision,0.6131790578365326,2.4216845631599426
multiscene_candidate_006__inflation_000mm__direction_087__032mm,multiscene_candidate_006__inflation_000mm,multiscene_candidate_006,0,32.0,curobo_collision_physx_safe,0.38073211908340454,0.7401183247566223
multiscene_candidate_006__inflation_000mm__direction_087__034mm,multiscene_candidate_006__inflation_000mm,multiscene_candidate_006,0,34.0,curobo_collision_physx_safe,0.7576346397399902,0.23803859949111938
multiscene_candidate_006__inflation_000mm__direction_088__026mm,multiscene_candidate_006__inflation_000mm,multiscene_candidate_006,0,26.0,curobo_safe_physx_collision,3.417469561100006,0.0045709311962127686
multiscene_candidate_006__inflation_000mm__direction_088__028mm,multiscene_candidate_006__inflation_000mm,multiscene_candidate_006,0,28.0,curobo_safe_physx_collision,2.7033276855945587,0.7702000439167023
multiscene_candidate_006__inflation_000mm__direction_088__030mm,multiscene_candidate_006__inflation_000mm,multiscene_candidate_006,0,30.0,curobo_safe_physx_collision,2.032563090324402,1.4239586889743805
multiscene_candidate_006__inflation_000mm__direction_088__032mm,multiscene_candidate_006__inflation_000mm,multiscene_candidate_006,0,32.0,curobo_safe_physx_collision,1.4070570468902588,1.916501671075821
multiscene_candidate_006__inflation_000mm__direction_088__034mm,multiscene_candidate_006__inflation_000mm,multiscene_candidate_006,0,34.0,curobo_safe_physx_collision,0.8286088705062866,2.409089356660843
multiscene_candidate_006__inflation_000mm__direction_088__036mm,multiscene_candidate_006__inflation_000mm,multiscene_candidate_006,0,36.0,curobo_safe_physx_collision,0.29913708567619324,2.9016099870204926
multiscene_candidate_006__inflation_000mm__direction_090__028mm,multiscene_candidate_006__inflation_000mm,multiscene_candidate_006,0,28.0,curobo_safe_physx_collision,1.777835190296173,0.22988766431808472
multiscene_candidate_006__inflation_000mm__direction_090__030mm,multiscene_candidate_006__inflation_000mm,multiscene_candidate_006,0,30.0,curobo_safe_physx_collision,0.998716801404953,0.7324740290641785
multiscene_candidate_006__inflation_000mm__direction_090__032mm,multiscene_candidate_006__inflation_000mm,multiscene_candidate_006,0,32.0,curobo_safe_physx_collision,0.2588629722595215,1.2350529432296753
multiscene_candidate_006__inflation_000mm__direction_091__018mm,multiscene_candidate_006__inflation_000mm,multiscene_candidate_006,0,18.0,curobo_safe_physx_collision,2.8253495693206787,0.6682537496089935
multiscene_candidate_006__inflation_000mm__direction_091__020mm,multiscene_candidate_006__inflation_000mm,multiscene_candidate_006,0,20.0,curobo_safe_physx_collision,1.9774362444877625,1.5450790524482727
multiscene_candidate_006__inflation_000mm__direction_091__022mm,multiscene_candidate_006__inflation_000mm,multiscene_candidate_006,0,22.0,curobo_safe_physx_collision,1.1301636695861816,2.4218857288360596
multiscene_candidate_006__inflation_000mm__direction_091__024mm,multiscene_candidate_006__inflation_000mm,multiscene_candidate_006,0,24.0,curobo_safe_physx_collision,0.28357282280921936,3.2987110316753387
multiscene_candidate_006__inflation_000mm__direction_092__020mm,multiscene_candidate_006__inflation_000mm,multiscene_candidate_006,0,20.0,curobo_collision_physx_safe,0.359904021024704,0.6398409605026245
multiscene_candidate_006__inflation_000mm__direction_093__022mm,multiscene_candidate_006__inflation_000mm,multiscene_candidate_006,0,22.0,curobo_safe_physx_collision,3.266729414463043,0.1920945942401886
multiscene_candidate_006__inflation_000mm__direction_093__024mm,multiscene_candidate_006__inflation_000mm,multiscene_candidate_006,0,24.0,curobo_safe_physx_collision,2.4581030011177063,0.9899325668811798
multiscene_candidate_006__inflation_000mm__direction_093__026mm,multiscene_candidate_006__inflation_000mm,multiscene_candidate_006,0,26.0,curobo_safe_physx_collision,1.719832420349121,1.5693902969360352
multiscene_candidate_006__inflation_000mm__direction_093__028mm,multiscene_candidate_006__inflation_000mm,multiscene_candidate_006,0,28.0,curobo_safe_physx_collision,1.0551810264587402,2.148933708667755
multiscene_candidate_006__inflation_000mm__direction_093__030mm,multiscene_candidate_006__inflation_000mm,multiscene_candidate_006,0,30.0,curobo_safe_physx_collision,0.4674941301345825,2.7283988893032074
multiscene_candidate_006__inflation_000mm__direction_094__014mm,multiscene_candidate_006__inflation_000mm,multiscene_candidate_006,0,14.0,curobo_safe_physx_collision,1.8560774624347687,0.22036582231521606
multiscene_candidate_006__inflation_000mm__direction_094__016mm,multiscene_candidate_006__inflation_000mm,multiscene_candidate_006,0,16.0,curobo_safe_physx_collision,0.7554367184638977,1.3445690274238586
multiscene_candidate_006__inflation_000mm__direction_096__016mm,multiscene_candidate_006__inflation_000mm,multiscene_candidate_006,0,16.0,curobo_safe_physx_collision,3.022175282239914,0.12582913041114807
multiscene_candidate_006__inflation_000mm__direction_096__018mm,multiscene_candidate_006__inflation_000mm,multiscene_candidate_006,0,18.0,curobo_safe_physx_collision,2.1316036581993103,0.9864233434200287
multiscene_candidate_006__inflation_000mm__direction_096__020mm,multiscene_candidate_006__inflation_000mm,multiscene_candidate_006,0,20.0,curobo_safe_physx_collision,1.2615732848644257,1.8469318747520447
multiscene_candidate_006__inflation_000mm__direction_096__022mm,multiscene_candidate_006__inflation_000mm,multiscene_candidate_006,0,22.0,curobo_safe_physx_collision,0.41314586997032166,2.70751491189003
multiscene_candidate_006__inflation_000mm__direction_098__018mm,multiscene_candidate_006__inflation_000mm,multiscene_candidate_006,0,18.0,curobo_safe_physx_collision,2.9064789414405823,0.2492368221282959
multiscene_candidate_006__inflation_000mm__direction_098__020mm,multiscene_candidate_006__inflation_000mm,multiscene_candidate_006,0,20.0,curobo_safe_physx_collision,2.3261941969394684,1.1170879006385803
multiscene_candidate_006__inflation_000mm__direction_098__022mm,multiscene_candidate_006__inflation_000mm,multiscene_candidate_006,0,22.0,curobo_safe_physx_collision,1.499917358160019,1.9887425005435944
multiscene_candidate_006__inflation_000mm__direction_098__024mm,multiscene_candidate_006__inflation_000mm,multiscene_candidate_006,0,24.0,curobo_safe_physx_collision,0.4393383860588074,2.9889829456806183
multiscene_candidate_006__inflation_000mm__direction_099__012mm,multiscene_candidate_006__inflation_000mm,multiscene_candidate_006,0,12.0,curobo_safe_physx_collision,3.0150488018989563,0.11410191655158997
multiscene_candidate_006__inflation_000mm__direction_099__014mm,multiscene_candidate_006__inflation_000mm,multiscene_candidate_006,0,14.0,curobo_safe_physx_collision,1.7793625593185425,1.3369694352149963
multiscene_candidate_006__inflation_000mm__direction_099__016mm,multiscene_candidate_006__inflation_000mm,multiscene_candidate_006,0,16.0,curobo_safe_physx_collision,0.5466639995574951,2.5598108768463135
multiscene_candidate_006__inflation_000mm__direction_101__016mm,multiscene_candidate_006__inflation_000mm,multiscene_candidate_006,0,16.0,curobo_safe_physx_collision,2.620019018650055,0.5134940147399902
multiscene_candidate_006__inflation_000mm__direction_101__018mm,multiscene_candidate_006__inflation_000mm,multiscene_candidate_006,0,18.0,curobo_safe_physx_collision,1.8310584127902985,1.422494649887085
multiscene_candidate_006__inflation_000mm__direction_101__020mm,multiscene_candidate_006__inflation_000mm,multiscene_candidate_006,0,20.0,curobo_safe_physx_collision,1.1026076972484589,2.3314878344535828
multiscene_candidate_006__inflation_000mm__direction_101__022mm,multiscene_candidate_006__inflation_000mm,multiscene_candidate_006,0,22.0,curobo_safe_physx_collision,0.4376322031021118,3.240421414375305
multiscene_candidate_006__inflation_000mm__direction_102__014mm,multiscene_candidate_006__inflation_000mm,multiscene_candidate_006,0,14.0,curobo_safe_physx_collision,0.040840357542037964,1.2901946902275085
multiscene_candidate_006__inflation_000mm__direction_103__016mm,multiscene_candidate_006__inflation_000mm,multiscene_candidate_006,0,16.0,curobo_safe_physx_collision,1.3103410601615906,0.04804879426956177
multiscene_candidate_006__inflation_000mm__direction_103__018mm,multiscene_candidate_006__inflation_000mm,multiscene_candidate_006,0,18.0,curobo_safe_physx_collision,0.2160891890525818,0.9991899132728577
multiscene_candidate_006__inflation_000mm__direction_104__012mm,multiscene_candidate_006__inflation_000mm,multiscene_candidate_006,0,12.0,curobo_safe_physx_collision,3.171592950820923,0.11444464325904846
multiscene_candidate_006__inflation_000mm__direction_104__014mm,multiscene_candidate_006__inflation_000mm,multiscene_candidate_006,0,14.0,curobo_safe_physx_collision,1.911349594593048,1.3373196125030518
multiscene_candidate_006__inflation_000mm__direction_104__016mm,multiscene_candidate_006__inflation_000mm,multiscene_candidate_006,0,16.0,curobo_safe_physx_collision,0.6526820361614227,2.5602690875530243
multiscene_candidate_006__inflation_000mm__direction_106__014mm,multiscene_candidate_006__inflation_000mm,multiscene_candidate_006,0,14.0,curobo_safe_physx_collision,2.484560012817383,0.6154961884021759
multiscene_candidate_006__inflation_000mm__direction_106__016mm,multiscene_candidate_006__inflation_000mm,multiscene_candidate_006,0,16.0,curobo_safe_physx_collision,1.5253722667694092,1.6689039766788483
multiscene_candidate_006__inflation_000mm__direction_106__018mm,multiscene_candidate_006__inflation_000mm,multiscene_candidate_006,0,18.0,curobo_safe_physx_collision,0.6334073841571808,2.722363919019699
multiscene_candidate_006__inflation_000mm__direction_107__010mm,multiscene_candidate_006__inflation_000mm,multiscene_candidate_006,0,10.0,curobo_safe_physx_collision,2.621512860059738,0.003419816493988037
multiscene_candidate_006__inflation_000mm__direction_107__012mm,multiscene_candidate_006__inflation_000mm,multiscene_candidate_006,0,12.0,curobo_safe_physx_collision,1.0750778019428253,1.5244483947753906
multiscene_candidate_006__inflation_000mm__direction_108__014mm,multiscene_candidate_006__inflation_000mm,multiscene_candidate_006,0,14.0,curobo_safe_physx_collision,1.0234974324703217,0.3291890025138855
multiscene_candidate_006__inflation_000mm__direction_109__012mm,multiscene_candidate_006__inflation_000mm,multiscene_candidate_006,0,12.0,curobo_safe_physx_collision,2.4879612028598785,0.739704817533493
multiscene_candidate_006__inflation_000mm__direction_109__014mm,multiscene_candidate_006__inflation_000mm,multiscene_candidate_006,0,14.0,curobo_safe_physx_collision,1.1844523251056671,1.9893907010555267
multiscene_candidate_006__inflation_000mm__direction_110__012mm,multiscene_candidate_006__inflation_000mm,multiscene_candidate_006,0,12.0,curobo_safe_physx_collision,0.11278688907623291,0.9259805083274841
multiscene_candidate_006__inflation_000mm__direction_111__012mm,multiscene_candidate_006__inflation_000mm,multiscene_candidate_006,0,12.0,curobo_safe_physx_collision,2.21165269613266,0.07651001214981079
multiscene_candidate_006__inflation_000mm__direction_111__014mm,multiscene_candidate_006__inflation_000mm,multiscene_candidate_006,0,14.0,curobo_safe_physx_collision,0.8882544934749603,1.3494417071342468
multiscene_candidate_006__inflation_000mm__direction_112__010mm,multiscene_candidate_006__inflation_000mm,multiscene_candidate_006,0,10.0,curobo_safe_physx_collision,2.875380218029022,0.5674399435520172
multiscene_candidate_006__inflation_000mm__direction_112__012mm,multiscene_candidate_006__inflation_000mm,multiscene_candidate_006,0,12.0,curobo_safe_physx_collision,1.35716050863266,2.125535160303116
multiscene_candidate_006__inflation_000mm__direction_113__012mm,multiscene_candidate_006__inflation_000mm,multiscene_candidate_006,0,12.0,curobo_safe_physx_collision,0.4641339182853699,0.6435737013816833
multiscene_candidate_006__inflation_000mm__direction_114__010mm,multiscene_candidate_006__inflation_000mm,multiscene_candidate_006,0,10.0,curobo_safe_physx_collision,3.15701961517334,0.04387274384498596
multiscene_candidate_006__inflation_000mm__direction_114__012mm,multiscene_candidate_006__inflation_000mm,multiscene_candidate_006,0,12.0,curobo_safe_physx_collision,1.7372332513332367,1.4043524861335754
multiscene_candidate_006__inflation_000mm__direction_114__014mm,multiscene_candidate_006__inflation_000mm,multiscene_candidate_006,0,14.0,curobo_safe_physx_collision,0.35877153277397156,2.7647726237773895
multiscene_candidate_006__inflation_000mm__direction_115__010mm,multiscene_candidate_006__inflation_000mm,multiscene_candidate_006,0,10.0,curobo_safe_physx_collision,1.341693103313446,0.7095709443092346
multiscene_candidate_006__inflation_000mm__direction_116__012mm,multiscene_candidate_006__inflation_000mm,multiscene_candidate_006,0,12.0,curobo_safe_physx_collision,0.9499751031398773,0.9320154786109924
multiscene_candidate_006__inflation_000mm__direction_117__010mm,multiscene_candidate_006__inflation_000mm,multiscene_candidate_006,0,10.0,curobo_safe_physx_collision,2.418719232082367,0.7876679301261902
multiscene_candidate_006__inflation_000mm__direction_117__012mm,multiscene_candidate_006__inflation_000mm,multiscene_candidate_006,0,12.0,curobo_safe_physx_collision,0.7616281509399414,2.4269558489322662
multiscene_candidate_006__inflation_000mm__direction_118__010mm,multiscene_candidate_006__inflation_000mm,multiscene_candidate_006,0,10.0,curobo_safe_physx_collision,1.023992896080017,0.3981664776802063
multiscene_candidate_006__inflation_000mm__direction_119__010mm,multiscene_candidate_006__inflation_000mm,multiscene_candidate_006,0,10.0,curobo_safe_physx_collision,2.267599105834961,0.4969686269760132
multiscene_candidate_006__inflation_000mm__direction_119__012mm,multiscene_candidate_006__inflation_000mm,multiscene_candidate_006,0,12.0,curobo_safe_physx_collision,0.6368085741996765,2.108633518218994
multiscene_candidate_006__inflation_000mm__direction_120__010mm,multiscene_candidate_006__inflation_000mm,multiscene_candidate_006,0,10.0,curobo_safe_physx_collision,1.3308413326740265,1.6588494181632996
multiscene_candidate_006__inflation_000mm__direction_121__010mm,multiscene_candidate_006__inflation_000mm,multiscene_candidate_006,0,10.0,curobo_safe_physx_collision,1.6481801867485046,0.6078705191612244
multiscene_candidate_006__inflation_000mm__direction_122__010mm,multiscene_candidate_006__inflation_000mm,multiscene_candidate_006,0,10.0,curobo_safe_physx_collision,1.6924664378166199,1.536339521408081
multiscene_candidate_006__inflation_000mm__direction_123__010mm,multiscene_candidate_006__inflation_000mm,multiscene_candidate_006,0,10.0,curobo_safe_physx_collision,0.535380095243454,1.532815396785736
multiscene_candidate_006__inflation_000mm__direction_124__010mm,multiscene_candidate_006__inflation_000mm,multiscene_candidate_006,0,10.0,curobo_safe_physx_collision,1.3291537761688232,1.2248679995536804
multiscene_candidate_006__inflation_000mm__direction_125__008mm,multiscene_candidate_006__inflation_000mm,multiscene_candidate_006,0,8.0,curobo_safe_physx_collision,3.070380538702011,0.09372085332870483
multiscene_candidate_006__inflation_000mm__direction_125__010mm,multiscene_candidate_006__inflation_000mm,multiscene_candidate_006,0,10.0,curobo_safe_physx_collision,1.1484883725643158,2.0769014954566956
multiscene_candidate_006__inflation_000mm__direction_126__010mm,multiscene_candidate_006__inflation_000mm,multiscene_candidate_006,0,10.0,curobo_safe_physx_collision,0.7124282419681549,1.733243465423584
multiscene_candidate_006__inflation_000mm__direction_127__008mm,multiscene_candidate_006__inflation_000mm,multiscene_candidate_006,0,8.0,curobo_safe_physx_collision,2.82171368598938,0.11313706636428833
multiscene_candidate_006__inflation_000mm__direction_127__010mm,multiscene_candidate_006__inflation_000mm,multiscene_candidate_006,0,10.0,curobo_safe_physx_collision,0.8400604128837585,2.0888298749923706
multiscene_candidate_006__inflation_005mm__direction_073__050mm,multiscene_candidate_006__inflation_005mm,multiscene_candidate_006,5,50.0,curobo_safe_physx_collision,3.3520422875881195,0.36045536398887634
multiscene_candidate_006__inflation_005mm__direction_073__052mm,multiscene_candidate_006__inflation_005mm,multiscene_candidate_006,5,52.0,curobo_safe_physx_collision,2.6771798729896545,0.8474662899971008
multiscene_candidate_006__inflation_005mm__direction_073__054mm,multiscene_candidate_006__inflation_005mm,multiscene_candidate_006,5,54.0,curobo_safe_physx_collision,2.0406097173690796,1.33441761136055
multiscene_candidate_006__inflation_005mm__direction_073__056mm,multiscene_candidate_006__inflation_005mm,multiscene_candidate_006,5,56.0,curobo_safe_physx_collision,1.4437809586524963,1.821424812078476
multiscene_candidate_006__inflation_005mm__direction_073__058mm,multiscene_candidate_006__inflation_005mm,multiscene_candidate_006,5,58.0,curobo_safe_physx_collision,0.8883029222488403,2.308409661054611
multiscene_candidate_006__inflation_005mm__direction_073__060mm,multiscene_candidate_006__inflation_005mm,multiscene_candidate_006,5,60.0,curobo_safe_physx_collision,0.3757067024707794,2.795424312353134
multiscene_candidate_006__inflation_005mm__direction_078__048mm,multiscene_candidate_006__inflation_005mm,multiscene_candidate_006,5,48.0,curobo_safe_physx_collision,3.0529461801052094,0.1918487250804901
multiscene_candidate_006__inflation_005mm__direction_078__050mm,multiscene_candidate_006__inflation_005mm,multiscene_candidate_006,5,50.0,curobo_safe_physx_collision,2.5413259863853455,0.7342919707298279
multiscene_candidate_006__inflation_005mm__direction_078__052mm,multiscene_candidate_006__inflation_005mm,multiscene_candidate_006,5,52.0,curobo_safe_physx_collision,2.0343437790870667,1.2767277657985687
multiscene_candidate_006__inflation_005mm__direction_078__054mm,multiscene_candidate_006__inflation_005mm,multiscene_candidate_006,5,54.0,curobo_safe_physx_collision,1.5321560204029083,1.8191412091255188
multiscene_candidate_006__inflation_005mm__direction_078__056mm,multiscene_candidate_006__inflation_005mm,multiscene_candidate_006,5,56.0,curobo_safe_physx_collision,1.034911721944809,2.2840164601802826
multiscene_candidate_006__inflation_005mm__direction_078__058mm,multiscene_candidate_006__inflation_005mm,multiscene_candidate_006,5,58.0,curobo_safe_physx_collision,0.5427151918411255,2.737194299697876
multiscene_candidate_006__inflation_005mm__direction_078__060mm,multiscene_candidate_006__inflation_005mm,multiscene_candidate_006,5,60.0,curobo_safe_physx_collision,0.0558607280254364,3.190312534570694
multiscene_candidate_006__inflation_005mm__direction_081__038mm,multiscene_candidate_006__inflation_005mm,multiscene_candidate_006,5,38.0,curobo_safe_physx_collision,0.8392222225666046,0.2025812864303589
multiscene_candidate_006__inflation_005mm__direction_081__040mm,multiscene_candidate_006__inflation_005mm,multiscene_candidate_006,5,40.0,curobo_safe_physx_collision,0.2870224416255951,0.8712559938430786
multiscene_candidate_006__inflation_005mm__direction_083__048mm,multiscene_candidate_006__inflation_005mm,multiscene_candidate_006,5,48.0,curobo_safe_physx_collision,3.4747980535030365,0.18070638179779053
multiscene_candidate_006__inflation_005mm__direction_083__050mm,multiscene_candidate_006__inflation_005mm,multiscene_candidate_006,5,50.0,curobo_safe_physx_collision,2.8654001653194427,0.7901042699813843
multiscene_candidate_006__inflation_005mm__direction_083__052mm,multiscene_candidate_006__inflation_005mm,multiscene_candidate_006,5,52.0,curobo_safe_physx_collision,2.256002277135849,1.3994835317134857
multiscene_candidate_006__inflation_005mm__direction_083__054mm,multiscene_candidate_006__inflation_005mm,multiscene_candidate_006,5,54.0,curobo_safe_physx_collision,1.6467645764350891,2.0088329911231995
multiscene_candidate_006__inflation_005mm__direction_083__056mm,multiscene_candidate_006__inflation_005mm,multiscene_candidate_006,5,56.0,curobo_safe_physx_collision,1.0418407618999481,2.618230879306793
multiscene_candidate_006__inflation_005mm__direction_083__058mm,multiscene_candidate_006__inflation_005mm,multiscene_candidate_006,5,58.0,curobo_safe_physx_collision,0.44380873441696167,3.227580338716507
multiscene_candidate_006__inflation_005mm__direction_084__048mm,multiscene_candidate_006__inflation_005mm,multiscene_candidate_006,5,48.0,curobo_collision_physx_safe,0.296812504529953,0.3940984606742859
multiscene_candidate_006__inflation_005mm__direction_085__056mm,multiscene_candidate_006__inflation_005mm,multiscene_candidate_006,5,56.0,curobo_safe_physx_collision,3.652140498161316,0.14333799481391907
multiscene_candidate_006__inflation_005mm__direction_085__058mm,multiscene_candidate_006__inflation_005mm,multiscene_candidate_006,5,58.0,curobo_safe_physx_collision,3.1620264053344727,0.42361021041870117
multiscene_candidate_006__inflation_005mm__direction_085__060mm,multiscene_candidate_006__inflation_005mm,multiscene_candidate_006,5,60.0,curobo_safe_physx_collision,2.747591584920883,0.7038936018943787
multiscene_candidate_006__inflation_005mm__direction_086__030mm,multiscene_candidate_006__inflation_005mm,multiscene_candidate_006,5,30.0,curobo_safe_physx_collision,3.064565360546112,0.14343112707138062
multiscene_candidate_006__inflation_005mm__direction_086__032mm,multiscene_candidate_006__inflation_005mm,multiscene_candidate_006,5,32.0,curobo_safe_physx_collision,2.326603978872299,0.9942688047885895
multiscene_candidate_006__inflation_005mm__direction_086__034mm,multiscene_candidate_006__inflation_005mm,multiscene_candidate_006,5,34.0,curobo_safe_physx_collision,1.612987369298935,1.869790256023407
multiscene_candidate_006__inflation_005mm__direction_086__036mm,multiscene_candidate_006__inflation_005mm,multiscene_candidate_006,5,36.0,curobo_safe_physx_collision,0.9098909795284271,2.7452558279037476
multiscene_candidate_006__inflation_005mm__direction_086__038mm,multiscene_candidate_006__inflation_005mm,multiscene_candidate_006,5,38.0,curobo_safe_physx_collision,0.05538761615753174,3.6207735538482666
multiscene_candidate_006__inflation_005mm__direction_088__044mm,multiscene_candidate_006__inflation_005mm,multiscene_candidate_006,5,44.0,curobo_safe_physx_collision,3.4119151532649994,0.45795738697052
multiscene_candidate_006__inflation_005mm__direction_088__046mm,multiscene_candidate_006__inflation_005mm,multiscene_candidate_006,5,46.0,curobo_safe_physx_collision,2.6519447565078735,1.223582774400711
multiscene_candidate_006__inflation_005mm__direction_088__048mm,multiscene_candidate_006__inflation_005mm,multiscene_candidate_006,5,48.0,curobo_safe_physx_collision,1.929260790348053,1.9892007112503052
multiscene_candidate_006__inflation_005mm__direction_088__050mm,multiscene_candidate_006__inflation_005mm,multiscene_candidate_006,5,50.0,curobo_safe_physx_collision,1.2504234910011292,2.5096237659454346
multiscene_candidate_006__inflation_005mm__direction_088__052mm,multiscene_candidate_006__inflation_005mm,multiscene_candidate_006,5,52.0,curobo_safe_physx_collision,0.6173886358737946,2.9908381402492523
multiscene_candidate_006__inflation_005mm__direction_088__054mm,multiscene_candidate_006__inflation_005mm,multiscene_candidate_006,5,54.0,curobo_safe_physx_collision,0.03209337592124939,3.472067415714264
multiscene_candidate_006__inflation_005mm__direction_089__030mm,multiscene_candidate_006__inflation_005mm,multiscene_candidate_006,5,30.0,curobo_collision_physx_safe,0.15795230865478516,0.09819120168685913
multiscene_candidate_006__inflation_005mm__direction_090__042mm,multiscene_candidate_006__inflation_005mm,multiscene_candidate_006,5,42.0,curobo_safe_physx_collision,2.3991167545318604,0.12088567018508911
multiscene_candidate_006__inflation_005mm__direction_090__044mm,multiscene_candidate_006__inflation_005mm,multiscene_candidate_006,5,44.0,curobo_safe_physx_collision,1.9685439765453339,0.7110759615898132
multiscene_candidate_006__inflation_005mm__direction_090__046mm,multiscene_candidate_006__inflation_005mm,multiscene_candidate_006,5,46.0,curobo_safe_physx_collision,1.208808273077011,1.1793747544288635
multiscene_candidate_006__inflation_005mm__direction_090__048mm,multiscene_candidate_006__inflation_005mm,multiscene_candidate_006,5,48.0,curobo_safe_physx_collision,0.38066133856773376,1.6476884484291077
multiscene_candidate_006__inflation_005mm__direction_091__030mm,multiscene_candidate_006__inflation_005mm,multiscene_candidate_006,5,30.0,curobo_safe_physx_collision,2.9754042625427246,0.4459880292415619
multiscene_candidate_006__inflation_005mm__direction_091__032mm,multiscene_candidate_006__inflation_005mm,multiscene_candidate_006,5,32.0,curobo_safe_physx_collision,2.1153129637241364,1.305360347032547
multiscene_candidate_006__inflation_005mm__direction_091__034mm,multiscene_candidate_006__inflation_005mm,multiscene_candidate_006,5,34.0,curobo_safe_physx_collision,1.2554116547107697,2.164747565984726
multiscene_candidate_006__inflation_005mm__direction_091__036mm,multiscene_candidate_006__inflation_005mm,multiscene_candidate_006,5,36.0,curobo_safe_physx_collision,0.3957189619541168,3.0241236090660095
multiscene_candidate_006__inflation_005mm__direction_092__036mm,multiscene_candidate_006__inflation_005mm,multiscene_candidate_006,5,36.0,curobo_collision_physx_safe,0.4358217120170593,0.01858919858932495
multiscene_candidate_006__inflation_005mm__direction_093__036mm,multiscene_candidate_006__inflation_005mm,multiscene_candidate_006,5,36.0,curobo_safe_physx_collision,3.662124276161194,0.20792707800865173
multiscene_candidate_006__inflation_005mm__direction_093__038mm,multiscene_candidate_006__inflation_005mm,multiscene_candidate_006,5,38.0,curobo_safe_physx_collision,2.777203917503357,1.1298172175884247
multiscene_candidate_006__inflation_005mm__direction_093__040mm,multiscene_candidate_006__inflation_005mm,multiscene_candidate_006,5,40.0,curobo_safe_physx_collision,1.959528774023056,1.7852820456027985
multiscene_candidate_006__inflation_005mm__direction_093__042mm,multiscene_candidate_006__inflation_005mm,multiscene_candidate_006,5,42.0,curobo_safe_physx_collision,1.21254101395607,2.3506172001361847
multiscene_candidate_006__inflation_005mm__direction_093__044mm,multiscene_candidate_006__inflation_005mm,multiscene_candidate_006,5,44.0,curobo_safe_physx_collision,0.5398392677307129,2.9159076511859894
multiscene_candidate_006__inflation_005mm__direction_094__024mm,multiscene_candidate_006__inflation_005mm,multiscene_candidate_006,5,24.0,curobo_safe_physx_collision,2.139803022146225,0.9639188647270203
multiscene_candidate_006__inflation_005mm__direction_094__026mm,multiscene_candidate_006__inflation_005mm,multiscene_candidate_006,5,26.0,curobo_safe_physx_collision,1.1754892766475677,1.987174153327942
multiscene_candidate_006__inflation_005mm__direction_094__028mm,multiscene_candidate_006__inflation_005mm,multiscene_candidate_006,5,28.0,curobo_safe_physx_collision,0.1951158046722412,3.0249059200286865
multiscene_candidate_006__inflation_005mm__direction_096__030mm,multiscene_candidate_006__inflation_005mm,multiscene_candidate_006,5,30.0,curobo_safe_physx_collision,2.8654001653194427,0.7901079952716827
multiscene_candidate_006__inflation_005mm__direction_096__032mm,multiscene_candidate_006__inflation_005mm,multiscene_candidate_006,5,32.0,curobo_safe_physx_collision,1.849796622991562,1.8057040870189667
multiscene_candidate_006__inflation_005mm__direction_096__034mm,multiscene_candidate_006__inflation_005mm,multiscene_candidate_006,5,34.0,curobo_safe_physx_collision,0.8341334760189056,2.821367233991623
multiscene_candidate_006__inflation_005mm__direction_098__030mm,multiscene_candidate_006__inflation_005mm,multiscene_candidate_006,5,30.0,curobo_safe_physx_collision,2.6429854333400726,0.7010772824287415
multiscene_candidate_006__inflation_005mm__direction_098__032mm,multiscene_candidate_006__inflation_005mm,multiscene_candidate_006,5,32.0,curobo_safe_physx_collision,1.876968890428543,1.4829039573669434
multiscene_candidate_006__inflation_005mm__direction_098__034mm,multiscene_candidate_006__inflation_005mm,multiscene_candidate_006,5,34.0,curobo_safe_physx_collision,1.1746175587177277,2.264697104692459
multiscene_candidate_006__inflation_005mm__direction_098__036mm,multiscene_candidate_006__inflation_005mm,multiscene_candidate_006,5,36.0,curobo_safe_physx_collision,0.5387626588344574,3.0465424060821533
multiscene_candidate_006__inflation_005mm__direction_099__022mm,multiscene_candidate_006__inflation_005mm,multiscene_candidate_006,5,22.0,curobo_safe_physx_collision,2.703998237848282,0.6088167428970337
multiscene_candidate_006__inflation_005mm__direction_099__024mm,multiscene_candidate_006__inflation_005mm,multiscene_candidate_006,5,24.0,curobo_safe_physx_collision,1.4725811779499054,1.8302351236343384
multiscene_candidate_006__inflation_005mm__direction_099__026mm,multiscene_candidate_006__inflation_005mm,multiscene_candidate_006,5,26.0,curobo_safe_physx_collision,0.24440139532089233,3.051668405532837
multiscene_candidate_006__inflation_005mm__direction_100__028mm,multiscene_candidate_006__inflation_005mm,multiscene_candidate_006,5,28.0,curobo_collision_physx_safe,0.10440126061439514,0.02288818359375
multiscene_candidate_006__inflation_005mm__direction_101__026mm,multiscene_candidate_006__inflation_005mm,multiscene_candidate_006,5,26.0,curobo_safe_physx_collision,3.011062741279602,0.628989189863205
multiscene_candidate_006__inflation_005mm__direction_101__028mm,multiscene_candidate_006__inflation_005mm,multiscene_candidate_006,5,28.0,curobo_safe_physx_collision,1.9782260060310364,1.525580883026123
multiscene_candidate_006__inflation_005mm__direction_101__030mm,multiscene_candidate_006__inflation_005mm,multiscene_candidate_006,5,30.0,curobo_safe_physx_collision,0.996369868516922,2.422165125608444
multiscene_candidate_006__inflation_005mm__direction_101__032mm,multiscene_candidate_006__inflation_005mm,multiscene_candidate_006,5,32.0,curobo_safe_physx_collision,0.06888061761856079,3.31868976354599
multiscene_candidate_006__inflation_005mm__direction_102__020mm,multiscene_candidate_006__inflation_005mm,multiscene_candidate_006,5,20.0,curobo_safe_physx_collision,1.629900187253952,0.2385750412940979
multiscene_candidate_006__inflation_005mm__direction_102__022mm,multiscene_candidate_006__inflation_005mm,multiscene_candidate_006,5,22.0,curobo_safe_physx_collision,0.3541521728038788,1.5285089612007141
multiscene_candidate_006__inflation_005mm__direction_103__026mm,multiscene_candidate_006__inflation_005mm,multiscene_candidate_006,5,26.0,curobo_safe_physx_collision,1.7050765454769135,0.7033273577690125
multiscene_candidate_006__inflation_005mm__direction_103__028mm,multiscene_candidate_006__inflation_005mm,multiscene_candidate_006,5,28.0,curobo_safe_physx_collision,0.7788017392158508,1.6833692789077759
multiscene_candidate_006__inflation_005mm__direction_104__020mm,multiscene_candidate_006__inflation_005mm,multiscene_candidate_006,5,20.0,curobo_safe_physx_collision,3.407251089811325,0.05757063627243042
multiscene_candidate_006__inflation_005mm__direction_104__022mm,multiscene_candidate_006__inflation_005mm,multiscene_candidate_006,5,22.0,curobo_safe_physx_collision,2.1706074476242065,1.278173178434372
multiscene_candidate_006__inflation_005mm__direction_104__024mm,multiscene_candidate_006__inflation_005mm,multiscene_candidate_006,5,24.0,curobo_safe_physx_collision,0.9368807077407837,2.4987831711769104
multiscene_candidate_006__inflation_005mm__direction_106__022mm,multiscene_candidate_006__inflation_005mm,multiscene_candidate_006,5,22.0,curobo_safe_physx_collision,3.51642444729805,0.16510486602783203
multiscene_candidate_006__inflation_005mm__direction_106__024mm,multiscene_candidate_006__inflation_005mm,multiscene_candidate_006,5,24.0,curobo_safe_physx_collision,2.262759953737259,1.4588497579097748
multiscene_candidate_006__inflation_005mm__direction_106__026mm,multiscene_candidate_006__inflation_005mm,multiscene_candidate_006,5,26.0,curobo_safe_physx_collision,1.0615251958370209,2.4993419647216797
multiscene_candidate_006__inflation_005mm__direction_107__018mm,multiscene_candidate_006__inflation_005mm,multiscene_candidate_006,5,18.0,curobo_safe_physx_collision,2.2762492299079895,0.9517371654510498
multiscene_candidate_006__inflation_005mm__direction_107__020mm,multiscene_candidate_006__inflation_005mm,multiscene_candidate_006,5,20.0,curobo_safe_physx_collision,0.7493942975997925,2.482745796442032
multiscene_candidate_006__inflation_005mm__direction_108__022mm,multiscene_candidate_006__inflation_005mm,multiscene_candidate_006,5,22.0,curobo_safe_physx_collision,0.6178542971611023,0.13968348503112793
multiscene_candidate_006__inflation_005mm__direction_109__020mm,multiscene_candidate_006__inflation_005mm,multiscene_candidate_006,5,20.0,curobo_safe_physx_collision,2.9854625463485718,0.36850571632385254
multiscene_candidate_006__inflation_005mm__direction_109__022mm,multiscene_candidate_006__inflation_005mm,multiscene_candidate_006,5,22.0,curobo_safe_physx_collision,1.8391385674476624,1.620180904865265
multiscene_candidate_006__inflation_005mm__direction_109__024mm,multiscene_candidate_006__inflation_005mm,multiscene_candidate_006,5,24.0,curobo_safe_physx_collision,0.7274076342582703,2.8718337416648865
multiscene_candidate_006__inflation_005mm__direction_110__018mm,multiscene_candidate_006__inflation_005mm,multiscene_candidate_006,5,18.0,curobo_safe_physx_collision,0.9031295776367188,0.430472195148468
multiscene_candidate_006__inflation_005mm__direction_111__020mm,multiscene_candidate_006__inflation_005mm,multiscene_candidate_006,5,20.0,curobo_safe_physx_collision,2.7322769165039062,0.5453452467918396
multiscene_candidate_006__inflation_005mm__direction_111__022mm,multiscene_candidate_006__inflation_005mm,multiscene_candidate_006,5,22.0,curobo_safe_physx_collision,1.6085244715213776,1.8838383257389069
multiscene_candidate_006__inflation_005mm__direction_111__024mm,multiscene_candidate_006__inflation_005mm,multiscene_candidate_006,5,24.0,curobo_safe_physx_collision,0.28726086020469666,3.368232399225235
multiscene_candidate_006__inflation_005mm__direction_112__018mm,multiscene_candidate_006__inflation_005mm,multiscene_candidate_006,5,18.0,curobo_safe_physx_collision,2.2237561643123627,1.1959746479988098
multiscene_candidate_006__inflation_005mm__direction_112__020mm,multiscene_candidate_006__inflation_005mm,multiscene_candidate_006,5,20.0,curobo_safe_physx_collision,0.7081292569637299,2.7488134801387787
multiscene_candidate_006__inflation_005mm__direction_113__018mm,multiscene_candidate_006__inflation_005mm,multiscene_candidate_006,5,18.0,curobo_safe_physx_collision,1.3558827340602875,0.017702579498291016
multiscene_candidate_006__inflation_005mm__direction_114__018mm,multiscene_candidate_006__inflation_005mm,multiscene_candidate_006,5,18.0,curobo_safe_physx_collision,3.318898379802704,0.11842697858810425
multiscene_candidate_006__inflation_005mm__direction_114__020mm,multiscene_candidate_006__inflation_005mm,multiscene_candidate_006,5,20.0,curobo_safe_physx_collision,2.1272823214530945,1.4814287424087524
multiscene_candidate_006__inflation_005mm__direction_114__022mm,multiscene_candidate_006__inflation_005mm,multiscene_candidate_006,5,22.0,curobo_safe_physx_collision,0.7403753697872162,2.915129065513611
multiscene_candidate_006__inflation_005mm__direction_115__016mm,multiscene_candidate_006__inflation_005mm,multiscene_candidate_006,5,16.0,curobo_safe_physx_collision,1.7661415040493011,0.9588077664375305
multiscene_candidate_006__inflation_005mm__direction_116__018mm,multiscene_candidate_006__inflation_005mm,multiscene_candidate_006,5,18.0,curobo_safe_physx_collision,1.4357790350914001,0.470869243144989
multiscene_candidate_006__inflation_005mm__direction_117__016mm,multiscene_candidate_006__inflation_005mm,multiscene_candidate_006,5,16.0,curobo_safe_physx_collision,2.7670972049236298,0.6384402513504028
multiscene_candidate_006__inflation_005mm__direction_117__018mm,multiscene_candidate_006__inflation_005mm,multiscene_candidate_006,5,18.0,curobo_safe_physx_collision,1.152127981185913,2.2367462515830994
multiscene_candidate_006__inflation_005mm__direction_118__016mm,multiscene_candidate_006__inflation_005mm,multiscene_candidate_006,5,16.0,curobo_safe_physx_collision,1.248389482498169,0.6324127316474915
multiscene_candidate_006__inflation_005mm__direction_119__016mm,multiscene_candidate_006__inflation_005mm,multiscene_candidate_006,5,16.0,curobo_safe_physx_collision,2.9497891664505005,0.33631548285484314
multiscene_candidate_006__inflation_005mm__direction_119__018mm,multiscene_candidate_006__inflation_005mm,multiscene_candidate_006,5,18.0,curobo_safe_physx_collision,1.4579109847545624,1.8968954682350159
multiscene_candidate_006__inflation_005mm__direction_119__020mm,multiscene_candidate_006__inflation_005mm,multiscene_candidate_006,5,20.0,curobo_safe_physx_collision,0.0036731362342834473,3.4574493765830994
multiscene_candidate_006__inflation_005mm__direction_120__014mm,multiscene_candidate_006__inflation_005mm,multiscene_candidate_006,5,14.0,curobo_safe_physx_collision,3.5050176084041595,0.1086406409740448
multiscene_candidate_006__inflation_005mm__direction_120__016mm,multiscene_candidate_006__inflation_005mm,multiscene_candidate_006,5,16.0,curobo_safe_physx_collision,1.739349216222763,1.9566193222999573
multiscene_candidate_006__inflation_005mm__direction_121__016mm,multiscene_candidate_006__inflation_005mm,multiscene_candidate_006,5,16.0,curobo_safe_physx_collision,1.4921016991138458,0.778496265411377
multiscene_candidate_006__inflation_005mm__direction_122__016mm,multiscene_candidate_006__inflation_005mm,multiscene_candidate_006,5,16.0,curobo_safe_physx_collision,1.7913095653057098,1.5202686190605164
multiscene_candidate_006__inflation_005mm__direction_122__018mm,multiscene_candidate_006__inflation_005mm,multiscene_candidate_006,5,18.0,curobo_safe_physx_collision,0.09486451745033264,3.2288283109664917
multiscene_candidate_006__inflation_005mm__direction_123__014mm,multiscene_candidate_006__inflation_005mm,multiscene_candidate_006,5,14.0,curobo_safe_physx_collision,2.463527023792267,0.571034848690033
multiscene_candidate_006__inflation_005mm__direction_123__016mm,multiscene_candidate_006__inflation_005mm,multiscene_candidate_006,5,16.0,curobo_safe_physx_collision,0.4737637937068939,2.430405467748642
multiscene_candidate_006__inflation_005mm__direction_124__014mm,multiscene_candidate_006__inflation_005mm,multiscene_candidate_006,5,14.0,curobo_safe_physx_collision,2.881936728954315,0.08594244718551636
multiscene_candidate_006__inflation_005mm__direction_124__016mm,multiscene_candidate_006__inflation_005mm,multiscene_candidate_006,5,16.0,curobo_safe_physx_collision,1.0492615401744843,1.8402859568595886
multiscene_candidate_006__inflation_005mm__direction_125__014mm,multiscene_candidate_006__inflation_005mm,multiscene_candidate_006,5,14.0,curobo_safe_physx_collision,2.4540387094020844,1.0085366666316986
multiscene_candidate_006__inflation_005mm__direction_125__016mm,multiscene_candidate_006__inflation_005mm,multiscene_candidate_006,5,16.0,curobo_safe_physx_collision,0.5346722900867462,2.930358052253723
multiscene_candidate_006__inflation_005mm__direction_126__014mm,multiscene_candidate_006__inflation_005mm,multiscene_candidate_006,5,14.0,curobo_safe_physx_collision,2.1924637258052826,0.8910670876502991
multiscene_candidate_006__inflation_005mm__direction_126__016mm,multiscene_candidate_006__inflation_005mm,multiscene_candidate_006,5,16.0,curobo_safe_physx_collision,0.2393387258052826,2.7837157249450684
multiscene_candidate_006__inflation_005mm__direction_127__014mm,multiscene_candidate_006__inflation_005mm,multiscene_candidate_006,5,14.0,curobo_safe_physx_collision,2.115737646818161,1.4250203967094421
multiscene_candidate_006__inflation_005mm__direction_127__016mm,multiscene_candidate_006__inflation_005mm,multiscene_candidate_006,5,16.0,curobo_safe_physx_collision,0.1584775745868683,3.36403027176857
multiscene_candidate_006__inflation_010mm__direction_086__044mm,multiscene_candidate_006__inflation_010mm,multiscene_candidate_006,10,44.0,curobo_safe_physx_collision,3.0891001224517822,0.5742274224758148
multiscene_candidate_006__inflation_010mm__direction_086__046mm,multiscene_candidate_006__inflation_010mm,multiscene_candidate_006,10,46.0,curobo_safe_physx_collision,2.120908349752426,1.4474131166934967
multiscene_candidate_006__inflation_010mm__direction_086__048mm,multiscene_candidate_006__inflation_010mm,multiscene_candidate_006,10,48.0,curobo_safe_physx_collision,1.1689923703670502,2.3205503821372986
multiscene_candidate_006__inflation_010mm__direction_086__050mm,multiscene_candidate_006__inflation_010mm,multiscene_candidate_006,10,50.0,curobo_safe_physx_collision,0.2342723309993744,3.1937696039676666
multiscene_candidate_006__inflation_010mm__direction_088__058mm,multiscene_candidate_006__inflation_010mm,multiscene_candidate_006,10,58.0,curobo_safe_physx_collision,3.5353191196918488,0.4384443163871765
multiscene_candidate_006__inflation_010mm__direction_088__060mm,multiscene_candidate_006__inflation_010mm,multiscene_candidate_006,10,60.0,curobo_safe_physx_collision,3.041233867406845,1.2040548026561737
multiscene_candidate_006__inflation_010mm__direction_089__042mm,multiscene_candidate_006__inflation_010mm,multiscene_candidate_006,10,42.0,curobo_collision_physx_safe,0.02619996666908264,0.25074928998947144
multiscene_candidate_006__inflation_010mm__direction_090__056mm,multiscene_candidate_006__inflation_010mm,multiscene_candidate_006,10,56.0,curobo_safe_physx_collision,1.783270388841629,0.5874857306480408
multiscene_candidate_006__inflation_010mm__direction_090__058mm,multiscene_candidate_006__inflation_010mm,multiscene_candidate_006,10,58.0,curobo_safe_physx_collision,1.179475337266922,1.218743622303009
multiscene_candidate_006__inflation_010mm__direction_090__060mm,multiscene_candidate_006__inflation_010mm,multiscene_candidate_006,10,60.0,curobo_safe_physx_collision,0.6199516355991364,1.850023865699768
multiscene_candidate_006__inflation_010mm__direction_091__042mm,multiscene_candidate_006__inflation_010mm,multiscene_candidate_006,10,42.0,curobo_safe_physx_collision,2.890676259994507,0.8306168019771576
multiscene_candidate_006__inflation_010mm__direction_091__044mm,multiscene_candidate_006__inflation_010mm,multiscene_candidate_006,10,44.0,curobo_safe_physx_collision,2.027660608291626,1.6900114715099335
multiscene_candidate_006__inflation_010mm__direction_091__046mm,multiscene_candidate_006__inflation_010mm,multiscene_candidate_006,10,46.0,curobo_safe_physx_collision,1.1647343635559082,2.5493837893009186
multiscene_candidate_006__inflation_010mm__direction_091__048mm,multiscene_candidate_006__inflation_010mm,multiscene_candidate_006,10,48.0,curobo_safe_physx_collision,0.3018975257873535,3.4087486565113068
multiscene_candidate_006__inflation_010mm__direction_092__050mm,multiscene_candidate_006__inflation_010mm,multiscene_candidate_006,10,50.0,curobo_collision_physx_safe,0.23499131202697754,0.08022040128707886
multiscene_candidate_006__inflation_010mm__direction_093__048mm,multiscene_candidate_006__inflation_010mm,multiscene_candidate_006,10,48.0,curobo_safe_physx_collision,3.884997218847275,0.3602951765060425
multiscene_candidate_006__inflation_010mm__direction_093__050mm,multiscene_candidate_006__inflation_010mm,multiscene_candidate_006,10,50.0,curobo_safe_physx_collision,2.963092178106308,1.282189041376114
multiscene_candidate_006__inflation_010mm__direction_093__052mm,multiscene_candidate_006__inflation_010mm,multiscene_candidate_006,10,52.0,curobo_safe_physx_collision,2.0412467420101166,2.2040531039237976
multiscene_candidate_006__inflation_010mm__direction_093__054mm,multiscene_candidate_006__inflation_010mm,multiscene_candidate_006,10,54.0,curobo_safe_physx_collision,1.1374503374099731,3.1259506940841675
multiscene_candidate_006__inflation_010mm__direction_093__056mm,multiscene_candidate_006__inflation_010mm,multiscene_candidate_006,10,56.0,curobo_safe_physx_collision,0.30023232102394104,3.732208162546158
multiscene_candidate_006__inflation_010mm__direction_094__032mm,multiscene_candidate_006__inflation_010mm,multiscene_candidate_006,10,32.0,curobo_safe_physx_collision,3.5155564546585083,0.23562461137771606
multiscene_candidate_006__inflation_010mm__direction_094__034mm,multiscene_candidate_006__inflation_010mm,multiscene_candidate_006,10,34.0,curobo_safe_physx_collision,2.1973997354507446,1.4150775969028473
multiscene_candidate_006__inflation_010mm__direction_094__036mm,multiscene_candidate_006__inflation_010mm,multiscene_candidate_006,10,36.0,curobo_safe_physx_collision,0.9071864187717438,2.5661103427410126
multiscene_candidate_006__inflation_010mm__direction_096__038mm,multiscene_candidate_006__inflation_010mm,multiscene_candidate_006,10,38.0,curobo_safe_physx_collision,3.5664215683937073,0.27994439005851746
multiscene_candidate_006__inflation_010mm__direction_096__040mm,multiscene_candidate_006__inflation_010mm,multiscene_candidate_006,10,40.0,curobo_safe_physx_collision,2.6201382279396057,1.1348016560077667
multiscene_candidate_006__inflation_010mm__direction_096__042mm,multiscene_candidate_006__inflation_010mm,multiscene_candidate_006,10,42.0,curobo_safe_physx_collision,1.692015677690506,1.9896291196346283
multiscene_candidate_006__inflation_010mm__direction_096__044mm,multiscene_candidate_006__inflation_010mm,multiscene_candidate_006,10,44.0,curobo_safe_physx_collision,0.7831007242202759,2.844434231519699
multiscene_candidate_006__inflation_010mm__direction_098__038mm,multiscene_candidate_006__inflation_010mm,multiscene_candidate_006,10,38.0,curobo_safe_physx_collision,3.967132419347763,0.11114031076431274
multiscene_candidate_006__inflation_010mm__direction_098__040mm,multiscene_candidate_006__inflation_010mm,multiscene_candidate_006,10,40.0,curobo_safe_physx_collision,2.903800457715988,1.1892877519130707
multiscene_candidate_006__inflation_010mm__direction_098__042mm,multiscene_candidate_006__inflation_010mm,multiscene_candidate_006,10,42.0,curobo_safe_physx_collision,1.8902160227298737,2.123456448316574
multiscene_candidate_006__inflation_010mm__direction_098__044mm,multiscene_candidate_006__inflation_010mm,multiscene_candidate_006,10,44.0,curobo_safe_physx_collision,0.9309723973274231,2.892531454563141
multiscene_candidate_006__inflation_010mm__direction_098__046mm,multiscene_candidate_006__inflation_010mm,multiscene_candidate_006,10,46.0,curobo_safe_physx_collision,0.029537826776504517,3.661610186100006
multiscene_candidate_006__inflation_010mm__direction_099__032mm,multiscene_candidate_006__inflation_010mm,multiscene_candidate_006,10,32.0,curobo_safe_physx_collision,2.2943131625652313,1.1854395270347595
multiscene_candidate_006__inflation_010mm__direction_099__034mm,multiscene_candidate_006__inflation_010mm,multiscene_candidate_006,10,34.0,curobo_safe_physx_collision,1.0687857866287231,2.4054795503616333
multiscene_candidate_006__inflation_010mm__direction_101__036mm,multiscene_candidate_006__inflation_010mm,multiscene_candidate_006,10,36.0,curobo_safe_physx_collision,3.3577345311641693,0.7205531001091003
multiscene_candidate_006__inflation_010mm__direction_101__038mm,multiscene_candidate_006__inflation_010mm,multiscene_candidate_006,10,38.0,curobo_safe_physx_collision,2.1858476102352142,1.8924325704574585
multiscene_candidate_006__inflation_010mm__direction_101__040mm,multiscene_candidate_006__inflation_010mm,multiscene_candidate_006,10,40.0,curobo_safe_physx_collision,1.0139606893062592,3.064323216676712
multiscene_candidate_006__inflation_010mm__direction_102__028mm,multiscene_candidate_006__inflation_010mm,multiscene_candidate_006,10,28.0,curobo_safe_physx_collision,2.030756324529648,0.5411580204963684
multiscene_candidate_006__inflation_010mm__direction_102__030mm,multiscene_candidate_006__inflation_010mm,multiscene_candidate_006,10,30.0,curobo_safe_physx_collision,0.8276365697383881,1.8021687865257263
multiscene_candidate_006__inflation_010mm__direction_103__034mm,multiscene_candidate_006__inflation_010mm,multiscene_candidate_006,10,34.0,curobo_safe_physx_collision,1.8074214458465576,0.5354508757591248
multiscene_candidate_006__inflation_010mm__direction_103__036mm,multiscene_candidate_006__inflation_010mm,multiscene_candidate_006,10,36.0,curobo_safe_physx_collision,0.6212964653968811,1.557670533657074
multiscene_candidate_006__inflation_010mm__direction_104__030mm,multiscene_candidate_006__inflation_010mm,multiscene_candidate_006,10,30.0,curobo_safe_physx_collision,2.579879015684128,0.8924752473831177
multiscene_candidate_006__inflation_010mm__direction_104__032mm,multiscene_candidate_006__inflation_010mm,multiscene_candidate_006,10,32.0,curobo_safe_physx_collision,1.376032829284668,2.1135248243808746
multiscene_candidate_006__inflation_010mm__direction_104__034mm,multiscene_candidate_006__inflation_010mm,multiscene_candidate_006,10,34.0,curobo_safe_physx_collision,0.1768544316291809,3.3346153795719147
multiscene_candidate_006__inflation_010mm__direction_106__032mm,multiscene_candidate_006__inflation_010mm,multiscene_candidate_006,10,32.0,curobo_safe_physx_collision,2.8325095772743225,0.8767768740653992
multiscene_candidate_006__inflation_010mm__direction_106__034mm,multiscene_candidate_006__inflation_010mm,multiscene_candidate_006,10,34.0,curobo_safe_physx_collision,1.8733404576778412,2.2049397230148315
multiscene_candidate_006__inflation_010mm__direction_106__036mm,multiscene_candidate_006__inflation_010mm,multiscene_candidate_006,10,36.0,curobo_safe_physx_collision,0.5452297627925873,3.533054143190384
multiscene_candidate_006__inflation_010mm__direction_107__024mm,multiscene_candidate_006__inflation_010mm,multiscene_candidate_006,10,24.0,curobo_safe_physx_collision,3.386087715625763,0.010848045349121094
multiscene_candidate_006__inflation_010mm__direction_107__026mm,multiscene_candidate_006__inflation_010mm,multiscene_candidate_006,10,26.0,curobo_safe_physx_collision,1.8707327544689178,1.5396811068058014
multiscene_candidate_006__inflation_010mm__direction_107__028mm,multiscene_candidate_006__inflation_010mm,multiscene_candidate_006,10,28.0,curobo_safe_physx_collision,0.36777183413505554,3.0685439705848694
multiscene_candidate_006__inflation_010mm__direction_108__030mm,multiscene_candidate_006__inflation_010mm,multiscene_candidate_006,10,30.0,curobo_safe_physx_collision,0.2631954848766327,0.5436092615127563
multiscene_candidate_006__inflation_010mm__direction_109__028mm,multiscene_candidate_006__inflation_010mm,multiscene_candidate_006,10,28.0,curobo_safe_physx_collision,2.8427764773368835,1.0471120476722717
multiscene_candidate_006__inflation_010mm__direction_109__030mm,multiscene_candidate_006__inflation_010mm,multiscene_candidate_006,10,30.0,curobo_safe_physx_collision,1.4394260942935944,2.4689920246601105
multiscene_candidate_006__inflation_010mm__direction_109__032mm,multiscene_candidate_006__inflation_010mm,multiscene_candidate_006,10,32.0,curobo_safe_physx_collision,0.0566430389881134,3.890860825777054
multiscene_candidate_006__inflation_010mm__direction_110__024mm,multiscene_candidate_006__inflation_010mm,multiscene_candidate_006,10,24.0,curobo_safe_physx_collision,1.6611367464065552,0.19344687461853027
multiscene_candidate_006__inflation_010mm__direction_110__026mm,multiscene_candidate_006__inflation_010mm,multiscene_candidate_006,10,26.0,curobo_safe_physx_collision,0.09759515523910522,1.6070455312728882
multiscene_candidate_006__inflation_010mm__direction_111__026mm,multiscene_candidate_006__inflation_010mm,multiscene_candidate_006,10,26.0,curobo_safe_physx_collision,3.4687109291553497,0.4377327859401703
multiscene_candidate_006__inflation_010mm__direction_111__028mm,multiscene_candidate_006__inflation_010mm,multiscene_candidate_006,10,28.0,curobo_safe_physx_collision,2.0279660820961,1.9221231341362
multiscene_candidate_006__inflation_010mm__direction_111__030mm,multiscene_candidate_006__inflation_010mm,multiscene_candidate_006,10,30.0,curobo_safe_physx_collision,0.615391880273819,3.2228566706180573
multiscene_candidate_006__inflation_010mm__direction_112__024mm,multiscene_candidate_006__inflation_010mm,multiscene_candidate_006,10,24.0,curobo_safe_physx_collision,2.7199089527130127,0.9712353348731995
multiscene_candidate_006__inflation_010mm__direction_112__026mm,multiscene_candidate_006__inflation_010mm,multiscene_candidate_006,10,26.0,curobo_safe_physx_collision,1.1984892189502716,2.486851066350937
multiscene_candidate_006__inflation_010mm__direction_113__026mm,multiscene_candidate_006__inflation_010mm,multiscene_candidate_006,10,26.0,curobo_safe_physx_collision,0.48402324318885803,0.9773150086402893
multiscene_candidate_006__inflation_010mm__direction_114__024mm,multiscene_candidate_006__inflation_010mm,multiscene_candidate_006,10,24.0,curobo_safe_physx_collision,3.8337893784046173,0.07836148142814636
multiscene_candidate_006__inflation_010mm__direction_114__026mm,multiscene_candidate_006__inflation_010mm,multiscene_candidate_006,10,26.0,curobo_safe_physx_collision,2.3097731173038483,1.6201063990592957
multiscene_candidate_006__inflation_010mm__direction_114__028mm,multiscene_candidate_006__inflation_010mm,multiscene_candidate_006,10,28.0,curobo_safe_physx_collision,0.819966197013855,2.9725395143032074
multiscene_candidate_006__inflation_010mm__direction_115__022mm,multiscene_candidate_006__inflation_010mm,multiscene_candidate_006,10,22.0,curobo_safe_physx_collision,2.097487449645996,1.3054907321929932
multiscene_candidate_006__inflation_010mm__direction_115__024mm,multiscene_candidate_006__inflation_010mm,multiscene_candidate_006,10,24.0,curobo_safe_physx_collision,0.31602010130882263,2.9986202716827393
multiscene_candidate_006__inflation_010mm__direction_116__024mm,multiscene_candidate_006__inflation_010mm,multiscene_candidate_006,10,24.0,curobo_safe_physx_collision,2.103414386510849,0.7489696145057678
multiscene_candidate_006__inflation_010mm__direction_116__026mm,multiscene_candidate_006__inflation_010mm,multiscene_candidate_006,10,26.0,curobo_safe_physx_collision,0.5793608725070953,2.205759286880493
multiscene_candidate_006__inflation_010mm__direction_117__022mm,multiscene_candidate_006__inflation_010mm,multiscene_candidate_006,10,22.0,curobo_safe_physx_collision,3.292165696620941,0.1668594777584076
multiscene_candidate_006__inflation_010mm__direction_117__024mm,multiscene_candidate_006__inflation_010mm,multiscene_candidate_006,10,24.0,curobo_safe_physx_collision,1.7259567975997925,1.7659850418567657
multiscene_candidate_006__inflation_010mm__direction_117__026mm,multiscene_candidate_006__inflation_010mm,multiscene_candidate_006,10,26.0,curobo_safe_physx_collision,0.170879065990448,3.3651702105998993
multiscene_candidate_006__inflation_010mm__direction_118__022mm,multiscene_candidate_006__inflation_010mm,multiscene_candidate_006,10,22.0,curobo_safe_physx_collision,1.3676583766937256,0.9400248527526855
multiscene_candidate_006__inflation_010mm__direction_119__022mm,multiscene_candidate_006__inflation_010mm,multiscene_candidate_006,10,22.0,curobo_safe_physx_collision,3.668811172246933,0.21896511316299438
multiscene_candidate_006__inflation_010mm__direction_119__024mm,multiscene_candidate_006__inflation_010mm,multiscene_candidate_006,10,24.0,curobo_safe_physx_collision,1.9344352185726166,1.9533447921276093
multiscene_candidate_006__inflation_010mm__direction_119__026mm,multiscene_candidate_006__inflation_010mm,multiscene_candidate_006,10,26.0,curobo_safe_physx_collision,0.20005926489830017,3.687705844640732
multiscene_candidate_006__inflation_010mm__direction_120__020mm,multiscene_candidate_006__inflation_010mm,multiscene_candidate_006,10,20.0,curobo_safe_physx_collision,3.2328031957149506,0.43996796011924744
multiscene_candidate_006__inflation_010mm__direction_120__022mm,multiscene_candidate_006__inflation_010mm,multiscene_candidate_006,10,22.0,curobo_safe_physx_collision,1.467134803533554,2.205643802881241
multiscene_candidate_006__inflation_010mm__direction_121__022mm,multiscene_candidate_006__inflation_010mm,multiscene_candidate_006,10,22.0,curobo_safe_physx_collision,1.18274986743927,1.0461658239364624
multiscene_candidate_006__inflation_010mm__direction_122__022mm,multiscene_candidate_006__inflation_010mm,multiscene_candidate_006,10,22.0,curobo_safe_physx_collision,2.201974391937256,1.3850443065166473
multiscene_candidate_006__inflation_010mm__direction_122__024mm,multiscene_candidate_006__inflation_010mm,multiscene_candidate_006,10,24.0,curobo_safe_physx_collision,0.6017573177814484,3.094945102930069
multiscene_candidate_006__inflation_010mm__direction_123__020mm,multiscene_candidate_006__inflation_010mm,multiscene_candidate_006,10,20.0,curobo_safe_physx_collision,2.2943466901779175,1.3774894177913666
multiscene_candidate_006__inflation_010mm__direction_123__022mm,multiscene_candidate_006__inflation_010mm,multiscene_candidate_006,10,22.0,curobo_safe_physx_collision,0.3031529486179352,3.2368600368499756
multiscene_candidate_006__inflation_010mm__direction_124__020mm,multiscene_candidate_006__inflation_010mm,multiscene_candidate_006,10,20.0,curobo_safe_physx_collision,2.754960209131241,0.7125101983547211
multiscene_candidate_006__inflation_010mm__direction_124__022mm,multiscene_candidate_006__inflation_010mm,multiscene_candidate_006,10,22.0,curobo_safe_physx_collision,0.9777955710887909,2.526111900806427
multiscene_candidate_006__inflation_010mm__direction_125__020mm,multiscene_candidate_006__inflation_010mm,multiscene_candidate_006,10,20.0,curobo_safe_physx_collision,1.8795132637023926,1.7683953046798706
multiscene_candidate_006__inflation_010mm__direction_126__018mm,multiscene_candidate_006__inflation_010mm,multiscene_candidate_006,10,18.0,curobo_safe_physx_collision,3.3368542790412903,0.1566484570503235
multiscene_candidate_006__inflation_010mm__direction_126__020mm,multiscene_candidate_006__inflation_010mm,multiscene_candidate_006,10,20.0,curobo_safe_physx_collision,1.3755708932876587,2.0373016595840454
multiscene_candidate_006__inflation_010mm__direction_127__018mm,multiscene_candidate_006__inflation_010mm,multiscene_candidate_006,10,18.0,curobo_safe_physx_collision,3.4699290990829468,0.03201141953468323
multiscene_candidate_006__inflation_010mm__direction_127__020mm,multiscene_candidate_006__inflation_010mm,multiscene_candidate_006,10,20.0,curobo_safe_physx_collision,1.5399232506752014,1.9715316593647003
multiscene_candidate_006__inflation_015mm__direction_086__056mm,multiscene_candidate_006__inflation_015mm,multiscene_candidate_006,15,56.0,curobo_safe_physx_collision,3.5246573388576508,0.00651925802230835
multiscene_candidate_006__inflation_015mm__direction_086__058mm,multiscene_candidate_006__inflation_015mm,multiscene_candidate_006,15,58.0,curobo_safe_physx_collision,2.635464072227478,0.8773542940616608
multiscene_candidate_006__inflation_015mm__direction_086__060mm,multiscene_candidate_006__inflation_015mm,multiscene_candidate_006,15,60.0,curobo_safe_physx_collision,1.7653629183769226,1.7482712864875793
multiscene_candidate_006__inflation_015mm__direction_091__052mm,multiscene_candidate_006__inflation_015mm,multiscene_candidate_006,15,52.0,curobo_safe_physx_collision,3.7744715809822083,0.08140131831169128
multiscene_candidate_006__inflation_015mm__direction_091__054mm,multiscene_candidate_006__inflation_015mm,multiscene_candidate_006,15,54.0,curobo_safe_physx_collision,2.9097311198711395,0.9587593376636505
multiscene_candidate_006__inflation_015mm__direction_091__056mm,multiscene_candidate_006__inflation_015mm,multiscene_candidate_006,15,56.0,curobo_safe_physx_collision,2.0450130105018616,1.8361248075962067
multiscene_candidate_006__inflation_015mm__direction_091__058mm,multiscene_candidate_006__inflation_015mm,multiscene_candidate_006,15,58.0,curobo_safe_physx_collision,1.180313527584076,2.713501453399658
multiscene_candidate_006__inflation_015mm__direction_091__060mm,multiscene_candidate_006__inflation_015mm,multiscene_candidate_006,15,60.0,curobo_safe_physx_collision,0.31563639640808105,3.590863198041916
multiscene_candidate_006__inflation_015mm__direction_092__060mm,multiscene_candidate_006__inflation_015mm,multiscene_candidate_006,15,60.0,curobo_safe_physx_collision,0.9872168302536011,0.20467489957809448
multiscene_candidate_006__inflation_015mm__direction_093__058mm,multiscene_candidate_006__inflation_015mm,multiscene_candidate_006,15,58.0,curobo_safe_physx_collision,3.359466791152954,0.7436834275722504
multiscene_candidate_006__inflation_015mm__direction_093__060mm,multiscene_candidate_006__inflation_015mm,multiscene_candidate_006,15,60.0,curobo_safe_physx_collision,2.717234194278717,1.6655437648296356
multiscene_candidate_006__inflation_015mm__direction_094__042mm,multiscene_candidate_006__inflation_015mm,multiscene_candidate_006,15,42.0,curobo_safe_physx_collision,3.213129937648773,0.3262348473072052
multiscene_candidate_006__inflation_015mm__direction_094__044mm,multiscene_candidate_006__inflation_015mm,multiscene_candidate_006,15,44.0,curobo_safe_physx_collision,2.013739198446274,1.5026293694972992
multiscene_candidate_006__inflation_015mm__direction_094__046mm,multiscene_candidate_006__inflation_015mm,multiscene_candidate_006,15,46.0,curobo_safe_physx_collision,0.8488520979881287,2.679046243429184
multiscene_candidate_006__inflation_015mm__direction_095__056mm,multiscene_candidate_006__inflation_015mm,multiscene_candidate_006,15,56.0,curobo_safe_physx_collision,1.1080838739871979,0.430520623922348
multiscene_candidate_006__inflation_015mm__direction_095__058mm,multiscene_candidate_006__inflation_015mm,multiscene_candidate_006,15,58.0,curobo_safe_physx_collision,0.235632061958313,1.2925639748573303
multiscene_candidate_006__inflation_015mm__direction_096__048mm,multiscene_candidate_006__inflation_015mm,multiscene_candidate_006,15,48.0,curobo_safe_physx_collision,3.99031862616539,0.03291293978691101
multiscene_candidate_006__inflation_015mm__direction_096__050mm,multiscene_candidate_006__inflation_015mm,multiscene_candidate_006,15,50.0,curobo_safe_physx_collision,3.172248601913452,1.048590987920761
multiscene_candidate_006__inflation_015mm__direction_096__052mm,multiscene_candidate_006__inflation_015mm,multiscene_candidate_006,15,52.0,curobo_safe_physx_collision,2.2161267697811127,2.064187079668045
multiscene_candidate_006__inflation_015mm__direction_096__054mm,multiscene_candidate_006__inflation_015mm,multiscene_candidate_006,15,54.0,curobo_safe_physx_collision,1.2005232274532318,3.079775720834732
multiscene_candidate_006__inflation_015mm__direction_096__056mm,multiscene_candidate_006__inflation_015mm,multiscene_candidate_006,15,56.0,curobo_safe_physx_collision,0.18486008048057556,4.095461219549179
multiscene_candidate_006__inflation_015mm__direction_098__048mm,multiscene_candidate_006__inflation_015mm,multiscene_candidate_006,15,48.0,curobo_safe_physx_collision,3.6323182284832,0.6373301148414612
multiscene_candidate_006__inflation_015mm__direction_098__050mm,multiscene_candidate_006__inflation_015mm,multiscene_candidate_006,15,50.0,curobo_safe_physx_collision,2.7063749730587006,1.7154626548290253
multiscene_candidate_006__inflation_015mm__direction_098__052mm,multiscene_candidate_006__inflation_015mm,multiscene_candidate_006,15,52.0,curobo_safe_physx_collision,1.628246158361435,2.793591469526291
multiscene_candidate_006__inflation_015mm__direction_098__054mm,multiscene_candidate_006__inflation_015mm,multiscene_candidate_006,15,54.0,curobo_safe_physx_collision,0.5501173436641693,3.8717128336429596
multiscene_candidate_006__inflation_015mm__direction_099__040mm,multiscene_candidate_006__inflation_015mm,multiscene_candidate_006,15,40.0,curobo_safe_physx_collision,3.197692334651947,0.4527680575847626
multiscene_candidate_006__inflation_015mm__direction_099__042mm,multiscene_candidate_006__inflation_015mm,multiscene_candidate_006,15,42.0,curobo_safe_physx_collision,1.9751675426959991,1.6714148223400116
multiscene_candidate_006__inflation_015mm__direction_099__044mm,multiscene_candidate_006__inflation_015mm,multiscene_candidate_006,15,44.0,curobo_safe_physx_collision,0.7563233375549316,2.8900913894176483
multiscene_candidate_006__inflation_015mm__direction_100__046mm,multiscene_candidate_006__inflation_015mm,multiscene_candidate_006,15,46.0,curobo_safe_physx_collision,0.7874667644500732,0.310361385345459
multiscene_candidate_006__inflation_015mm__direction_100__048mm,multiscene_candidate_006__inflation_015mm,multiscene_candidate_006,15,48.0,curobo_safe_physx_collision,0.03238022327423096,1.3843253254890442
multiscene_candidate_006__inflation_015mm__direction_101__042mm,multiscene_candidate_006__inflation_015mm,multiscene_candidate_006,15,42.0,curobo_safe_physx_collision,4.068959504365921,0.13738498091697693
multiscene_candidate_006__inflation_015mm__direction_101__044mm,multiscene_candidate_006__inflation_015mm,multiscene_candidate_006,15,44.0,curobo_safe_physx_collision,2.989407628774643,1.0246075689792633
multiscene_candidate_006__inflation_015mm__direction_101__046mm,multiscene_candidate_006__inflation_015mm,multiscene_candidate_006,15,46.0,curobo_safe_physx_collision,1.957681030035019,1.9118227064609528
multiscene_candidate_006__inflation_015mm__direction_101__048mm,multiscene_candidate_006__inflation_015mm,multiscene_candidate_006,15,48.0,curobo_safe_physx_collision,0.9770095348358154,2.8873495757579803
multiscene_candidate_006__inflation_015mm__direction_101__050mm,multiscene_candidate_006__inflation_015mm,multiscene_candidate_006,15,50.0,curobo_safe_physx_collision,0.0507161021232605,4.059236496686935
multiscene_candidate_006__inflation_015mm__direction_102__036mm,multiscene_candidate_006__inflation_015mm,multiscene_candidate_006,15,36.0,curobo_safe_physx_collision,2.201668918132782,0.740446150302887
multiscene_candidate_006__inflation_015mm__direction_102__038mm,multiscene_candidate_006__inflation_015mm,multiscene_candidate_006,15,38.0,curobo_safe_physx_collision,0.661361962556839,1.994885504245758
multiscene_candidate_006__inflation_015mm__direction_103__042mm,multiscene_candidate_006__inflation_015mm,multiscene_candidate_006,15,42.0,curobo_safe_physx_collision,2.096891403198242,0.8613839745521545
multiscene_candidate_006__inflation_015mm__direction_103__044mm,multiscene_candidate_006__inflation_015mm,multiscene_candidate_006,15,44.0,curobo_safe_physx_collision,1.03074312210083,1.9185952842235565
multiscene_candidate_006__inflation_015mm__direction_104__038mm,multiscene_candidate_006__inflation_015mm,multiscene_candidate_006,15,38.0,curobo_safe_physx_collision,3.2506659626960754,0.7637590169906616
multiscene_candidate_006__inflation_015mm__direction_104__040mm,multiscene_candidate_006__inflation_015mm,multiscene_candidate_006,15,40.0,curobo_safe_physx_collision,2.081189304590225,2.029404044151306
multiscene_candidate_006__inflation_015mm__direction_104__042mm,multiscene_candidate_006__inflation_015mm,multiscene_candidate_006,15,42.0,curobo_safe_physx_collision,0.8187554776668549,3.2950416207313538
multiscene_candidate_006__inflation_015mm__direction_106__038mm,multiscene_candidate_006__inflation_015mm,multiscene_candidate_006,15,38.0,curobo_safe_physx_collision,3.3931806683540344,0.8922889828681946
multiscene_candidate_006__inflation_015mm__direction_106__040mm,multiscene_candidate_006__inflation_015mm,multiscene_candidate_006,15,40.0,curobo_safe_physx_collision,2.1112188696861267,2.1192096173763275
multiscene_candidate_006__inflation_015mm__direction_106__042mm,multiscene_candidate_006__inflation_015mm,multiscene_candidate_006,15,42.0,curobo_safe_physx_collision,0.8803382515907288,3.149908035993576
multiscene_candidate_006__inflation_015mm__direction_107__032mm,multiscene_candidate_006__inflation_015mm,multiscene_candidate_006,15,32.0,curobo_safe_physx_collision,3.085099160671234,0.5072206258773804
multiscene_candidate_006__inflation_015mm__direction_107__034mm,multiscene_candidate_006__inflation_015mm,multiscene_candidate_006,15,34.0,curobo_safe_physx_collision,1.59449502825737,2.033974975347519
multiscene_candidate_006__inflation_015mm__direction_107__036mm,multiscene_candidate_006__inflation_015mm,multiscene_candidate_006,15,36.0,curobo_safe_physx_collision,0.11813268065452576,3.5606995224952698
multiscene_candidate_006__inflation_015mm__direction_108__036mm,multiscene_candidate_006__inflation_015mm,multiscene_candidate_006,15,36.0,curobo_safe_physx_collision,1.4518164098262787,0.27342885732650757
multiscene_candidate_006__inflation_015mm__direction_108__038mm,multiscene_candidate_006__inflation_015mm,multiscene_candidate_006,15,38.0,curobo_safe_physx_collision,0.10398402810096741,1.408010721206665
multiscene_candidate_006__inflation_015mm__direction_109__034mm,multiscene_candidate_006__inflation_015mm,multiscene_candidate_006,15,34.0,curobo_safe_physx_collision,3.523852676153183,0.2804696559906006
multiscene_candidate_006__inflation_015mm__direction_109__036mm,multiscene_candidate_006__inflation_015mm,multiscene_candidate_006,15,36.0,curobo_safe_physx_collision,2.226822078227997,1.525580883026123
multiscene_candidate_006__inflation_015mm__direction_109__038mm,multiscene_candidate_006__inflation_015mm,multiscene_candidate_006,15,38.0,curobo_safe_physx_collision,0.9561404585838318,2.7707628905773163
multiscene_candidate_006__inflation_015mm__direction_110__032mm,multiscene_candidate_006__inflation_015mm,multiscene_candidate_006,15,32.0,curobo_safe_physx_collision,1.0476671159267426,1.2142769992351532
multiscene_candidate_006__inflation_015mm__direction_111__034mm,multiscene_candidate_006__inflation_015mm,multiscene_candidate_006,15,34.0,curobo_safe_physx_collision,2.7981996536254883,0.8922852575778961
multiscene_candidate_006__inflation_015mm__direction_111__036mm,multiscene_candidate_006__inflation_015mm,multiscene_candidate_006,15,36.0,curobo_safe_physx_collision,1.5266090631484985,2.376686781644821
multiscene_candidate_006__inflation_015mm__direction_111__038mm,multiscene_candidate_006__inflation_015mm,multiscene_candidate_006,15,38.0,curobo_safe_physx_collision,0.29357895255088806,3.861039876937866
multiscene_candidate_006__inflation_015mm__direction_112__030mm,multiscene_candidate_006__inflation_015mm,multiscene_candidate_006,15,30.0,curobo_safe_physx_collision,3.3094175159931183,0.6616152822971344
multiscene_candidate_006__inflation_015mm__direction_112__032mm,multiscene_candidate_006__inflation_015mm,multiscene_candidate_006,15,32.0,curobo_safe_physx_collision,1.7819888889789581,2.2142641246318817
multiscene_candidate_006__inflation_015mm__direction_112__034mm,multiscene_candidate_006__inflation_015mm,multiscene_candidate_006,15,34.0,curobo_safe_physx_collision,0.2551041543483734,3.7298910319805145
multiscene_candidate_006__inflation_015mm__direction_113__032mm,multiscene_candidate_006__inflation_015mm,multiscene_candidate_006,15,32.0,curobo_safe_physx_collision,1.2063048779964447,0.8866414427757263
multiscene_candidate_006__inflation_015mm__direction_114__032mm,multiscene_candidate_006__inflation_015mm,multiscene_candidate_006,15,32.0,curobo_safe_physx_collision,2.888023853302002,0.9079240262508392
multiscene_candidate_006__inflation_015mm__direction_114__034mm,multiscene_candidate_006__inflation_015mm,multiscene_candidate_006,15,34.0,curobo_safe_physx_collision,1.5636608004570007,2.4860650300979614
multiscene_candidate_006__inflation_015mm__direction_114__036mm,multiscene_candidate_006__inflation_015mm,multiscene_candidate_006,15,36.0,curobo_safe_physx_collision,0.21615251898765564,4.064157605171204
multiscene_candidate_006__inflation_015mm__direction_115__028mm,multiscene_candidate_006__inflation_015mm,multiscene_candidate_006,15,28.0,curobo_safe_physx_collision,2.522177994251251,1.081664115190506
multiscene_candidate_006__inflation_015mm__direction_115__030mm,multiscene_candidate_006__inflation_015mm,multiscene_candidate_006,15,30.0,curobo_safe_physx_collision,0.7535926997661591,2.8675757348537445
multiscene_candidate_006__inflation_015mm__direction_116__030mm,multiscene_candidate_006__inflation_015mm,multiscene_candidate_006,15,30.0,curobo_safe_physx_collision,2.7875564992427826,0.9618997573852539
multiscene_candidate_006__inflation_015mm__direction_116__032mm,multiscene_candidate_006__inflation_015mm,multiscene_candidate_006,15,32.0,curobo_safe_physx_collision,1.1469386518001556,2.396419644355774
multiscene_candidate_006__inflation_015mm__direction_117__028mm,multiscene_candidate_006__inflation_015mm,multiscene_candidate_006,15,28.0,curobo_safe_physx_collision,3.9906762540340424,0.12312456965446472
multiscene_candidate_006__inflation_015mm__direction_117__030mm,multiscene_candidate_006__inflation_015mm,multiscene_candidate_006,15,30.0,curobo_safe_physx_collision,2.3187659680843353,1.7950311303138733
multiscene_candidate_006__inflation_015mm__direction_117__032mm,multiscene_candidate_006__inflation_015mm,multiscene_candidate_006,15,32.0,curobo_safe_physx_collision,0.6469152867794037,3.4669004380702972
multiscene_candidate_006__inflation_015mm__direction_118__028mm,multiscene_candidate_006__inflation_015mm,multiscene_candidate_006,15,28.0,curobo_safe_physx_collision,1.5689879655838013,1.219816505908966
multiscene_candidate_006__inflation_015mm__direction_119__028mm,multiscene_candidate_006__inflation_015mm,multiscene_candidate_006,15,28.0,curobo_safe_physx_collision,3.1999535858631134,0.8677653968334198
multiscene_candidate_006__inflation_015mm__direction_119__030mm,multiscene_candidate_006__inflation_015mm,multiscene_candidate_006,15,30.0,curobo_safe_physx_collision,1.5369988977909088,2.4216584861278534
multiscene_candidate_006__inflation_015mm__direction_120__026mm,multiscene_candidate_006__inflation_015mm,multiscene_candidate_006,15,26.0,curobo_safe_physx_collision,3.0042678117752075,0.917389988899231
multiscene_candidate_006__inflation_015mm__direction_120__028mm,multiscene_candidate_006__inflation_015mm,multiscene_candidate_006,15,28.0,curobo_safe_physx_collision,1.2375973165035248,2.6830099523067474
multiscene_candidate_006__inflation_015mm__direction_121__026mm,multiscene_candidate_006__inflation_015mm,multiscene_candidate_006,15,26.0,curobo_safe_physx_collision,2.7915798127651215,0.07627904415130615
multiscene_candidate_006__inflation_015mm__direction_121__028mm,multiscene_candidate_006__inflation_015mm,multiscene_candidate_006,15,28.0,curobo_safe_physx_collision,0.986192375421524,1.8731243908405304
multiscene_candidate_006__inflation_015mm__direction_122__026mm,multiscene_candidate_006__inflation_015mm,multiscene_candidate_006,15,26.0,curobo_safe_physx_collision,3.631260246038437,0.4825405776500702
multiscene_candidate_006__inflation_015mm__direction_122__028mm,multiscene_candidate_006__inflation_015mm,multiscene_candidate_006,15,28.0,curobo_safe_physx_collision,1.8031857907772064,2.310618758201599
multiscene_candidate_006__inflation_015mm__direction_123__024mm,multiscene_candidate_006__inflation_015mm,multiscene_candidate_006,15,24.0,curobo_safe_physx_collision,3.6438368260860443,0.276762992143631
multiscene_candidate_006__inflation_015mm__direction_123__026mm,multiscene_candidate_006__inflation_015mm,multiscene_candidate_006,15,26.0,curobo_safe_physx_collision,1.7844699323177338,2.136118710041046
multiscene_candidate_006__inflation_015mm__direction_124__026mm,multiscene_candidate_006__inflation_015mm,multiscene_candidate_006,15,26.0,curobo_safe_physx_collision,2.8187893331050873,1.2950114905834198
multiscene_candidate_006__inflation_015mm__direction_124__028mm,multiscene_candidate_006__inflation_015mm,multiscene_candidate_006,15,28.0,curobo_safe_physx_collision,0.928189605474472,3.1856000423431396
multiscene_candidate_006__inflation_015mm__direction_125__024mm,multiscene_candidate_006__inflation_015mm,multiscene_candidate_006,15,24.0,curobo_safe_physx_collision,3.3705271780490875,0.3010109066963196
multiscene_candidate_006__inflation_015mm__direction_125__026mm,multiscene_candidate_006__inflation_015mm,multiscene_candidate_006,15,26.0,curobo_safe_physx_collision,1.470506191253662,2.220273017883301
multiscene_candidate_006__inflation_015mm__direction_126__024mm,multiscene_candidate_006__inflation_015mm,multiscene_candidate_006,15,24.0,curobo_safe_physx_collision,2.613849937915802,1.2767389416694641
multiscene_candidate_006__inflation_015mm__direction_126__026mm,multiscene_candidate_006__inflation_015mm,multiscene_candidate_006,15,26.0,curobo_safe_physx_collision,0.6460659205913544,3.1372830271720886
multiscene_candidate_006__inflation_015mm__direction_127__024mm,multiscene_candidate_006__inflation_015mm,multiscene_candidate_006,15,24.0,curobo_safe_physx_collision,3.108423203229904,0.5505010485649109
multiscene_candidate_006__inflation_015mm__direction_127__026mm,multiscene_candidate_006__inflation_015mm,multiscene_candidate_006,15,26.0,curobo_safe_physx_collision,1.2178979814052582,2.513747662305832
multiscene_candidate_006__inflation_020mm__direction_094__052mm,multiscene_candidate_006__inflation_020mm,multiscene_candidate_006,20,52.0,curobo_safe_physx_collision,3.256049007177353,0.5262717604637146
multiscene_candidate_006__inflation_020mm__direction_094__054mm,multiscene_candidate_006__inflation_020mm,multiscene_candidate_006,20,54.0,curobo_safe_physx_collision,2.196844667196274,1.599084585905075
multiscene_candidate_006__inflation_020mm__direction_094__056mm,multiscene_candidate_006__inflation_020mm,multiscene_candidate_006,20,56.0,curobo_safe_physx_collision,1.1787600815296173,2.593517303466797
multiscene_candidate_006__inflation_020mm__direction_094__058mm,multiscene_candidate_006__inflation_020mm,multiscene_candidate_006,20,58.0,curobo_safe_physx_collision,0.20458921790122986,3.74748557806015
multiscene_candidate_006__inflation_020mm__direction_095__060mm,multiscene_candidate_006__inflation_020mm,multiscene_candidate_006,20,60.0,curobo_safe_physx_collision,3.502868115901947,0.522267073392868
multiscene_candidate_006__inflation_020mm__direction_096__056mm,multiscene_candidate_006__inflation_020mm,multiscene_candidate_006,20,56.0,curobo_safe_physx_collision,4.390265792608261,0.087004154920578
multiscene_candidate_006__inflation_020mm__direction_096__058mm,multiscene_candidate_006__inflation_020mm,multiscene_candidate_006,20,58.0,curobo_safe_physx_collision,3.3746622502803802,1.102600246667862
multiscene_candidate_006__inflation_020mm__direction_096__060mm,multiscene_candidate_006__inflation_020mm,multiscene_candidate_006,20,60.0,curobo_safe_physx_collision,2.3590587079524994,2.1182075142860413
multiscene_candidate_006__inflation_020mm__direction_097__054mm,multiscene_candidate_006__inflation_020mm,multiscene_candidate_006,20,54.0,curobo_safe_physx_collision,1.1727996170520782,0.5372203886508942
multiscene_candidate_006__inflation_020mm__direction_097__056mm,multiscene_candidate_006__inflation_020mm,multiscene_candidate_006,20,56.0,curobo_safe_physx_collision,0.29942020773887634,1.5841089189052582
multiscene_candidate_006__inflation_020mm__direction_098__054mm,multiscene_candidate_006__inflation_020mm,multiscene_candidate_006,20,54.0,curobo_safe_physx_collision,4.157807677984238,0.7509775459766388
multiscene_candidate_006__inflation_020mm__direction_098__056mm,multiscene_candidate_006__inflation_020mm,multiscene_candidate_006,20,56.0,curobo_safe_physx_collision,3.079678863286972,1.8291100859642029
multiscene_candidate_006__inflation_020mm__direction_098__058mm,multiscene_candidate_006__inflation_020mm,multiscene_candidate_006,20,58.0,curobo_safe_physx_collision,2.0015500485897064,2.90723517537117
multiscene_candidate_006__inflation_020mm__direction_098__060mm,multiscene_candidate_006__inflation_020mm,multiscene_candidate_006,20,60.0,curobo_safe_physx_collision,0.9234212338924408,3.9853639900684357
multiscene_candidate_006__inflation_020mm__direction_099__050mm,multiscene_candidate_006__inflation_020mm,multiscene_candidate_006,20,50.0,curobo_safe_physx_collision,2.7695707976818085,1.031097024679184
multiscene_candidate_006__inflation_020mm__direction_099__052mm,multiscene_candidate_006__inflation_020mm,multiscene_candidate_006,20,52.0,curobo_safe_physx_collision,1.5564747154712677,2.2485926747322083
multiscene_candidate_006__inflation_020mm__direction_099__054mm,multiscene_candidate_006__inflation_020mm,multiscene_candidate_006,20,54.0,curobo_safe_physx_collision,0.34754350781440735,3.466140478849411
multiscene_candidate_006__inflation_020mm__direction_100__052mm,multiscene_candidate_006__inflation_020mm,multiscene_candidate_006,20,52.0,curobo_safe_physx_collision,2.4976953864097595,0.5601085722446442
multiscene_candidate_006__inflation_020mm__direction_100__054mm,multiscene_candidate_006__inflation_020mm,multiscene_candidate_006,20,54.0,curobo_safe_physx_collision,1.4846064150333405,1.7007067799568176
multiscene_candidate_006__inflation_020mm__direction_100__056mm,multiscene_candidate_006__inflation_020mm,multiscene_candidate_006,20,56.0,curobo_safe_physx_collision,0.5303733050823212,2.841360867023468
multiscene_candidate_006__inflation_020mm__direction_101__050mm,multiscene_candidate_006__inflation_020mm,multiscene_candidate_006,20,50.0,curobo_safe_physx_collision,4.0393732488155365,0.7514022290706635
multiscene_candidate_006__inflation_020mm__direction_101__052mm,multiscene_candidate_006__inflation_020mm,multiscene_candidate_006,20,52.0,curobo_safe_physx_collision,2.8312914073467255,2.0512230694293976
multiscene_candidate_006__inflation_020mm__direction_101__054mm,multiscene_candidate_006__inflation_020mm,multiscene_candidate_006,20,54.0,curobo_safe_physx_collision,1.6284547746181488,3.2231025397777557
multiscene_candidate_006__inflation_020mm__direction_101__056mm,multiscene_candidate_006__inflation_020mm,multiscene_candidate_006,20,56.0,curobo_safe_physx_collision,0.4580840468406677,4.4541023671627045
multiscene_candidate_006__inflation_020mm__direction_102__044mm,multiscene_candidate_006__inflation_020mm,multiscene_candidate_006,20,44.0,curobo_safe_physx_collision,2.0626410841941833,0.8077993988990784
multiscene_candidate_006__inflation_020mm__direction_102__046mm,multiscene_candidate_006__inflation_020mm,multiscene_candidate_006,20,46.0,curobo_safe_physx_collision,0.6326362490653992,2.011008560657501
multiscene_candidate_006__inflation_020mm__direction_103__048mm,multiscene_candidate_006__inflation_020mm,multiscene_candidate_006,20,48.0,curobo_safe_physx_collision,3.2027624547481537,0.8654184639453888
multiscene_candidate_006__inflation_020mm__direction_103__050mm,multiscene_candidate_006__inflation_020mm,multiscene_candidate_006,20,50.0,curobo_safe_physx_collision,1.9684098660945892,2.0674020051956177
multiscene_candidate_006__inflation_020mm__direction_103__052mm,multiscene_candidate_006__inflation_020mm,multiscene_candidate_006,20,52.0,curobo_safe_physx_collision,0.7340572774410248,3.216750919818878
multiscene_candidate_006__inflation_020mm__direction_104__044mm,multiscene_candidate_006__inflation_020mm,multiscene_candidate_006,20,44.0,curobo_safe_physx_collision,4.217173904180527,0.11533871293067932
multiscene_candidate_006__inflation_020mm__direction_104__046mm,multiscene_candidate_006__inflation_020mm,multiscene_candidate_006,20,46.0,curobo_safe_physx_collision,2.951528877019882,1.3809986412525177
multiscene_candidate_006__inflation_020mm__direction_104__048mm,multiscene_candidate_006__inflation_020mm,multiscene_candidate_006,20,48.0,curobo_safe_physx_collision,1.685943454504013,2.6465803384780884
multiscene_candidate_006__inflation_020mm__direction_104__050mm,multiscene_candidate_006__inflation_020mm,multiscene_candidate_006,20,50.0,curobo_safe_physx_collision,0.42029842734336853,3.9122141897678375
multiscene_candidate_006__inflation_020mm__direction_105__044mm,multiscene_candidate_006__inflation_020mm,multiscene_candidate_006,20,44.0,curobo_safe_physx_collision,1.3988614082336426,0.180758535861969
multiscene_candidate_006__inflation_020mm__direction_105__046mm,multiscene_candidate_006__inflation_020mm,multiscene_candidate_006,20,46.0,curobo_safe_physx_collision,0.23440644145011902,1.4775730669498444
multiscene_candidate_006__inflation_020mm__direction_106__044mm,multiscene_candidate_006__inflation_020mm,multiscene_candidate_006,20,44.0,curobo_safe_physx_collision,4.094425588846207,0.6732679903507233
multiscene_candidate_006__inflation_020mm__direction_106__046mm,multiscene_candidate_006__inflation_020mm,multiscene_candidate_006,20,46.0,curobo_safe_physx_collision,2.807881683111191,2.001367509365082
multiscene_candidate_006__inflation_020mm__direction_106__048mm,multiscene_candidate_006__inflation_020mm,multiscene_candidate_006,20,48.0,curobo_safe_physx_collision,1.4595091342926025,3.3294856548309326
multiscene_candidate_006__inflation_020mm__direction_106__050mm,multiscene_candidate_006__inflation_020mm,multiscene_candidate_006,20,50.0,curobo_safe_physx_collision,0.09262189269065857,4.785645753145218
multiscene_candidate_006__inflation_020mm__direction_107__040mm,multiscene_candidate_006__inflation_020mm,multiscene_candidate_006,20,40.0,curobo_safe_physx_collision,2.7411356568336487,1.0926127433776855
multiscene_candidate_006__inflation_020mm__direction_107__042mm,multiscene_candidate_006__inflation_020mm,multiscene_candidate_006,20,42.0,curobo_safe_physx_collision,1.2826807796955109,2.6176124811172485
multiscene_candidate_006__inflation_020mm__direction_108__042mm,multiscene_candidate_006__inflation_020mm,multiscene_candidate_006,20,42.0,curobo_safe_physx_collision,2.781212329864502,0.44353678822517395
multiscene_candidate_006__inflation_020mm__direction_108__044mm,multiscene_candidate_006__inflation_020mm,multiscene_candidate_006,20,44.0,curobo_safe_physx_collision,1.467134803533554,1.834176480770111
multiscene_candidate_006__inflation_020mm__direction_108__046mm,multiscene_candidate_006__inflation_020mm,multiscene_candidate_006,20,46.0,curobo_safe_physx_collision,0.0765584409236908,3.148972988128662
multiscene_candidate_006__inflation_020mm__direction_109__040mm,multiscene_candidate_006__inflation_020mm,multiscene_candidate_006,20,40.0,curobo_safe_physx_collision,4.390265792608261,0.08699670433998108
multiscene_candidate_006__inflation_020mm__direction_109__042mm,multiscene_candidate_006__inflation_020mm,multiscene_candidate_006,20,42.0,curobo_safe_physx_collision,2.9683969914913177,1.508869230747223
multiscene_candidate_006__inflation_020mm__direction_109__044mm,multiscene_candidate_006__inflation_020mm,multiscene_candidate_006,20,44.0,curobo_safe_physx_collision,1.5465281903743744,2.9307380318641663
multiscene_candidate_006__inflation_020mm__direction_109__046mm,multiscene_candidate_006__inflation_020mm,multiscene_candidate_006,20,46.0,curobo_safe_physx_collision,0.12465938925743103,4.352610558271408
multiscene_candidate_006__inflation_020mm__direction_110__038mm,multiscene_candidate_006__inflation_020mm,multiscene_candidate_006,20,38.0,curobo_safe_physx_collision,2.002563327550888,0.7614046335220337
multiscene_candidate_006__inflation_020mm__direction_110__040mm,multiscene_candidate_006__inflation_020mm,multiscene_candidate_006,20,40.0,curobo_safe_physx_collision,0.54946169257164,2.21450999379158
multiscene_candidate_006__inflation_020mm__direction_111__040mm,multiscene_candidate_006__inflation_020mm,multiscene_candidate_006,20,40.0,curobo_safe_physx_collision,3.1402967870235443,1.3369806110858917
multiscene_candidate_006__inflation_020mm__direction_111__042mm,multiscene_candidate_006__inflation_020mm,multiscene_candidate_006,20,42.0,curobo_safe_physx_collision,1.6559027135372162,2.821359783411026
multiscene_candidate_006__inflation_020mm__direction_111__044mm,multiscene_candidate_006__inflation_020mm,multiscene_candidate_006,20,44.0,curobo_safe_physx_collision,0.17150864005088806,4.305768758058548
multiscene_candidate_006__inflation_020mm__direction_112__036mm,multiscene_candidate_006__inflation_020mm,multiscene_candidate_006,20,36.0,curobo_safe_physx_collision,3.9063654839992523,0.09265542030334473
multiscene_candidate_006__inflation_020mm__direction_112__038mm,multiscene_candidate_006__inflation_020mm,multiscene_candidate_006,20,38.0,curobo_safe_physx_collision,2.375315874814987,1.6516707837581635
multiscene_candidate_006__inflation_020mm__direction_112__040mm,multiscene_candidate_006__inflation_020mm,multiscene_candidate_006,20,40.0,curobo_safe_physx_collision,0.8445605635643005,3.210708498954773
multiscene_candidate_006__inflation_020mm__direction_113__038mm,multiscene_candidate_006__inflation_020mm,multiscene_candidate_006,20,38.0,curobo_safe_physx_collision,1.6152523458003998,1.040082424879074
multiscene_candidate_006__inflation_020mm__direction_113__040mm,multiscene_candidate_006__inflation_020mm,multiscene_candidate_006,20,40.0,curobo_safe_physx_collision,0.06833299994468689,2.58699432015419
multiscene_candidate_006__inflation_020mm__direction_114__036mm,multiscene_candidate_006__inflation_020mm,multiscene_candidate_006,20,36.0,curobo_safe_physx_collision,4.421558231115341,0.055711716413497925
multiscene_candidate_006__inflation_020mm__direction_114__038mm,multiscene_candidate_006__inflation_020mm,multiscene_candidate_006,20,38.0,curobo_safe_physx_collision,2.8434060513973236,1.6338713467121124
multiscene_candidate_006__inflation_020mm__direction_114__040mm,multiscene_candidate_006__inflation_020mm,multiscene_candidate_006,20,40.0,curobo_safe_physx_collision,1.2653134763240814,3.2119527459144592
multiscene_candidate_006__inflation_020mm__direction_115__034mm,multiscene_candidate_006__inflation_020mm,multiscene_candidate_006,20,34.0,curobo_safe_physx_collision,2.8558969497680664,0.9214729070663452
multiscene_candidate_006__inflation_020mm__direction_115__036mm,multiscene_candidate_006__inflation_020mm,multiscene_candidate_006,20,36.0,curobo_safe_physx_collision,1.105576753616333,2.705499529838562
multiscene_candidate_006__inflation_020mm__direction_116__036mm,multiscene_candidate_006__inflation_020mm,multiscene_candidate_006,20,36.0,curobo_safe_physx_collision,2.5296472012996674,1.180756837129593
multiscene_candidate_006__inflation_020mm__direction_116__038mm,multiscene_candidate_006__inflation_020mm,multiscene_candidate_006,20,38.0,curobo_safe_physx_collision,0.8890293538570404,2.821359783411026
multiscene_candidate_006__inflation_020mm__direction_117__034mm,multiscene_candidate_006__inflation_020mm,multiscene_candidate_006,20,34.0,curobo_safe_physx_collision,3.639068454504013,0.6934516131877899
multiscene_candidate_006__inflation_020mm__direction_117__036mm,multiscene_candidate_006__inflation_020mm,multiscene_candidate_006,20,36.0,curobo_safe_physx_collision,1.967158168554306,2.365346997976303
multiscene_candidate_006__inflation_020mm__direction_117__038mm,multiscene_candidate_006__inflation_020mm,multiscene_candidate_006,20,38.0,curobo_safe_physx_collision,0.2953074872493744,4.037205129861832
multiscene_candidate_006__inflation_020mm__direction_118__034mm,multiscene_candidate_006__inflation_020mm,multiscene_candidate_006,20,34.0,curobo_safe_physx_collision,1.6553327441215515,1.4993324875831604
multiscene_candidate_006__inflation_020mm__direction_119__034mm,multiscene_candidate_006__inflation_020mm,multiscene_candidate_006,20,34.0,curobo_safe_physx_collision,3.1799376010894775,1.1338330805301666
multiscene_candidate_006__inflation_020mm__direction_119__036mm,multiscene_candidate_006__inflation_020mm,multiscene_candidate_006,20,36.0,curobo_safe_physx_collision,1.6090534627437592,2.8682127594947815
multiscene_candidate_006__inflation_020mm__direction_120__032mm,multiscene_candidate_006__inflation_020mm,multiscene_candidate_006,20,32.0,curobo_safe_physx_collision,2.764623612165451,1.4020279049873352
multiscene_candidate_006__inflation_020mm__direction_120__034mm,multiscene_candidate_006__inflation_020mm,multiscene_candidate_006,20,34.0,curobo_safe_physx_collision,0.9922757744789124,3.16765159368515
multiscene_candidate_006__inflation_020mm__direction_121__032mm,multiscene_candidate_006__inflation_020mm,multiscene_candidate_006,20,32.0,curobo_safe_physx_collision,2.6136115193367004,1.0216236114501953
multiscene_candidate_006__inflation_020mm__direction_121__034mm,multiscene_candidate_006__inflation_020mm,multiscene_candidate_006,20,34.0,curobo_safe_physx_collision,0.8087567985057831,2.8184540569782257
multiscene_candidate_006__inflation_020mm__direction_122__032mm,multiscene_candidate_006__inflation_020mm,multiscene_candidate_006,20,32.0,curobo_safe_physx_collision,2.847876399755478,1.5051662921905518
multiscene_candidate_006__inflation_020mm__direction_122__034mm,multiscene_candidate_006__inflation_020mm,multiscene_candidate_006,20,34.0,curobo_safe_physx_collision,1.05271115899086,3.210209310054779
multiscene_candidate_006__inflation_020mm__direction_123__030mm,multiscene_candidate_006__inflation_020mm,multiscene_candidate_006,20,30.0,curobo_safe_physx_collision,3.115203231573105,1.0426715016365051
multiscene_candidate_006__inflation_020mm__direction_123__032mm,multiscene_candidate_006__inflation_020mm,multiscene_candidate_006,20,32.0,curobo_safe_physx_collision,1.2558363378047943,2.9020383954048157
multiscene_candidate_006__inflation_020mm__direction_124__030mm,multiscene_candidate_006__inflation_020mm,multiscene_candidate_006,20,30.0,curobo_safe_physx_collision,3.7015341222286224,0.6309784948825836
multiscene_candidate_006__inflation_020mm__direction_124__032mm,multiscene_candidate_006__inflation_020mm,multiscene_candidate_006,20,32.0,curobo_safe_physx_collision,1.8109343945980072,2.5215670466423035
multiscene_candidate_006__inflation_020mm__direction_125__030mm,multiscene_candidate_006__inflation_020mm,multiscene_candidate_006,20,30.0,curobo_safe_physx_collision,3.003157675266266,1.099713146686554
multiscene_candidate_006__inflation_020mm__direction_125__032mm,multiscene_candidate_006__inflation_020mm,multiscene_candidate_006,20,32.0,curobo_safe_physx_collision,1.1185146868228912,3.0216090381145477
multiscene_candidate_006__inflation_020mm__direction_126__028mm,multiscene_candidate_006__inflation_020mm,multiscene_candidate_006,20,28.0,curobo_safe_physx_collision,3.8654841482639313,0.11261925101280212
multiscene_candidate_006__inflation_020mm__direction_126__030mm,multiscene_candidate_006__inflation_020mm,multiscene_candidate_006,20,30.0,curobo_safe_physx_collision,1.8933750689029694,2.1185018122196198
multiscene_candidate_006__inflation_020mm__direction_127__028mm,multiscene_candidate_006__inflation_020mm,multiscene_candidate_006,20,28.0,curobo_safe_physx_collision,4.279639571905136,0.05286559462547302
multiscene_candidate_006__inflation_020mm__direction_127__030mm,multiscene_candidate_006__inflation_020mm,multiscene_candidate_006,20,30.0,curobo_safe_physx_collision,2.2952817380428314,2.0372234284877777
multiscene_candidate_006__inflation_020mm__direction_127__032mm,multiscene_candidate_006__inflation_020mm,multiscene_candidate_006,20,32.0,curobo_safe_physx_collision,0.31092390418052673,4.021596163511276
