condition_id,scene_id,inflation_mm,direction_id,curobo_first_sampled_collision_mm,physx_first_sampled_collision_mm,delta_physx_minus_curobo_mm,boundary_status
formal_baseline_v1__inflation_000mm,formal_baseline_v1,0,direction_000,,,,both_right_censored
formal_baseline_v1__inflation_000mm,formal_baseline_v1,0,direction_001,,,,both_right_censored
formal_baseline_v1__inflation_000mm,formal_baseline_v1,0,direction_002,,,,both_right_censored
formal_baseline_v1__inflation_000mm,formal_baseline_v1,0,direction_003,,,,both_right_censored
formal_baseline_v1__inflation_000mm,formal_baseline_v1,0,direction_004,,,,both_right_censored
formal_baseline_v1__inflation_000mm,formal_baseline_v1,0,direction_005,,,,both_right_censored
formal_baseline_v1__inflation_000mm,formal_baseline_v1,0,direction_006,,,,both_right_censored
formal_baseline_v1__inflation_000mm,formal_baseline_v1,0,direction_007,,,,both_right_censored
formal_baseline_v1__inflation_000mm,formal_baseline_v1,0,direction_008,,,,both_right_censored
formal_baseline_v1__inflation_000mm,formal_baseline_v1,0,direction_009,,,,both_right_censored
formal_baseline_v1__inflation_000mm,formal_baseline_v1,0,direction_010,,,,both_right_censored
formal_baseline_v1__inflation_000mm,formal_baseline_v1,0,direction_011,,,,both_right_censored
formal_baseline_v1__inflation_000mm,formal_baseline_v1,0,direction_012,,,,both_right_censored
formal_baseline_v1__inflation_000mm,formal_baseline_v1,0,direction_013,,,,both_right_censored
formal_baseline_v1__inflation_000mm,formal_baseline_v1,0,direction_014,,,,both_right_censored
formal_baseline_v1__inflation_000mm,formal_baseline_v1,0,direction_015,,,,both_right_censored
formal_baseline_v1__inflation_000mm,formal_baseline_v1,0,direction_016,,,,both_right_censored
formal_baseline_v1__inflation_000mm,formal_baseline_v1,0,direction_017,,,,both_right_censored
formal_baseline_v1__inflation_000mm,formal_baseline_v1,0,direction_018,,,,both_right_censored
formal_baseline_v1__inflation_000mm,formal_baseline_v1,0,direction_019,,,,both_right_censored
formal_baseline_v1__inflation_000mm,formal_baseline_v1,0,direction_020,,,,both_right_censored
formal_baseline_v1__inflation_000mm,formal_baseline_v1,0,direction_021,,,,both_right_censored
formal_baseline_v1__inflation_000mm,formal_baseline_v1,0,direction_022,,,,both_right_censored
formal_baseline_v1__inflation_000mm,formal_baseline_v1,0,direction_023,,,,both_right_censored
formal_baseline_v1__inflation_000mm,formal_baseline_v1,0,direction_024,,,,both_right_censored
formal_baseline_v1__inflation_000mm,formal_baseline_v1,0,direction_025,,,,both_right_censored
formal_baseline_v1__inflation_000mm,formal_baseline_v1,0,direction_026,,,,both_right_censored
formal_baseline_v1__inflation_000mm,formal_baseline_v1,0,direction_027,,,,both_right_censored
formal_baseline_v1__inflation_000mm,formal_baseline_v1,0,direction_028,,,,both_right_censored
formal_baseline_v1__inflation_000mm,formal_baseline_v1,0,direction_029,,,,both_right_censored
formal_baseline_v1__inflation_000mm,formal_baseline_v1,0,direction_030,,,,both_right_censored
formal_baseline_v1__inflation_000mm,formal_baseline_v1,0,direction_031,,,,both_right_censored
formal_baseline_v1__inflation_000mm,formal_baseline_v1,0,direction_032,,,,both_right_censored
formal_baseline_v1__inflation_000mm,formal_baseline_v1,0,direction_033,,,,both_right_censored
formal_baseline_v1__inflation_000mm,formal_baseline_v1,0,direction_034,,,,both_right_censored
formal_baseline_v1__inflation_000mm,formal_baseline_v1,0,direction_035,,,,both_right_censored
formal_baseline_v1__inflation_000mm,formal_baseline_v1,0,direction_036,,,,both_right_censored
formal_baseline_v1__inflation_000mm,formal_baseline_v1,0,direction_037,,,,both_right_censored
formal_baseline_v1__inflation_000mm,formal_baseline_v1,0,direction_038,,,,both_right_censored
formal_baseline_v1__inflation_000mm,formal_baseline_v1,0,direction_039,,,,both_right_censored
formal_baseline_v1__inflation_000mm,formal_baseline_v1,0,direction_040,,,,both_right_censored
formal_baseline_v1__inflation_000mm,formal_baseline_v1,0,direction_041,,,,both_right_censored
formal_baseline_v1__inflation_000mm,formal_baseline_v1,0,direction_042,,,,both_right_censored
formal_baseline_v1__inflation_000mm,formal_baseline_v1,0,direction_043,,,,both_right_censored
formal_baseline_v1__inflation_000mm,formal_baseline_v1,0,direction_044,,,,both_right_censored
formal_baseline_v1__inflation_000mm,formal_baseline_v1,0,direction_045,,,,both_right_censored
formal_baseline_v1__inflation_000mm,formal_baseline_v1,0,direction_046,,,,both_right_censored
formal_baseline_v1__inflation_000mm,formal_baseline_v1,0,direction_047,,,,both_right_censored
formal_baseline_v1__inflation_000mm,formal_baseline_v1,0,direction_048,,,,both_right_censored
formal_baseline_v1__inflation_000mm,formal_baseline_v1,0,direction_049,,,,both_right_censored
formal_baseline_v1__inflation_000mm,formal_baseline_v1,0,direction_050,,,,both_right_censored
formal_baseline_v1__inflation_000mm,formal_baseline_v1,0,direction_051,,,,both_right_censored
formal_baseline_v1__inflation_000mm,formal_baseline_v1,0,direction_052,,,,both_right_censored
formal_baseline_v1__inflation_000mm,formal_baseline_v1,0,direction_053,,,,both_right_censored
formal_baseline_v1__inflation_000mm,formal_baseline_v1,0,direction_054,,,,both_right_censored
formal_baseline_v1__inflation_000mm,formal_baseline_v1,0,direction_055,,,,both_right_censored
formal_baseline_v1__inflation_000mm,formal_baseline_v1,0,direction_056,,,,both_right_censored
formal_baseline_v1__inflation_000mm,formal_baseline_v1,0,direction_057,,,,both_right_censored
formal_baseline_v1__inflation_000mm,formal_baseline_v1,0,direction_058,,,,both_right_censored
formal_baseline_v1__inflation_000mm,formal_baseline_v1,0,direction_059,,,,both_right_censored
formal_baseline_v1__inflation_000mm,formal_baseline_v1,0,direction_060,,,,both_right_censored
formal_baseline_v1__inflation_000mm,formal_baseline_v1,0,direction_061,,,,both_right_censored
formal_baseline_v1__inflation_000mm,formal_baseline_v1,0,direction_062,,,,both_right_censored
formal_baseline_v1__inflation_000mm,formal_baseline_v1,0,direction_063,,,,both_right_censored
formal_baseline_v1__inflation_000mm,formal_baseline_v1,0,direction_064,,,,both_right_censored
formal_baseline_v1__inflation_000mm,formal_baseline_v1,0,direction_065,,,,both_right_censored
formal_baseline_v1__inflation_000mm,formal_baseline_v1,0,direction_066,,,,both_right_censored
formal_baseline_v1__inflation_000mm,formal_baseline_v1,0,direction_067,,,,both_right_censored
formal_baseline_v1__inflation_000mm,formal_baseline_v1,0,direction_068,,,,both_right_censored
formal_baseline_v1__inflation_000mm,formal_baseline_v1,0,direction_069,,,,both_right_censored
formal_baseline_v1__inflation_000mm,formal_baseline_v1,0,direction_070,,,,both_right_censored
formal_baseline_v1__inflation_000mm,formal_baseline_v1,0,direction_071,,,,both_right_censored
formal_baseline_v1__inflation_000mm,formal_baseline_v1,0,direction_072,,,,both_right_censored
formal_baseline_v1__inflation_000mm,formal_baseline_v1,0,direction_073,,,,both_right_censored
formal_baseline_v1__inflation_000mm,formal_baseline_v1,0,direction_074,,,,both_right_censored
formal_baseline_v1__inflation_000mm,formal_baseline_v1,0,direction_075,,,,both_right_censored
formal_baseline_v1__inflation_000mm,formal_baseline_v1,0,direction_076,,,,both_right_censored
formal_baseline_v1__inflation_000mm,formal_baseline_v1,0,direction_077,,,,both_right_censored
formal_baseline_v1__inflation_000mm,formal_baseline_v1,0,direction_078,46.0,46.0,0.0,exact_sampled_agreement
formal_baseline_v1__inflation_000mm,formal_baseline_v1,0,direction_079,,,,both_right_censored
formal_baseline_v1__inflation_000mm,formal_baseline_v1,0,direction_080,,,,both_right_censored
formal_baseline_v1__inflation_000mm,formal_baseline_v1,0,direction_081,44.0,46.0,2.0,physx_later
formal_baseline_v1__inflation_000mm,formal_baseline_v1,0,direction_082,,,,both_right_censored
formal_baseline_v1__inflation_000mm,formal_baseline_v1,0,direction_083,46.0,36.0,-10.0,physx_earlier
formal_baseline_v1__inflation_000mm,formal_baseline_v1,0,direction_084,50.0,56.0,6.0,physx_later
formal_baseline_v1__inflation_000mm,formal_baseline_v1,0,direction_085,,48.0,,physx_only_observed
formal_baseline_v1__inflation_000mm,formal_baseline_v1,0,direction_086,32.0,34.0,2.0,physx_later
formal_baseline_v1__inflation_000mm,formal_baseline_v1,0,direction_087,56.0,60.0,4.0,physx_later
formal_baseline_v1__inflation_000mm,formal_baseline_v1,0,direction_088,44.0,32.0,-12.0,physx_earlier
formal_baseline_v1__inflation_000mm,formal_baseline_v1,0,direction_089,36.0,36.0,0.0,exact_sampled_agreement
formal_baseline_v1__inflation_000mm,formal_baseline_v1,0,direction_090,40.0,44.0,4.0,physx_later
formal_baseline_v1__inflation_000mm,formal_baseline_v1,0,direction_091,28.0,28.0,0.0,exact_sampled_agreement
formal_baseline_v1__inflation_000mm,formal_baseline_v1,0,direction_092,36.0,42.0,6.0,physx_later
formal_baseline_v1__inflation_000mm,formal_baseline_v1,0,direction_093,38.0,30.0,-8.0,physx_earlier
formal_baseline_v1__inflation_000mm,formal_baseline_v1,0,direction_094,26.0,26.0,0.0,exact_sampled_agreement
formal_baseline_v1__inflation_000mm,formal_baseline_v1,0,direction_095,34.0,38.0,4.0,physx_later
formal_baseline_v1__inflation_000mm,formal_baseline_v1,0,direction_096,28.0,24.0,-4.0,physx_earlier
formal_baseline_v1__inflation_000mm,formal_baseline_v1,0,direction_097,28.0,30.0,2.0,physx_later
formal_baseline_v1__inflation_000mm,formal_baseline_v1,0,direction_098,30.0,30.0,0.0,exact_sampled_agreement
formal_baseline_v1__inflation_000mm,formal_baseline_v1,0,direction_099,22.0,22.0,0.0,exact_sampled_agreement
formal_baseline_v1__inflation_000mm,formal_baseline_v1,0,direction_100,28.0,32.0,4.0,physx_later
formal_baseline_v1__inflation_000mm,formal_baseline_v1,0,direction_101,26.0,24.0,-2.0,physx_earlier
formal_baseline_v1__inflation_000mm,formal_baseline_v1,0,direction_102,22.0,24.0,2.0,physx_later
formal_baseline_v1__inflation_000mm,formal_baseline_v1,0,direction_103,26.0,28.0,2.0,physx_later
formal_baseline_v1__inflation_000mm,formal_baseline_v1,0,direction_104,20.0,20.0,0.0,exact_sampled_agreement
formal_baseline_v1__inflation_000mm,formal_baseline_v1,0,direction_105,24.0,26.0,2.0,physx_later
formal_baseline_v1__inflation_000mm,formal_baseline_v1,0,direction_106,22.0,22.0,0.0,exact_sampled_agreement
formal_baseline_v1__inflation_000mm,formal_baseline_v1,0,direction_107,18.0,20.0,2.0,physx_later
formal_baseline_v1__inflation_000mm,formal_baseline_v1,0,direction_108,24.0,24.0,0.0,exact_sampled_agreement
formal_baseline_v1__inflation_000mm,formal_baseline_v1,0,direction_109,20.0,20.0,0.0,exact_sampled_agreement
formal_baseline_v1__inflation_000mm,formal_baseline_v1,0,direction_110,20.0,20.0,0.0,exact_sampled_agreement
formal_baseline_v1__inflation_000mm,formal_baseline_v1,0,direction_111,20.0,22.0,2.0,physx_later
formal_baseline_v1__inflation_000mm,formal_baseline_v1,0,direction_112,18.0,18.0,0.0,exact_sampled_agreement
formal_baseline_v1__inflation_000mm,formal_baseline_v1,0,direction_113,20.0,22.0,2.0,physx_later
formal_baseline_v1__inflation_000mm,formal_baseline_v1,0,direction_114,18.0,18.0,0.0,exact_sampled_agreement
formal_baseline_v1__inflation_000mm,formal_baseline_v1,0,direction_115,18.0,18.0,0.0,exact_sampled_agreement
formal_baseline_v1__inflation_000mm,formal_baseline_v1,0,direction_116,18.0,20.0,2.0,physx_later
formal_baseline_v1__inflation_000mm,formal_baseline_v1,0,direction_117,16.0,18.0,2.0,physx_later
formal_baseline_v1__inflation_000mm,formal_baseline_v1,0,direction_118,18.0,18.0,0.0,exact_sampled_agreement
formal_baseline_v1__inflation_000mm,formal_baseline_v1,0,direction_119,16.0,18.0,2.0,physx_later
formal_baseline_v1__inflation_000mm,formal_baseline_v1,0,direction_120,16.0,16.0,0.0,exact_sampled_agreement
formal_baseline_v1__inflation_000mm,formal_baseline_v1,0,direction_121,16.0,18.0,2.0,physx_later
formal_baseline_v1__inflation_000mm,formal_baseline_v1,0,direction_122,16.0,16.0,0.0,exact_sampled_agreement
formal_baseline_v1__inflation_000mm,formal_baseline_v1,0,direction_123,16.0,16.0,0.0,exact_sampled_agreement
formal_baseline_v1__inflation_000mm,formal_baseline_v1,0,direction_124,16.0,16.0,0.0,exact_sampled_agreement
formal_baseline_v1__inflation_000mm,formal_baseline_v1,0,direction_125,16.0,16.0,0.0,exact_sampled_agreement
formal_baseline_v1__inflation_000mm,formal_baseline_v1,0,direction_126,14.0,16.0,2.0,physx_later
formal_baseline_v1__inflation_000mm,formal_baseline_v1,0,direction_127,14.0,16.0,2.0,physx_later
formal_baseline_v1__inflation_005mm,formal_baseline_v1,5,direction_000,,,,both_right_censored
formal_baseline_v1__inflation_005mm,formal_baseline_v1,5,direction_001,,,,both_right_censored
formal_baseline_v1__inflation_005mm,formal_baseline_v1,5,direction_002,,,,both_right_censored
formal_baseline_v1__inflation_005mm,formal_baseline_v1,5,direction_003,,,,both_right_censored
formal_baseline_v1__inflation_005mm,formal_baseline_v1,5,direction_004,,,,both_right_censored
formal_baseline_v1__inflation_005mm,formal_baseline_v1,5,direction_005,,,,both_right_censored
formal_baseline_v1__inflation_005mm,formal_baseline_v1,5,direction_006,,,,both_right_censored
formal_baseline_v1__inflation_005mm,formal_baseline_v1,5,direction_007,,,,both_right_censored
formal_baseline_v1__inflation_005mm,formal_baseline_v1,5,direction_008,,,,both_right_censored
formal_baseline_v1__inflation_005mm,formal_baseline_v1,5,direction_009,,,,both_right_censored
formal_baseline_v1__inflation_005mm,formal_baseline_v1,5,direction_010,,,,both_right_censored
formal_baseline_v1__inflation_005mm,formal_baseline_v1,5,direction_011,,,,both_right_censored
formal_baseline_v1__inflation_005mm,formal_baseline_v1,5,direction_012,,,,both_right_censored
formal_baseline_v1__inflation_005mm,formal_baseline_v1,5,direction_013,,,,both_right_censored
formal_baseline_v1__inflation_005mm,formal_baseline_v1,5,direction_014,,,,both_right_censored
formal_baseline_v1__inflation_005mm,formal_baseline_v1,5,direction_015,,,,both_right_censored
formal_baseline_v1__inflation_005mm,formal_baseline_v1,5,direction_016,,,,both_right_censored
formal_baseline_v1__inflation_005mm,formal_baseline_v1,5,direction_017,,,,both_right_censored
formal_baseline_v1__inflation_005mm,formal_baseline_v1,5,direction_018,,,,both_right_censored
formal_baseline_v1__inflation_005mm,formal_baseline_v1,5,direction_019,,,,both_right_censored
formal_baseline_v1__inflation_005mm,formal_baseline_v1,5,direction_020,,,,both_right_censored
formal_baseline_v1__inflation_005mm,formal_baseline_v1,5,direction_021,,,,both_right_censored
formal_baseline_v1__inflation_005mm,formal_baseline_v1,5,direction_022,,,,both_right_censored
formal_baseline_v1__inflation_005mm,formal_baseline_v1,5,direction_023,,,,both_right_censored
formal_baseline_v1__inflation_005mm,formal_baseline_v1,5,direction_024,,,,both_right_censored
formal_baseline_v1__inflation_005mm,formal_baseline_v1,5,direction_025,,,,both_right_censored
formal_baseline_v1__inflation_005mm,formal_baseline_v1,5,direction_026,,,,both_right_censored
formal_baseline_v1__inflation_005mm,formal_baseline_v1,5,direction_027,,,,both_right_censored
formal_baseline_v1__inflation_005mm,formal_baseline_v1,5,direction_028,,,,both_right_censored
formal_baseline_v1__inflation_005mm,formal_baseline_v1,5,direction_029,,,,both_right_censored
formal_baseline_v1__inflation_005mm,formal_baseline_v1,5,direction_030,,,,both_right_censored
formal_baseline_v1__inflation_005mm,formal_baseline_v1,5,direction_031,,,,both_right_censored
formal_baseline_v1__inflation_005mm,formal_baseline_v1,5,direction_032,,,,both_right_censored
formal_baseline_v1__inflation_005mm,formal_baseline_v1,5,direction_033,,,,both_right_censored
formal_baseline_v1__inflation_005mm,formal_baseline_v1,5,direction_034,,,,both_right_censored
formal_baseline_v1__inflation_005mm,formal_baseline_v1,5,direction_035,,,,both_right_censored
formal_baseline_v1__inflation_005mm,formal_baseline_v1,5,direction_036,,,,both_right_censored
formal_baseline_v1__inflation_005mm,formal_baseline_v1,5,direction_037,,,,both_right_censored
formal_baseline_v1__inflation_005mm,formal_baseline_v1,5,direction_038,,,,both_right_censored
formal_baseline_v1__inflation_005mm,formal_baseline_v1,5,direction_039,,,,both_right_censored
formal_baseline_v1__inflation_005mm,formal_baseline_v1,5,direction_040,,,,both_right_censored
formal_baseline_v1__inflation_005mm,formal_baseline_v1,5,direction_041,,,,both_right_censored
formal_baseline_v1__inflation_005mm,formal_baseline_v1,5,direction_042,,,,both_right_censored
formal_baseline_v1__inflation_005mm,formal_baseline_v1,5,direction_043,,,,both_right_censored
formal_baseline_v1__inflation_005mm,formal_baseline_v1,5,direction_044,,,,both_right_censored
formal_baseline_v1__inflation_005mm,formal_baseline_v1,5,direction_045,,,,both_right_censored
formal_baseline_v1__inflation_005mm,formal_baseline_v1,5,direction_046,,,,both_right_censored
formal_baseline_v1__inflation_005mm,formal_baseline_v1,5,direction_047,,,,both_right_censored
formal_baseline_v1__inflation_005mm,formal_baseline_v1,5,direction_048,,,,both_right_censored
formal_baseline_v1__inflation_005mm,formal_baseline_v1,5,direction_049,,,,both_right_censored
formal_baseline_v1__inflation_005mm,formal_baseline_v1,5,direction_050,,,,both_right_censored
formal_baseline_v1__inflation_005mm,formal_baseline_v1,5,direction_051,,,,both_right_censored
formal_baseline_v1__inflation_005mm,formal_baseline_v1,5,direction_052,,,,both_right_censored
formal_baseline_v1__inflation_005mm,formal_baseline_v1,5,direction_053,,,,both_right_censored
formal_baseline_v1__inflation_005mm,formal_baseline_v1,5,direction_054,,,,both_right_censored
formal_baseline_v1__inflation_005mm,formal_baseline_v1,5,direction_055,,,,both_right_censored
formal_baseline_v1__inflation_005mm,formal_baseline_v1,5,direction_056,,,,both_right_censored
formal_baseline_v1__inflation_005mm,formal_baseline_v1,5,direction_057,,,,both_right_censored
formal_baseline_v1__inflation_005mm,formal_baseline_v1,5,direction_058,,,,both_right_censored
formal_baseline_v1__inflation_005mm,formal_baseline_v1,5,direction_059,,,,both_right_censored
formal_baseline_v1__inflation_005mm,formal_baseline_v1,5,direction_060,,,,both_right_censored
formal_baseline_v1__inflation_005mm,formal_baseline_v1,5,direction_061,,,,both_right_censored
formal_baseline_v1__inflation_005mm,formal_baseline_v1,5,direction_062,,,,both_right_censored
formal_baseline_v1__inflation_005mm,formal_baseline_v1,5,direction_063,,,,both_right_censored
formal_baseline_v1__inflation_005mm,formal_baseline_v1,5,direction_064,,,,both_right_censored
formal_baseline_v1__inflation_005mm,formal_baseline_v1,5,direction_065,,,,both_right_censored
formal_baseline_v1__inflation_005mm,formal_baseline_v1,5,direction_066,,,,both_right_censored
formal_baseline_v1__inflation_005mm,formal_baseline_v1,5,direction_067,,,,both_right_censored
formal_baseline_v1__inflation_005mm,formal_baseline_v1,5,direction_068,,,,both_right_censored
formal_baseline_v1__inflation_005mm,formal_baseline_v1,5,direction_069,,,,both_right_censored
formal_baseline_v1__inflation_005mm,formal_baseline_v1,5,direction_070,,,,both_right_censored
formal_baseline_v1__inflation_005mm,formal_baseline_v1,5,direction_071,,,,both_right_censored
formal_baseline_v1__inflation_005mm,formal_baseline_v1,5,direction_072,,,,both_right_censored
formal_baseline_v1__inflation_005mm,formal_baseline_v1,5,direction_073,,,,both_right_censored
formal_baseline_v1__inflation_005mm,formal_baseline_v1,5,direction_074,,,,both_right_censored
formal_baseline_v1__inflation_005mm,formal_baseline_v1,5,direction_075,,,,both_right_censored
formal_baseline_v1__inflation_005mm,formal_baseline_v1,5,direction_076,,,,both_right_censored
formal_baseline_v1__inflation_005mm,formal_baseline_v1,5,direction_077,,,,both_right_censored
formal_baseline_v1__inflation_005mm,formal_baseline_v1,5,direction_078,56.0,50.0,-6.0,physx_earlier
formal_baseline_v1__inflation_005mm,formal_baseline_v1,5,direction_079,,,,both_right_censored
formal_baseline_v1__inflation_005mm,formal_baseline_v1,5,direction_080,,,,both_right_censored
formal_baseline_v1__inflation_005mm,formal_baseline_v1,5,direction_081,52.0,52.0,0.0,exact_sampled_agreement
formal_baseline_v1__inflation_005mm,formal_baseline_v1,5,direction_082,,,,both_right_censored
formal_baseline_v1__inflation_005mm,formal_baseline_v1,5,direction_083,56.0,42.0,-14.0,physx_earlier
formal_baseline_v1__inflation_005mm,formal_baseline_v1,5,direction_084,60.0,,,curobo_only_observed
formal_baseline_v1__inflation_005mm,formal_baseline_v1,5,direction_085,,58.0,,physx_only_observed
formal_baseline_v1__inflation_005mm,formal_baseline_v1,5,direction_086,38.0,38.0,0.0,exact_sampled_agreement
formal_baseline_v1__inflation_005mm,formal_baseline_v1,5,direction_087,,,,both_right_censored
formal_baseline_v1__inflation_005mm,formal_baseline_v1,5,direction_088,54.0,42.0,-12.0,physx_earlier
formal_baseline_v1__inflation_005mm,formal_baseline_v1,5,direction_089,40.0,42.0,2.0,physx_later
formal_baseline_v1__inflation_005mm,formal_baseline_v1,5,direction_090,50.0,50.0,0.0,exact_sampled_agreement
formal_baseline_v1__inflation_005mm,formal_baseline_v1,5,direction_091,34.0,32.0,-2.0,physx_earlier
formal_baseline_v1__inflation_005mm,formal_baseline_v1,5,direction_092,44.0,46.0,2.0,physx_later
formal_baseline_v1__inflation_005mm,formal_baseline_v1,5,direction_093,44.0,36.0,-8.0,physx_earlier
formal_baseline_v1__inflation_005mm,formal_baseline_v1,5,direction_094,30.0,32.0,2.0,physx_later
formal_baseline_v1__inflation_005mm,formal_baseline_v1,5,direction_095,42.0,44.0,2.0,physx_later
formal_baseline_v1__inflation_005mm,formal_baseline_v1,5,direction_096,34.0,28.0,-6.0,physx_earlier
formal_baseline_v1__inflation_005mm,formal_baseline_v1,5,direction_097,32.0,34.0,2.0,physx_later
formal_baseline_v1__inflation_005mm,formal_baseline_v1,5,direction_098,34.0,34.0,0.0,exact_sampled_agreement
formal_baseline_v1__inflation_005mm,formal_baseline_v1,5,direction_099,26.0,26.0,0.0,exact_sampled_agreement
formal_baseline_v1__inflation_005mm,formal_baseline_v1,5,direction_100,32.0,36.0,4.0,physx_later
formal_baseline_v1__inflation_005mm,formal_baseline_v1,5,direction_101,32.0,28.0,-4.0,physx_earlier
formal_baseline_v1__inflation_005mm,formal_baseline_v1,5,direction_102,26.0,28.0,2.0,physx_later
formal_baseline_v1__inflation_005mm,formal_baseline_v1,5,direction_103,30.0,30.0,0.0,exact_sampled_agreement
formal_baseline_v1__inflation_005mm,formal_baseline_v1,5,direction_104,24.0,24.0,0.0,exact_sampled_agreement
formal_baseline_v1__inflation_005mm,formal_baseline_v1,5,direction_105,28.0,28.0,0.0,exact_sampled_agreement
formal_baseline_v1__inflation_005mm,formal_baseline_v1,5,direction_106,28.0,26.0,-2.0,physx_earlier
formal_baseline_v1__inflation_005mm,formal_baseline_v1,5,direction_107,22.0,22.0,0.0,exact_sampled_agreement
formal_baseline_v1__inflation_005mm,formal_baseline_v1,5,direction_108,26.0,28.0,2.0,physx_later
formal_baseline_v1__inflation_005mm,formal_baseline_v1,5,direction_109,24.0,22.0,-2.0,physx_earlier
formal_baseline_v1__inflation_005mm,formal_baseline_v1,5,direction_110,22.0,24.0,2.0,physx_later
formal_baseline_v1__inflation_005mm,formal_baseline_v1,5,direction_111,24.0,24.0,0.0,exact_sampled_agreement
formal_baseline_v1__inflation_005mm,formal_baseline_v1,5,direction_112,20.0,20.0,0.0,exact_sampled_agreement
formal_baseline_v1__inflation_005mm,formal_baseline_v1,5,direction_113,22.0,24.0,2.0,physx_later
formal_baseline_v1__inflation_005mm,formal_baseline_v1,5,direction_114,22.0,22.0,0.0,exact_sampled_agreement
formal_baseline_v1__inflation_005mm,formal_baseline_v1,5,direction_115,20.0,20.0,0.0,exact_sampled_agreement
formal_baseline_v1__inflation_005mm,formal_baseline_v1,5,direction_116,22.0,22.0,0.0,exact_sampled_agreement
formal_baseline_v1__inflation_005mm,formal_baseline_v1,5,direction_117,20.0,20.0,0.0,exact_sampled_agreement
formal_baseline_v1__inflation_005mm,formal_baseline_v1,5,direction_118,20.0,20.0,0.0,exact_sampled_agreement
formal_baseline_v1__inflation_005mm,formal_baseline_v1,5,direction_119,20.0,20.0,0.0,exact_sampled_agreement
formal_baseline_v1__inflation_005mm,formal_baseline_v1,5,direction_120,18.0,18.0,0.0,exact_sampled_agreement
formal_baseline_v1__inflation_005mm,formal_baseline_v1,5,direction_121,20.0,20.0,0.0,exact_sampled_agreement
formal_baseline_v1__inflation_005mm,formal_baseline_v1,5,direction_122,18.0,18.0,0.0,exact_sampled_agreement
formal_baseline_v1__inflation_005mm,formal_baseline_v1,5,direction_123,18.0,18.0,0.0,exact_sampled_agreement
formal_baseline_v1__inflation_005mm,formal_baseline_v1,5,direction_124,18.0,18.0,0.0,exact_sampled_agreement
formal_baseline_v1__inflation_005mm,formal_baseline_v1,5,direction_125,18.0,18.0,0.0,exact_sampled_agreement
formal_baseline_v1__inflation_005mm,formal_baseline_v1,5,direction_126,18.0,18.0,0.0,exact_sampled_agreement
formal_baseline_v1__inflation_005mm,formal_baseline_v1,5,direction_127,18.0,18.0,0.0,exact_sampled_agreement
formal_baseline_v1__inflation_010mm,formal_baseline_v1,10,direction_000,,,,both_right_censored
formal_baseline_v1__inflation_010mm,formal_baseline_v1,10,direction_001,,,,both_right_censored
formal_baseline_v1__inflation_010mm,formal_baseline_v1,10,direction_002,,,,both_right_censored
formal_baseline_v1__inflation_010mm,formal_baseline_v1,10,direction_003,,,,both_right_censored
formal_baseline_v1__inflation_010mm,formal_baseline_v1,10,direction_004,,,,both_right_censored
formal_baseline_v1__inflation_010mm,formal_baseline_v1,10,direction_005,,,,both_right_censored
formal_baseline_v1__inflation_010mm,formal_baseline_v1,10,direction_006,,,,both_right_censored
formal_baseline_v1__inflation_010mm,formal_baseline_v1,10,direction_007,,,,both_right_censored
formal_baseline_v1__inflation_010mm,formal_baseline_v1,10,direction_008,,,,both_right_censored
formal_baseline_v1__inflation_010mm,formal_baseline_v1,10,direction_009,,,,both_right_censored
formal_baseline_v1__inflation_010mm,formal_baseline_v1,10,direction_010,,,,both_right_censored
formal_baseline_v1__inflation_010mm,formal_baseline_v1,10,direction_011,,,,both_right_censored
formal_baseline_v1__inflation_010mm,formal_baseline_v1,10,direction_012,,,,both_right_censored
formal_baseline_v1__inflation_010mm,formal_baseline_v1,10,direction_013,,,,both_right_censored
formal_baseline_v1__inflation_010mm,formal_baseline_v1,10,direction_014,,,,both_right_censored
formal_baseline_v1__inflation_010mm,formal_baseline_v1,10,direction_015,,,,both_right_censored
formal_baseline_v1__inflation_010mm,formal_baseline_v1,10,direction_016,,,,both_right_censored
formal_baseline_v1__inflation_010mm,formal_baseline_v1,10,direction_017,,,,both_right_censored
formal_baseline_v1__inflation_010mm,formal_baseline_v1,10,direction_018,,,,both_right_censored
formal_baseline_v1__inflation_010mm,formal_baseline_v1,10,direction_019,,,,both_right_censored
formal_baseline_v1__inflation_010mm,formal_baseline_v1,10,direction_020,,,,both_right_censored
formal_baseline_v1__inflation_010mm,formal_baseline_v1,10,direction_021,,,,both_right_censored
formal_baseline_v1__inflation_010mm,formal_baseline_v1,10,direction_022,,,,both_right_censored
formal_baseline_v1__inflation_010mm,formal_baseline_v1,10,direction_023,,,,both_right_censored
formal_baseline_v1__inflation_010mm,formal_baseline_v1,10,direction_024,,,,both_right_censored
formal_baseline_v1__inflation_010mm,formal_baseline_v1,10,direction_025,,,,both_right_censored
formal_baseline_v1__inflation_010mm,formal_baseline_v1,10,direction_026,,,,both_right_censored
formal_baseline_v1__inflation_010mm,formal_baseline_v1,10,direction_027,,,,both_right_censored
formal_baseline_v1__inflation_010mm,formal_baseline_v1,10,direction_028,,,,both_right_censored
formal_baseline_v1__inflation_010mm,formal_baseline_v1,10,direction_029,,,,both_right_censored
formal_baseline_v1__inflation_010mm,formal_baseline_v1,10,direction_030,,,,both_right_censored
formal_baseline_v1__inflation_010mm,formal_baseline_v1,10,direction_031,,,,both_right_censored
formal_baseline_v1__inflation_010mm,formal_baseline_v1,10,direction_032,,,,both_right_censored
formal_baseline_v1__inflation_010mm,formal_baseline_v1,10,direction_033,,,,both_right_censored
formal_baseline_v1__inflation_010mm,formal_baseline_v1,10,direction_034,,,,both_right_censored
formal_baseline_v1__inflation_010mm,formal_baseline_v1,10,direction_035,,,,both_right_censored
formal_baseline_v1__inflation_010mm,formal_baseline_v1,10,direction_036,,,,both_right_censored
formal_baseline_v1__inflation_010mm,formal_baseline_v1,10,direction_037,,,,both_right_censored
formal_baseline_v1__inflation_010mm,formal_baseline_v1,10,direction_038,,,,both_right_censored
formal_baseline_v1__inflation_010mm,formal_baseline_v1,10,direction_039,,,,both_right_censored
formal_baseline_v1__inflation_010mm,formal_baseline_v1,10,direction_040,,,,both_right_censored
formal_baseline_v1__inflation_010mm,formal_baseline_v1,10,direction_041,,,,both_right_censored
formal_baseline_v1__inflation_010mm,formal_baseline_v1,10,direction_042,,,,both_right_censored
formal_baseline_v1__inflation_010mm,formal_baseline_v1,10,direction_043,,,,both_right_censored
formal_baseline_v1__inflation_010mm,formal_baseline_v1,10,direction_044,,,,both_right_censored
formal_baseline_v1__inflation_010mm,formal_baseline_v1,10,direction_045,,,,both_right_censored
formal_baseline_v1__inflation_010mm,formal_baseline_v1,10,direction_046,,,,both_right_censored
formal_baseline_v1__inflation_010mm,formal_baseline_v1,10,direction_047,,,,both_right_censored
formal_baseline_v1__inflation_010mm,formal_baseline_v1,10,direction_048,,,,both_right_censored
formal_baseline_v1__inflation_010mm,formal_baseline_v1,10,direction_049,,,,both_right_censored
formal_baseline_v1__inflation_010mm,formal_baseline_v1,10,direction_050,,,,both_right_censored
formal_baseline_v1__inflation_010mm,formal_baseline_v1,10,direction_051,,,,both_right_censored
formal_baseline_v1__inflation_010mm,formal_baseline_v1,10,direction_052,,,,both_right_censored
formal_baseline_v1__inflation_010mm,formal_baseline_v1,10,direction_053,,,,both_right_censored
formal_baseline_v1__inflation_010mm,formal_baseline_v1,10,direction_054,,,,both_right_censored
formal_baseline_v1__inflation_010mm,formal_baseline_v1,10,direction_055,,,,both_right_censored
formal_baseline_v1__inflation_010mm,formal_baseline_v1,10,direction_056,,,,both_right_censored
formal_baseline_v1__inflation_010mm,formal_baseline_v1,10,direction_057,,,,both_right_censored
formal_baseline_v1__inflation_010mm,formal_baseline_v1,10,direction_058,,,,both_right_censored
formal_baseline_v1__inflation_010mm,formal_baseline_v1,10,direction_059,,,,both_right_censored
formal_baseline_v1__inflation_010mm,formal_baseline_v1,10,direction_060,,,,both_right_censored
formal_baseline_v1__inflation_010mm,formal_baseline_v1,10,direction_061,,,,both_right_censored
formal_baseline_v1__inflation_010mm,formal_baseline_v1,10,direction_062,,,,both_right_censored
formal_baseline_v1__inflation_010mm,formal_baseline_v1,10,direction_063,,,,both_right_censored
formal_baseline_v1__inflation_010mm,formal_baseline_v1,10,direction_064,,,,both_right_censored
formal_baseline_v1__inflation_010mm,formal_baseline_v1,10,direction_065,,,,both_right_censored
formal_baseline_v1__inflation_010mm,formal_baseline_v1,10,direction_066,,,,both_right_censored
formal_baseline_v1__inflation_010mm,formal_baseline_v1,10,direction_067,,,,both_right_censored
formal_baseline_v1__inflation_010mm,formal_baseline_v1,10,direction_068,,,,both_right_censored
formal_baseline_v1__inflation_010mm,formal_baseline_v1,10,direction_069,,,,both_right_censored
formal_baseline_v1__inflation_010mm,formal_baseline_v1,10,direction_070,,,,both_right_censored
formal_baseline_v1__inflation_010mm,formal_baseline_v1,10,direction_071,,,,both_right_censored
formal_baseline_v1__inflation_010mm,formal_baseline_v1,10,direction_072,,,,both_right_censored
formal_baseline_v1__inflation_010mm,formal_baseline_v1,10,direction_073,,,,both_right_censored
formal_baseline_v1__inflation_010mm,formal_baseline_v1,10,direction_074,,,,both_right_censored
formal_baseline_v1__inflation_010mm,formal_baseline_v1,10,direction_075,,,,both_right_censored
formal_baseline_v1__inflation_010mm,formal_baseline_v1,10,direction_076,,,,both_right_censored
formal_baseline_v1__inflation_010mm,formal_baseline_v1,10,direction_077,,,,both_right_censored
formal_baseline_v1__inflation_010mm,formal_baseline_v1,10,direction_078,,,,both_right_censored
formal_baseline_v1__inflation_010mm,formal_baseline_v1,10,direction_079,,,,both_right_censored
formal_baseline_v1__inflation_010mm,formal_baseline_v1,10,direction_080,,,,both_right_censored
formal_baseline_v1__inflation_010mm,formal_baseline_v1,10,direction_081,,,,both_right_censored
formal_baseline_v1__inflation_010mm,formal_baseline_v1,10,direction_082,,,,both_right_censored
formal_baseline_v1__inflation_010mm,formal_baseline_v1,10,direction_083,,,,both_right_censored
formal_baseline_v1__inflation_010mm,formal_baseline_v1,10,direction_084,,,,both_right_censored
formal_baseline_v1__inflation_010mm,formal_baseline_v1,10,direction_085,,,,both_right_censored
formal_baseline_v1__inflation_010mm,formal_baseline_v1,10,direction_086,52.0,50.0,-2.0,physx_earlier
formal_baseline_v1__inflation_010mm,formal_baseline_v1,10,direction_087,,,,both_right_censored
formal_baseline_v1__inflation_010mm,formal_baseline_v1,10,direction_088,,,,both_right_censored
formal_baseline_v1__inflation_010mm,formal_baseline_v1,10,direction_089,56.0,54.0,-2.0,physx_earlier
formal_baseline_v1__inflation_010mm,formal_baseline_v1,10,direction_090,,,,both_right_censored
formal_baseline_v1__inflation_010mm,formal_baseline_v1,10,direction_091,48.0,42.0,-6.0,physx_earlier
formal_baseline_v1__inflation_010mm,formal_baseline_v1,10,direction_092,58.0,60.0,2.0,physx_later
formal_baseline_v1__inflation_010mm,formal_baseline_v1,10,direction_093,,52.0,,physx_only_observed
formal_baseline_v1__inflation_010mm,formal_baseline_v1,10,direction_094,42.0,42.0,0.0,exact_sampled_agreement
formal_baseline_v1__inflation_010mm,formal_baseline_v1,10,direction_095,54.0,56.0,2.0,physx_later
formal_baseline_v1__inflation_010mm,formal_baseline_v1,10,direction_096,48.0,40.0,-8.0,physx_earlier
formal_baseline_v1__inflation_010mm,formal_baseline_v1,10,direction_097,44.0,44.0,0.0,exact_sampled_agreement
formal_baseline_v1__inflation_010mm,formal_baseline_v1,10,direction_098,48.0,44.0,-4.0,physx_earlier
formal_baseline_v1__inflation_010mm,formal_baseline_v1,10,direction_099,36.0,34.0,-2.0,physx_earlier
formal_baseline_v1__inflation_010mm,formal_baseline_v1,10,direction_100,46.0,46.0,0.0,exact_sampled_agreement
formal_baseline_v1__inflation_010mm,formal_baseline_v1,10,direction_101,44.0,38.0,-6.0,physx_earlier
formal_baseline_v1__inflation_010mm,formal_baseline_v1,10,direction_102,34.0,36.0,2.0,physx_later
formal_baseline_v1__inflation_010mm,formal_baseline_v1,10,direction_103,40.0,42.0,2.0,physx_later
formal_baseline_v1__inflation_010mm,formal_baseline_v1,10,direction_104,36.0,32.0,-4.0,physx_earlier
formal_baseline_v1__inflation_010mm,formal_baseline_v1,10,direction_105,38.0,38.0,0.0,exact_sampled_agreement
formal_baseline_v1__inflation_010mm,formal_baseline_v1,10,direction_106,38.0,34.0,-4.0,physx_earlier
formal_baseline_v1__inflation_010mm,formal_baseline_v1,10,direction_107,30.0,30.0,0.0,exact_sampled_agreement
formal_baseline_v1__inflation_010mm,formal_baseline_v1,10,direction_108,36.0,36.0,0.0,exact_sampled_agreement
formal_baseline_v1__inflation_010mm,formal_baseline_v1,10,direction_109,34.0,28.0,-6.0,physx_earlier
formal_baseline_v1__inflation_010mm,formal_baseline_v1,10,direction_110,30.0,30.0,0.0,exact_sampled_agreement
formal_baseline_v1__inflation_010mm,formal_baseline_v1,10,direction_111,32.0,32.0,0.0,exact_sampled_agreement
formal_baseline_v1__inflation_010mm,formal_baseline_v1,10,direction_112,28.0,26.0,-2.0,physx_earlier
formal_baseline_v1__inflation_010mm,formal_baseline_v1,10,direction_113,32.0,32.0,0.0,exact_sampled_agreement
formal_baseline_v1__inflation_010mm,formal_baseline_v1,10,direction_114,30.0,28.0,-2.0,physx_earlier
formal_baseline_v1__inflation_010mm,formal_baseline_v1,10,direction_115,26.0,28.0,2.0,physx_later
formal_baseline_v1__inflation_010mm,formal_baseline_v1,10,direction_116,30.0,30.0,0.0,exact_sampled_agreement
formal_baseline_v1__inflation_010mm,formal_baseline_v1,10,direction_117,26.0,24.0,-2.0,physx_earlier
formal_baseline_v1__inflation_010mm,formal_baseline_v1,10,direction_118,26.0,26.0,0.0,exact_sampled_agreement
formal_baseline_v1__inflation_010mm,formal_baseline_v1,10,direction_119,26.0,26.0,0.0,exact_sampled_agreement
formal_baseline_v1__inflation_010mm,formal_baseline_v1,10,direction_120,24.0,24.0,0.0,exact_sampled_agreement
formal_baseline_v1__inflation_010mm,formal_baseline_v1,10,direction_121,26.0,26.0,0.0,exact_sampled_agreement
formal_baseline_v1__inflation_010mm,formal_baseline_v1,10,direction_122,24.0,24.0,0.0,exact_sampled_agreement
formal_baseline_v1__inflation_010mm,formal_baseline_v1,10,direction_123,24.0,24.0,0.0,exact_sampled_agreement
formal_baseline_v1__inflation_010mm,formal_baseline_v1,10,direction_124,24.0,24.0,0.0,exact_sampled_agreement
formal_baseline_v1__inflation_010mm,formal_baseline_v1,10,direction_125,24.0,22.0,-2.0,physx_earlier
formal_baseline_v1__inflation_010mm,formal_baseline_v1,10,direction_126,24.0,24.0,0.0,exact_sampled_agreement
formal_baseline_v1__inflation_010mm,formal_baseline_v1,10,direction_127,22.0,22.0,0.0,exact_sampled_agreement
formal_baseline_v1__inflation_015mm,formal_baseline_v1,15,direction_000,,,,both_right_censored
formal_baseline_v1__inflation_015mm,formal_baseline_v1,15,direction_001,,,,both_right_censored
formal_baseline_v1__inflation_015mm,formal_baseline_v1,15,direction_002,,,,both_right_censored
formal_baseline_v1__inflation_015mm,formal_baseline_v1,15,direction_003,,,,both_right_censored
formal_baseline_v1__inflation_015mm,formal_baseline_v1,15,direction_004,,,,both_right_censored
formal_baseline_v1__inflation_015mm,formal_baseline_v1,15,direction_005,,,,both_right_censored
formal_baseline_v1__inflation_015mm,formal_baseline_v1,15,direction_006,,,,both_right_censored
formal_baseline_v1__inflation_015mm,formal_baseline_v1,15,direction_007,,,,both_right_censored
formal_baseline_v1__inflation_015mm,formal_baseline_v1,15,direction_008,,,,both_right_censored
formal_baseline_v1__inflation_015mm,formal_baseline_v1,15,direction_009,,,,both_right_censored
formal_baseline_v1__inflation_015mm,formal_baseline_v1,15,direction_010,,,,both_right_censored
formal_baseline_v1__inflation_015mm,formal_baseline_v1,15,direction_011,,,,both_right_censored
formal_baseline_v1__inflation_015mm,formal_baseline_v1,15,direction_012,,,,both_right_censored
formal_baseline_v1__inflation_015mm,formal_baseline_v1,15,direction_013,,,,both_right_censored
formal_baseline_v1__inflation_015mm,formal_baseline_v1,15,direction_014,,,,both_right_censored
formal_baseline_v1__inflation_015mm,formal_baseline_v1,15,direction_015,,,,both_right_censored
formal_baseline_v1__inflation_015mm,formal_baseline_v1,15,direction_016,,,,both_right_censored
formal_baseline_v1__inflation_015mm,formal_baseline_v1,15,direction_017,,,,both_right_censored
formal_baseline_v1__inflation_015mm,formal_baseline_v1,15,direction_018,,,,both_right_censored
formal_baseline_v1__inflation_015mm,formal_baseline_v1,15,direction_019,,,,both_right_censored
formal_baseline_v1__inflation_015mm,formal_baseline_v1,15,direction_020,,,,both_right_censored
formal_baseline_v1__inflation_015mm,formal_baseline_v1,15,direction_021,,,,both_right_censored
formal_baseline_v1__inflation_015mm,formal_baseline_v1,15,direction_022,,,,both_right_censored
formal_baseline_v1__inflation_015mm,formal_baseline_v1,15,direction_023,,,,both_right_censored
formal_baseline_v1__inflation_015mm,formal_baseline_v1,15,direction_024,,,,both_right_censored
formal_baseline_v1__inflation_015mm,formal_baseline_v1,15,direction_025,,,,both_right_censored
formal_baseline_v1__inflation_015mm,formal_baseline_v1,15,direction_026,,,,both_right_censored
formal_baseline_v1__inflation_015mm,formal_baseline_v1,15,direction_027,,,,both_right_censored
formal_baseline_v1__inflation_015mm,formal_baseline_v1,15,direction_028,,,,both_right_censored
formal_baseline_v1__inflation_015mm,formal_baseline_v1,15,direction_029,,,,both_right_censored
formal_baseline_v1__inflation_015mm,formal_baseline_v1,15,direction_030,,,,both_right_censored
formal_baseline_v1__inflation_015mm,formal_baseline_v1,15,direction_031,,,,both_right_censored
formal_baseline_v1__inflation_015mm,formal_baseline_v1,15,direction_032,,,,both_right_censored
formal_baseline_v1__inflation_015mm,formal_baseline_v1,15,direction_033,,,,both_right_censored
formal_baseline_v1__inflation_015mm,formal_baseline_v1,15,direction_034,,,,both_right_censored
formal_baseline_v1__inflation_015mm,formal_baseline_v1,15,direction_035,,,,both_right_censored
formal_baseline_v1__inflation_015mm,formal_baseline_v1,15,direction_036,,,,both_right_censored
formal_baseline_v1__inflation_015mm,formal_baseline_v1,15,direction_037,,,,both_right_censored
formal_baseline_v1__inflation_015mm,formal_baseline_v1,15,direction_038,,,,both_right_censored
formal_baseline_v1__inflation_015mm,formal_baseline_v1,15,direction_039,,,,both_right_censored
formal_baseline_v1__inflation_015mm,formal_baseline_v1,15,direction_040,,,,both_right_censored
formal_baseline_v1__inflation_015mm,formal_baseline_v1,15,direction_041,,,,both_right_censored
formal_baseline_v1__inflation_015mm,formal_baseline_v1,15,direction_042,,,,both_right_censored
formal_baseline_v1__inflation_015mm,formal_baseline_v1,15,direction_043,,,,both_right_censored
formal_baseline_v1__inflation_015mm,formal_baseline_v1,15,direction_044,,,,both_right_censored
formal_baseline_v1__inflation_015mm,formal_baseline_v1,15,direction_045,,,,both_right_censored
formal_baseline_v1__inflation_015mm,formal_baseline_v1,15,direction_046,,,,both_right_censored
formal_baseline_v1__inflation_015mm,formal_baseline_v1,15,direction_047,,,,both_right_censored
formal_baseline_v1__inflation_015mm,formal_baseline_v1,15,direction_048,,,,both_right_censored
formal_baseline_v1__inflation_015mm,formal_baseline_v1,15,direction_049,,,,both_right_censored
formal_baseline_v1__inflation_015mm,formal_baseline_v1,15,direction_050,,,,both_right_censored
formal_baseline_v1__inflation_015mm,formal_baseline_v1,15,direction_051,,,,both_right_censored
formal_baseline_v1__inflation_015mm,formal_baseline_v1,15,direction_052,,,,both_right_censored
formal_baseline_v1__inflation_015mm,formal_baseline_v1,15,direction_053,,,,both_right_censored
formal_baseline_v1__inflation_015mm,formal_baseline_v1,15,direction_054,,,,both_right_censored
formal_baseline_v1__inflation_015mm,formal_baseline_v1,15,direction_055,,,,both_right_censored
formal_baseline_v1__inflation_015mm,formal_baseline_v1,15,direction_056,,,,both_right_censored
formal_baseline_v1__inflation_015mm,formal_baseline_v1,15,direction_057,,,,both_right_censored
formal_baseline_v1__inflation_015mm,formal_baseline_v1,15,direction_058,,,,both_right_censored
formal_baseline_v1__inflation_015mm,formal_baseline_v1,15,direction_059,,,,both_right_censored
formal_baseline_v1__inflation_015mm,formal_baseline_v1,15,direction_060,,,,both_right_censored
formal_baseline_v1__inflation_015mm,formal_baseline_v1,15,direction_061,,,,both_right_censored
formal_baseline_v1__inflation_015mm,formal_baseline_v1,15,direction_062,,,,both_right_censored
formal_baseline_v1__inflation_015mm,formal_baseline_v1,15,direction_063,,,,both_right_censored
formal_baseline_v1__inflation_015mm,formal_baseline_v1,15,direction_064,,,,both_right_censored
formal_baseline_v1__inflation_015mm,formal_baseline_v1,15,direction_065,,,,both_right_censored
formal_baseline_v1__inflation_015mm,formal_baseline_v1,15,direction_066,,,,both_right_censored
formal_baseline_v1__inflation_015mm,formal_baseline_v1,15,direction_067,,,,both_right_censored
formal_baseline_v1__inflation_015mm,formal_baseline_v1,15,direction_068,,,,both_right_censored
formal_baseline_v1__inflation_015mm,formal_baseline_v1,15,direction_069,,,,both_right_censored
formal_baseline_v1__inflation_015mm,formal_baseline_v1,15,direction_070,,,,both_right_censored
formal_baseline_v1__inflation_015mm,formal_baseline_v1,15,direction_071,,,,both_right_censored
formal_baseline_v1__inflation_015mm,formal_baseline_v1,15,direction_072,,,,both_right_censored
formal_baseline_v1__inflation_015mm,formal_baseline_v1,15,direction_073,,,,both_right_censored
formal_baseline_v1__inflation_015mm,formal_baseline_v1,15,direction_074,,,,both_right_censored
formal_baseline_v1__inflation_015mm,formal_baseline_v1,15,direction_075,,,,both_right_censored
formal_baseline_v1__inflation_015mm,formal_baseline_v1,15,direction_076,,,,both_right_censored
formal_baseline_v1__inflation_015mm,formal_baseline_v1,15,direction_077,,,,both_right_censored
formal_baseline_v1__inflation_015mm,formal_baseline_v1,15,direction_078,,,,both_right_censored
formal_baseline_v1__inflation_015mm,formal_baseline_v1,15,direction_079,,,,both_right_censored
formal_baseline_v1__inflation_015mm,formal_baseline_v1,15,direction_080,,,,both_right_censored
formal_baseline_v1__inflation_015mm,formal_baseline_v1,15,direction_081,,,,both_right_censored
formal_baseline_v1__inflation_015mm,formal_baseline_v1,15,direction_082,,,,both_right_censored
formal_baseline_v1__inflation_015mm,formal_baseline_v1,15,direction_083,,,,both_right_censored
formal_baseline_v1__inflation_015mm,formal_baseline_v1,15,direction_084,,,,both_right_censored
formal_baseline_v1__inflation_015mm,formal_baseline_v1,15,direction_085,,,,both_right_censored
formal_baseline_v1__inflation_015mm,formal_baseline_v1,15,direction_086,,60.0,,physx_only_observed
formal_baseline_v1__inflation_015mm,formal_baseline_v1,15,direction_087,,,,both_right_censored
formal_baseline_v1__inflation_015mm,formal_baseline_v1,15,direction_088,,,,both_right_censored
formal_baseline_v1__inflation_015mm,formal_baseline_v1,15,direction_089,,,,both_right_censored
formal_baseline_v1__inflation_015mm,formal_baseline_v1,15,direction_090,,,,both_right_censored
formal_baseline_v1__inflation_015mm,formal_baseline_v1,15,direction_091,,52.0,,physx_only_observed
formal_baseline_v1__inflation_015mm,formal_baseline_v1,15,direction_092,,,,both_right_censored
formal_baseline_v1__inflation_015mm,formal_baseline_v1,15,direction_093,,,,both_right_censored
formal_baseline_v1__inflation_015mm,formal_baseline_v1,15,direction_094,52.0,52.0,0.0,exact_sampled_agreement
formal_baseline_v1__inflation_015mm,formal_baseline_v1,15,direction_095,,,,both_right_censored
formal_baseline_v1__inflation_015mm,formal_baseline_v1,15,direction_096,60.0,52.0,-8.0,physx_earlier
formal_baseline_v1__inflation_015mm,formal_baseline_v1,15,direction_097,56.0,54.0,-2.0,physx_earlier
formal_baseline_v1__inflation_015mm,formal_baseline_v1,15,direction_098,,54.0,,physx_only_observed
formal_baseline_v1__inflation_015mm,formal_baseline_v1,15,direction_099,44.0,42.0,-2.0,physx_earlier
formal_baseline_v1__inflation_015mm,formal_baseline_v1,15,direction_100,56.0,56.0,0.0,exact_sampled_agreement
formal_baseline_v1__inflation_015mm,formal_baseline_v1,15,direction_101,56.0,48.0,-8.0,physx_earlier
formal_baseline_v1__inflation_015mm,formal_baseline_v1,15,direction_102,44.0,44.0,0.0,exact_sampled_agreement
formal_baseline_v1__inflation_015mm,formal_baseline_v1,15,direction_103,50.0,50.0,0.0,exact_sampled_agreement
formal_baseline_v1__inflation_015mm,formal_baseline_v1,15,direction_104,44.0,38.0,-6.0,physx_earlier
formal_baseline_v1__inflation_015mm,formal_baseline_v1,15,direction_105,46.0,46.0,0.0,exact_sampled_agreement
formal_baseline_v1__inflation_015mm,formal_baseline_v1,15,direction_106,48.0,42.0,-6.0,physx_earlier
formal_baseline_v1__inflation_015mm,formal_baseline_v1,15,direction_107,38.0,38.0,0.0,exact_sampled_agreement
formal_baseline_v1__inflation_015mm,formal_baseline_v1,15,direction_108,44.0,44.0,0.0,exact_sampled_agreement
formal_baseline_v1__inflation_015mm,formal_baseline_v1,15,direction_109,42.0,36.0,-6.0,physx_earlier
formal_baseline_v1__inflation_015mm,formal_baseline_v1,15,direction_110,38.0,38.0,0.0,exact_sampled_agreement
formal_baseline_v1__inflation_015mm,formal_baseline_v1,15,direction_111,40.0,40.0,0.0,exact_sampled_agreement
formal_baseline_v1__inflation_015mm,formal_baseline_v1,15,direction_112,36.0,34.0,-2.0,physx_earlier
formal_baseline_v1__inflation_015mm,formal_baseline_v1,15,direction_113,38.0,38.0,0.0,exact_sampled_agreement
formal_baseline_v1__inflation_015mm,formal_baseline_v1,15,direction_114,38.0,34.0,-4.0,physx_earlier
formal_baseline_v1__inflation_015mm,formal_baseline_v1,15,direction_115,32.0,32.0,0.0,exact_sampled_agreement
formal_baseline_v1__inflation_015mm,formal_baseline_v1,15,direction_116,36.0,36.0,0.0,exact_sampled_agreement
formal_baseline_v1__inflation_015mm,formal_baseline_v1,15,direction_117,34.0,30.0,-4.0,physx_earlier
formal_baseline_v1__inflation_015mm,formal_baseline_v1,15,direction_118,34.0,34.0,0.0,exact_sampled_agreement
formal_baseline_v1__inflation_015mm,formal_baseline_v1,15,direction_119,34.0,32.0,-2.0,physx_earlier
formal_baseline_v1__inflation_015mm,formal_baseline_v1,15,direction_120,30.0,30.0,0.0,exact_sampled_agreement
formal_baseline_v1__inflation_015mm,formal_baseline_v1,15,direction_121,32.0,32.0,0.0,exact_sampled_agreement
formal_baseline_v1__inflation_015mm,formal_baseline_v1,15,direction_122,32.0,30.0,-2.0,physx_earlier
formal_baseline_v1__inflation_015mm,formal_baseline_v1,15,direction_123,30.0,30.0,0.0,exact_sampled_agreement
formal_baseline_v1__inflation_015mm,formal_baseline_v1,15,direction_124,30.0,30.0,0.0,exact_sampled_agreement
formal_baseline_v1__inflation_015mm,formal_baseline_v1,15,direction_125,30.0,28.0,-2.0,physx_earlier
formal_baseline_v1__inflation_015mm,formal_baseline_v1,15,direction_126,28.0,28.0,0.0,exact_sampled_agreement
formal_baseline_v1__inflation_015mm,formal_baseline_v1,15,direction_127,28.0,28.0,0.0,exact_sampled_agreement
formal_baseline_v1__inflation_020mm,formal_baseline_v1,20,direction_000,,,,both_right_censored
formal_baseline_v1__inflation_020mm,formal_baseline_v1,20,direction_001,,,,both_right_censored
formal_baseline_v1__inflation_020mm,formal_baseline_v1,20,direction_002,,,,both_right_censored
formal_baseline_v1__inflation_020mm,formal_baseline_v1,20,direction_003,,,,both_right_censored
formal_baseline_v1__inflation_020mm,formal_baseline_v1,20,direction_004,,,,both_right_censored
formal_baseline_v1__inflation_020mm,formal_baseline_v1,20,direction_005,,,,both_right_censored
formal_baseline_v1__inflation_020mm,formal_baseline_v1,20,direction_006,,,,both_right_censored
formal_baseline_v1__inflation_020mm,formal_baseline_v1,20,direction_007,,,,both_right_censored
formal_baseline_v1__inflation_020mm,formal_baseline_v1,20,direction_008,,,,both_right_censored
formal_baseline_v1__inflation_020mm,formal_baseline_v1,20,direction_009,,,,both_right_censored
formal_baseline_v1__inflation_020mm,formal_baseline_v1,20,direction_010,,,,both_right_censored
formal_baseline_v1__inflation_020mm,formal_baseline_v1,20,direction_011,,,,both_right_censored
formal_baseline_v1__inflation_020mm,formal_baseline_v1,20,direction_012,,,,both_right_censored
formal_baseline_v1__inflation_020mm,formal_baseline_v1,20,direction_013,,,,both_right_censored
formal_baseline_v1__inflation_020mm,formal_baseline_v1,20,direction_014,,,,both_right_censored
formal_baseline_v1__inflation_020mm,formal_baseline_v1,20,direction_015,,,,both_right_censored
formal_baseline_v1__inflation_020mm,formal_baseline_v1,20,direction_016,,,,both_right_censored
formal_baseline_v1__inflation_020mm,formal_baseline_v1,20,direction_017,,,,both_right_censored
formal_baseline_v1__inflation_020mm,formal_baseline_v1,20,direction_018,,,,both_right_censored
formal_baseline_v1__inflation_020mm,formal_baseline_v1,20,direction_019,,,,both_right_censored
formal_baseline_v1__inflation_020mm,formal_baseline_v1,20,direction_020,,,,both_right_censored
formal_baseline_v1__inflation_020mm,formal_baseline_v1,20,direction_021,,,,both_right_censored
formal_baseline_v1__inflation_020mm,formal_baseline_v1,20,direction_022,,,,both_right_censored
formal_baseline_v1__inflation_020mm,formal_baseline_v1,20,direction_023,,,,both_right_censored
formal_baseline_v1__inflation_020mm,formal_baseline_v1,20,direction_024,,,,both_right_censored
formal_baseline_v1__inflation_020mm,formal_baseline_v1,20,direction_025,,,,both_right_censored
formal_baseline_v1__inflation_020mm,formal_baseline_v1,20,direction_026,,,,both_right_censored
formal_baseline_v1__inflation_020mm,formal_baseline_v1,20,direction_027,,,,both_right_censored
formal_baseline_v1__inflation_020mm,formal_baseline_v1,20,direction_028,,,,both_right_censored
formal_baseline_v1__inflation_020mm,formal_baseline_v1,20,direction_029,,,,both_right_censored
formal_baseline_v1__inflation_020mm,formal_baseline_v1,20,direction_030,,,,both_right_censored
formal_baseline_v1__inflation_020mm,formal_baseline_v1,20,direction_031,,,,both_right_censored
formal_baseline_v1__inflation_020mm,formal_baseline_v1,20,direction_032,,,,both_right_censored
formal_baseline_v1__inflation_020mm,formal_baseline_v1,20,direction_033,,,,both_right_censored
formal_baseline_v1__inflation_020mm,formal_baseline_v1,20,direction_034,,,,both_right_censored
formal_baseline_v1__inflation_020mm,formal_baseline_v1,20,direction_035,,,,both_right_censored
formal_baseline_v1__inflation_020mm,formal_baseline_v1,20,direction_036,,,,both_right_censored
formal_baseline_v1__inflation_020mm,formal_baseline_v1,20,direction_037,,,,both_right_censored
formal_baseline_v1__inflation_020mm,formal_baseline_v1,20,direction_038,,,,both_right_censored
formal_baseline_v1__inflation_020mm,formal_baseline_v1,20,direction_039,,,,both_right_censored
formal_baseline_v1__inflation_020mm,formal_baseline_v1,20,direction_040,,,,both_right_censored
formal_baseline_v1__inflation_020mm,formal_baseline_v1,20,direction_041,,,,both_right_censored
formal_baseline_v1__inflation_020mm,formal_baseline_v1,20,direction_042,,,,both_right_censored
formal_baseline_v1__inflation_020mm,formal_baseline_v1,20,direction_043,,,,both_right_censored
formal_baseline_v1__inflation_020mm,formal_baseline_v1,20,direction_044,,,,both_right_censored
formal_baseline_v1__inflation_020mm,formal_baseline_v1,20,direction_045,,,,both_right_censored
formal_baseline_v1__inflation_020mm,formal_baseline_v1,20,direction_046,,,,both_right_censored
formal_baseline_v1__inflation_020mm,formal_baseline_v1,20,direction_047,,,,both_right_censored
formal_baseline_v1__inflation_020mm,formal_baseline_v1,20,direction_048,,,,both_right_censored
formal_baseline_v1__inflation_020mm,formal_baseline_v1,20,direction_049,,,,both_right_censored
formal_baseline_v1__inflation_020mm,formal_baseline_v1,20,direction_050,,,,both_right_censored
formal_baseline_v1__inflation_020mm,formal_baseline_v1,20,direction_051,,,,both_right_censored
formal_baseline_v1__inflation_020mm,formal_baseline_v1,20,direction_052,,,,both_right_censored
formal_baseline_v1__inflation_020mm,formal_baseline_v1,20,direction_053,,,,both_right_censored
formal_baseline_v1__inflation_020mm,formal_baseline_v1,20,direction_054,,,,both_right_censored
formal_baseline_v1__inflation_020mm,formal_baseline_v1,20,direction_055,,,,both_right_censored
formal_baseline_v1__inflation_020mm,formal_baseline_v1,20,direction_056,,,,both_right_censored
formal_baseline_v1__inflation_020mm,formal_baseline_v1,20,direction_057,,,,both_right_censored
formal_baseline_v1__inflation_020mm,formal_baseline_v1,20,direction_058,,,,both_right_censored
formal_baseline_v1__inflation_020mm,formal_baseline_v1,20,direction_059,,,,both_right_censored
formal_baseline_v1__inflation_020mm,formal_baseline_v1,20,direction_060,,,,both_right_censored
formal_baseline_v1__inflation_020mm,formal_baseline_v1,20,direction_061,,,,both_right_censored
formal_baseline_v1__inflation_020mm,formal_baseline_v1,20,direction_062,,,,both_right_censored
formal_baseline_v1__inflation_020mm,formal_baseline_v1,20,direction_063,,,,both_right_censored
formal_baseline_v1__inflation_020mm,formal_baseline_v1,20,direction_064,,,,both_right_censored
formal_baseline_v1__inflation_020mm,formal_baseline_v1,20,direction_065,,,,both_right_censored
formal_baseline_v1__inflation_020mm,formal_baseline_v1,20,direction_066,,,,both_right_censored
formal_baseline_v1__inflation_020mm,formal_baseline_v1,20,direction_067,,,,both_right_censored
formal_baseline_v1__inflation_020mm,formal_baseline_v1,20,direction_068,,,,both_right_censored
formal_baseline_v1__inflation_020mm,formal_baseline_v1,20,direction_069,,,,both_right_censored
formal_baseline_v1__inflation_020mm,formal_baseline_v1,20,direction_070,,,,both_right_censored
formal_baseline_v1__inflation_020mm,formal_baseline_v1,20,direction_071,,,,both_right_censored
formal_baseline_v1__inflation_020mm,formal_baseline_v1,20,direction_072,,,,both_right_censored
formal_baseline_v1__inflation_020mm,formal_baseline_v1,20,direction_073,,,,both_right_censored
formal_baseline_v1__inflation_020mm,formal_baseline_v1,20,direction_074,,,,both_right_censored
formal_baseline_v1__inflation_020mm,formal_baseline_v1,20,direction_075,,,,both_right_censored
formal_baseline_v1__inflation_020mm,formal_baseline_v1,20,direction_076,,,,both_right_censored
formal_baseline_v1__inflation_020mm,formal_baseline_v1,20,direction_077,,,,both_right_censored
formal_baseline_v1__inflation_020mm,formal_baseline_v1,20,direction_078,,,,both_right_censored
formal_baseline_v1__inflation_020mm,formal_baseline_v1,20,direction_079,,,,both_right_censored
formal_baseline_v1__inflation_020mm,formal_baseline_v1,20,direction_080,,,,both_right_censored
formal_baseline_v1__inflation_020mm,formal_baseline_v1,20,direction_081,,,,both_right_censored
formal_baseline_v1__inflation_020mm,formal_baseline_v1,20,direction_082,,,,both_right_censored
formal_baseline_v1__inflation_020mm,formal_baseline_v1,20,direction_083,,,,both_right_censored
formal_baseline_v1__inflation_020mm,formal_baseline_v1,20,direction_084,,,,both_right_censored
formal_baseline_v1__inflation_020mm,formal_baseline_v1,20,direction_085,,,,both_right_censored
formal_baseline_v1__inflation_020mm,formal_baseline_v1,20,direction_086,,,,both_right_censored
formal_baseline_v1__inflation_020mm,formal_baseline_v1,20,direction_087,,,,both_right_censored
formal_baseline_v1__inflation_020mm,formal_baseline_v1,20,direction_088,,,,both_right_censored
formal_baseline_v1__inflation_020mm,formal_baseline_v1,20,direction_089,,,,both_right_censored
formal_baseline_v1__inflation_020mm,formal_baseline_v1,20,direction_090,,,,both_right_censored
formal_baseline_v1__inflation_020mm,formal_baseline_v1,20,direction_091,,,,both_right_censored
formal_baseline_v1__inflation_020mm,formal_baseline_v1,20,direction_092,,,,both_right_censored
formal_baseline_v1__inflation_020mm,formal_baseline_v1,20,direction_093,,,,both_right_censored
formal_baseline_v1__inflation_020mm,formal_baseline_v1,20,direction_094,,60.0,,physx_only_observed
formal_baseline_v1__inflation_020mm,formal_baseline_v1,20,direction_095,,,,both_right_censored
formal_baseline_v1__inflation_020mm,formal_baseline_v1,20,direction_096,,,,both_right_censored
formal_baseline_v1__inflation_020mm,formal_baseline_v1,20,direction_097,,,,both_right_censored
formal_baseline_v1__inflation_020mm,formal_baseline_v1,20,direction_098,,,,both_right_censored
formal_baseline_v1__inflation_020mm,formal_baseline_v1,20,direction_099,54.0,50.0,-4.0,physx_earlier
formal_baseline_v1__inflation_020mm,formal_baseline_v1,20,direction_100,,,,both_right_censored
formal_baseline_v1__inflation_020mm,formal_baseline_v1,20,direction_101,,60.0,,physx_only_observed
formal_baseline_v1__inflation_020mm,formal_baseline_v1,20,direction_102,52.0,52.0,0.0,exact_sampled_agreement
formal_baseline_v1__inflation_020mm,formal_baseline_v1,20,direction_103,60.0,58.0,-2.0,physx_earlier
formal_baseline_v1__inflation_020mm,formal_baseline_v1,20,direction_104,54.0,48.0,-6.0,physx_earlier
formal_baseline_v1__inflation_020mm,formal_baseline_v1,20,direction_105,54.0,54.0,0.0,exact_sampled_agreement
formal_baseline_v1__inflation_020mm,formal_baseline_v1,20,direction_106,58.0,52.0,-6.0,physx_earlier
formal_baseline_v1__inflation_020mm,formal_baseline_v1,20,direction_107,44.0,44.0,0.0,exact_sampled_agreement
formal_baseline_v1__inflation_020mm,formal_baseline_v1,20,direction_108,52.0,52.0,0.0,exact_sampled_agreement
formal_baseline_v1__inflation_020mm,formal_baseline_v1,20,direction_109,52.0,46.0,-6.0,physx_earlier
formal_baseline_v1__inflation_020mm,formal_baseline_v1,20,direction_110,46.0,44.0,-2.0,physx_earlier
formal_baseline_v1__inflation_020mm,formal_baseline_v1,20,direction_111,50.0,46.0,-4.0,physx_earlier
formal_baseline_v1__inflation_020mm,formal_baseline_v1,20,direction_112,42.0,40.0,-2.0,physx_earlier
formal_baseline_v1__inflation_020mm,formal_baseline_v1,20,direction_113,46.0,46.0,0.0,exact_sampled_agreement
formal_baseline_v1__inflation_020mm,formal_baseline_v1,20,direction_114,46.0,42.0,-4.0,physx_earlier
formal_baseline_v1__inflation_020mm,formal_baseline_v1,20,direction_115,40.0,38.0,-2.0,physx_earlier
formal_baseline_v1__inflation_020mm,formal_baseline_v1,20,direction_116,42.0,42.0,0.0,exact_sampled_agreement
formal_baseline_v1__inflation_020mm,formal_baseline_v1,20,direction_117,42.0,36.0,-6.0,physx_earlier
formal_baseline_v1__inflation_020mm,formal_baseline_v1,20,direction_118,40.0,40.0,0.0,exact_sampled_agreement
formal_baseline_v1__inflation_020mm,formal_baseline_v1,20,direction_119,42.0,38.0,-4.0,physx_earlier
formal_baseline_v1__inflation_020mm,formal_baseline_v1,20,direction_120,36.0,34.0,-2.0,physx_earlier
formal_baseline_v1__inflation_020mm,formal_baseline_v1,20,direction_121,40.0,38.0,-2.0,physx_earlier
formal_baseline_v1__inflation_020mm,formal_baseline_v1,20,direction_122,38.0,34.0,-4.0,physx_earlier
formal_baseline_v1__inflation_020mm,formal_baseline_v1,20,direction_123,36.0,34.0,-2.0,physx_earlier
formal_baseline_v1__inflation_020mm,formal_baseline_v1,20,direction_124,36.0,36.0,0.0,exact_sampled_agreement
formal_baseline_v1__inflation_020mm,formal_baseline_v1,20,direction_125,36.0,32.0,-4.0,physx_earlier
formal_baseline_v1__inflation_020mm,formal_baseline_v1,20,direction_126,34.0,34.0,0.0,exact_sampled_agreement
formal_baseline_v1__inflation_020mm,formal_baseline_v1,20,direction_127,34.0,32.0,-2.0,physx_earlier
multiscene_candidate_001__inflation_000mm,multiscene_candidate_001,0,direction_000,12.0,12.0,0.0,exact_sampled_agreement
multiscene_candidate_001__inflation_000mm,multiscene_candidate_001,0,direction_001,12.0,12.0,0.0,exact_sampled_agreement
multiscene_candidate_001__inflation_000mm,multiscene_candidate_001,0,direction_002,14.0,14.0,0.0,exact_sampled_agreement
multiscene_candidate_001__inflation_000mm,multiscene_candidate_001,0,direction_003,12.0,12.0,0.0,exact_sampled_agreement
multiscene_candidate_001__inflation_000mm,multiscene_candidate_001,0,direction_004,14.0,12.0,-2.0,physx_earlier
multiscene_candidate_001__inflation_000mm,multiscene_candidate_001,0,direction_005,14.0,14.0,0.0,exact_sampled_agreement
multiscene_candidate_001__inflation_000mm,multiscene_candidate_001,0,direction_006,12.0,12.0,0.0,exact_sampled_agreement
multiscene_candidate_001__inflation_000mm,multiscene_candidate_001,0,direction_007,16.0,14.0,-2.0,physx_earlier
multiscene_candidate_001__inflation_000mm,multiscene_candidate_001,0,direction_008,14.0,14.0,0.0,exact_sampled_agreement
multiscene_candidate_001__inflation_000mm,multiscene_candidate_001,0,direction_009,14.0,14.0,0.0,exact_sampled_agreement
multiscene_candidate_001__inflation_000mm,multiscene_candidate_001,0,direction_010,16.0,16.0,0.0,exact_sampled_agreement
multiscene_candidate_001__inflation_000mm,multiscene_candidate_001,0,direction_011,14.0,14.0,0.0,exact_sampled_agreement
multiscene_candidate_001__inflation_000mm,multiscene_candidate_001,0,direction_012,16.0,16.0,0.0,exact_sampled_agreement
multiscene_candidate_001__inflation_000mm,multiscene_candidate_001,0,direction_013,16.0,16.0,0.0,exact_sampled_agreement
multiscene_candidate_001__inflation_000mm,multiscene_candidate_001,0,direction_014,14.0,14.0,0.0,exact_sampled_agreement
multiscene_candidate_001__inflation_000mm,multiscene_candidate_001,0,direction_015,18.0,18.0,0.0,exact_sampled_agreement
multiscene_candidate_001__inflation_000mm,multiscene_candidate_001,0,direction_016,16.0,14.0,-2.0,physx_earlier
multiscene_candidate_001__inflation_000mm,multiscene_candidate_001,0,direction_017,16.0,16.0,0.0,exact_sampled_agreement
multiscene_candidate_001__inflation_000mm,multiscene_candidate_001,0,direction_018,18.0,18.0,0.0,exact_sampled_agreement
multiscene_candidate_001__inflation_000mm,multiscene_candidate_001,0,direction_019,16.0,16.0,0.0,exact_sampled_agreement
multiscene_candidate_001__inflation_000mm,multiscene_candidate_001,0,direction_020,20.0,20.0,0.0,exact_sampled_agreement
multiscene_candidate_001__inflation_000mm,multiscene_candidate_001,0,direction_021,20.0,18.0,-2.0,physx_earlier
multiscene_candidate_001__inflation_000mm,multiscene_candidate_001,0,direction_022,18.0,16.0,-2.0,physx_earlier
multiscene_candidate_001__inflation_000mm,multiscene_candidate_001,0,direction_023,24.0,22.0,-2.0,physx_earlier
multiscene_candidate_001__inflation_000mm,multiscene_candidate_001,0,direction_024,18.0,18.0,0.0,exact_sampled_agreement
multiscene_candidate_001__inflation_000mm,multiscene_candidate_001,0,direction_025,22.0,22.0,0.0,exact_sampled_agreement
multiscene_candidate_001__inflation_000mm,multiscene_candidate_001,0,direction_026,22.0,22.0,0.0,exact_sampled_agreement
multiscene_candidate_001__inflation_000mm,multiscene_candidate_001,0,direction_027,18.0,16.0,-2.0,physx_earlier
multiscene_candidate_001__inflation_000mm,multiscene_candidate_001,0,direction_028,28.0,26.0,-2.0,physx_earlier
multiscene_candidate_001__inflation_000mm,multiscene_candidate_001,0,direction_029,24.0,24.0,0.0,exact_sampled_agreement
multiscene_candidate_001__inflation_000mm,multiscene_candidate_001,0,direction_030,22.0,20.0,-2.0,physx_earlier
multiscene_candidate_001__inflation_000mm,multiscene_candidate_001,0,direction_031,30.0,28.0,-2.0,physx_earlier
multiscene_candidate_001__inflation_000mm,multiscene_candidate_001,0,direction_032,22.0,20.0,-2.0,physx_earlier
multiscene_candidate_001__inflation_000mm,multiscene_candidate_001,0,direction_033,32.0,30.0,-2.0,physx_earlier
multiscene_candidate_001__inflation_000mm,multiscene_candidate_001,0,direction_034,32.0,30.0,-2.0,physx_earlier
multiscene_candidate_001__inflation_000mm,multiscene_candidate_001,0,direction_035,20.0,20.0,0.0,exact_sampled_agreement
multiscene_candidate_001__inflation_000mm,multiscene_candidate_001,0,direction_036,40.0,38.0,-2.0,physx_earlier
multiscene_candidate_001__inflation_000mm,multiscene_candidate_001,0,direction_037,32.0,30.0,-2.0,physx_earlier
multiscene_candidate_001__inflation_000mm,multiscene_candidate_001,0,direction_038,32.0,30.0,-2.0,physx_earlier
multiscene_candidate_001__inflation_000mm,multiscene_candidate_001,0,direction_039,38.0,38.0,0.0,exact_sampled_agreement
multiscene_candidate_001__inflation_000mm,multiscene_candidate_001,0,direction_040,24.0,22.0,-2.0,physx_earlier
multiscene_candidate_001__inflation_000mm,multiscene_candidate_001,0,direction_041,48.0,48.0,0.0,exact_sampled_agreement
multiscene_candidate_001__inflation_000mm,multiscene_candidate_001,0,direction_042,54.0,48.0,-6.0,physx_earlier
multiscene_candidate_001__inflation_000mm,multiscene_candidate_001,0,direction_043,30.0,28.0,-2.0,physx_earlier
multiscene_candidate_001__inflation_000mm,multiscene_candidate_001,0,direction_044,,,,both_right_censored
multiscene_candidate_001__inflation_000mm,multiscene_candidate_001,0,direction_045,44.0,40.0,-4.0,physx_earlier
multiscene_candidate_001__inflation_000mm,multiscene_candidate_001,0,direction_046,54.0,54.0,0.0,exact_sampled_agreement
multiscene_candidate_001__inflation_000mm,multiscene_candidate_001,0,direction_047,,,,both_right_censored
multiscene_candidate_001__inflation_000mm,multiscene_candidate_001,0,direction_048,30.0,32.0,2.0,physx_later
multiscene_candidate_001__inflation_000mm,multiscene_candidate_001,0,direction_049,,,,both_right_censored
multiscene_candidate_001__inflation_000mm,multiscene_candidate_001,0,direction_050,,,,both_right_censored
multiscene_candidate_001__inflation_000mm,multiscene_candidate_001,0,direction_051,56.0,52.0,-4.0,physx_earlier
multiscene_candidate_001__inflation_000mm,multiscene_candidate_001,0,direction_052,,,,both_right_censored
multiscene_candidate_001__inflation_000mm,multiscene_candidate_001,0,direction_053,,58.0,,physx_only_observed
multiscene_candidate_001__inflation_000mm,multiscene_candidate_001,0,direction_054,,,,both_right_censored
multiscene_candidate_001__inflation_000mm,multiscene_candidate_001,0,direction_055,,,,both_right_censored
multiscene_candidate_001__inflation_000mm,multiscene_candidate_001,0,direction_056,52.0,48.0,-4.0,physx_earlier
multiscene_candidate_001__inflation_000mm,multiscene_candidate_001,0,direction_057,,,,both_right_censored
multiscene_candidate_001__inflation_000mm,multiscene_candidate_001,0,direction_058,,,,both_right_censored
multiscene_candidate_001__inflation_000mm,multiscene_candidate_001,0,direction_059,,,,both_right_censored
multiscene_candidate_001__inflation_000mm,multiscene_candidate_001,0,direction_060,,,,both_right_censored
multiscene_candidate_001__inflation_000mm,multiscene_candidate_001,0,direction_061,,,,both_right_censored
multiscene_candidate_001__inflation_000mm,multiscene_candidate_001,0,direction_062,,,,both_right_censored
multiscene_candidate_001__inflation_000mm,multiscene_candidate_001,0,direction_063,,,,both_right_censored
multiscene_candidate_001__inflation_000mm,multiscene_candidate_001,0,direction_064,,,,both_right_censored
multiscene_candidate_001__inflation_000mm,multiscene_candidate_001,0,direction_065,,,,both_right_censored
multiscene_candidate_001__inflation_000mm,multiscene_candidate_001,0,direction_066,,,,both_right_censored
multiscene_candidate_001__inflation_000mm,multiscene_candidate_001,0,direction_067,,,,both_right_censored
multiscene_candidate_001__inflation_000mm,multiscene_candidate_001,0,direction_068,,,,both_right_censored
multiscene_candidate_001__inflation_000mm,multiscene_candidate_001,0,direction_069,,,,both_right_censored
multiscene_candidate_001__inflation_000mm,multiscene_candidate_001,0,direction_070,,,,both_right_censored
multiscene_candidate_001__inflation_000mm,multiscene_candidate_001,0,direction_071,,,,both_right_censored
multiscene_candidate_001__inflation_000mm,multiscene_candidate_001,0,direction_072,,,,both_right_censored
multiscene_candidate_001__inflation_000mm,multiscene_candidate_001,0,direction_073,,,,both_right_censored
multiscene_candidate_001__inflation_000mm,multiscene_candidate_001,0,direction_074,,,,both_right_censored
multiscene_candidate_001__inflation_000mm,multiscene_candidate_001,0,direction_075,,,,both_right_censored
multiscene_candidate_001__inflation_000mm,multiscene_candidate_001,0,direction_076,,,,both_right_censored
multiscene_candidate_001__inflation_000mm,multiscene_candidate_001,0,direction_077,,,,both_right_censored
multiscene_candidate_001__inflation_000mm,multiscene_candidate_001,0,direction_078,,,,both_right_censored
multiscene_candidate_001__inflation_000mm,multiscene_candidate_001,0,direction_079,,,,both_right_censored
multiscene_candidate_001__inflation_000mm,multiscene_candidate_001,0,direction_080,,,,both_right_censored
multiscene_candidate_001__inflation_000mm,multiscene_candidate_001,0,direction_081,,,,both_right_censored
multiscene_candidate_001__inflation_000mm,multiscene_candidate_001,0,direction_082,,,,both_right_censored
multiscene_candidate_001__inflation_000mm,multiscene_candidate_001,0,direction_083,,,,both_right_censored
multiscene_candidate_001__inflation_000mm,multiscene_candidate_001,0,direction_084,,,,both_right_censored
multiscene_candidate_001__inflation_000mm,multiscene_candidate_001,0,direction_085,,,,both_right_censored
multiscene_candidate_001__inflation_000mm,multiscene_candidate_001,0,direction_086,,,,both_right_censored
multiscene_candidate_001__inflation_000mm,multiscene_candidate_001,0,direction_087,,,,both_right_censored
multiscene_candidate_001__inflation_000mm,multiscene_candidate_001,0,direction_088,,,,both_right_censored
multiscene_candidate_001__inflation_000mm,multiscene_candidate_001,0,direction_089,,,,both_right_censored
multiscene_candidate_001__inflation_000mm,multiscene_candidate_001,0,direction_090,,,,both_right_censored
multiscene_candidate_001__inflation_000mm,multiscene_candidate_001,0,direction_091,,,,both_right_censored
multiscene_candidate_001__inflation_000mm,multiscene_candidate_001,0,direction_092,,,,both_right_censored
multiscene_candidate_001__inflation_000mm,multiscene_candidate_001,0,direction_093,,,,both_right_censored
multiscene_candidate_001__inflation_000mm,multiscene_candidate_001,0,direction_094,,,,both_right_censored
multiscene_candidate_001__inflation_000mm,multiscene_candidate_001,0,direction_095,,,,both_right_censored
multiscene_candidate_001__inflation_000mm,multiscene_candidate_001,0,direction_096,,,,both_right_censored
multiscene_candidate_001__inflation_000mm,multiscene_candidate_001,0,direction_097,,,,both_right_censored
multiscene_candidate_001__inflation_000mm,multiscene_candidate_001,0,direction_098,,,,both_right_censored
multiscene_candidate_001__inflation_000mm,multiscene_candidate_001,0,direction_099,,,,both_right_censored
multiscene_candidate_001__inflation_000mm,multiscene_candidate_001,0,direction_100,,,,both_right_censored
multiscene_candidate_001__inflation_000mm,multiscene_candidate_001,0,direction_101,,,,both_right_censored
multiscene_candidate_001__inflation_000mm,multiscene_candidate_001,0,direction_102,,,,both_right_censored
multiscene_candidate_001__inflation_000mm,multiscene_candidate_001,0,direction_103,,,,both_right_censored
multiscene_candidate_001__inflation_000mm,multiscene_candidate_001,0,direction_104,,,,both_right_censored
multiscene_candidate_001__inflation_000mm,multiscene_candidate_001,0,direction_105,,,,both_right_censored
multiscene_candidate_001__inflation_000mm,multiscene_candidate_001,0,direction_106,,,,both_right_censored
multiscene_candidate_001__inflation_000mm,multiscene_candidate_001,0,direction_107,,,,both_right_censored
multiscene_candidate_001__inflation_000mm,multiscene_candidate_001,0,direction_108,,,,both_right_censored
multiscene_candidate_001__inflation_000mm,multiscene_candidate_001,0,direction_109,,,,both_right_censored
multiscene_candidate_001__inflation_000mm,multiscene_candidate_001,0,direction_110,,,,both_right_censored
multiscene_candidate_001__inflation_000mm,multiscene_candidate_001,0,direction_111,,,,both_right_censored
multiscene_candidate_001__inflation_000mm,multiscene_candidate_001,0,direction_112,,,,both_right_censored
multiscene_candidate_001__inflation_000mm,multiscene_candidate_001,0,direction_113,,,,both_right_censored
multiscene_candidate_001__inflation_000mm,multiscene_candidate_001,0,direction_114,,,,both_right_censored
multiscene_candidate_001__inflation_000mm,multiscene_candidate_001,0,direction_115,,,,both_right_censored
multiscene_candidate_001__inflation_000mm,multiscene_candidate_001,0,direction_116,,,,both_right_censored
multiscene_candidate_001__inflation_000mm,multiscene_candidate_001,0,direction_117,,,,both_right_censored
multiscene_candidate_001__inflation_000mm,multiscene_candidate_001,0,direction_118,,,,both_right_censored
multiscene_candidate_001__inflation_000mm,multiscene_candidate_001,0,direction_119,,,,both_right_censored
multiscene_candidate_001__inflation_000mm,multiscene_candidate_001,0,direction_120,,,,both_right_censored
multiscene_candidate_001__inflation_000mm,multiscene_candidate_001,0,direction_121,,,,both_right_censored
multiscene_candidate_001__inflation_000mm,multiscene_candidate_001,0,direction_122,,,,both_right_censored
multiscene_candidate_001__inflation_000mm,multiscene_candidate_001,0,direction_123,,,,both_right_censored
multiscene_candidate_001__inflation_000mm,multiscene_candidate_001,0,direction_124,,,,both_right_censored
multiscene_candidate_001__inflation_000mm,multiscene_candidate_001,0,direction_125,,,,both_right_censored
multiscene_candidate_001__inflation_000mm,multiscene_candidate_001,0,direction_126,,,,both_right_censored
multiscene_candidate_001__inflation_000mm,multiscene_candidate_001,0,direction_127,,,,both_right_censored
multiscene_candidate_001__inflation_005mm,multiscene_candidate_001,5,direction_000,18.0,16.0,-2.0,physx_earlier
multiscene_candidate_001__inflation_005mm,multiscene_candidate_001,5,direction_001,16.0,16.0,0.0,exact_sampled_agreement
multiscene_candidate_001__inflation_005mm,multiscene_candidate_001,5,direction_002,18.0,18.0,0.0,exact_sampled_agreement
multiscene_candidate_001__inflation_005mm,multiscene_candidate_001,5,direction_003,16.0,16.0,0.0,exact_sampled_agreement
multiscene_candidate_001__inflation_005mm,multiscene_candidate_001,5,direction_004,20.0,18.0,-2.0,physx_earlier
multiscene_candidate_001__inflation_005mm,multiscene_candidate_001,5,direction_005,20.0,20.0,0.0,exact_sampled_agreement
multiscene_candidate_001__inflation_005mm,multiscene_candidate_001,5,direction_006,18.0,18.0,0.0,exact_sampled_agreement
multiscene_candidate_001__inflation_005mm,multiscene_candidate_001,5,direction_007,20.0,20.0,0.0,exact_sampled_agreement
multiscene_candidate_001__inflation_005mm,multiscene_candidate_001,5,direction_008,18.0,20.0,2.0,physx_later
multiscene_candidate_001__inflation_005mm,multiscene_candidate_001,5,direction_009,18.0,18.0,0.0,exact_sampled_agreement
multiscene_candidate_001__inflation_005mm,multiscene_candidate_001,5,direction_010,22.0,22.0,0.0,exact_sampled_agreement
multiscene_candidate_001__inflation_005mm,multiscene_candidate_001,5,direction_011,20.0,18.0,-2.0,physx_earlier
multiscene_candidate_001__inflation_005mm,multiscene_candidate_001,5,direction_012,22.0,22.0,0.0,exact_sampled_agreement
multiscene_candidate_001__inflation_005mm,multiscene_candidate_001,5,direction_013,22.0,22.0,0.0,exact_sampled_agreement
multiscene_candidate_001__inflation_005mm,multiscene_candidate_001,5,direction_014,20.0,20.0,0.0,exact_sampled_agreement
multiscene_candidate_001__inflation_005mm,multiscene_candidate_001,5,direction_015,26.0,26.0,0.0,exact_sampled_agreement
multiscene_candidate_001__inflation_005mm,multiscene_candidate_001,5,direction_016,22.0,20.0,-2.0,physx_earlier
multiscene_candidate_001__inflation_005mm,multiscene_candidate_001,5,direction_017,24.0,22.0,-2.0,physx_earlier
multiscene_candidate_001__inflation_005mm,multiscene_candidate_001,5,direction_018,26.0,26.0,0.0,exact_sampled_agreement
multiscene_candidate_001__inflation_005mm,multiscene_candidate_001,5,direction_019,22.0,22.0,0.0,exact_sampled_agreement
multiscene_candidate_001__inflation_005mm,multiscene_candidate_001,5,direction_020,28.0,28.0,0.0,exact_sampled_agreement
multiscene_candidate_001__inflation_005mm,multiscene_candidate_001,5,direction_021,26.0,26.0,0.0,exact_sampled_agreement
multiscene_candidate_001__inflation_005mm,multiscene_candidate_001,5,direction_022,24.0,22.0,-2.0,physx_earlier
multiscene_candidate_001__inflation_005mm,multiscene_candidate_001,5,direction_023,30.0,30.0,0.0,exact_sampled_agreement
multiscene_candidate_001__inflation_005mm,multiscene_candidate_001,5,direction_024,26.0,24.0,-2.0,physx_earlier
multiscene_candidate_001__inflation_005mm,multiscene_candidate_001,5,direction_025,30.0,28.0,-2.0,physx_earlier
multiscene_candidate_001__inflation_005mm,multiscene_candidate_001,5,direction_026,32.0,32.0,0.0,exact_sampled_agreement
multiscene_candidate_001__inflation_005mm,multiscene_candidate_001,5,direction_027,24.0,24.0,0.0,exact_sampled_agreement
multiscene_candidate_001__inflation_005mm,multiscene_candidate_001,5,direction_028,38.0,36.0,-2.0,physx_earlier
multiscene_candidate_001__inflation_005mm,multiscene_candidate_001,5,direction_029,36.0,32.0,-4.0,physx_earlier
multiscene_candidate_001__inflation_005mm,multiscene_candidate_001,5,direction_030,30.0,28.0,-2.0,physx_earlier
multiscene_candidate_001__inflation_005mm,multiscene_candidate_001,5,direction_031,42.0,40.0,-2.0,physx_earlier
multiscene_candidate_001__inflation_005mm,multiscene_candidate_001,5,direction_032,32.0,30.0,-2.0,physx_earlier
multiscene_candidate_001__inflation_005mm,multiscene_candidate_001,5,direction_033,40.0,40.0,0.0,exact_sampled_agreement
multiscene_candidate_001__inflation_005mm,multiscene_candidate_001,5,direction_034,46.0,44.0,-2.0,physx_earlier
multiscene_candidate_001__inflation_005mm,multiscene_candidate_001,5,direction_035,30.0,28.0,-2.0,physx_earlier
multiscene_candidate_001__inflation_005mm,multiscene_candidate_001,5,direction_036,52.0,52.0,0.0,exact_sampled_agreement
multiscene_candidate_001__inflation_005mm,multiscene_candidate_001,5,direction_037,46.0,44.0,-2.0,physx_earlier
multiscene_candidate_001__inflation_005mm,multiscene_candidate_001,5,direction_038,44.0,42.0,-2.0,physx_earlier
multiscene_candidate_001__inflation_005mm,multiscene_candidate_001,5,direction_039,54.0,54.0,0.0,exact_sampled_agreement
multiscene_candidate_001__inflation_005mm,multiscene_candidate_001,5,direction_040,36.0,34.0,-2.0,physx_earlier
multiscene_candidate_001__inflation_005mm,multiscene_candidate_001,5,direction_041,,,,both_right_censored
multiscene_candidate_001__inflation_005mm,multiscene_candidate_001,5,direction_042,,,,both_right_censored
multiscene_candidate_001__inflation_005mm,multiscene_candidate_001,5,direction_043,42.0,40.0,-2.0,physx_earlier
multiscene_candidate_001__inflation_005mm,multiscene_candidate_001,5,direction_044,,,,both_right_censored
multiscene_candidate_001__inflation_005mm,multiscene_candidate_001,5,direction_045,60.0,58.0,-2.0,physx_earlier
multiscene_candidate_001__inflation_005mm,multiscene_candidate_001,5,direction_046,,,,both_right_censored
multiscene_candidate_001__inflation_005mm,multiscene_candidate_001,5,direction_047,,,,both_right_censored
multiscene_candidate_001__inflation_005mm,multiscene_candidate_001,5,direction_048,44.0,42.0,-2.0,physx_earlier
multiscene_candidate_001__inflation_005mm,multiscene_candidate_001,5,direction_049,,,,both_right_censored
multiscene_candidate_001__inflation_005mm,multiscene_candidate_001,5,direction_050,,,,both_right_censored
multiscene_candidate_001__inflation_005mm,multiscene_candidate_001,5,direction_051,,,,both_right_censored
multiscene_candidate_001__inflation_005mm,multiscene_candidate_001,5,direction_052,,,,both_right_censored
multiscene_candidate_001__inflation_005mm,multiscene_candidate_001,5,direction_053,,,,both_right_censored
multiscene_candidate_001__inflation_005mm,multiscene_candidate_001,5,direction_054,,,,both_right_censored
multiscene_candidate_001__inflation_005mm,multiscene_candidate_001,5,direction_055,,,,both_right_censored
multiscene_candidate_001__inflation_005mm,multiscene_candidate_001,5,direction_056,,,,both_right_censored
multiscene_candidate_001__inflation_005mm,multiscene_candidate_001,5,direction_057,,,,both_right_censored
multiscene_candidate_001__inflation_005mm,multiscene_candidate_001,5,direction_058,,,,both_right_censored
multiscene_candidate_001__inflation_005mm,multiscene_candidate_001,5,direction_059,,,,both_right_censored
multiscene_candidate_001__inflation_005mm,multiscene_candidate_001,5,direction_060,,,,both_right_censored
multiscene_candidate_001__inflation_005mm,multiscene_candidate_001,5,direction_061,,,,both_right_censored
multiscene_candidate_001__inflation_005mm,multiscene_candidate_001,5,direction_062,,,,both_right_censored
multiscene_candidate_001__inflation_005mm,multiscene_candidate_001,5,direction_063,,,,both_right_censored
multiscene_candidate_001__inflation_005mm,multiscene_candidate_001,5,direction_064,,,,both_right_censored
multiscene_candidate_001__inflation_005mm,multiscene_candidate_001,5,direction_065,,,,both_right_censored
multiscene_candidate_001__inflation_005mm,multiscene_candidate_001,5,direction_066,,,,both_right_censored
multiscene_candidate_001__inflation_005mm,multiscene_candidate_001,5,direction_067,,,,both_right_censored
multiscene_candidate_001__inflation_005mm,multiscene_candidate_001,5,direction_068,,,,both_right_censored
multiscene_candidate_001__inflation_005mm,multiscene_candidate_001,5,direction_069,,,,both_right_censored
multiscene_candidate_001__inflation_005mm,multiscene_candidate_001,5,direction_070,,,,both_right_censored
multiscene_candidate_001__inflation_005mm,multiscene_candidate_001,5,direction_071,,,,both_right_censored
multiscene_candidate_001__inflation_005mm,multiscene_candidate_001,5,direction_072,,,,both_right_censored
multiscene_candidate_001__inflation_005mm,multiscene_candidate_001,5,direction_073,,,,both_right_censored
multiscene_candidate_001__inflation_005mm,multiscene_candidate_001,5,direction_074,,,,both_right_censored
multiscene_candidate_001__inflation_005mm,multiscene_candidate_001,5,direction_075,,,,both_right_censored
multiscene_candidate_001__inflation_005mm,multiscene_candidate_001,5,direction_076,,,,both_right_censored
multiscene_candidate_001__inflation_005mm,multiscene_candidate_001,5,direction_077,,,,both_right_censored
multiscene_candidate_001__inflation_005mm,multiscene_candidate_001,5,direction_078,,,,both_right_censored
multiscene_candidate_001__inflation_005mm,multiscene_candidate_001,5,direction_079,,,,both_right_censored
multiscene_candidate_001__inflation_005mm,multiscene_candidate_001,5,direction_080,,,,both_right_censored
multiscene_candidate_001__inflation_005mm,multiscene_candidate_001,5,direction_081,,,,both_right_censored
multiscene_candidate_001__inflation_005mm,multiscene_candidate_001,5,direction_082,,,,both_right_censored
multiscene_candidate_001__inflation_005mm,multiscene_candidate_001,5,direction_083,,,,both_right_censored
multiscene_candidate_001__inflation_005mm,multiscene_candidate_001,5,direction_084,,,,both_right_censored
multiscene_candidate_001__inflation_005mm,multiscene_candidate_001,5,direction_085,,,,both_right_censored
multiscene_candidate_001__inflation_005mm,multiscene_candidate_001,5,direction_086,,,,both_right_censored
multiscene_candidate_001__inflation_005mm,multiscene_candidate_001,5,direction_087,,,,both_right_censored
multiscene_candidate_001__inflation_005mm,multiscene_candidate_001,5,direction_088,,,,both_right_censored
multiscene_candidate_001__inflation_005mm,multiscene_candidate_001,5,direction_089,,,,both_right_censored
multiscene_candidate_001__inflation_005mm,multiscene_candidate_001,5,direction_090,,,,both_right_censored
multiscene_candidate_001__inflation_005mm,multiscene_candidate_001,5,direction_091,,,,both_right_censored
multiscene_candidate_001__inflation_005mm,multiscene_candidate_001,5,direction_092,,,,both_right_censored
multiscene_candidate_001__inflation_005mm,multiscene_candidate_001,5,direction_093,,,,both_right_censored
multiscene_candidate_001__inflation_005mm,multiscene_candidate_001,5,direction_094,,,,both_right_censored
multiscene_candidate_001__inflation_005mm,multiscene_candidate_001,5,direction_095,,,,both_right_censored
multiscene_candidate_001__inflation_005mm,multiscene_candidate_001,5,direction_096,,,,both_right_censored
multiscene_candidate_001__inflation_005mm,multiscene_candidate_001,5,direction_097,,,,both_right_censored
multiscene_candidate_001__inflation_005mm,multiscene_candidate_001,5,direction_098,,,,both_right_censored
multiscene_candidate_001__inflation_005mm,multiscene_candidate_001,5,direction_099,,,,both_right_censored
multiscene_candidate_001__inflation_005mm,multiscene_candidate_001,5,direction_100,,,,both_right_censored
multiscene_candidate_001__inflation_005mm,multiscene_candidate_001,5,direction_101,,,,both_right_censored
multiscene_candidate_001__inflation_005mm,multiscene_candidate_001,5,direction_102,,,,both_right_censored
multiscene_candidate_001__inflation_005mm,multiscene_candidate_001,5,direction_103,,,,both_right_censored
multiscene_candidate_001__inflation_005mm,multiscene_candidate_001,5,direction_104,,,,both_right_censored
multiscene_candidate_001__inflation_005mm,multiscene_candidate_001,5,direction_105,,,,both_right_censored
multiscene_candidate_001__inflation_005mm,multiscene_candidate_001,5,direction_106,,,,both_right_censored
multiscene_candidate_001__inflation_005mm,multiscene_candidate_001,5,direction_107,,,,both_right_censored
multiscene_candidate_001__inflation_005mm,multiscene_candidate_001,5,direction_108,,,,both_right_censored
multiscene_candidate_001__inflation_005mm,multiscene_candidate_001,5,direction_109,,,,both_right_censored
multiscene_candidate_001__inflation_005mm,multiscene_candidate_001,5,direction_110,,,,both_right_censored
multiscene_candidate_001__inflation_005mm,multiscene_candidate_001,5,direction_111,,,,both_right_censored
multiscene_candidate_001__inflation_005mm,multiscene_candidate_001,5,direction_112,,,,both_right_censored
multiscene_candidate_001__inflation_005mm,multiscene_candidate_001,5,direction_113,,,,both_right_censored
multiscene_candidate_001__inflation_005mm,multiscene_candidate_001,5,direction_114,,,,both_right_censored
multiscene_candidate_001__inflation_005mm,multiscene_candidate_001,5,direction_115,,,,both_right_censored
multiscene_candidate_001__inflation_005mm,multiscene_candidate_001,5,direction_116,,,,both_right_censored
multiscene_candidate_001__inflation_005mm,multiscene_candidate_001,5,direction_117,,,,both_right_censored
multiscene_candidate_001__inflation_005mm,multiscene_candidate_001,5,direction_118,,,,both_right_censored
multiscene_candidate_001__inflation_005mm,multiscene_candidate_001,5,direction_119,,,,both_right_censored
multiscene_candidate_001__inflation_005mm,multiscene_candidate_001,5,direction_120,,,,both_right_censored
multiscene_candidate_001__inflation_005mm,multiscene_candidate_001,5,direction_121,,,,both_right_censored
multiscene_candidate_001__inflation_005mm,multiscene_candidate_001,5,direction_122,,,,both_right_censored
multiscene_candidate_001__inflation_005mm,multiscene_candidate_001,5,direction_123,,,,both_right_censored
multiscene_candidate_001__inflation_005mm,multiscene_candidate_001,5,direction_124,,,,both_right_censored
multiscene_candidate_001__inflation_005mm,multiscene_candidate_001,5,direction_125,,,,both_right_censored
multiscene_candidate_001__inflation_005mm,multiscene_candidate_001,5,direction_126,,,,both_right_censored
multiscene_candidate_001__inflation_005mm,multiscene_candidate_001,5,direction_127,,,,both_right_censored
multiscene_candidate_001__inflation_010mm,multiscene_candidate_001,10,direction_000,24.0,22.0,-2.0,physx_earlier
multiscene_candidate_001__inflation_010mm,multiscene_candidate_001,10,direction_001,22.0,22.0,0.0,exact_sampled_agreement
multiscene_candidate_001__inflation_010mm,multiscene_candidate_001,10,direction_002,24.0,24.0,0.0,exact_sampled_agreement
multiscene_candidate_001__inflation_010mm,multiscene_candidate_001,10,direction_003,24.0,22.0,-2.0,physx_earlier
multiscene_candidate_001__inflation_010mm,multiscene_candidate_001,10,direction_004,26.0,24.0,-2.0,physx_earlier
multiscene_candidate_001__inflation_010mm,multiscene_candidate_001,10,direction_005,26.0,26.0,0.0,exact_sampled_agreement
multiscene_candidate_001__inflation_010mm,multiscene_candidate_001,10,direction_006,24.0,24.0,0.0,exact_sampled_agreement
multiscene_candidate_001__inflation_010mm,multiscene_candidate_001,10,direction_007,28.0,28.0,0.0,exact_sampled_agreement
multiscene_candidate_001__inflation_010mm,multiscene_candidate_001,10,direction_008,26.0,26.0,0.0,exact_sampled_agreement
multiscene_candidate_001__inflation_010mm,multiscene_candidate_001,10,direction_009,26.0,26.0,0.0,exact_sampled_agreement
multiscene_candidate_001__inflation_010mm,multiscene_candidate_001,10,direction_010,30.0,30.0,0.0,exact_sampled_agreement
multiscene_candidate_001__inflation_010mm,multiscene_candidate_001,10,direction_011,26.0,26.0,0.0,exact_sampled_agreement
multiscene_candidate_001__inflation_010mm,multiscene_candidate_001,10,direction_012,30.0,30.0,0.0,exact_sampled_agreement
multiscene_candidate_001__inflation_010mm,multiscene_candidate_001,10,direction_013,30.0,30.0,0.0,exact_sampled_agreement
multiscene_candidate_001__inflation_010mm,multiscene_candidate_001,10,direction_014,26.0,26.0,0.0,exact_sampled_agreement
multiscene_candidate_001__inflation_010mm,multiscene_candidate_001,10,direction_015,34.0,32.0,-2.0,physx_earlier
multiscene_candidate_001__inflation_010mm,multiscene_candidate_001,10,direction_016,32.0,30.0,-2.0,physx_earlier
multiscene_candidate_001__inflation_010mm,multiscene_candidate_001,10,direction_017,32.0,30.0,-2.0,physx_earlier
multiscene_candidate_001__inflation_010mm,multiscene_candidate_001,10,direction_018,36.0,34.0,-2.0,physx_earlier
multiscene_candidate_001__inflation_010mm,multiscene_candidate_001,10,direction_019,28.0,28.0,0.0,exact_sampled_agreement
multiscene_candidate_001__inflation_010mm,multiscene_candidate_001,10,direction_020,38.0,36.0,-2.0,physx_earlier
multiscene_candidate_001__inflation_010mm,multiscene_candidate_001,10,direction_021,38.0,36.0,-2.0,physx_earlier
multiscene_candidate_001__inflation_010mm,multiscene_candidate_001,10,direction_022,32.0,30.0,-2.0,physx_earlier
multiscene_candidate_001__inflation_010mm,multiscene_candidate_001,10,direction_023,42.0,42.0,0.0,exact_sampled_agreement
multiscene_candidate_001__inflation_010mm,multiscene_candidate_001,10,direction_024,38.0,36.0,-2.0,physx_earlier
multiscene_candidate_001__inflation_010mm,multiscene_candidate_001,10,direction_025,40.0,38.0,-2.0,physx_earlier
multiscene_candidate_001__inflation_010mm,multiscene_candidate_001,10,direction_026,42.0,42.0,0.0,exact_sampled_agreement
multiscene_candidate_001__inflation_010mm,multiscene_candidate_001,10,direction_027,34.0,32.0,-2.0,physx_earlier
multiscene_candidate_001__inflation_010mm,multiscene_candidate_001,10,direction_028,48.0,48.0,0.0,exact_sampled_agreement
multiscene_candidate_001__inflation_010mm,multiscene_candidate_001,10,direction_029,48.0,46.0,-2.0,physx_earlier
multiscene_candidate_001__inflation_010mm,multiscene_candidate_001,10,direction_030,40.0,40.0,0.0,exact_sampled_agreement
multiscene_candidate_001__inflation_010mm,multiscene_candidate_001,10,direction_031,52.0,52.0,0.0,exact_sampled_agreement
multiscene_candidate_001__inflation_010mm,multiscene_candidate_001,10,direction_032,44.0,42.0,-2.0,physx_earlier
multiscene_candidate_001__inflation_010mm,multiscene_candidate_001,10,direction_033,56.0,54.0,-2.0,physx_earlier
multiscene_candidate_001__inflation_010mm,multiscene_candidate_001,10,direction_034,60.0,58.0,-2.0,physx_earlier
multiscene_candidate_001__inflation_010mm,multiscene_candidate_001,10,direction_035,40.0,38.0,-2.0,physx_earlier
multiscene_candidate_001__inflation_010mm,multiscene_candidate_001,10,direction_036,,,,both_right_censored
multiscene_candidate_001__inflation_010mm,multiscene_candidate_001,10,direction_037,,,,both_right_censored
multiscene_candidate_001__inflation_010mm,multiscene_candidate_001,10,direction_038,58.0,58.0,0.0,exact_sampled_agreement
multiscene_candidate_001__inflation_010mm,multiscene_candidate_001,10,direction_039,,,,both_right_censored
multiscene_candidate_001__inflation_010mm,multiscene_candidate_001,10,direction_040,52.0,50.0,-2.0,physx_earlier
multiscene_candidate_001__inflation_010mm,multiscene_candidate_001,10,direction_041,,,,both_right_censored
multiscene_candidate_001__inflation_010mm,multiscene_candidate_001,10,direction_042,,,,both_right_censored
multiscene_candidate_001__inflation_010mm,multiscene_candidate_001,10,direction_043,56.0,54.0,-2.0,physx_earlier
multiscene_candidate_001__inflation_010mm,multiscene_candidate_001,10,direction_044,,,,both_right_censored
multiscene_candidate_001__inflation_010mm,multiscene_candidate_001,10,direction_045,,,,both_right_censored
multiscene_candidate_001__inflation_010mm,multiscene_candidate_001,10,direction_046,,,,both_right_censored
multiscene_candidate_001__inflation_010mm,multiscene_candidate_001,10,direction_047,,,,both_right_censored
multiscene_candidate_001__inflation_010mm,multiscene_candidate_001,10,direction_048,58.0,56.0,-2.0,physx_earlier
multiscene_candidate_001__inflation_010mm,multiscene_candidate_001,10,direction_049,,,,both_right_censored
multiscene_candidate_001__inflation_010mm,multiscene_candidate_001,10,direction_050,,,,both_right_censored
multiscene_candidate_001__inflation_010mm,multiscene_candidate_001,10,direction_051,,,,both_right_censored
multiscene_candidate_001__inflation_010mm,multiscene_candidate_001,10,direction_052,,,,both_right_censored
multiscene_candidate_001__inflation_010mm,multiscene_candidate_001,10,direction_053,,,,both_right_censored
multiscene_candidate_001__inflation_010mm,multiscene_candidate_001,10,direction_054,,,,both_right_censored
multiscene_candidate_001__inflation_010mm,multiscene_candidate_001,10,direction_055,,,,both_right_censored
multiscene_candidate_001__inflation_010mm,multiscene_candidate_001,10,direction_056,,,,both_right_censored
multiscene_candidate_001__inflation_010mm,multiscene_candidate_001,10,direction_057,,,,both_right_censored
multiscene_candidate_001__inflation_010mm,multiscene_candidate_001,10,direction_058,,,,both_right_censored
multiscene_candidate_001__inflation_010mm,multiscene_candidate_001,10,direction_059,,,,both_right_censored
multiscene_candidate_001__inflation_010mm,multiscene_candidate_001,10,direction_060,,,,both_right_censored
multiscene_candidate_001__inflation_010mm,multiscene_candidate_001,10,direction_061,,,,both_right_censored
multiscene_candidate_001__inflation_010mm,multiscene_candidate_001,10,direction_062,,,,both_right_censored
multiscene_candidate_001__inflation_010mm,multiscene_candidate_001,10,direction_063,,,,both_right_censored
multiscene_candidate_001__inflation_010mm,multiscene_candidate_001,10,direction_064,,,,both_right_censored
multiscene_candidate_001__inflation_010mm,multiscene_candidate_001,10,direction_065,,,,both_right_censored
multiscene_candidate_001__inflation_010mm,multiscene_candidate_001,10,direction_066,,,,both_right_censored
multiscene_candidate_001__inflation_010mm,multiscene_candidate_001,10,direction_067,,,,both_right_censored
multiscene_candidate_001__inflation_010mm,multiscene_candidate_001,10,direction_068,,,,both_right_censored
multiscene_candidate_001__inflation_010mm,multiscene_candidate_001,10,direction_069,,,,both_right_censored
multiscene_candidate_001__inflation_010mm,multiscene_candidate_001,10,direction_070,,,,both_right_censored
multiscene_candidate_001__inflation_010mm,multiscene_candidate_001,10,direction_071,,,,both_right_censored
multiscene_candidate_001__inflation_010mm,multiscene_candidate_001,10,direction_072,,,,both_right_censored
multiscene_candidate_001__inflation_010mm,multiscene_candidate_001,10,direction_073,,,,both_right_censored
multiscene_candidate_001__inflation_010mm,multiscene_candidate_001,10,direction_074,,,,both_right_censored
multiscene_candidate_001__inflation_010mm,multiscene_candidate_001,10,direction_075,,,,both_right_censored
multiscene_candidate_001__inflation_010mm,multiscene_candidate_001,10,direction_076,,,,both_right_censored
multiscene_candidate_001__inflation_010mm,multiscene_candidate_001,10,direction_077,,,,both_right_censored
multiscene_candidate_001__inflation_010mm,multiscene_candidate_001,10,direction_078,,,,both_right_censored
multiscene_candidate_001__inflation_010mm,multiscene_candidate_001,10,direction_079,,,,both_right_censored
multiscene_candidate_001__inflation_010mm,multiscene_candidate_001,10,direction_080,,,,both_right_censored
multiscene_candidate_001__inflation_010mm,multiscene_candidate_001,10,direction_081,,,,both_right_censored
multiscene_candidate_001__inflation_010mm,multiscene_candidate_001,10,direction_082,,,,both_right_censored
multiscene_candidate_001__inflation_010mm,multiscene_candidate_001,10,direction_083,,,,both_right_censored
multiscene_candidate_001__inflation_010mm,multiscene_candidate_001,10,direction_084,,,,both_right_censored
multiscene_candidate_001__inflation_010mm,multiscene_candidate_001,10,direction_085,,,,both_right_censored
multiscene_candidate_001__inflation_010mm,multiscene_candidate_001,10,direction_086,,,,both_right_censored
multiscene_candidate_001__inflation_010mm,multiscene_candidate_001,10,direction_087,,,,both_right_censored
multiscene_candidate_001__inflation_010mm,multiscene_candidate_001,10,direction_088,,,,both_right_censored
multiscene_candidate_001__inflation_010mm,multiscene_candidate_001,10,direction_089,,,,both_right_censored
multiscene_candidate_001__inflation_010mm,multiscene_candidate_001,10,direction_090,,,,both_right_censored
multiscene_candidate_001__inflation_010mm,multiscene_candidate_001,10,direction_091,,,,both_right_censored
multiscene_candidate_001__inflation_010mm,multiscene_candidate_001,10,direction_092,,,,both_right_censored
multiscene_candidate_001__inflation_010mm,multiscene_candidate_001,10,direction_093,,,,both_right_censored
multiscene_candidate_001__inflation_010mm,multiscene_candidate_001,10,direction_094,,,,both_right_censored
multiscene_candidate_001__inflation_010mm,multiscene_candidate_001,10,direction_095,,,,both_right_censored
multiscene_candidate_001__inflation_010mm,multiscene_candidate_001,10,direction_096,,,,both_right_censored
multiscene_candidate_001__inflation_010mm,multiscene_candidate_001,10,direction_097,,,,both_right_censored
multiscene_candidate_001__inflation_010mm,multiscene_candidate_001,10,direction_098,,,,both_right_censored
multiscene_candidate_001__inflation_010mm,multiscene_candidate_001,10,direction_099,,,,both_right_censored
multiscene_candidate_001__inflation_010mm,multiscene_candidate_001,10,direction_100,,,,both_right_censored
multiscene_candidate_001__inflation_010mm,multiscene_candidate_001,10,direction_101,,,,both_right_censored
multiscene_candidate_001__inflation_010mm,multiscene_candidate_001,10,direction_102,,,,both_right_censored
multiscene_candidate_001__inflation_010mm,multiscene_candidate_001,10,direction_103,,,,both_right_censored
multiscene_candidate_001__inflation_010mm,multiscene_candidate_001,10,direction_104,,,,both_right_censored
multiscene_candidate_001__inflation_010mm,multiscene_candidate_001,10,direction_105,,,,both_right_censored
multiscene_candidate_001__inflation_010mm,multiscene_candidate_001,10,direction_106,,,,both_right_censored
multiscene_candidate_001__inflation_010mm,multiscene_candidate_001,10,direction_107,,,,both_right_censored
multiscene_candidate_001__inflation_010mm,multiscene_candidate_001,10,direction_108,,,,both_right_censored
multiscene_candidate_001__inflation_010mm,multiscene_candidate_001,10,direction_109,,,,both_right_censored
multiscene_candidate_001__inflation_010mm,multiscene_candidate_001,10,direction_110,,,,both_right_censored
multiscene_candidate_001__inflation_010mm,multiscene_candidate_001,10,direction_111,,,,both_right_censored
multiscene_candidate_001__inflation_010mm,multiscene_candidate_001,10,direction_112,,,,both_right_censored
multiscene_candidate_001__inflation_010mm,multiscene_candidate_001,10,direction_113,,,,both_right_censored
multiscene_candidate_001__inflation_010mm,multiscene_candidate_001,10,direction_114,,,,both_right_censored
multiscene_candidate_001__inflation_010mm,multiscene_candidate_001,10,direction_115,,,,both_right_censored
multiscene_candidate_001__inflation_010mm,multiscene_candidate_001,10,direction_116,,,,both_right_censored
multiscene_candidate_001__inflation_010mm,multiscene_candidate_001,10,direction_117,,,,both_right_censored
multiscene_candidate_001__inflation_010mm,multiscene_candidate_001,10,direction_118,,,,both_right_censored
multiscene_candidate_001__inflation_010mm,multiscene_candidate_001,10,direction_119,,,,both_right_censored
multiscene_candidate_001__inflation_010mm,multiscene_candidate_001,10,direction_120,,,,both_right_censored
multiscene_candidate_001__inflation_010mm,multiscene_candidate_001,10,direction_121,,,,both_right_censored
multiscene_candidate_001__inflation_010mm,multiscene_candidate_001,10,direction_122,,,,both_right_censored
multiscene_candidate_001__inflation_010mm,multiscene_candidate_001,10,direction_123,,,,both_right_censored
multiscene_candidate_001__inflation_010mm,multiscene_candidate_001,10,direction_124,,,,both_right_censored
multiscene_candidate_001__inflation_010mm,multiscene_candidate_001,10,direction_125,,,,both_right_censored
multiscene_candidate_001__inflation_010mm,multiscene_candidate_001,10,direction_126,,,,both_right_censored
multiscene_candidate_001__inflation_010mm,multiscene_candidate_001,10,direction_127,,,,both_right_censored
multiscene_candidate_001__inflation_015mm,multiscene_candidate_001,15,direction_000,30.0,28.0,-2.0,physx_earlier
multiscene_candidate_001__inflation_015mm,multiscene_candidate_001,15,direction_001,28.0,28.0,0.0,exact_sampled_agreement
multiscene_candidate_001__inflation_015mm,multiscene_candidate_001,15,direction_002,30.0,30.0,0.0,exact_sampled_agreement
multiscene_candidate_001__inflation_015mm,multiscene_candidate_001,15,direction_003,30.0,28.0,-2.0,physx_earlier
multiscene_candidate_001__inflation_015mm,multiscene_candidate_001,15,direction_004,32.0,30.0,-2.0,physx_earlier
multiscene_candidate_001__inflation_015mm,multiscene_candidate_001,15,direction_005,32.0,32.0,0.0,exact_sampled_agreement
multiscene_candidate_001__inflation_015mm,multiscene_candidate_001,15,direction_006,30.0,30.0,0.0,exact_sampled_agreement
multiscene_candidate_001__inflation_015mm,multiscene_candidate_001,15,direction_007,34.0,34.0,0.0,exact_sampled_agreement
multiscene_candidate_001__inflation_015mm,multiscene_candidate_001,15,direction_008,34.0,32.0,-2.0,physx_earlier
multiscene_candidate_001__inflation_015mm,multiscene_candidate_001,15,direction_009,32.0,32.0,0.0,exact_sampled_agreement
multiscene_candidate_001__inflation_015mm,multiscene_candidate_001,15,direction_010,36.0,36.0,0.0,exact_sampled_agreement
multiscene_candidate_001__inflation_015mm,multiscene_candidate_001,15,direction_011,34.0,32.0,-2.0,physx_earlier
multiscene_candidate_001__inflation_015mm,multiscene_candidate_001,15,direction_012,38.0,36.0,-2.0,physx_earlier
multiscene_candidate_001__inflation_015mm,multiscene_candidate_001,15,direction_013,38.0,38.0,0.0,exact_sampled_agreement
multiscene_candidate_001__inflation_015mm,multiscene_candidate_001,15,direction_014,34.0,32.0,-2.0,physx_earlier
multiscene_candidate_001__inflation_015mm,multiscene_candidate_001,15,direction_015,42.0,42.0,0.0,exact_sampled_agreement
multiscene_candidate_001__inflation_015mm,multiscene_candidate_001,15,direction_016,40.0,38.0,-2.0,physx_earlier
multiscene_candidate_001__inflation_015mm,multiscene_candidate_001,15,direction_017,40.0,38.0,-2.0,physx_earlier
multiscene_candidate_001__inflation_015mm,multiscene_candidate_001,15,direction_018,44.0,42.0,-2.0,physx_earlier
multiscene_candidate_001__inflation_015mm,multiscene_candidate_001,15,direction_019,36.0,36.0,0.0,exact_sampled_agreement
multiscene_candidate_001__inflation_015mm,multiscene_candidate_001,15,direction_020,46.0,46.0,0.0,exact_sampled_agreement
multiscene_candidate_001__inflation_015mm,multiscene_candidate_001,15,direction_021,46.0,46.0,0.0,exact_sampled_agreement
multiscene_candidate_001__inflation_015mm,multiscene_candidate_001,15,direction_022,40.0,38.0,-2.0,physx_earlier
multiscene_candidate_001__inflation_015mm,multiscene_candidate_001,15,direction_023,50.0,50.0,0.0,exact_sampled_agreement
multiscene_candidate_001__inflation_015mm,multiscene_candidate_001,15,direction_024,46.0,46.0,0.0,exact_sampled_agreement
multiscene_candidate_001__inflation_015mm,multiscene_candidate_001,15,direction_025,50.0,50.0,0.0,exact_sampled_agreement
multiscene_candidate_001__inflation_015mm,multiscene_candidate_001,15,direction_026,54.0,54.0,0.0,exact_sampled_agreement
multiscene_candidate_001__inflation_015mm,multiscene_candidate_001,15,direction_027,42.0,40.0,-2.0,physx_earlier
multiscene_candidate_001__inflation_015mm,multiscene_candidate_001,15,direction_028,58.0,56.0,-2.0,physx_earlier
multiscene_candidate_001__inflation_015mm,multiscene_candidate_001,15,direction_029,58.0,58.0,0.0,exact_sampled_agreement
multiscene_candidate_001__inflation_015mm,multiscene_candidate_001,15,direction_030,52.0,50.0,-2.0,physx_earlier
multiscene_candidate_001__inflation_015mm,multiscene_candidate_001,15,direction_031,60.0,60.0,0.0,exact_sampled_agreement
multiscene_candidate_001__inflation_015mm,multiscene_candidate_001,15,direction_032,54.0,54.0,0.0,exact_sampled_agreement
multiscene_candidate_001__inflation_015mm,multiscene_candidate_001,15,direction_033,,,,both_right_censored
multiscene_candidate_001__inflation_015mm,multiscene_candidate_001,15,direction_034,,,,both_right_censored
multiscene_candidate_001__inflation_015mm,multiscene_candidate_001,15,direction_035,50.0,48.0,-2.0,physx_earlier
multiscene_candidate_001__inflation_015mm,multiscene_candidate_001,15,direction_036,,,,both_right_censored
multiscene_candidate_001__inflation_015mm,multiscene_candidate_001,15,direction_037,,,,both_right_censored
multiscene_candidate_001__inflation_015mm,multiscene_candidate_001,15,direction_038,,,,both_right_censored
multiscene_candidate_001__inflation_015mm,multiscene_candidate_001,15,direction_039,,,,both_right_censored
multiscene_candidate_001__inflation_015mm,multiscene_candidate_001,15,direction_040,,,,both_right_censored
multiscene_candidate_001__inflation_015mm,multiscene_candidate_001,15,direction_041,,,,both_right_censored
multiscene_candidate_001__inflation_015mm,multiscene_candidate_001,15,direction_042,,,,both_right_censored
multiscene_candidate_001__inflation_015mm,multiscene_candidate_001,15,direction_043,,,,both_right_censored
multiscene_candidate_001__inflation_015mm,multiscene_candidate_001,15,direction_044,,,,both_right_censored
multiscene_candidate_001__inflation_015mm,multiscene_candidate_001,15,direction_045,,,,both_right_censored
multiscene_candidate_001__inflation_015mm,multiscene_candidate_001,15,direction_046,,,,both_right_censored
multiscene_candidate_001__inflation_015mm,multiscene_candidate_001,15,direction_047,,,,both_right_censored
multiscene_candidate_001__inflation_015mm,multiscene_candidate_001,15,direction_048,,,,both_right_censored
multiscene_candidate_001__inflation_015mm,multiscene_candidate_001,15,direction_049,,,,both_right_censored
multiscene_candidate_001__inflation_015mm,multiscene_candidate_001,15,direction_050,,,,both_right_censored
multiscene_candidate_001__inflation_015mm,multiscene_candidate_001,15,direction_051,,,,both_right_censored
multiscene_candidate_001__inflation_015mm,multiscene_candidate_001,15,direction_052,,,,both_right_censored
multiscene_candidate_001__inflation_015mm,multiscene_candidate_001,15,direction_053,,,,both_right_censored
multiscene_candidate_001__inflation_015mm,multiscene_candidate_001,15,direction_054,,,,both_right_censored
multiscene_candidate_001__inflation_015mm,multiscene_candidate_001,15,direction_055,,,,both_right_censored
multiscene_candidate_001__inflation_015mm,multiscene_candidate_001,15,direction_056,,,,both_right_censored
multiscene_candidate_001__inflation_015mm,multiscene_candidate_001,15,direction_057,,,,both_right_censored
multiscene_candidate_001__inflation_015mm,multiscene_candidate_001,15,direction_058,,,,both_right_censored
multiscene_candidate_001__inflation_015mm,multiscene_candidate_001,15,direction_059,,,,both_right_censored
multiscene_candidate_001__inflation_015mm,multiscene_candidate_001,15,direction_060,,,,both_right_censored
multiscene_candidate_001__inflation_015mm,multiscene_candidate_001,15,direction_061,,,,both_right_censored
multiscene_candidate_001__inflation_015mm,multiscene_candidate_001,15,direction_062,,,,both_right_censored
multiscene_candidate_001__inflation_015mm,multiscene_candidate_001,15,direction_063,,,,both_right_censored
multiscene_candidate_001__inflation_015mm,multiscene_candidate_001,15,direction_064,,,,both_right_censored
multiscene_candidate_001__inflation_015mm,multiscene_candidate_001,15,direction_065,,,,both_right_censored
multiscene_candidate_001__inflation_015mm,multiscene_candidate_001,15,direction_066,,,,both_right_censored
multiscene_candidate_001__inflation_015mm,multiscene_candidate_001,15,direction_067,,,,both_right_censored
multiscene_candidate_001__inflation_015mm,multiscene_candidate_001,15,direction_068,,,,both_right_censored
multiscene_candidate_001__inflation_015mm,multiscene_candidate_001,15,direction_069,,,,both_right_censored
multiscene_candidate_001__inflation_015mm,multiscene_candidate_001,15,direction_070,,,,both_right_censored
multiscene_candidate_001__inflation_015mm,multiscene_candidate_001,15,direction_071,,,,both_right_censored
multiscene_candidate_001__inflation_015mm,multiscene_candidate_001,15,direction_072,,,,both_right_censored
multiscene_candidate_001__inflation_015mm,multiscene_candidate_001,15,direction_073,,,,both_right_censored
multiscene_candidate_001__inflation_015mm,multiscene_candidate_001,15,direction_074,,,,both_right_censored
multiscene_candidate_001__inflation_015mm,multiscene_candidate_001,15,direction_075,,,,both_right_censored
multiscene_candidate_001__inflation_015mm,multiscene_candidate_001,15,direction_076,,,,both_right_censored
multiscene_candidate_001__inflation_015mm,multiscene_candidate_001,15,direction_077,,,,both_right_censored
multiscene_candidate_001__inflation_015mm,multiscene_candidate_001,15,direction_078,,,,both_right_censored
multiscene_candidate_001__inflation_015mm,multiscene_candidate_001,15,direction_079,,,,both_right_censored
multiscene_candidate_001__inflation_015mm,multiscene_candidate_001,15,direction_080,,,,both_right_censored
multiscene_candidate_001__inflation_015mm,multiscene_candidate_001,15,direction_081,,,,both_right_censored
multiscene_candidate_001__inflation_015mm,multiscene_candidate_001,15,direction_082,,,,both_right_censored
multiscene_candidate_001__inflation_015mm,multiscene_candidate_001,15,direction_083,,,,both_right_censored
multiscene_candidate_001__inflation_015mm,multiscene_candidate_001,15,direction_084,,,,both_right_censored
multiscene_candidate_001__inflation_015mm,multiscene_candidate_001,15,direction_085,,,,both_right_censored
multiscene_candidate_001__inflation_015mm,multiscene_candidate_001,15,direction_086,,,,both_right_censored
multiscene_candidate_001__inflation_015mm,multiscene_candidate_001,15,direction_087,,,,both_right_censored
multiscene_candidate_001__inflation_015mm,multiscene_candidate_001,15,direction_088,,,,both_right_censored
multiscene_candidate_001__inflation_015mm,multiscene_candidate_001,15,direction_089,,,,both_right_censored
multiscene_candidate_001__inflation_015mm,multiscene_candidate_001,15,direction_090,,,,both_right_censored
multiscene_candidate_001__inflation_015mm,multiscene_candidate_001,15,direction_091,,,,both_right_censored
multiscene_candidate_001__inflation_015mm,multiscene_candidate_001,15,direction_092,,,,both_right_censored
multiscene_candidate_001__inflation_015mm,multiscene_candidate_001,15,direction_093,,,,both_right_censored
multiscene_candidate_001__inflation_015mm,multiscene_candidate_001,15,direction_094,,,,both_right_censored
multiscene_candidate_001__inflation_015mm,multiscene_candidate_001,15,direction_095,,,,both_right_censored
multiscene_candidate_001__inflation_015mm,multiscene_candidate_001,15,direction_096,,,,both_right_censored
multiscene_candidate_001__inflation_015mm,multiscene_candidate_001,15,direction_097,,,,both_right_censored
multiscene_candidate_001__inflation_015mm,multiscene_candidate_001,15,direction_098,,,,both_right_censored
multiscene_candidate_001__inflation_015mm,multiscene_candidate_001,15,direction_099,,,,both_right_censored
multiscene_candidate_001__inflation_015mm,multiscene_candidate_001,15,direction_100,,,,both_right_censored
multiscene_candidate_001__inflation_015mm,multiscene_candidate_001,15,direction_101,,,,both_right_censored
multiscene_candidate_001__inflation_015mm,multiscene_candidate_001,15,direction_102,,,,both_right_censored
multiscene_candidate_001__inflation_015mm,multiscene_candidate_001,15,direction_103,,,,both_right_censored
multiscene_candidate_001__inflation_015mm,multiscene_candidate_001,15,direction_104,,,,both_right_censored
multiscene_candidate_001__inflation_015mm,multiscene_candidate_001,15,direction_105,,,,both_right_censored
multiscene_candidate_001__inflation_015mm,multiscene_candidate_001,15,direction_106,,,,both_right_censored
multiscene_candidate_001__inflation_015mm,multiscene_candidate_001,15,direction_107,,,,both_right_censored
multiscene_candidate_001__inflation_015mm,multiscene_candidate_001,15,direction_108,,,,both_right_censored
multiscene_candidate_001__inflation_015mm,multiscene_candidate_001,15,direction_109,,,,both_right_censored
multiscene_candidate_001__inflation_015mm,multiscene_candidate_001,15,direction_110,,,,both_right_censored
multiscene_candidate_001__inflation_015mm,multiscene_candidate_001,15,direction_111,,,,both_right_censored
multiscene_candidate_001__inflation_015mm,multiscene_candidate_001,15,direction_112,,,,both_right_censored
multiscene_candidate_001__inflation_015mm,multiscene_candidate_001,15,direction_113,,,,both_right_censored
multiscene_candidate_001__inflation_015mm,multiscene_candidate_001,15,direction_114,,,,both_right_censored
multiscene_candidate_001__inflation_015mm,multiscene_candidate_001,15,direction_115,,,,both_right_censored
multiscene_candidate_001__inflation_015mm,multiscene_candidate_001,15,direction_116,,,,both_right_censored
multiscene_candidate_001__inflation_015mm,multiscene_candidate_001,15,direction_117,,,,both_right_censored
multiscene_candidate_001__inflation_015mm,multiscene_candidate_001,15,direction_118,,,,both_right_censored
multiscene_candidate_001__inflation_015mm,multiscene_candidate_001,15,direction_119,,,,both_right_censored
multiscene_candidate_001__inflation_015mm,multiscene_candidate_001,15,direction_120,,,,both_right_censored
multiscene_candidate_001__inflation_015mm,multiscene_candidate_001,15,direction_121,,,,both_right_censored
multiscene_candidate_001__inflation_015mm,multiscene_candidate_001,15,direction_122,,,,both_right_censored
multiscene_candidate_001__inflation_015mm,multiscene_candidate_001,15,direction_123,,,,both_right_censored
multiscene_candidate_001__inflation_015mm,multiscene_candidate_001,15,direction_124,,,,both_right_censored
multiscene_candidate_001__inflation_015mm,multiscene_candidate_001,15,direction_125,,,,both_right_censored
multiscene_candidate_001__inflation_015mm,multiscene_candidate_001,15,direction_126,,,,both_right_censored
multiscene_candidate_001__inflation_015mm,multiscene_candidate_001,15,direction_127,,,,both_right_censored
multiscene_candidate_001__inflation_020mm,multiscene_candidate_001,20,direction_000,36.0,34.0,-2.0,physx_earlier
multiscene_candidate_001__inflation_020mm,multiscene_candidate_001,20,direction_001,34.0,34.0,0.0,exact_sampled_agreement
multiscene_candidate_001__inflation_020mm,multiscene_candidate_001,20,direction_002,38.0,36.0,-2.0,physx_earlier
multiscene_candidate_001__inflation_020mm,multiscene_candidate_001,20,direction_003,34.0,34.0,0.0,exact_sampled_agreement
multiscene_candidate_001__inflation_020mm,multiscene_candidate_001,20,direction_004,38.0,36.0,-2.0,physx_earlier
multiscene_candidate_001__inflation_020mm,multiscene_candidate_001,20,direction_005,38.0,38.0,0.0,exact_sampled_agreement
multiscene_candidate_001__inflation_020mm,multiscene_candidate_001,20,direction_006,36.0,36.0,0.0,exact_sampled_agreement
multiscene_candidate_001__inflation_020mm,multiscene_candidate_001,20,direction_007,40.0,40.0,0.0,exact_sampled_agreement
multiscene_candidate_001__inflation_020mm,multiscene_candidate_001,20,direction_008,40.0,40.0,0.0,exact_sampled_agreement
multiscene_candidate_001__inflation_020mm,multiscene_candidate_001,20,direction_009,38.0,38.0,0.0,exact_sampled_agreement
multiscene_candidate_001__inflation_020mm,multiscene_candidate_001,20,direction_010,42.0,42.0,0.0,exact_sampled_agreement
multiscene_candidate_001__inflation_020mm,multiscene_candidate_001,20,direction_011,40.0,40.0,0.0,exact_sampled_agreement
multiscene_candidate_001__inflation_020mm,multiscene_candidate_001,20,direction_012,44.0,44.0,0.0,exact_sampled_agreement
multiscene_candidate_001__inflation_020mm,multiscene_candidate_001,20,direction_013,46.0,44.0,-2.0,physx_earlier
multiscene_candidate_001__inflation_020mm,multiscene_candidate_001,20,direction_014,40.0,40.0,0.0,exact_sampled_agreement
multiscene_candidate_001__inflation_020mm,multiscene_candidate_001,20,direction_015,44.0,44.0,0.0,exact_sampled_agreement
multiscene_candidate_001__inflation_020mm,multiscene_candidate_001,20,direction_016,48.0,46.0,-2.0,physx_earlier
multiscene_candidate_001__inflation_020mm,multiscene_candidate_001,20,direction_017,48.0,46.0,-2.0,physx_earlier
multiscene_candidate_001__inflation_020mm,multiscene_candidate_001,20,direction_018,48.0,48.0,0.0,exact_sampled_agreement
multiscene_candidate_001__inflation_020mm,multiscene_candidate_001,20,direction_019,44.0,44.0,0.0,exact_sampled_agreement
multiscene_candidate_001__inflation_020mm,multiscene_candidate_001,20,direction_020,54.0,52.0,-2.0,physx_earlier
multiscene_candidate_001__inflation_020mm,multiscene_candidate_001,20,direction_021,54.0,54.0,0.0,exact_sampled_agreement
multiscene_candidate_001__inflation_020mm,multiscene_candidate_001,20,direction_022,48.0,46.0,-2.0,physx_earlier
multiscene_candidate_001__inflation_020mm,multiscene_candidate_001,20,direction_023,52.0,52.0,0.0,exact_sampled_agreement
multiscene_candidate_001__inflation_020mm,multiscene_candidate_001,20,direction_024,56.0,56.0,0.0,exact_sampled_agreement
multiscene_candidate_001__inflation_020mm,multiscene_candidate_001,20,direction_025,60.0,58.0,-2.0,physx_earlier
multiscene_candidate_001__inflation_020mm,multiscene_candidate_001,20,direction_026,60.0,58.0,-2.0,physx_earlier
multiscene_candidate_001__inflation_020mm,multiscene_candidate_001,20,direction_027,50.0,48.0,-2.0,physx_earlier
multiscene_candidate_001__inflation_020mm,multiscene_candidate_001,20,direction_028,,60.0,,physx_only_observed
multiscene_candidate_001__inflation_020mm,multiscene_candidate_001,20,direction_029,,,,both_right_censored
multiscene_candidate_001__inflation_020mm,multiscene_candidate_001,20,direction_030,,60.0,,physx_only_observed
multiscene_candidate_001__inflation_020mm,multiscene_candidate_001,20,direction_031,,,,both_right_censored
multiscene_candidate_001__inflation_020mm,multiscene_candidate_001,20,direction_032,,,,both_right_censored
multiscene_candidate_001__inflation_020mm,multiscene_candidate_001,20,direction_033,,,,both_right_censored
multiscene_candidate_001__inflation_020mm,multiscene_candidate_001,20,direction_034,,,,both_right_censored
multiscene_candidate_001__inflation_020mm,multiscene_candidate_001,20,direction_035,58.0,58.0,0.0,exact_sampled_agreement
multiscene_candidate_001__inflation_020mm,multiscene_candidate_001,20,direction_036,,,,both_right_censored
multiscene_candidate_001__inflation_020mm,multiscene_candidate_001,20,direction_037,,,,both_right_censored
multiscene_candidate_001__inflation_020mm,multiscene_candidate_001,20,direction_038,,,,both_right_censored
multiscene_candidate_001__inflation_020mm,multiscene_candidate_001,20,direction_039,,,,both_right_censored
multiscene_candidate_001__inflation_020mm,multiscene_candidate_001,20,direction_040,,,,both_right_censored
multiscene_candidate_001__inflation_020mm,multiscene_candidate_001,20,direction_041,,,,both_right_censored
multiscene_candidate_001__inflation_020mm,multiscene_candidate_001,20,direction_042,,,,both_right_censored
multiscene_candidate_001__inflation_020mm,multiscene_candidate_001,20,direction_043,,,,both_right_censored
multiscene_candidate_001__inflation_020mm,multiscene_candidate_001,20,direction_044,,,,both_right_censored
multiscene_candidate_001__inflation_020mm,multiscene_candidate_001,20,direction_045,,,,both_right_censored
multiscene_candidate_001__inflation_020mm,multiscene_candidate_001,20,direction_046,,,,both_right_censored
multiscene_candidate_001__inflation_020mm,multiscene_candidate_001,20,direction_047,,,,both_right_censored
multiscene_candidate_001__inflation_020mm,multiscene_candidate_001,20,direction_048,,,,both_right_censored
multiscene_candidate_001__inflation_020mm,multiscene_candidate_001,20,direction_049,,,,both_right_censored
multiscene_candidate_001__inflation_020mm,multiscene_candidate_001,20,direction_050,,,,both_right_censored
multiscene_candidate_001__inflation_020mm,multiscene_candidate_001,20,direction_051,,,,both_right_censored
multiscene_candidate_001__inflation_020mm,multiscene_candidate_001,20,direction_052,,,,both_right_censored
multiscene_candidate_001__inflation_020mm,multiscene_candidate_001,20,direction_053,,,,both_right_censored
multiscene_candidate_001__inflation_020mm,multiscene_candidate_001,20,direction_054,,,,both_right_censored
multiscene_candidate_001__inflation_020mm,multiscene_candidate_001,20,direction_055,,,,both_right_censored
multiscene_candidate_001__inflation_020mm,multiscene_candidate_001,20,direction_056,,,,both_right_censored
multiscene_candidate_001__inflation_020mm,multiscene_candidate_001,20,direction_057,,,,both_right_censored
multiscene_candidate_001__inflation_020mm,multiscene_candidate_001,20,direction_058,,,,both_right_censored
multiscene_candidate_001__inflation_020mm,multiscene_candidate_001,20,direction_059,,,,both_right_censored
multiscene_candidate_001__inflation_020mm,multiscene_candidate_001,20,direction_060,,,,both_right_censored
multiscene_candidate_001__inflation_020mm,multiscene_candidate_001,20,direction_061,,,,both_right_censored
multiscene_candidate_001__inflation_020mm,multiscene_candidate_001,20,direction_062,,,,both_right_censored
multiscene_candidate_001__inflation_020mm,multiscene_candidate_001,20,direction_063,,,,both_right_censored
multiscene_candidate_001__inflation_020mm,multiscene_candidate_001,20,direction_064,,,,both_right_censored
multiscene_candidate_001__inflation_020mm,multiscene_candidate_001,20,direction_065,,,,both_right_censored
multiscene_candidate_001__inflation_020mm,multiscene_candidate_001,20,direction_066,,,,both_right_censored
multiscene_candidate_001__inflation_020mm,multiscene_candidate_001,20,direction_067,,,,both_right_censored
multiscene_candidate_001__inflation_020mm,multiscene_candidate_001,20,direction_068,,,,both_right_censored
multiscene_candidate_001__inflation_020mm,multiscene_candidate_001,20,direction_069,,,,both_right_censored
multiscene_candidate_001__inflation_020mm,multiscene_candidate_001,20,direction_070,,,,both_right_censored
multiscene_candidate_001__inflation_020mm,multiscene_candidate_001,20,direction_071,,,,both_right_censored
multiscene_candidate_001__inflation_020mm,multiscene_candidate_001,20,direction_072,,,,both_right_censored
multiscene_candidate_001__inflation_020mm,multiscene_candidate_001,20,direction_073,,,,both_right_censored
multiscene_candidate_001__inflation_020mm,multiscene_candidate_001,20,direction_074,,,,both_right_censored
multiscene_candidate_001__inflation_020mm,multiscene_candidate_001,20,direction_075,,,,both_right_censored
multiscene_candidate_001__inflation_020mm,multiscene_candidate_001,20,direction_076,,,,both_right_censored
multiscene_candidate_001__inflation_020mm,multiscene_candidate_001,20,direction_077,,,,both_right_censored
multiscene_candidate_001__inflation_020mm,multiscene_candidate_001,20,direction_078,,,,both_right_censored
multiscene_candidate_001__inflation_020mm,multiscene_candidate_001,20,direction_079,,,,both_right_censored
multiscene_candidate_001__inflation_020mm,multiscene_candidate_001,20,direction_080,,,,both_right_censored
multiscene_candidate_001__inflation_020mm,multiscene_candidate_001,20,direction_081,,,,both_right_censored
multiscene_candidate_001__inflation_020mm,multiscene_candidate_001,20,direction_082,,,,both_right_censored
multiscene_candidate_001__inflation_020mm,multiscene_candidate_001,20,direction_083,,,,both_right_censored
multiscene_candidate_001__inflation_020mm,multiscene_candidate_001,20,direction_084,,,,both_right_censored
multiscene_candidate_001__inflation_020mm,multiscene_candidate_001,20,direction_085,,,,both_right_censored
multiscene_candidate_001__inflation_020mm,multiscene_candidate_001,20,direction_086,,,,both_right_censored
multiscene_candidate_001__inflation_020mm,multiscene_candidate_001,20,direction_087,,,,both_right_censored
multiscene_candidate_001__inflation_020mm,multiscene_candidate_001,20,direction_088,,,,both_right_censored
multiscene_candidate_001__inflation_020mm,multiscene_candidate_001,20,direction_089,,,,both_right_censored
multiscene_candidate_001__inflation_020mm,multiscene_candidate_001,20,direction_090,,,,both_right_censored
multiscene_candidate_001__inflation_020mm,multiscene_candidate_001,20,direction_091,,,,both_right_censored
multiscene_candidate_001__inflation_020mm,multiscene_candidate_001,20,direction_092,,,,both_right_censored
multiscene_candidate_001__inflation_020mm,multiscene_candidate_001,20,direction_093,,,,both_right_censored
multiscene_candidate_001__inflation_020mm,multiscene_candidate_001,20,direction_094,,,,both_right_censored
multiscene_candidate_001__inflation_020mm,multiscene_candidate_001,20,direction_095,,,,both_right_censored
multiscene_candidate_001__inflation_020mm,multiscene_candidate_001,20,direction_096,,,,both_right_censored
multiscene_candidate_001__inflation_020mm,multiscene_candidate_001,20,direction_097,,,,both_right_censored
multiscene_candidate_001__inflation_020mm,multiscene_candidate_001,20,direction_098,,,,both_right_censored
multiscene_candidate_001__inflation_020mm,multiscene_candidate_001,20,direction_099,,,,both_right_censored
multiscene_candidate_001__inflation_020mm,multiscene_candidate_001,20,direction_100,,,,both_right_censored
multiscene_candidate_001__inflation_020mm,multiscene_candidate_001,20,direction_101,,,,both_right_censored
multiscene_candidate_001__inflation_020mm,multiscene_candidate_001,20,direction_102,,,,both_right_censored
multiscene_candidate_001__inflation_020mm,multiscene_candidate_001,20,direction_103,,,,both_right_censored
multiscene_candidate_001__inflation_020mm,multiscene_candidate_001,20,direction_104,,,,both_right_censored
multiscene_candidate_001__inflation_020mm,multiscene_candidate_001,20,direction_105,,,,both_right_censored
multiscene_candidate_001__inflation_020mm,multiscene_candidate_001,20,direction_106,,,,both_right_censored
multiscene_candidate_001__inflation_020mm,multiscene_candidate_001,20,direction_107,,,,both_right_censored
multiscene_candidate_001__inflation_020mm,multiscene_candidate_001,20,direction_108,,,,both_right_censored
multiscene_candidate_001__inflation_020mm,multiscene_candidate_001,20,direction_109,,,,both_right_censored
multiscene_candidate_001__inflation_020mm,multiscene_candidate_001,20,direction_110,,,,both_right_censored
multiscene_candidate_001__inflation_020mm,multiscene_candidate_001,20,direction_111,,,,both_right_censored
multiscene_candidate_001__inflation_020mm,multiscene_candidate_001,20,direction_112,,,,both_right_censored
multiscene_candidate_001__inflation_020mm,multiscene_candidate_001,20,direction_113,,,,both_right_censored
multiscene_candidate_001__inflation_020mm,multiscene_candidate_001,20,direction_114,,,,both_right_censored
multiscene_candidate_001__inflation_020mm,multiscene_candidate_001,20,direction_115,,,,both_right_censored
multiscene_candidate_001__inflation_020mm,multiscene_candidate_001,20,direction_116,,,,both_right_censored
multiscene_candidate_001__inflation_020mm,multiscene_candidate_001,20,direction_117,,,,both_right_censored
multiscene_candidate_001__inflation_020mm,multiscene_candidate_001,20,direction_118,,,,both_right_censored
multiscene_candidate_001__inflation_020mm,multiscene_candidate_001,20,direction_119,,,,both_right_censored
multiscene_candidate_001__inflation_020mm,multiscene_candidate_001,20,direction_120,,,,both_right_censored
multiscene_candidate_001__inflation_020mm,multiscene_candidate_001,20,direction_121,,,,both_right_censored
multiscene_candidate_001__inflation_020mm,multiscene_candidate_001,20,direction_122,,,,both_right_censored
multiscene_candidate_001__inflation_020mm,multiscene_candidate_001,20,direction_123,,,,both_right_censored
multiscene_candidate_001__inflation_020mm,multiscene_candidate_001,20,direction_124,,,,both_right_censored
multiscene_candidate_001__inflation_020mm,multiscene_candidate_001,20,direction_125,,,,both_right_censored
multiscene_candidate_001__inflation_020mm,multiscene_candidate_001,20,direction_126,,,,both_right_censored
multiscene_candidate_001__inflation_020mm,multiscene_candidate_001,20,direction_127,,,,both_right_censored
multiscene_candidate_005__inflation_000mm,multiscene_candidate_005,0,direction_000,12.0,10.0,-2.0,physx_earlier
multiscene_candidate_005__inflation_000mm,multiscene_candidate_005,0,direction_001,12.0,10.0,-2.0,physx_earlier
multiscene_candidate_005__inflation_000mm,multiscene_candidate_005,0,direction_002,12.0,10.0,-2.0,physx_earlier
multiscene_candidate_005__inflation_000mm,multiscene_candidate_005,0,direction_003,12.0,12.0,0.0,exact_sampled_agreement
multiscene_candidate_005__inflation_000mm,multiscene_candidate_005,0,direction_004,12.0,10.0,-2.0,physx_earlier
multiscene_candidate_005__inflation_000mm,multiscene_candidate_005,0,direction_005,14.0,12.0,-2.0,physx_earlier
multiscene_candidate_005__inflation_000mm,multiscene_candidate_005,0,direction_006,12.0,12.0,0.0,exact_sampled_agreement
multiscene_candidate_005__inflation_000mm,multiscene_candidate_005,0,direction_007,12.0,12.0,0.0,exact_sampled_agreement
multiscene_candidate_005__inflation_000mm,multiscene_candidate_005,0,direction_008,14.0,14.0,0.0,exact_sampled_agreement
multiscene_candidate_005__inflation_000mm,multiscene_candidate_005,0,direction_009,12.0,12.0,0.0,exact_sampled_agreement
multiscene_candidate_005__inflation_000mm,multiscene_candidate_005,0,direction_010,14.0,14.0,0.0,exact_sampled_agreement
multiscene_candidate_005__inflation_000mm,multiscene_candidate_005,0,direction_011,14.0,14.0,0.0,exact_sampled_agreement
multiscene_candidate_005__inflation_000mm,multiscene_candidate_005,0,direction_012,14.0,12.0,-2.0,physx_earlier
multiscene_candidate_005__inflation_000mm,multiscene_candidate_005,0,direction_013,16.0,16.0,0.0,exact_sampled_agreement
multiscene_candidate_005__inflation_000mm,multiscene_candidate_005,0,direction_014,14.0,12.0,-2.0,physx_earlier
multiscene_candidate_005__inflation_000mm,multiscene_candidate_005,0,direction_015,14.0,12.0,-2.0,physx_earlier
multiscene_candidate_005__inflation_000mm,multiscene_candidate_005,0,direction_016,18.0,16.0,-2.0,physx_earlier
multiscene_candidate_005__inflation_000mm,multiscene_candidate_005,0,direction_017,14.0,12.0,-2.0,physx_earlier
multiscene_candidate_005__inflation_000mm,multiscene_candidate_005,0,direction_018,18.0,16.0,-2.0,physx_earlier
multiscene_candidate_005__inflation_000mm,multiscene_candidate_005,0,direction_019,16.0,14.0,-2.0,physx_earlier
multiscene_candidate_005__inflation_000mm,multiscene_candidate_005,0,direction_020,16.0,14.0,-2.0,physx_earlier
multiscene_candidate_005__inflation_000mm,multiscene_candidate_005,0,direction_021,22.0,18.0,-4.0,physx_earlier
multiscene_candidate_005__inflation_000mm,multiscene_candidate_005,0,direction_022,14.0,14.0,0.0,exact_sampled_agreement
multiscene_candidate_005__inflation_000mm,multiscene_candidate_005,0,direction_023,18.0,16.0,-2.0,physx_earlier
multiscene_candidate_005__inflation_000mm,multiscene_candidate_005,0,direction_024,20.0,20.0,0.0,exact_sampled_agreement
multiscene_candidate_005__inflation_000mm,multiscene_candidate_005,0,direction_025,14.0,14.0,0.0,exact_sampled_agreement
multiscene_candidate_005__inflation_000mm,multiscene_candidate_005,0,direction_026,26.0,22.0,-4.0,physx_earlier
multiscene_candidate_005__inflation_000mm,multiscene_candidate_005,0,direction_027,18.0,16.0,-2.0,physx_earlier
multiscene_candidate_005__inflation_000mm,multiscene_candidate_005,0,direction_028,18.0,18.0,0.0,exact_sampled_agreement
multiscene_candidate_005__inflation_000mm,multiscene_candidate_005,0,direction_029,28.0,26.0,-2.0,physx_earlier
multiscene_candidate_005__inflation_000mm,multiscene_candidate_005,0,direction_030,16.0,14.0,-2.0,physx_earlier
multiscene_candidate_005__inflation_000mm,multiscene_candidate_005,0,direction_031,26.0,24.0,-2.0,physx_earlier
multiscene_candidate_005__inflation_000mm,multiscene_candidate_005,0,direction_032,24.0,22.0,-2.0,physx_earlier
multiscene_candidate_005__inflation_000mm,multiscene_candidate_005,0,direction_033,18.0,16.0,-2.0,physx_earlier
multiscene_candidate_005__inflation_000mm,multiscene_candidate_005,0,direction_034,38.0,34.0,-4.0,physx_earlier
multiscene_candidate_005__inflation_000mm,multiscene_candidate_005,0,direction_035,18.0,18.0,0.0,exact_sampled_agreement
multiscene_candidate_005__inflation_000mm,multiscene_candidate_005,0,direction_036,24.0,22.0,-2.0,physx_earlier
multiscene_candidate_005__inflation_000mm,multiscene_candidate_005,0,direction_037,36.0,34.0,-2.0,physx_earlier
multiscene_candidate_005__inflation_000mm,multiscene_candidate_005,0,direction_038,20.0,18.0,-2.0,physx_earlier
multiscene_candidate_005__inflation_000mm,multiscene_candidate_005,0,direction_039,46.0,40.0,-6.0,physx_earlier
multiscene_candidate_005__inflation_000mm,multiscene_candidate_005,0,direction_040,28.0,26.0,-2.0,physx_earlier
multiscene_candidate_005__inflation_000mm,multiscene_candidate_005,0,direction_041,24.0,22.0,-2.0,physx_earlier
multiscene_candidate_005__inflation_000mm,multiscene_candidate_005,0,direction_042,,56.0,,physx_only_observed
multiscene_candidate_005__inflation_000mm,multiscene_candidate_005,0,direction_043,22.0,22.0,0.0,exact_sampled_agreement
multiscene_candidate_005__inflation_000mm,multiscene_candidate_005,0,direction_044,,,,both_right_censored
multiscene_candidate_005__inflation_000mm,multiscene_candidate_005,0,direction_045,52.0,44.0,-8.0,physx_earlier
multiscene_candidate_005__inflation_000mm,multiscene_candidate_005,0,direction_046,24.0,22.0,-2.0,physx_earlier
multiscene_candidate_005__inflation_000mm,multiscene_candidate_005,0,direction_047,,,,both_right_censored
multiscene_candidate_005__inflation_000mm,multiscene_candidate_005,0,direction_048,32.0,30.0,-2.0,physx_earlier
multiscene_candidate_005__inflation_000mm,multiscene_candidate_005,0,direction_049,,,,both_right_censored
multiscene_candidate_005__inflation_000mm,multiscene_candidate_005,0,direction_050,,,,both_right_censored
multiscene_candidate_005__inflation_000mm,multiscene_candidate_005,0,direction_051,28.0,26.0,-2.0,physx_earlier
multiscene_candidate_005__inflation_000mm,multiscene_candidate_005,0,direction_052,,,,both_right_censored
multiscene_candidate_005__inflation_000mm,multiscene_candidate_005,0,direction_053,,,,both_right_censored
multiscene_candidate_005__inflation_000mm,multiscene_candidate_005,0,direction_054,,,,both_right_censored
multiscene_candidate_005__inflation_000mm,multiscene_candidate_005,0,direction_055,,,,both_right_censored
multiscene_candidate_005__inflation_000mm,multiscene_candidate_005,0,direction_056,38.0,36.0,-2.0,physx_earlier
multiscene_candidate_005__inflation_000mm,multiscene_candidate_005,0,direction_057,,,,both_right_censored
multiscene_candidate_005__inflation_000mm,multiscene_candidate_005,0,direction_058,,,,both_right_censored
multiscene_candidate_005__inflation_000mm,multiscene_candidate_005,0,direction_059,40.0,38.0,-2.0,physx_earlier
multiscene_candidate_005__inflation_000mm,multiscene_candidate_005,0,direction_060,,,,both_right_censored
multiscene_candidate_005__inflation_000mm,multiscene_candidate_005,0,direction_061,,,,both_right_censored
multiscene_candidate_005__inflation_000mm,multiscene_candidate_005,0,direction_062,,,,both_right_censored
multiscene_candidate_005__inflation_000mm,multiscene_candidate_005,0,direction_063,,,,both_right_censored
multiscene_candidate_005__inflation_000mm,multiscene_candidate_005,0,direction_064,,52.0,,physx_only_observed
multiscene_candidate_005__inflation_000mm,multiscene_candidate_005,0,direction_065,,,,both_right_censored
multiscene_candidate_005__inflation_000mm,multiscene_candidate_005,0,direction_066,,,,both_right_censored
multiscene_candidate_005__inflation_000mm,multiscene_candidate_005,0,direction_067,,,,both_right_censored
multiscene_candidate_005__inflation_000mm,multiscene_candidate_005,0,direction_068,,,,both_right_censored
multiscene_candidate_005__inflation_000mm,multiscene_candidate_005,0,direction_069,,,,both_right_censored
multiscene_candidate_005__inflation_000mm,multiscene_candidate_005,0,direction_070,,,,both_right_censored
multiscene_candidate_005__inflation_000mm,multiscene_candidate_005,0,direction_071,,,,both_right_censored
multiscene_candidate_005__inflation_000mm,multiscene_candidate_005,0,direction_072,,,,both_right_censored
multiscene_candidate_005__inflation_000mm,multiscene_candidate_005,0,direction_073,,,,both_right_censored
multiscene_candidate_005__inflation_000mm,multiscene_candidate_005,0,direction_074,,,,both_right_censored
multiscene_candidate_005__inflation_000mm,multiscene_candidate_005,0,direction_075,,,,both_right_censored
multiscene_candidate_005__inflation_000mm,multiscene_candidate_005,0,direction_076,,,,both_right_censored
multiscene_candidate_005__inflation_000mm,multiscene_candidate_005,0,direction_077,,,,both_right_censored
multiscene_candidate_005__inflation_000mm,multiscene_candidate_005,0,direction_078,,,,both_right_censored
multiscene_candidate_005__inflation_000mm,multiscene_candidate_005,0,direction_079,,,,both_right_censored
multiscene_candidate_005__inflation_000mm,multiscene_candidate_005,0,direction_080,,,,both_right_censored
multiscene_candidate_005__inflation_000mm,multiscene_candidate_005,0,direction_081,,,,both_right_censored
multiscene_candidate_005__inflation_000mm,multiscene_candidate_005,0,direction_082,,,,both_right_censored
multiscene_candidate_005__inflation_000mm,multiscene_candidate_005,0,direction_083,,,,both_right_censored
multiscene_candidate_005__inflation_000mm,multiscene_candidate_005,0,direction_084,,,,both_right_censored
multiscene_candidate_005__inflation_000mm,multiscene_candidate_005,0,direction_085,,,,both_right_censored
multiscene_candidate_005__inflation_000mm,multiscene_candidate_005,0,direction_086,,,,both_right_censored
multiscene_candidate_005__inflation_000mm,multiscene_candidate_005,0,direction_087,,,,both_right_censored
multiscene_candidate_005__inflation_000mm,multiscene_candidate_005,0,direction_088,,,,both_right_censored
multiscene_candidate_005__inflation_000mm,multiscene_candidate_005,0,direction_089,,,,both_right_censored
multiscene_candidate_005__inflation_000mm,multiscene_candidate_005,0,direction_090,,,,both_right_censored
multiscene_candidate_005__inflation_000mm,multiscene_candidate_005,0,direction_091,,,,both_right_censored
multiscene_candidate_005__inflation_000mm,multiscene_candidate_005,0,direction_092,,,,both_right_censored
multiscene_candidate_005__inflation_000mm,multiscene_candidate_005,0,direction_093,,,,both_right_censored
multiscene_candidate_005__inflation_000mm,multiscene_candidate_005,0,direction_094,,,,both_right_censored
multiscene_candidate_005__inflation_000mm,multiscene_candidate_005,0,direction_095,,,,both_right_censored
multiscene_candidate_005__inflation_000mm,multiscene_candidate_005,0,direction_096,,,,both_right_censored
multiscene_candidate_005__inflation_000mm,multiscene_candidate_005,0,direction_097,,,,both_right_censored
multiscene_candidate_005__inflation_000mm,multiscene_candidate_005,0,direction_098,,,,both_right_censored
multiscene_candidate_005__inflation_000mm,multiscene_candidate_005,0,direction_099,,,,both_right_censored
multiscene_candidate_005__inflation_000mm,multiscene_candidate_005,0,direction_100,,,,both_right_censored
multiscene_candidate_005__inflation_000mm,multiscene_candidate_005,0,direction_101,,,,both_right_censored
multiscene_candidate_005__inflation_000mm,multiscene_candidate_005,0,direction_102,,,,both_right_censored
multiscene_candidate_005__inflation_000mm,multiscene_candidate_005,0,direction_103,,,,both_right_censored
multiscene_candidate_005__inflation_000mm,multiscene_candidate_005,0,direction_104,,,,both_right_censored
multiscene_candidate_005__inflation_000mm,multiscene_candidate_005,0,direction_105,,,,both_right_censored
multiscene_candidate_005__inflation_000mm,multiscene_candidate_005,0,direction_106,,,,both_right_censored
multiscene_candidate_005__inflation_000mm,multiscene_candidate_005,0,direction_107,,,,both_right_censored
multiscene_candidate_005__inflation_000mm,multiscene_candidate_005,0,direction_108,,,,both_right_censored
multiscene_candidate_005__inflation_000mm,multiscene_candidate_005,0,direction_109,,,,both_right_censored
multiscene_candidate_005__inflation_000mm,multiscene_candidate_005,0,direction_110,,,,both_right_censored
multiscene_candidate_005__inflation_000mm,multiscene_candidate_005,0,direction_111,,,,both_right_censored
multiscene_candidate_005__inflation_000mm,multiscene_candidate_005,0,direction_112,,,,both_right_censored
multiscene_candidate_005__inflation_000mm,multiscene_candidate_005,0,direction_113,,,,both_right_censored
multiscene_candidate_005__inflation_000mm,multiscene_candidate_005,0,direction_114,,,,both_right_censored
multiscene_candidate_005__inflation_000mm,multiscene_candidate_005,0,direction_115,,,,both_right_censored
multiscene_candidate_005__inflation_000mm,multiscene_candidate_005,0,direction_116,,,,both_right_censored
multiscene_candidate_005__inflation_000mm,multiscene_candidate_005,0,direction_117,,,,both_right_censored
multiscene_candidate_005__inflation_000mm,multiscene_candidate_005,0,direction_118,,,,both_right_censored
multiscene_candidate_005__inflation_000mm,multiscene_candidate_005,0,direction_119,,,,both_right_censored
multiscene_candidate_005__inflation_000mm,multiscene_candidate_005,0,direction_120,,,,both_right_censored
multiscene_candidate_005__inflation_000mm,multiscene_candidate_005,0,direction_121,,,,both_right_censored
multiscene_candidate_005__inflation_000mm,multiscene_candidate_005,0,direction_122,,,,both_right_censored
multiscene_candidate_005__inflation_000mm,multiscene_candidate_005,0,direction_123,,,,both_right_censored
multiscene_candidate_005__inflation_000mm,multiscene_candidate_005,0,direction_124,,,,both_right_censored
multiscene_candidate_005__inflation_000mm,multiscene_candidate_005,0,direction_125,,,,both_right_censored
multiscene_candidate_005__inflation_000mm,multiscene_candidate_005,0,direction_126,,,,both_right_censored
multiscene_candidate_005__inflation_000mm,multiscene_candidate_005,0,direction_127,,,,both_right_censored
multiscene_candidate_005__inflation_005mm,multiscene_candidate_005,5,direction_000,18.0,18.0,0.0,exact_sampled_agreement
multiscene_candidate_005__inflation_005mm,multiscene_candidate_005,5,direction_001,18.0,16.0,-2.0,physx_earlier
multiscene_candidate_005__inflation_005mm,multiscene_candidate_005,5,direction_002,18.0,18.0,0.0,exact_sampled_agreement
multiscene_candidate_005__inflation_005mm,multiscene_candidate_005,5,direction_003,20.0,20.0,0.0,exact_sampled_agreement
multiscene_candidate_005__inflation_005mm,multiscene_candidate_005,5,direction_004,18.0,16.0,-2.0,physx_earlier
multiscene_candidate_005__inflation_005mm,multiscene_candidate_005,5,direction_005,22.0,20.0,-2.0,physx_earlier
multiscene_candidate_005__inflation_005mm,multiscene_candidate_005,5,direction_006,18.0,18.0,0.0,exact_sampled_agreement
multiscene_candidate_005__inflation_005mm,multiscene_candidate_005,5,direction_007,20.0,18.0,-2.0,physx_earlier
multiscene_candidate_005__inflation_005mm,multiscene_candidate_005,5,direction_008,24.0,22.0,-2.0,physx_earlier
multiscene_candidate_005__inflation_005mm,multiscene_candidate_005,5,direction_009,18.0,18.0,0.0,exact_sampled_agreement
multiscene_candidate_005__inflation_005mm,multiscene_candidate_005,5,direction_010,24.0,22.0,-2.0,physx_earlier
multiscene_candidate_005__inflation_005mm,multiscene_candidate_005,5,direction_011,24.0,22.0,-2.0,physx_earlier
multiscene_candidate_005__inflation_005mm,multiscene_candidate_005,5,direction_012,18.0,18.0,0.0,exact_sampled_agreement
multiscene_candidate_005__inflation_005mm,multiscene_candidate_005,5,direction_013,28.0,26.0,-2.0,physx_earlier
multiscene_candidate_005__inflation_005mm,multiscene_candidate_005,5,direction_014,22.0,20.0,-2.0,physx_earlier
multiscene_candidate_005__inflation_005mm,multiscene_candidate_005,5,direction_015,22.0,22.0,0.0,exact_sampled_agreement
multiscene_candidate_005__inflation_005mm,multiscene_candidate_005,5,direction_016,28.0,26.0,-2.0,physx_earlier
multiscene_candidate_005__inflation_005mm,multiscene_candidate_005,5,direction_017,18.0,18.0,0.0,exact_sampled_agreement
multiscene_candidate_005__inflation_005mm,multiscene_candidate_005,5,direction_018,30.0,28.0,-2.0,physx_earlier
multiscene_candidate_005__inflation_005mm,multiscene_candidate_005,5,direction_019,24.0,24.0,0.0,exact_sampled_agreement
multiscene_candidate_005__inflation_005mm,multiscene_candidate_005,5,direction_020,22.0,20.0,-2.0,physx_earlier
multiscene_candidate_005__inflation_005mm,multiscene_candidate_005,5,direction_021,36.0,34.0,-2.0,physx_earlier
multiscene_candidate_005__inflation_005mm,multiscene_candidate_005,5,direction_022,22.0,20.0,-2.0,physx_earlier
multiscene_candidate_005__inflation_005mm,multiscene_candidate_005,5,direction_023,32.0,28.0,-4.0,physx_earlier
multiscene_candidate_005__inflation_005mm,multiscene_candidate_005,5,direction_024,32.0,32.0,0.0,exact_sampled_agreement
multiscene_candidate_005__inflation_005mm,multiscene_candidate_005,5,direction_025,22.0,20.0,-2.0,physx_earlier
multiscene_candidate_005__inflation_005mm,multiscene_candidate_005,5,direction_026,44.0,42.0,-2.0,physx_earlier
multiscene_candidate_005__inflation_005mm,multiscene_candidate_005,5,direction_027,26.0,26.0,0.0,exact_sampled_agreement
multiscene_candidate_005__inflation_005mm,multiscene_candidate_005,5,direction_028,28.0,26.0,-2.0,physx_earlier
multiscene_candidate_005__inflation_005mm,multiscene_candidate_005,5,direction_029,48.0,46.0,-2.0,physx_earlier
multiscene_candidate_005__inflation_005mm,multiscene_candidate_005,5,direction_030,24.0,22.0,-2.0,physx_earlier
multiscene_candidate_005__inflation_005mm,multiscene_candidate_005,5,direction_031,44.0,42.0,-2.0,physx_earlier
multiscene_candidate_005__inflation_005mm,multiscene_candidate_005,5,direction_032,40.0,38.0,-2.0,physx_earlier
multiscene_candidate_005__inflation_005mm,multiscene_candidate_005,5,direction_033,26.0,24.0,-2.0,physx_earlier
multiscene_candidate_005__inflation_005mm,multiscene_candidate_005,5,direction_034,,,,both_right_censored
multiscene_candidate_005__inflation_005mm,multiscene_candidate_005,5,direction_035,30.0,26.0,-4.0,physx_earlier
multiscene_candidate_005__inflation_005mm,multiscene_candidate_005,5,direction_036,,,,both_right_censored
multiscene_candidate_005__inflation_005mm,multiscene_candidate_005,5,direction_037,,60.0,,physx_only_observed
multiscene_candidate_005__inflation_005mm,multiscene_candidate_005,5,direction_038,26.0,24.0,-2.0,physx_earlier
multiscene_candidate_005__inflation_005mm,multiscene_candidate_005,5,direction_039,,,,both_right_censored
multiscene_candidate_005__inflation_005mm,multiscene_candidate_005,5,direction_040,44.0,40.0,-4.0,physx_earlier
multiscene_candidate_005__inflation_005mm,multiscene_candidate_005,5,direction_041,,38.0,,physx_only_observed
multiscene_candidate_005__inflation_005mm,multiscene_candidate_005,5,direction_042,,,,both_right_censored
multiscene_candidate_005__inflation_005mm,multiscene_candidate_005,5,direction_043,32.0,28.0,-4.0,physx_earlier
multiscene_candidate_005__inflation_005mm,multiscene_candidate_005,5,direction_044,,,,both_right_censored
multiscene_candidate_005__inflation_005mm,multiscene_candidate_005,5,direction_045,,,,both_right_censored
multiscene_candidate_005__inflation_005mm,multiscene_candidate_005,5,direction_046,32.0,30.0,-2.0,physx_earlier
multiscene_candidate_005__inflation_005mm,multiscene_candidate_005,5,direction_047,,,,both_right_censored
multiscene_candidate_005__inflation_005mm,multiscene_candidate_005,5,direction_048,44.0,42.0,-2.0,physx_earlier
multiscene_candidate_005__inflation_005mm,multiscene_candidate_005,5,direction_049,,,,both_right_censored
multiscene_candidate_005__inflation_005mm,multiscene_candidate_005,5,direction_050,,,,both_right_censored
multiscene_candidate_005__inflation_005mm,multiscene_candidate_005,5,direction_051,34.0,32.0,-2.0,physx_earlier
multiscene_candidate_005__inflation_005mm,multiscene_candidate_005,5,direction_052,,,,both_right_censored
multiscene_candidate_005__inflation_005mm,multiscene_candidate_005,5,direction_053,,,,both_right_censored
multiscene_candidate_005__inflation_005mm,multiscene_candidate_005,5,direction_054,,,,both_right_censored
multiscene_candidate_005__inflation_005mm,multiscene_candidate_005,5,direction_055,,,,both_right_censored
multiscene_candidate_005__inflation_005mm,multiscene_candidate_005,5,direction_056,46.0,44.0,-2.0,physx_earlier
multiscene_candidate_005__inflation_005mm,multiscene_candidate_005,5,direction_057,,,,both_right_censored
multiscene_candidate_005__inflation_005mm,multiscene_candidate_005,5,direction_058,,,,both_right_censored
multiscene_candidate_005__inflation_005mm,multiscene_candidate_005,5,direction_059,44.0,42.0,-2.0,physx_earlier
multiscene_candidate_005__inflation_005mm,multiscene_candidate_005,5,direction_060,,,,both_right_censored
multiscene_candidate_005__inflation_005mm,multiscene_candidate_005,5,direction_061,,,,both_right_censored
multiscene_candidate_005__inflation_005mm,multiscene_candidate_005,5,direction_062,,,,both_right_censored
multiscene_candidate_005__inflation_005mm,multiscene_candidate_005,5,direction_063,,,,both_right_censored
multiscene_candidate_005__inflation_005mm,multiscene_candidate_005,5,direction_064,,52.0,,physx_only_observed
multiscene_candidate_005__inflation_005mm,multiscene_candidate_005,5,direction_065,,,,both_right_censored
multiscene_candidate_005__inflation_005mm,multiscene_candidate_005,5,direction_066,,,,both_right_censored
multiscene_candidate_005__inflation_005mm,multiscene_candidate_005,5,direction_067,,,,both_right_censored
multiscene_candidate_005__inflation_005mm,multiscene_candidate_005,5,direction_068,,,,both_right_censored
multiscene_candidate_005__inflation_005mm,multiscene_candidate_005,5,direction_069,,,,both_right_censored
multiscene_candidate_005__inflation_005mm,multiscene_candidate_005,5,direction_070,,,,both_right_censored
multiscene_candidate_005__inflation_005mm,multiscene_candidate_005,5,direction_071,,,,both_right_censored
multiscene_candidate_005__inflation_005mm,multiscene_candidate_005,5,direction_072,,,,both_right_censored
multiscene_candidate_005__inflation_005mm,multiscene_candidate_005,5,direction_073,,,,both_right_censored
multiscene_candidate_005__inflation_005mm,multiscene_candidate_005,5,direction_074,,,,both_right_censored
multiscene_candidate_005__inflation_005mm,multiscene_candidate_005,5,direction_075,,,,both_right_censored
multiscene_candidate_005__inflation_005mm,multiscene_candidate_005,5,direction_076,,,,both_right_censored
multiscene_candidate_005__inflation_005mm,multiscene_candidate_005,5,direction_077,,,,both_right_censored
multiscene_candidate_005__inflation_005mm,multiscene_candidate_005,5,direction_078,,,,both_right_censored
multiscene_candidate_005__inflation_005mm,multiscene_candidate_005,5,direction_079,,,,both_right_censored
multiscene_candidate_005__inflation_005mm,multiscene_candidate_005,5,direction_080,,,,both_right_censored
multiscene_candidate_005__inflation_005mm,multiscene_candidate_005,5,direction_081,,,,both_right_censored
multiscene_candidate_005__inflation_005mm,multiscene_candidate_005,5,direction_082,,,,both_right_censored
multiscene_candidate_005__inflation_005mm,multiscene_candidate_005,5,direction_083,,,,both_right_censored
multiscene_candidate_005__inflation_005mm,multiscene_candidate_005,5,direction_084,,,,both_right_censored
multiscene_candidate_005__inflation_005mm,multiscene_candidate_005,5,direction_085,,,,both_right_censored
multiscene_candidate_005__inflation_005mm,multiscene_candidate_005,5,direction_086,,,,both_right_censored
multiscene_candidate_005__inflation_005mm,multiscene_candidate_005,5,direction_087,,,,both_right_censored
multiscene_candidate_005__inflation_005mm,multiscene_candidate_005,5,direction_088,,,,both_right_censored
multiscene_candidate_005__inflation_005mm,multiscene_candidate_005,5,direction_089,,,,both_right_censored
multiscene_candidate_005__inflation_005mm,multiscene_candidate_005,5,direction_090,,,,both_right_censored
multiscene_candidate_005__inflation_005mm,multiscene_candidate_005,5,direction_091,,,,both_right_censored
multiscene_candidate_005__inflation_005mm,multiscene_candidate_005,5,direction_092,,,,both_right_censored
multiscene_candidate_005__inflation_005mm,multiscene_candidate_005,5,direction_093,,,,both_right_censored
multiscene_candidate_005__inflation_005mm,multiscene_candidate_005,5,direction_094,,,,both_right_censored
multiscene_candidate_005__inflation_005mm,multiscene_candidate_005,5,direction_095,,,,both_right_censored
multiscene_candidate_005__inflation_005mm,multiscene_candidate_005,5,direction_096,,,,both_right_censored
multiscene_candidate_005__inflation_005mm,multiscene_candidate_005,5,direction_097,,,,both_right_censored
multiscene_candidate_005__inflation_005mm,multiscene_candidate_005,5,direction_098,,,,both_right_censored
multiscene_candidate_005__inflation_005mm,multiscene_candidate_005,5,direction_099,,,,both_right_censored
multiscene_candidate_005__inflation_005mm,multiscene_candidate_005,5,direction_100,,,,both_right_censored
multiscene_candidate_005__inflation_005mm,multiscene_candidate_005,5,direction_101,,,,both_right_censored
multiscene_candidate_005__inflation_005mm,multiscene_candidate_005,5,direction_102,,,,both_right_censored
multiscene_candidate_005__inflation_005mm,multiscene_candidate_005,5,direction_103,,,,both_right_censored
multiscene_candidate_005__inflation_005mm,multiscene_candidate_005,5,direction_104,,,,both_right_censored
multiscene_candidate_005__inflation_005mm,multiscene_candidate_005,5,direction_105,,,,both_right_censored
multiscene_candidate_005__inflation_005mm,multiscene_candidate_005,5,direction_106,,,,both_right_censored
multiscene_candidate_005__inflation_005mm,multiscene_candidate_005,5,direction_107,,,,both_right_censored
multiscene_candidate_005__inflation_005mm,multiscene_candidate_005,5,direction_108,,,,both_right_censored
multiscene_candidate_005__inflation_005mm,multiscene_candidate_005,5,direction_109,,,,both_right_censored
multiscene_candidate_005__inflation_005mm,multiscene_candidate_005,5,direction_110,,,,both_right_censored
multiscene_candidate_005__inflation_005mm,multiscene_candidate_005,5,direction_111,,,,both_right_censored
multiscene_candidate_005__inflation_005mm,multiscene_candidate_005,5,direction_112,,,,both_right_censored
multiscene_candidate_005__inflation_005mm,multiscene_candidate_005,5,direction_113,,,,both_right_censored
multiscene_candidate_005__inflation_005mm,multiscene_candidate_005,5,direction_114,,,,both_right_censored
multiscene_candidate_005__inflation_005mm,multiscene_candidate_005,5,direction_115,,,,both_right_censored
multiscene_candidate_005__inflation_005mm,multiscene_candidate_005,5,direction_116,,,,both_right_censored
multiscene_candidate_005__inflation_005mm,multiscene_candidate_005,5,direction_117,,,,both_right_censored
multiscene_candidate_005__inflation_005mm,multiscene_candidate_005,5,direction_118,,,,both_right_censored
multiscene_candidate_005__inflation_005mm,multiscene_candidate_005,5,direction_119,,,,both_right_censored
multiscene_candidate_005__inflation_005mm,multiscene_candidate_005,5,direction_120,,,,both_right_censored
multiscene_candidate_005__inflation_005mm,multiscene_candidate_005,5,direction_121,,,,both_right_censored
multiscene_candidate_005__inflation_005mm,multiscene_candidate_005,5,direction_122,,,,both_right_censored
multiscene_candidate_005__inflation_005mm,multiscene_candidate_005,5,direction_123,,,,both_right_censored
multiscene_candidate_005__inflation_005mm,multiscene_candidate_005,5,direction_124,,,,both_right_censored
multiscene_candidate_005__inflation_005mm,multiscene_candidate_005,5,direction_125,,,,both_right_censored
multiscene_candidate_005__inflation_005mm,multiscene_candidate_005,5,direction_126,,,,both_right_censored
multiscene_candidate_005__inflation_005mm,multiscene_candidate_005,5,direction_127,,,,both_right_censored
multiscene_candidate_005__inflation_010mm,multiscene_candidate_005,10,direction_000,28.0,26.0,-2.0,physx_earlier
multiscene_candidate_005__inflation_010mm,multiscene_candidate_005,10,direction_001,24.0,24.0,0.0,exact_sampled_agreement
multiscene_candidate_005__inflation_010mm,multiscene_candidate_005,10,direction_002,26.0,26.0,0.0,exact_sampled_agreement
multiscene_candidate_005__inflation_010mm,multiscene_candidate_005,10,direction_003,28.0,28.0,0.0,exact_sampled_agreement
multiscene_candidate_005__inflation_010mm,multiscene_candidate_005,10,direction_004,24.0,22.0,-2.0,physx_earlier
multiscene_candidate_005__inflation_010mm,multiscene_candidate_005,10,direction_005,30.0,30.0,0.0,exact_sampled_agreement
multiscene_candidate_005__inflation_010mm,multiscene_candidate_005,10,direction_006,26.0,26.0,0.0,exact_sampled_agreement
multiscene_candidate_005__inflation_010mm,multiscene_candidate_005,10,direction_007,26.0,26.0,0.0,exact_sampled_agreement
multiscene_candidate_005__inflation_010mm,multiscene_candidate_005,10,direction_008,36.0,34.0,-2.0,physx_earlier
multiscene_candidate_005__inflation_010mm,multiscene_candidate_005,10,direction_009,24.0,24.0,0.0,exact_sampled_agreement
multiscene_candidate_005__inflation_010mm,multiscene_candidate_005,10,direction_010,32.0,32.0,0.0,exact_sampled_agreement
multiscene_candidate_005__inflation_010mm,multiscene_candidate_005,10,direction_011,32.0,32.0,0.0,exact_sampled_agreement
multiscene_candidate_005__inflation_010mm,multiscene_candidate_005,10,direction_012,26.0,24.0,-2.0,physx_earlier
multiscene_candidate_005__inflation_010mm,multiscene_candidate_005,10,direction_013,40.0,38.0,-2.0,physx_earlier
multiscene_candidate_005__inflation_010mm,multiscene_candidate_005,10,direction_014,28.0,26.0,-2.0,physx_earlier
multiscene_candidate_005__inflation_010mm,multiscene_candidate_005,10,direction_015,32.0,30.0,-2.0,physx_earlier
multiscene_candidate_005__inflation_010mm,multiscene_candidate_005,10,direction_016,42.0,40.0,-2.0,physx_earlier
multiscene_candidate_005__inflation_010mm,multiscene_candidate_005,10,direction_017,26.0,24.0,-2.0,physx_earlier
multiscene_candidate_005__inflation_010mm,multiscene_candidate_005,10,direction_018,44.0,42.0,-2.0,physx_earlier
multiscene_candidate_005__inflation_010mm,multiscene_candidate_005,10,direction_019,34.0,34.0,0.0,exact_sampled_agreement
multiscene_candidate_005__inflation_010mm,multiscene_candidate_005,10,direction_020,30.0,28.0,-2.0,physx_earlier
multiscene_candidate_005__inflation_010mm,multiscene_candidate_005,10,direction_021,56.0,52.0,-4.0,physx_earlier
multiscene_candidate_005__inflation_010mm,multiscene_candidate_005,10,direction_022,30.0,26.0,-4.0,physx_earlier
multiscene_candidate_005__inflation_010mm,multiscene_candidate_005,10,direction_023,50.0,46.0,-4.0,physx_earlier
multiscene_candidate_005__inflation_010mm,multiscene_candidate_005,10,direction_024,50.0,48.0,-2.0,physx_earlier
multiscene_candidate_005__inflation_010mm,multiscene_candidate_005,10,direction_025,28.0,26.0,-2.0,physx_earlier
multiscene_candidate_005__inflation_010mm,multiscene_candidate_005,10,direction_026,,,,both_right_censored
multiscene_candidate_005__inflation_010mm,multiscene_candidate_005,10,direction_027,36.0,34.0,-2.0,physx_earlier
multiscene_candidate_005__inflation_010mm,multiscene_candidate_005,10,direction_028,,60.0,,physx_only_observed
multiscene_candidate_005__inflation_010mm,multiscene_candidate_005,10,direction_029,,,,both_right_censored
multiscene_candidate_005__inflation_010mm,multiscene_candidate_005,10,direction_030,30.0,28.0,-2.0,physx_earlier
multiscene_candidate_005__inflation_010mm,multiscene_candidate_005,10,direction_031,,,,both_right_censored
multiscene_candidate_005__inflation_010mm,multiscene_candidate_005,10,direction_032,54.0,52.0,-2.0,physx_earlier
multiscene_candidate_005__inflation_010mm,multiscene_candidate_005,10,direction_033,32.0,30.0,-2.0,physx_earlier
multiscene_candidate_005__inflation_010mm,multiscene_candidate_005,10,direction_034,,,,both_right_censored
multiscene_candidate_005__inflation_010mm,multiscene_candidate_005,10,direction_035,36.0,34.0,-2.0,physx_earlier
multiscene_candidate_005__inflation_010mm,multiscene_candidate_005,10,direction_036,,,,both_right_censored
multiscene_candidate_005__inflation_010mm,multiscene_candidate_005,10,direction_037,,,,both_right_censored
multiscene_candidate_005__inflation_010mm,multiscene_candidate_005,10,direction_038,32.0,30.0,-2.0,physx_earlier
multiscene_candidate_005__inflation_010mm,multiscene_candidate_005,10,direction_039,,,,both_right_censored
multiscene_candidate_005__inflation_010mm,multiscene_candidate_005,10,direction_040,58.0,56.0,-2.0,physx_earlier
multiscene_candidate_005__inflation_010mm,multiscene_candidate_005,10,direction_041,,,,both_right_censored
multiscene_candidate_005__inflation_010mm,multiscene_candidate_005,10,direction_042,,,,both_right_censored
multiscene_candidate_005__inflation_010mm,multiscene_candidate_005,10,direction_043,36.0,34.0,-2.0,physx_earlier
multiscene_candidate_005__inflation_010mm,multiscene_candidate_005,10,direction_044,,,,both_right_censored
multiscene_candidate_005__inflation_010mm,multiscene_candidate_005,10,direction_045,,,,both_right_censored
multiscene_candidate_005__inflation_010mm,multiscene_candidate_005,10,direction_046,38.0,36.0,-2.0,physx_earlier
multiscene_candidate_005__inflation_010mm,multiscene_candidate_005,10,direction_047,,,,both_right_censored
multiscene_candidate_005__inflation_010mm,multiscene_candidate_005,10,direction_048,56.0,52.0,-4.0,physx_earlier
multiscene_candidate_005__inflation_010mm,multiscene_candidate_005,10,direction_049,,,,both_right_censored
multiscene_candidate_005__inflation_010mm,multiscene_candidate_005,10,direction_050,,,,both_right_censored
multiscene_candidate_005__inflation_010mm,multiscene_candidate_005,10,direction_051,38.0,36.0,-2.0,physx_earlier
multiscene_candidate_005__inflation_010mm,multiscene_candidate_005,10,direction_052,,,,both_right_censored
multiscene_candidate_005__inflation_010mm,multiscene_candidate_005,10,direction_053,,,,both_right_censored
multiscene_candidate_005__inflation_010mm,multiscene_candidate_005,10,direction_054,,,,both_right_censored
multiscene_candidate_005__inflation_010mm,multiscene_candidate_005,10,direction_055,,,,both_right_censored
multiscene_candidate_005__inflation_010mm,multiscene_candidate_005,10,direction_056,52.0,46.0,-6.0,physx_earlier
multiscene_candidate_005__inflation_010mm,multiscene_candidate_005,10,direction_057,,,,both_right_censored
multiscene_candidate_005__inflation_010mm,multiscene_candidate_005,10,direction_058,,,,both_right_censored
multiscene_candidate_005__inflation_010mm,multiscene_candidate_005,10,direction_059,44.0,42.0,-2.0,physx_earlier
multiscene_candidate_005__inflation_010mm,multiscene_candidate_005,10,direction_060,,,,both_right_censored
multiscene_candidate_005__inflation_010mm,multiscene_candidate_005,10,direction_061,,,,both_right_censored
multiscene_candidate_005__inflation_010mm,multiscene_candidate_005,10,direction_062,,,,both_right_censored
multiscene_candidate_005__inflation_010mm,multiscene_candidate_005,10,direction_063,,,,both_right_censored
multiscene_candidate_005__inflation_010mm,multiscene_candidate_005,10,direction_064,,52.0,,physx_only_observed
multiscene_candidate_005__inflation_010mm,multiscene_candidate_005,10,direction_065,,,,both_right_censored
multiscene_candidate_005__inflation_010mm,multiscene_candidate_005,10,direction_066,,,,both_right_censored
multiscene_candidate_005__inflation_010mm,multiscene_candidate_005,10,direction_067,,,,both_right_censored
multiscene_candidate_005__inflation_010mm,multiscene_candidate_005,10,direction_068,,,,both_right_censored
multiscene_candidate_005__inflation_010mm,multiscene_candidate_005,10,direction_069,,,,both_right_censored
multiscene_candidate_005__inflation_010mm,multiscene_candidate_005,10,direction_070,,,,both_right_censored
multiscene_candidate_005__inflation_010mm,multiscene_candidate_005,10,direction_071,,,,both_right_censored
multiscene_candidate_005__inflation_010mm,multiscene_candidate_005,10,direction_072,,,,both_right_censored
multiscene_candidate_005__inflation_010mm,multiscene_candidate_005,10,direction_073,,,,both_right_censored
multiscene_candidate_005__inflation_010mm,multiscene_candidate_005,10,direction_074,,,,both_right_censored
multiscene_candidate_005__inflation_010mm,multiscene_candidate_005,10,direction_075,,,,both_right_censored
multiscene_candidate_005__inflation_010mm,multiscene_candidate_005,10,direction_076,,,,both_right_censored
multiscene_candidate_005__inflation_010mm,multiscene_candidate_005,10,direction_077,,,,both_right_censored
multiscene_candidate_005__inflation_010mm,multiscene_candidate_005,10,direction_078,,,,both_right_censored
multiscene_candidate_005__inflation_010mm,multiscene_candidate_005,10,direction_079,,,,both_right_censored
multiscene_candidate_005__inflation_010mm,multiscene_candidate_005,10,direction_080,,,,both_right_censored
multiscene_candidate_005__inflation_010mm,multiscene_candidate_005,10,direction_081,,,,both_right_censored
multiscene_candidate_005__inflation_010mm,multiscene_candidate_005,10,direction_082,,,,both_right_censored
multiscene_candidate_005__inflation_010mm,multiscene_candidate_005,10,direction_083,,,,both_right_censored
multiscene_candidate_005__inflation_010mm,multiscene_candidate_005,10,direction_084,,,,both_right_censored
multiscene_candidate_005__inflation_010mm,multiscene_candidate_005,10,direction_085,,,,both_right_censored
multiscene_candidate_005__inflation_010mm,multiscene_candidate_005,10,direction_086,,,,both_right_censored
multiscene_candidate_005__inflation_010mm,multiscene_candidate_005,10,direction_087,,,,both_right_censored
multiscene_candidate_005__inflation_010mm,multiscene_candidate_005,10,direction_088,,,,both_right_censored
multiscene_candidate_005__inflation_010mm,multiscene_candidate_005,10,direction_089,,,,both_right_censored
multiscene_candidate_005__inflation_010mm,multiscene_candidate_005,10,direction_090,,,,both_right_censored
multiscene_candidate_005__inflation_010mm,multiscene_candidate_005,10,direction_091,,,,both_right_censored
multiscene_candidate_005__inflation_010mm,multiscene_candidate_005,10,direction_092,,,,both_right_censored
multiscene_candidate_005__inflation_010mm,multiscene_candidate_005,10,direction_093,,,,both_right_censored
multiscene_candidate_005__inflation_010mm,multiscene_candidate_005,10,direction_094,,,,both_right_censored
multiscene_candidate_005__inflation_010mm,multiscene_candidate_005,10,direction_095,,,,both_right_censored
multiscene_candidate_005__inflation_010mm,multiscene_candidate_005,10,direction_096,,,,both_right_censored
multiscene_candidate_005__inflation_010mm,multiscene_candidate_005,10,direction_097,,,,both_right_censored
multiscene_candidate_005__inflation_010mm,multiscene_candidate_005,10,direction_098,,,,both_right_censored
multiscene_candidate_005__inflation_010mm,multiscene_candidate_005,10,direction_099,,,,both_right_censored
multiscene_candidate_005__inflation_010mm,multiscene_candidate_005,10,direction_100,,,,both_right_censored
multiscene_candidate_005__inflation_010mm,multiscene_candidate_005,10,direction_101,,,,both_right_censored
multiscene_candidate_005__inflation_010mm,multiscene_candidate_005,10,direction_102,,,,both_right_censored
multiscene_candidate_005__inflation_010mm,multiscene_candidate_005,10,direction_103,,,,both_right_censored
multiscene_candidate_005__inflation_010mm,multiscene_candidate_005,10,direction_104,,,,both_right_censored
multiscene_candidate_005__inflation_010mm,multiscene_candidate_005,10,direction_105,,,,both_right_censored
multiscene_candidate_005__inflation_010mm,multiscene_candidate_005,10,direction_106,,,,both_right_censored
multiscene_candidate_005__inflation_010mm,multiscene_candidate_005,10,direction_107,,,,both_right_censored
multiscene_candidate_005__inflation_010mm,multiscene_candidate_005,10,direction_108,,,,both_right_censored
multiscene_candidate_005__inflation_010mm,multiscene_candidate_005,10,direction_109,,,,both_right_censored
multiscene_candidate_005__inflation_010mm,multiscene_candidate_005,10,direction_110,,,,both_right_censored
multiscene_candidate_005__inflation_010mm,multiscene_candidate_005,10,direction_111,,,,both_right_censored
multiscene_candidate_005__inflation_010mm,multiscene_candidate_005,10,direction_112,,,,both_right_censored
multiscene_candidate_005__inflation_010mm,multiscene_candidate_005,10,direction_113,,,,both_right_censored
multiscene_candidate_005__inflation_010mm,multiscene_candidate_005,10,direction_114,,,,both_right_censored
multiscene_candidate_005__inflation_010mm,multiscene_candidate_005,10,direction_115,,,,both_right_censored
multiscene_candidate_005__inflation_010mm,multiscene_candidate_005,10,direction_116,,,,both_right_censored
multiscene_candidate_005__inflation_010mm,multiscene_candidate_005,10,direction_117,,,,both_right_censored
multiscene_candidate_005__inflation_010mm,multiscene_candidate_005,10,direction_118,,,,both_right_censored
multiscene_candidate_005__inflation_010mm,multiscene_candidate_005,10,direction_119,,,,both_right_censored
multiscene_candidate_005__inflation_010mm,multiscene_candidate_005,10,direction_120,,,,both_right_censored
multiscene_candidate_005__inflation_010mm,multiscene_candidate_005,10,direction_121,,,,both_right_censored
multiscene_candidate_005__inflation_010mm,multiscene_candidate_005,10,direction_122,,,,both_right_censored
multiscene_candidate_005__inflation_010mm,multiscene_candidate_005,10,direction_123,,,,both_right_censored
multiscene_candidate_005__inflation_010mm,multiscene_candidate_005,10,direction_124,,,,both_right_censored
multiscene_candidate_005__inflation_010mm,multiscene_candidate_005,10,direction_125,,,,both_right_censored
multiscene_candidate_005__inflation_010mm,multiscene_candidate_005,10,direction_126,,,,both_right_censored
multiscene_candidate_005__inflation_010mm,multiscene_candidate_005,10,direction_127,,,,both_right_censored
multiscene_candidate_005__inflation_015mm,multiscene_candidate_005,15,direction_000,36.0,34.0,-2.0,physx_earlier
multiscene_candidate_005__inflation_015mm,multiscene_candidate_005,15,direction_001,32.0,32.0,0.0,exact_sampled_agreement
multiscene_candidate_005__inflation_015mm,multiscene_candidate_005,15,direction_002,36.0,34.0,-2.0,physx_earlier
multiscene_candidate_005__inflation_015mm,multiscene_candidate_005,15,direction_003,38.0,36.0,-2.0,physx_earlier
multiscene_candidate_005__inflation_015mm,multiscene_candidate_005,15,direction_004,32.0,30.0,-2.0,physx_earlier
multiscene_candidate_005__inflation_015mm,multiscene_candidate_005,15,direction_005,40.0,36.0,-4.0,physx_earlier
multiscene_candidate_005__inflation_015mm,multiscene_candidate_005,15,direction_006,36.0,34.0,-2.0,physx_earlier
multiscene_candidate_005__inflation_015mm,multiscene_candidate_005,15,direction_007,34.0,34.0,0.0,exact_sampled_agreement
multiscene_candidate_005__inflation_015mm,multiscene_candidate_005,15,direction_008,42.0,38.0,-4.0,physx_earlier
multiscene_candidate_005__inflation_015mm,multiscene_candidate_005,15,direction_009,32.0,30.0,-2.0,physx_earlier
multiscene_candidate_005__inflation_015mm,multiscene_candidate_005,15,direction_010,44.0,40.0,-4.0,physx_earlier
multiscene_candidate_005__inflation_015mm,multiscene_candidate_005,15,direction_011,44.0,40.0,-4.0,physx_earlier
multiscene_candidate_005__inflation_015mm,multiscene_candidate_005,15,direction_012,32.0,30.0,-2.0,physx_earlier
multiscene_candidate_005__inflation_015mm,multiscene_candidate_005,15,direction_013,46.0,42.0,-4.0,physx_earlier
multiscene_candidate_005__inflation_015mm,multiscene_candidate_005,15,direction_014,36.0,34.0,-2.0,physx_earlier
multiscene_candidate_005__inflation_015mm,multiscene_candidate_005,15,direction_015,46.0,42.0,-4.0,physx_earlier
multiscene_candidate_005__inflation_015mm,multiscene_candidate_005,15,direction_016,48.0,46.0,-2.0,physx_earlier
multiscene_candidate_005__inflation_015mm,multiscene_candidate_005,15,direction_017,32.0,30.0,-2.0,physx_earlier
multiscene_candidate_005__inflation_015mm,multiscene_candidate_005,15,direction_018,52.0,48.0,-4.0,physx_earlier
multiscene_candidate_005__inflation_015mm,multiscene_candidate_005,15,direction_019,48.0,46.0,-2.0,physx_earlier
multiscene_candidate_005__inflation_015mm,multiscene_candidate_005,15,direction_020,38.0,38.0,0.0,exact_sampled_agreement
multiscene_candidate_005__inflation_015mm,multiscene_candidate_005,15,direction_021,56.0,54.0,-2.0,physx_earlier
multiscene_candidate_005__inflation_015mm,multiscene_candidate_005,15,direction_022,36.0,34.0,-2.0,physx_earlier
multiscene_candidate_005__inflation_015mm,multiscene_candidate_005,15,direction_023,58.0,52.0,-6.0,physx_earlier
multiscene_candidate_005__inflation_015mm,multiscene_candidate_005,15,direction_024,58.0,54.0,-4.0,physx_earlier
multiscene_candidate_005__inflation_015mm,multiscene_candidate_005,15,direction_025,34.0,32.0,-2.0,physx_earlier
multiscene_candidate_005__inflation_015mm,multiscene_candidate_005,15,direction_026,,,,both_right_censored
multiscene_candidate_005__inflation_015mm,multiscene_candidate_005,15,direction_027,46.0,46.0,0.0,exact_sampled_agreement
multiscene_candidate_005__inflation_015mm,multiscene_candidate_005,15,direction_028,,60.0,,physx_only_observed
multiscene_candidate_005__inflation_015mm,multiscene_candidate_005,15,direction_029,,,,both_right_censored
multiscene_candidate_005__inflation_015mm,multiscene_candidate_005,15,direction_030,36.0,32.0,-4.0,physx_earlier
multiscene_candidate_005__inflation_015mm,multiscene_candidate_005,15,direction_031,,,,both_right_censored
multiscene_candidate_005__inflation_015mm,multiscene_candidate_005,15,direction_032,,,,both_right_censored
multiscene_candidate_005__inflation_015mm,multiscene_candidate_005,15,direction_033,44.0,38.0,-6.0,physx_earlier
multiscene_candidate_005__inflation_015mm,multiscene_candidate_005,15,direction_034,,,,both_right_censored
multiscene_candidate_005__inflation_015mm,multiscene_candidate_005,15,direction_035,44.0,40.0,-4.0,physx_earlier
multiscene_candidate_005__inflation_015mm,multiscene_candidate_005,15,direction_036,,,,both_right_censored
multiscene_candidate_005__inflation_015mm,multiscene_candidate_005,15,direction_037,,,,both_right_censored
multiscene_candidate_005__inflation_015mm,multiscene_candidate_005,15,direction_038,36.0,32.0,-4.0,physx_earlier
multiscene_candidate_005__inflation_015mm,multiscene_candidate_005,15,direction_039,,,,both_right_censored
multiscene_candidate_005__inflation_015mm,multiscene_candidate_005,15,direction_040,,,,both_right_censored
multiscene_candidate_005__inflation_015mm,multiscene_candidate_005,15,direction_041,,,,both_right_censored
multiscene_candidate_005__inflation_015mm,multiscene_candidate_005,15,direction_042,,,,both_right_censored
multiscene_candidate_005__inflation_015mm,multiscene_candidate_005,15,direction_043,42.0,38.0,-4.0,physx_earlier
multiscene_candidate_005__inflation_015mm,multiscene_candidate_005,15,direction_044,,,,both_right_censored
multiscene_candidate_005__inflation_015mm,multiscene_candidate_005,15,direction_045,,,,both_right_censored
multiscene_candidate_005__inflation_015mm,multiscene_candidate_005,15,direction_046,42.0,40.0,-2.0,physx_earlier
multiscene_candidate_005__inflation_015mm,multiscene_candidate_005,15,direction_047,,,,both_right_censored
multiscene_candidate_005__inflation_015mm,multiscene_candidate_005,15,direction_048,,58.0,,physx_only_observed
multiscene_candidate_005__inflation_015mm,multiscene_candidate_005,15,direction_049,,,,both_right_censored
multiscene_candidate_005__inflation_015mm,multiscene_candidate_005,15,direction_050,,,,both_right_censored
multiscene_candidate_005__inflation_015mm,multiscene_candidate_005,15,direction_051,40.0,36.0,-4.0,physx_earlier
multiscene_candidate_005__inflation_015mm,multiscene_candidate_005,15,direction_052,,,,both_right_censored
multiscene_candidate_005__inflation_015mm,multiscene_candidate_005,15,direction_053,,,,both_right_censored
multiscene_candidate_005__inflation_015mm,multiscene_candidate_005,15,direction_054,,,,both_right_censored
multiscene_candidate_005__inflation_015mm,multiscene_candidate_005,15,direction_055,,,,both_right_censored
multiscene_candidate_005__inflation_015mm,multiscene_candidate_005,15,direction_056,54.0,48.0,-6.0,physx_earlier
multiscene_candidate_005__inflation_015mm,multiscene_candidate_005,15,direction_057,,,,both_right_censored
multiscene_candidate_005__inflation_015mm,multiscene_candidate_005,15,direction_058,,,,both_right_censored
multiscene_candidate_005__inflation_015mm,multiscene_candidate_005,15,direction_059,44.0,42.0,-2.0,physx_earlier
multiscene_candidate_005__inflation_015mm,multiscene_candidate_005,15,direction_060,,,,both_right_censored
multiscene_candidate_005__inflation_015mm,multiscene_candidate_005,15,direction_061,,,,both_right_censored
multiscene_candidate_005__inflation_015mm,multiscene_candidate_005,15,direction_062,,,,both_right_censored
multiscene_candidate_005__inflation_015mm,multiscene_candidate_005,15,direction_063,,,,both_right_censored
multiscene_candidate_005__inflation_015mm,multiscene_candidate_005,15,direction_064,,52.0,,physx_only_observed
multiscene_candidate_005__inflation_015mm,multiscene_candidate_005,15,direction_065,,,,both_right_censored
multiscene_candidate_005__inflation_015mm,multiscene_candidate_005,15,direction_066,,,,both_right_censored
multiscene_candidate_005__inflation_015mm,multiscene_candidate_005,15,direction_067,,,,both_right_censored
multiscene_candidate_005__inflation_015mm,multiscene_candidate_005,15,direction_068,,,,both_right_censored
multiscene_candidate_005__inflation_015mm,multiscene_candidate_005,15,direction_069,,,,both_right_censored
multiscene_candidate_005__inflation_015mm,multiscene_candidate_005,15,direction_070,,,,both_right_censored
multiscene_candidate_005__inflation_015mm,multiscene_candidate_005,15,direction_071,,,,both_right_censored
multiscene_candidate_005__inflation_015mm,multiscene_candidate_005,15,direction_072,,,,both_right_censored
multiscene_candidate_005__inflation_015mm,multiscene_candidate_005,15,direction_073,,,,both_right_censored
multiscene_candidate_005__inflation_015mm,multiscene_candidate_005,15,direction_074,,,,both_right_censored
multiscene_candidate_005__inflation_015mm,multiscene_candidate_005,15,direction_075,,,,both_right_censored
multiscene_candidate_005__inflation_015mm,multiscene_candidate_005,15,direction_076,,,,both_right_censored
multiscene_candidate_005__inflation_015mm,multiscene_candidate_005,15,direction_077,,,,both_right_censored
multiscene_candidate_005__inflation_015mm,multiscene_candidate_005,15,direction_078,,,,both_right_censored
multiscene_candidate_005__inflation_015mm,multiscene_candidate_005,15,direction_079,,,,both_right_censored
multiscene_candidate_005__inflation_015mm,multiscene_candidate_005,15,direction_080,,,,both_right_censored
multiscene_candidate_005__inflation_015mm,multiscene_candidate_005,15,direction_081,,,,both_right_censored
multiscene_candidate_005__inflation_015mm,multiscene_candidate_005,15,direction_082,,,,both_right_censored
multiscene_candidate_005__inflation_015mm,multiscene_candidate_005,15,direction_083,,,,both_right_censored
multiscene_candidate_005__inflation_015mm,multiscene_candidate_005,15,direction_084,,,,both_right_censored
multiscene_candidate_005__inflation_015mm,multiscene_candidate_005,15,direction_085,,,,both_right_censored
multiscene_candidate_005__inflation_015mm,multiscene_candidate_005,15,direction_086,,,,both_right_censored
multiscene_candidate_005__inflation_015mm,multiscene_candidate_005,15,direction_087,,,,both_right_censored
multiscene_candidate_005__inflation_015mm,multiscene_candidate_005,15,direction_088,,,,both_right_censored
multiscene_candidate_005__inflation_015mm,multiscene_candidate_005,15,direction_089,,,,both_right_censored
multiscene_candidate_005__inflation_015mm,multiscene_candidate_005,15,direction_090,,,,both_right_censored
multiscene_candidate_005__inflation_015mm,multiscene_candidate_005,15,direction_091,,,,both_right_censored
multiscene_candidate_005__inflation_015mm,multiscene_candidate_005,15,direction_092,,,,both_right_censored
multiscene_candidate_005__inflation_015mm,multiscene_candidate_005,15,direction_093,,,,both_right_censored
multiscene_candidate_005__inflation_015mm,multiscene_candidate_005,15,direction_094,,,,both_right_censored
multiscene_candidate_005__inflation_015mm,multiscene_candidate_005,15,direction_095,,,,both_right_censored
multiscene_candidate_005__inflation_015mm,multiscene_candidate_005,15,direction_096,,,,both_right_censored
multiscene_candidate_005__inflation_015mm,multiscene_candidate_005,15,direction_097,,,,both_right_censored
multiscene_candidate_005__inflation_015mm,multiscene_candidate_005,15,direction_098,,,,both_right_censored
multiscene_candidate_005__inflation_015mm,multiscene_candidate_005,15,direction_099,,,,both_right_censored
multiscene_candidate_005__inflation_015mm,multiscene_candidate_005,15,direction_100,,,,both_right_censored
multiscene_candidate_005__inflation_015mm,multiscene_candidate_005,15,direction_101,,,,both_right_censored
multiscene_candidate_005__inflation_015mm,multiscene_candidate_005,15,direction_102,,,,both_right_censored
multiscene_candidate_005__inflation_015mm,multiscene_candidate_005,15,direction_103,,,,both_right_censored
multiscene_candidate_005__inflation_015mm,multiscene_candidate_005,15,direction_104,,,,both_right_censored
multiscene_candidate_005__inflation_015mm,multiscene_candidate_005,15,direction_105,,,,both_right_censored
multiscene_candidate_005__inflation_015mm,multiscene_candidate_005,15,direction_106,,,,both_right_censored
multiscene_candidate_005__inflation_015mm,multiscene_candidate_005,15,direction_107,,,,both_right_censored
multiscene_candidate_005__inflation_015mm,multiscene_candidate_005,15,direction_108,,,,both_right_censored
multiscene_candidate_005__inflation_015mm,multiscene_candidate_005,15,direction_109,,,,both_right_censored
multiscene_candidate_005__inflation_015mm,multiscene_candidate_005,15,direction_110,,,,both_right_censored
multiscene_candidate_005__inflation_015mm,multiscene_candidate_005,15,direction_111,,,,both_right_censored
multiscene_candidate_005__inflation_015mm,multiscene_candidate_005,15,direction_112,,,,both_right_censored
multiscene_candidate_005__inflation_015mm,multiscene_candidate_005,15,direction_113,,,,both_right_censored
multiscene_candidate_005__inflation_015mm,multiscene_candidate_005,15,direction_114,,,,both_right_censored
multiscene_candidate_005__inflation_015mm,multiscene_candidate_005,15,direction_115,,,,both_right_censored
multiscene_candidate_005__inflation_015mm,multiscene_candidate_005,15,direction_116,,,,both_right_censored
multiscene_candidate_005__inflation_015mm,multiscene_candidate_005,15,direction_117,,,,both_right_censored
multiscene_candidate_005__inflation_015mm,multiscene_candidate_005,15,direction_118,,,,both_right_censored
multiscene_candidate_005__inflation_015mm,multiscene_candidate_005,15,direction_119,,,,both_right_censored
multiscene_candidate_005__inflation_015mm,multiscene_candidate_005,15,direction_120,,,,both_right_censored
multiscene_candidate_005__inflation_015mm,multiscene_candidate_005,15,direction_121,,,,both_right_censored
multiscene_candidate_005__inflation_015mm,multiscene_candidate_005,15,direction_122,,,,both_right_censored
multiscene_candidate_005__inflation_015mm,multiscene_candidate_005,15,direction_123,,,,both_right_censored
multiscene_candidate_005__inflation_015mm,multiscene_candidate_005,15,direction_124,,,,both_right_censored
multiscene_candidate_005__inflation_015mm,multiscene_candidate_005,15,direction_125,,,,both_right_censored
multiscene_candidate_005__inflation_015mm,multiscene_candidate_005,15,direction_126,,,,both_right_censored
multiscene_candidate_005__inflation_015mm,multiscene_candidate_005,15,direction_127,,,,both_right_censored
multiscene_candidate_005__inflation_020mm,multiscene_candidate_005,20,direction_000,36.0,34.0,-2.0,physx_earlier
multiscene_candidate_005__inflation_020mm,multiscene_candidate_005,20,direction_001,38.0,34.0,-4.0,physx_earlier
multiscene_candidate_005__inflation_020mm,multiscene_candidate_005,20,direction_002,38.0,36.0,-2.0,physx_earlier
multiscene_candidate_005__inflation_020mm,multiscene_candidate_005,20,direction_003,38.0,36.0,-2.0,physx_earlier
multiscene_candidate_005__inflation_020mm,multiscene_candidate_005,20,direction_004,38.0,36.0,-2.0,physx_earlier
multiscene_candidate_005__inflation_020mm,multiscene_candidate_005,20,direction_005,40.0,36.0,-4.0,physx_earlier
multiscene_candidate_005__inflation_020mm,multiscene_candidate_005,20,direction_006,40.0,38.0,-2.0,physx_earlier
multiscene_candidate_005__inflation_020mm,multiscene_candidate_005,20,direction_007,42.0,38.0,-4.0,physx_earlier
multiscene_candidate_005__inflation_020mm,multiscene_candidate_005,20,direction_008,42.0,38.0,-4.0,physx_earlier
multiscene_candidate_005__inflation_020mm,multiscene_candidate_005,20,direction_009,40.0,38.0,-2.0,physx_earlier
multiscene_candidate_005__inflation_020mm,multiscene_candidate_005,20,direction_010,44.0,40.0,-4.0,physx_earlier
multiscene_candidate_005__inflation_020mm,multiscene_candidate_005,20,direction_011,44.0,40.0,-4.0,physx_earlier
multiscene_candidate_005__inflation_020mm,multiscene_candidate_005,20,direction_012,40.0,38.0,-2.0,physx_earlier
multiscene_candidate_005__inflation_020mm,multiscene_candidate_005,20,direction_013,46.0,42.0,-4.0,physx_earlier
multiscene_candidate_005__inflation_020mm,multiscene_candidate_005,20,direction_014,46.0,42.0,-4.0,physx_earlier
multiscene_candidate_005__inflation_020mm,multiscene_candidate_005,20,direction_015,48.0,44.0,-4.0,physx_earlier
multiscene_candidate_005__inflation_020mm,multiscene_candidate_005,20,direction_016,48.0,46.0,-2.0,physx_earlier
multiscene_candidate_005__inflation_020mm,multiscene_candidate_005,20,direction_017,38.0,36.0,-2.0,physx_earlier
multiscene_candidate_005__inflation_020mm,multiscene_candidate_005,20,direction_018,52.0,48.0,-4.0,physx_earlier
multiscene_candidate_005__inflation_020mm,multiscene_candidate_005,20,direction_019,52.0,48.0,-4.0,physx_earlier
multiscene_candidate_005__inflation_020mm,multiscene_candidate_005,20,direction_020,54.0,50.0,-4.0,physx_earlier
multiscene_candidate_005__inflation_020mm,multiscene_candidate_005,20,direction_021,56.0,54.0,-2.0,physx_earlier
multiscene_candidate_005__inflation_020mm,multiscene_candidate_005,20,direction_022,42.0,40.0,-2.0,physx_earlier
multiscene_candidate_005__inflation_020mm,multiscene_candidate_005,20,direction_023,58.0,52.0,-6.0,physx_earlier
multiscene_candidate_005__inflation_020mm,multiscene_candidate_005,20,direction_024,58.0,54.0,-4.0,physx_earlier
multiscene_candidate_005__inflation_020mm,multiscene_candidate_005,20,direction_025,40.0,36.0,-4.0,physx_earlier
multiscene_candidate_005__inflation_020mm,multiscene_candidate_005,20,direction_026,,,,both_right_censored
multiscene_candidate_005__inflation_020mm,multiscene_candidate_005,20,direction_027,60.0,56.0,-4.0,physx_earlier
multiscene_candidate_005__inflation_020mm,multiscene_candidate_005,20,direction_028,,60.0,,physx_only_observed
multiscene_candidate_005__inflation_020mm,multiscene_candidate_005,20,direction_029,,,,both_right_censored
multiscene_candidate_005__inflation_020mm,multiscene_candidate_005,20,direction_030,40.0,38.0,-2.0,physx_earlier
multiscene_candidate_005__inflation_020mm,multiscene_candidate_005,20,direction_031,,,,both_right_censored
multiscene_candidate_005__inflation_020mm,multiscene_candidate_005,20,direction_032,,,,both_right_censored
multiscene_candidate_005__inflation_020mm,multiscene_candidate_005,20,direction_033,,46.0,,physx_only_observed
multiscene_candidate_005__inflation_020mm,multiscene_candidate_005,20,direction_034,,,,both_right_censored
multiscene_candidate_005__inflation_020mm,multiscene_candidate_005,20,direction_035,52.0,46.0,-6.0,physx_earlier
multiscene_candidate_005__inflation_020mm,multiscene_candidate_005,20,direction_036,,,,both_right_censored
multiscene_candidate_005__inflation_020mm,multiscene_candidate_005,20,direction_037,,,,both_right_censored
multiscene_candidate_005__inflation_020mm,multiscene_candidate_005,20,direction_038,40.0,36.0,-4.0,physx_earlier
multiscene_candidate_005__inflation_020mm,multiscene_candidate_005,20,direction_039,,,,both_right_censored
multiscene_candidate_005__inflation_020mm,multiscene_candidate_005,20,direction_040,,,,both_right_censored
multiscene_candidate_005__inflation_020mm,multiscene_candidate_005,20,direction_041,,,,both_right_censored
multiscene_candidate_005__inflation_020mm,multiscene_candidate_005,20,direction_042,,,,both_right_censored
multiscene_candidate_005__inflation_020mm,multiscene_candidate_005,20,direction_043,44.0,40.0,-4.0,physx_earlier
multiscene_candidate_005__inflation_020mm,multiscene_candidate_005,20,direction_044,,,,both_right_censored
multiscene_candidate_005__inflation_020mm,multiscene_candidate_005,20,direction_045,,,,both_right_censored
multiscene_candidate_005__inflation_020mm,multiscene_candidate_005,20,direction_046,44.0,40.0,-4.0,physx_earlier
multiscene_candidate_005__inflation_020mm,multiscene_candidate_005,20,direction_047,,,,both_right_censored
multiscene_candidate_005__inflation_020mm,multiscene_candidate_005,20,direction_048,,,,both_right_censored
multiscene_candidate_005__inflation_020mm,multiscene_candidate_005,20,direction_049,,,,both_right_censored
multiscene_candidate_005__inflation_020mm,multiscene_candidate_005,20,direction_050,,,,both_right_censored
multiscene_candidate_005__inflation_020mm,multiscene_candidate_005,20,direction_051,42.0,36.0,-6.0,physx_earlier
multiscene_candidate_005__inflation_020mm,multiscene_candidate_005,20,direction_052,,,,both_right_censored
multiscene_candidate_005__inflation_020mm,multiscene_candidate_005,20,direction_053,,,,both_right_censored
multiscene_candidate_005__inflation_020mm,multiscene_candidate_005,20,direction_054,,,,both_right_censored
multiscene_candidate_005__inflation_020mm,multiscene_candidate_005,20,direction_055,,,,both_right_censored
multiscene_candidate_005__inflation_020mm,multiscene_candidate_005,20,direction_056,54.0,48.0,-6.0,physx_earlier
multiscene_candidate_005__inflation_020mm,multiscene_candidate_005,20,direction_057,,,,both_right_censored
multiscene_candidate_005__inflation_020mm,multiscene_candidate_005,20,direction_058,,,,both_right_censored
multiscene_candidate_005__inflation_020mm,multiscene_candidate_005,20,direction_059,44.0,42.0,-2.0,physx_earlier
multiscene_candidate_005__inflation_020mm,multiscene_candidate_005,20,direction_060,,,,both_right_censored
multiscene_candidate_005__inflation_020mm,multiscene_candidate_005,20,direction_061,,,,both_right_censored
multiscene_candidate_005__inflation_020mm,multiscene_candidate_005,20,direction_062,,,,both_right_censored
multiscene_candidate_005__inflation_020mm,multiscene_candidate_005,20,direction_063,,,,both_right_censored
multiscene_candidate_005__inflation_020mm,multiscene_candidate_005,20,direction_064,,52.0,,physx_only_observed
multiscene_candidate_005__inflation_020mm,multiscene_candidate_005,20,direction_065,,,,both_right_censored
multiscene_candidate_005__inflation_020mm,multiscene_candidate_005,20,direction_066,,,,both_right_censored
multiscene_candidate_005__inflation_020mm,multiscene_candidate_005,20,direction_067,,,,both_right_censored
multiscene_candidate_005__inflation_020mm,multiscene_candidate_005,20,direction_068,,,,both_right_censored
multiscene_candidate_005__inflation_020mm,multiscene_candidate_005,20,direction_069,,,,both_right_censored
multiscene_candidate_005__inflation_020mm,multiscene_candidate_005,20,direction_070,,,,both_right_censored
multiscene_candidate_005__inflation_020mm,multiscene_candidate_005,20,direction_071,,,,both_right_censored
multiscene_candidate_005__inflation_020mm,multiscene_candidate_005,20,direction_072,,,,both_right_censored
multiscene_candidate_005__inflation_020mm,multiscene_candidate_005,20,direction_073,,,,both_right_censored
multiscene_candidate_005__inflation_020mm,multiscene_candidate_005,20,direction_074,,,,both_right_censored
multiscene_candidate_005__inflation_020mm,multiscene_candidate_005,20,direction_075,,,,both_right_censored
multiscene_candidate_005__inflation_020mm,multiscene_candidate_005,20,direction_076,,,,both_right_censored
multiscene_candidate_005__inflation_020mm,multiscene_candidate_005,20,direction_077,,,,both_right_censored
multiscene_candidate_005__inflation_020mm,multiscene_candidate_005,20,direction_078,,,,both_right_censored
multiscene_candidate_005__inflation_020mm,multiscene_candidate_005,20,direction_079,,,,both_right_censored
multiscene_candidate_005__inflation_020mm,multiscene_candidate_005,20,direction_080,,,,both_right_censored
multiscene_candidate_005__inflation_020mm,multiscene_candidate_005,20,direction_081,,,,both_right_censored
multiscene_candidate_005__inflation_020mm,multiscene_candidate_005,20,direction_082,,,,both_right_censored
multiscene_candidate_005__inflation_020mm,multiscene_candidate_005,20,direction_083,,,,both_right_censored
multiscene_candidate_005__inflation_020mm,multiscene_candidate_005,20,direction_084,,,,both_right_censored
multiscene_candidate_005__inflation_020mm,multiscene_candidate_005,20,direction_085,,,,both_right_censored
multiscene_candidate_005__inflation_020mm,multiscene_candidate_005,20,direction_086,,,,both_right_censored
multiscene_candidate_005__inflation_020mm,multiscene_candidate_005,20,direction_087,,,,both_right_censored
multiscene_candidate_005__inflation_020mm,multiscene_candidate_005,20,direction_088,,,,both_right_censored
multiscene_candidate_005__inflation_020mm,multiscene_candidate_005,20,direction_089,,,,both_right_censored
multiscene_candidate_005__inflation_020mm,multiscene_candidate_005,20,direction_090,,,,both_right_censored
multiscene_candidate_005__inflation_020mm,multiscene_candidate_005,20,direction_091,,,,both_right_censored
multiscene_candidate_005__inflation_020mm,multiscene_candidate_005,20,direction_092,,,,both_right_censored
multiscene_candidate_005__inflation_020mm,multiscene_candidate_005,20,direction_093,,,,both_right_censored
multiscene_candidate_005__inflation_020mm,multiscene_candidate_005,20,direction_094,,,,both_right_censored
multiscene_candidate_005__inflation_020mm,multiscene_candidate_005,20,direction_095,,,,both_right_censored
multiscene_candidate_005__inflation_020mm,multiscene_candidate_005,20,direction_096,,,,both_right_censored
multiscene_candidate_005__inflation_020mm,multiscene_candidate_005,20,direction_097,,,,both_right_censored
multiscene_candidate_005__inflation_020mm,multiscene_candidate_005,20,direction_098,,,,both_right_censored
multiscene_candidate_005__inflation_020mm,multiscene_candidate_005,20,direction_099,,,,both_right_censored
multiscene_candidate_005__inflation_020mm,multiscene_candidate_005,20,direction_100,,,,both_right_censored
multiscene_candidate_005__inflation_020mm,multiscene_candidate_005,20,direction_101,,,,both_right_censored
multiscene_candidate_005__inflation_020mm,multiscene_candidate_005,20,direction_102,,,,both_right_censored
multiscene_candidate_005__inflation_020mm,multiscene_candidate_005,20,direction_103,,,,both_right_censored
multiscene_candidate_005__inflation_020mm,multiscene_candidate_005,20,direction_104,,,,both_right_censored
multiscene_candidate_005__inflation_020mm,multiscene_candidate_005,20,direction_105,,,,both_right_censored
multiscene_candidate_005__inflation_020mm,multiscene_candidate_005,20,direction_106,,,,both_right_censored
multiscene_candidate_005__inflation_020mm,multiscene_candidate_005,20,direction_107,,,,both_right_censored
multiscene_candidate_005__inflation_020mm,multiscene_candidate_005,20,direction_108,,,,both_right_censored
multiscene_candidate_005__inflation_020mm,multiscene_candidate_005,20,direction_109,,,,both_right_censored
multiscene_candidate_005__inflation_020mm,multiscene_candidate_005,20,direction_110,,,,both_right_censored
multiscene_candidate_005__inflation_020mm,multiscene_candidate_005,20,direction_111,,,,both_right_censored
multiscene_candidate_005__inflation_020mm,multiscene_candidate_005,20,direction_112,,,,both_right_censored
multiscene_candidate_005__inflation_020mm,multiscene_candidate_005,20,direction_113,,,,both_right_censored
multiscene_candidate_005__inflation_020mm,multiscene_candidate_005,20,direction_114,,,,both_right_censored
multiscene_candidate_005__inflation_020mm,multiscene_candidate_005,20,direction_115,,,,both_right_censored
multiscene_candidate_005__inflation_020mm,multiscene_candidate_005,20,direction_116,,,,both_right_censored
multiscene_candidate_005__inflation_020mm,multiscene_candidate_005,20,direction_117,,,,both_right_censored
multiscene_candidate_005__inflation_020mm,multiscene_candidate_005,20,direction_118,,,,both_right_censored
multiscene_candidate_005__inflation_020mm,multiscene_candidate_005,20,direction_119,,,,both_right_censored
multiscene_candidate_005__inflation_020mm,multiscene_candidate_005,20,direction_120,,,,both_right_censored
multiscene_candidate_005__inflation_020mm,multiscene_candidate_005,20,direction_121,,,,both_right_censored
multiscene_candidate_005__inflation_020mm,multiscene_candidate_005,20,direction_122,,,,both_right_censored
multiscene_candidate_005__inflation_020mm,multiscene_candidate_005,20,direction_123,,,,both_right_censored
multiscene_candidate_005__inflation_020mm,multiscene_candidate_005,20,direction_124,,,,both_right_censored
multiscene_candidate_005__inflation_020mm,multiscene_candidate_005,20,direction_125,,,,both_right_censored
multiscene_candidate_005__inflation_020mm,multiscene_candidate_005,20,direction_126,,,,both_right_censored
multiscene_candidate_005__inflation_020mm,multiscene_candidate_005,20,direction_127,,,,both_right_censored
multiscene_candidate_006__inflation_000mm,multiscene_candidate_006,0,direction_000,,,,both_right_censored
multiscene_candidate_006__inflation_000mm,multiscene_candidate_006,0,direction_001,,,,both_right_censored
multiscene_candidate_006__inflation_000mm,multiscene_candidate_006,0,direction_002,,,,both_right_censored
multiscene_candidate_006__inflation_000mm,multiscene_candidate_006,0,direction_003,,,,both_right_censored
multiscene_candidate_006__inflation_000mm,multiscene_candidate_006,0,direction_004,,,,both_right_censored
multiscene_candidate_006__inflation_000mm,multiscene_candidate_006,0,direction_005,,,,both_right_censored
multiscene_candidate_006__inflation_000mm,multiscene_candidate_006,0,direction_006,,,,both_right_censored
multiscene_candidate_006__inflation_000mm,multiscene_candidate_006,0,direction_007,,,,both_right_censored
multiscene_candidate_006__inflation_000mm,multiscene_candidate_006,0,direction_008,,,,both_right_censored
multiscene_candidate_006__inflation_000mm,multiscene_candidate_006,0,direction_009,,,,both_right_censored
multiscene_candidate_006__inflation_000mm,multiscene_candidate_006,0,direction_010,,,,both_right_censored
multiscene_candidate_006__inflation_000mm,multiscene_candidate_006,0,direction_011,,,,both_right_censored
multiscene_candidate_006__inflation_000mm,multiscene_candidate_006,0,direction_012,,,,both_right_censored
multiscene_candidate_006__inflation_000mm,multiscene_candidate_006,0,direction_013,,,,both_right_censored
multiscene_candidate_006__inflation_000mm,multiscene_candidate_006,0,direction_014,,,,both_right_censored
multiscene_candidate_006__inflation_000mm,multiscene_candidate_006,0,direction_015,,,,both_right_censored
multiscene_candidate_006__inflation_000mm,multiscene_candidate_006,0,direction_016,,,,both_right_censored
multiscene_candidate_006__inflation_000mm,multiscene_candidate_006,0,direction_017,,,,both_right_censored
multiscene_candidate_006__inflation_000mm,multiscene_candidate_006,0,direction_018,,,,both_right_censored
multiscene_candidate_006__inflation_000mm,multiscene_candidate_006,0,direction_019,,,,both_right_censored
multiscene_candidate_006__inflation_000mm,multiscene_candidate_006,0,direction_020,,,,both_right_censored
multiscene_candidate_006__inflation_000mm,multiscene_candidate_006,0,direction_021,,,,both_right_censored
multiscene_candidate_006__inflation_000mm,multiscene_candidate_006,0,direction_022,,,,both_right_censored
multiscene_candidate_006__inflation_000mm,multiscene_candidate_006,0,direction_023,,,,both_right_censored
multiscene_candidate_006__inflation_000mm,multiscene_candidate_006,0,direction_024,,,,both_right_censored
multiscene_candidate_006__inflation_000mm,multiscene_candidate_006,0,direction_025,,,,both_right_censored
multiscene_candidate_006__inflation_000mm,multiscene_candidate_006,0,direction_026,,,,both_right_censored
multiscene_candidate_006__inflation_000mm,multiscene_candidate_006,0,direction_027,,,,both_right_censored
multiscene_candidate_006__inflation_000mm,multiscene_candidate_006,0,direction_028,,,,both_right_censored
multiscene_candidate_006__inflation_000mm,multiscene_candidate_006,0,direction_029,,,,both_right_censored
multiscene_candidate_006__inflation_000mm,multiscene_candidate_006,0,direction_030,,,,both_right_censored
multiscene_candidate_006__inflation_000mm,multiscene_candidate_006,0,direction_031,,,,both_right_censored
multiscene_candidate_006__inflation_000mm,multiscene_candidate_006,0,direction_032,,,,both_right_censored
multiscene_candidate_006__inflation_000mm,multiscene_candidate_006,0,direction_033,,,,both_right_censored
multiscene_candidate_006__inflation_000mm,multiscene_candidate_006,0,direction_034,,,,both_right_censored
multiscene_candidate_006__inflation_000mm,multiscene_candidate_006,0,direction_035,,,,both_right_censored
multiscene_candidate_006__inflation_000mm,multiscene_candidate_006,0,direction_036,,,,both_right_censored
multiscene_candidate_006__inflation_000mm,multiscene_candidate_006,0,direction_037,,,,both_right_censored
multiscene_candidate_006__inflation_000mm,multiscene_candidate_006,0,direction_038,,,,both_right_censored
multiscene_candidate_006__inflation_000mm,multiscene_candidate_006,0,direction_039,,,,both_right_censored
multiscene_candidate_006__inflation_000mm,multiscene_candidate_006,0,direction_040,,,,both_right_censored
multiscene_candidate_006__inflation_000mm,multiscene_candidate_006,0,direction_041,,,,both_right_censored
multiscene_candidate_006__inflation_000mm,multiscene_candidate_006,0,direction_042,,,,both_right_censored
multiscene_candidate_006__inflation_000mm,multiscene_candidate_006,0,direction_043,,,,both_right_censored
multiscene_candidate_006__inflation_000mm,multiscene_candidate_006,0,direction_044,,,,both_right_censored
multiscene_candidate_006__inflation_000mm,multiscene_candidate_006,0,direction_045,,,,both_right_censored
multiscene_candidate_006__inflation_000mm,multiscene_candidate_006,0,direction_046,,,,both_right_censored
multiscene_candidate_006__inflation_000mm,multiscene_candidate_006,0,direction_047,,,,both_right_censored
multiscene_candidate_006__inflation_000mm,multiscene_candidate_006,0,direction_048,,,,both_right_censored
multiscene_candidate_006__inflation_000mm,multiscene_candidate_006,0,direction_049,,,,both_right_censored
multiscene_candidate_006__inflation_000mm,multiscene_candidate_006,0,direction_050,,,,both_right_censored
multiscene_candidate_006__inflation_000mm,multiscene_candidate_006,0,direction_051,,,,both_right_censored
multiscene_candidate_006__inflation_000mm,multiscene_candidate_006,0,direction_052,,,,both_right_censored
multiscene_candidate_006__inflation_000mm,multiscene_candidate_006,0,direction_053,,,,both_right_censored
multiscene_candidate_006__inflation_000mm,multiscene_candidate_006,0,direction_054,,,,both_right_censored
multiscene_candidate_006__inflation_000mm,multiscene_candidate_006,0,direction_055,,,,both_right_censored
multiscene_candidate_006__inflation_000mm,multiscene_candidate_006,0,direction_056,,,,both_right_censored
multiscene_candidate_006__inflation_000mm,multiscene_candidate_006,0,direction_057,,,,both_right_censored
multiscene_candidate_006__inflation_000mm,multiscene_candidate_006,0,direction_058,,,,both_right_censored
multiscene_candidate_006__inflation_000mm,multiscene_candidate_006,0,direction_059,,,,both_right_censored
multiscene_candidate_006__inflation_000mm,multiscene_candidate_006,0,direction_060,,,,both_right_censored
multiscene_candidate_006__inflation_000mm,multiscene_candidate_006,0,direction_061,,,,both_right_censored
multiscene_candidate_006__inflation_000mm,multiscene_candidate_006,0,direction_062,,,,both_right_censored
multiscene_candidate_006__inflation_000mm,multiscene_candidate_006,0,direction_063,,,,both_right_censored
multiscene_candidate_006__inflation_000mm,multiscene_candidate_006,0,direction_064,,,,both_right_censored
multiscene_candidate_006__inflation_000mm,multiscene_candidate_006,0,direction_065,,,,both_right_censored
multiscene_candidate_006__inflation_000mm,multiscene_candidate_006,0,direction_066,,,,both_right_censored
multiscene_candidate_006__inflation_000mm,multiscene_candidate_006,0,direction_067,,,,both_right_censored
multiscene_candidate_006__inflation_000mm,multiscene_candidate_006,0,direction_068,56.0,,,curobo_only_observed
multiscene_candidate_006__inflation_000mm,multiscene_candidate_006,0,direction_069,,,,both_right_censored
multiscene_candidate_006__inflation_000mm,multiscene_candidate_006,0,direction_070,,,,both_right_censored
multiscene_candidate_006__inflation_000mm,multiscene_candidate_006,0,direction_071,,,,both_right_censored
multiscene_candidate_006__inflation_000mm,multiscene_candidate_006,0,direction_072,,,,both_right_censored
multiscene_candidate_006__inflation_000mm,multiscene_candidate_006,0,direction_073,40.0,30.0,-10.0,physx_earlier
multiscene_candidate_006__inflation_000mm,multiscene_candidate_006,0,direction_074,,,,both_right_censored
multiscene_candidate_006__inflation_000mm,multiscene_candidate_006,0,direction_075,,,,both_right_censored
multiscene_candidate_006__inflation_000mm,multiscene_candidate_006,0,direction_076,34.0,42.0,8.0,physx_later
multiscene_candidate_006__inflation_000mm,multiscene_candidate_006,0,direction_077,,,,both_right_censored
multiscene_candidate_006__inflation_000mm,multiscene_candidate_006,0,direction_078,38.0,28.0,-10.0,physx_earlier
multiscene_candidate_006__inflation_000mm,multiscene_candidate_006,0,direction_079,,,,both_right_censored
multiscene_candidate_006__inflation_000mm,multiscene_candidate_006,0,direction_080,,58.0,,physx_only_observed
multiscene_candidate_006__inflation_000mm,multiscene_candidate_006,0,direction_081,26.0,24.0,-2.0,physx_earlier
multiscene_candidate_006__inflation_000mm,multiscene_candidate_006,0,direction_082,58.0,,,curobo_only_observed
multiscene_candidate_006__inflation_000mm,multiscene_candidate_006,0,direction_083,40.0,28.0,-12.0,physx_earlier
multiscene_candidate_006__inflation_000mm,multiscene_candidate_006,0,direction_084,26.0,32.0,6.0,physx_later
multiscene_candidate_006__inflation_000mm,multiscene_candidate_006,0,direction_085,56.0,38.0,-18.0,physx_earlier
multiscene_candidate_006__inflation_000mm,multiscene_candidate_006,0,direction_086,24.0,18.0,-6.0,physx_earlier
multiscene_candidate_006__inflation_000mm,multiscene_candidate_006,0,direction_087,32.0,36.0,4.0,physx_later
multiscene_candidate_006__inflation_000mm,multiscene_candidate_006,0,direction_088,38.0,26.0,-12.0,physx_earlier
multiscene_candidate_006__inflation_000mm,multiscene_candidate_006,0,direction_089,20.0,20.0,0.0,exact_sampled_agreement
multiscene_candidate_006__inflation_000mm,multiscene_candidate_006,0,direction_090,34.0,28.0,-6.0,physx_earlier
multiscene_candidate_006__inflation_000mm,multiscene_candidate_006,0,direction_091,26.0,18.0,-8.0,physx_earlier
multiscene_candidate_006__inflation_000mm,multiscene_candidate_006,0,direction_092,20.0,22.0,2.0,physx_later
multiscene_candidate_006__inflation_000mm,multiscene_candidate_006,0,direction_093,32.0,22.0,-10.0,physx_earlier
multiscene_candidate_006__inflation_000mm,multiscene_candidate_006,0,direction_094,18.0,14.0,-4.0,physx_earlier
multiscene_candidate_006__inflation_000mm,multiscene_candidate_006,0,direction_095,24.0,24.0,0.0,exact_sampled_agreement
multiscene_candidate_006__inflation_000mm,multiscene_candidate_006,0,direction_096,24.0,16.0,-8.0,physx_earlier
multiscene_candidate_006__inflation_000mm,multiscene_candidate_006,0,direction_097,16.0,16.0,0.0,exact_sampled_agreement
multiscene_candidate_006__inflation_000mm,multiscene_candidate_006,0,direction_098,26.0,18.0,-8.0,physx_earlier
multiscene_candidate_006__inflation_000mm,multiscene_candidate_006,0,direction_099,18.0,12.0,-6.0,physx_earlier
multiscene_candidate_006__inflation_000mm,multiscene_candidate_006,0,direction_100,18.0,18.0,0.0,exact_sampled_agreement
multiscene_candidate_006__inflation_000mm,multiscene_candidate_006,0,direction_101,24.0,16.0,-8.0,physx_earlier
multiscene_candidate_006__inflation_000mm,multiscene_candidate_006,0,direction_102,16.0,14.0,-2.0,physx_earlier
multiscene_candidate_006__inflation_000mm,multiscene_candidate_006,0,direction_103,20.0,16.0,-4.0,physx_earlier
multiscene_candidate_006__inflation_000mm,multiscene_candidate_006,0,direction_104,18.0,12.0,-6.0,physx_earlier
multiscene_candidate_006__inflation_000mm,multiscene_candidate_006,0,direction_105,14.0,14.0,0.0,exact_sampled_agreement
multiscene_candidate_006__inflation_000mm,multiscene_candidate_006,0,direction_106,20.0,14.0,-6.0,physx_earlier
multiscene_candidate_006__inflation_000mm,multiscene_candidate_006,0,direction_107,14.0,10.0,-4.0,physx_earlier
multiscene_candidate_006__inflation_000mm,multiscene_candidate_006,0,direction_108,16.0,14.0,-2.0,physx_earlier
multiscene_candidate_006__inflation_000mm,multiscene_candidate_006,0,direction_109,16.0,12.0,-4.0,physx_earlier
multiscene_candidate_006__inflation_000mm,multiscene_candidate_006,0,direction_110,14.0,12.0,-2.0,physx_earlier
multiscene_candidate_006__inflation_000mm,multiscene_candidate_006,0,direction_111,16.0,12.0,-4.0,physx_earlier
multiscene_candidate_006__inflation_000mm,multiscene_candidate_006,0,direction_112,14.0,10.0,-4.0,physx_earlier
multiscene_candidate_006__inflation_000mm,multiscene_candidate_006,0,direction_113,14.0,12.0,-2.0,physx_earlier
multiscene_candidate_006__inflation_000mm,multiscene_candidate_006,0,direction_114,16.0,10.0,-6.0,physx_earlier
multiscene_candidate_006__inflation_000mm,multiscene_candidate_006,0,direction_115,12.0,10.0,-2.0,physx_earlier
multiscene_candidate_006__inflation_000mm,multiscene_candidate_006,0,direction_116,14.0,12.0,-2.0,physx_earlier
multiscene_candidate_006__inflation_000mm,multiscene_candidate_006,0,direction_117,14.0,10.0,-4.0,physx_earlier
multiscene_candidate_006__inflation_000mm,multiscene_candidate_006,0,direction_118,12.0,10.0,-2.0,physx_earlier
multiscene_candidate_006__inflation_000mm,multiscene_candidate_006,0,direction_119,14.0,10.0,-4.0,physx_earlier
multiscene_candidate_006__inflation_000mm,multiscene_candidate_006,0,direction_120,12.0,10.0,-2.0,physx_earlier
multiscene_candidate_006__inflation_000mm,multiscene_candidate_006,0,direction_121,12.0,10.0,-2.0,physx_earlier
multiscene_candidate_006__inflation_000mm,multiscene_candidate_006,0,direction_122,12.0,10.0,-2.0,physx_earlier
multiscene_candidate_006__inflation_000mm,multiscene_candidate_006,0,direction_123,12.0,10.0,-2.0,physx_earlier
multiscene_candidate_006__inflation_000mm,multiscene_candidate_006,0,direction_124,12.0,10.0,-2.0,physx_earlier
multiscene_candidate_006__inflation_000mm,multiscene_candidate_006,0,direction_125,12.0,8.0,-4.0,physx_earlier
multiscene_candidate_006__inflation_000mm,multiscene_candidate_006,0,direction_126,12.0,10.0,-2.0,physx_earlier
multiscene_candidate_006__inflation_000mm,multiscene_candidate_006,0,direction_127,12.0,8.0,-4.0,physx_earlier
multiscene_candidate_006__inflation_005mm,multiscene_candidate_006,5,direction_000,,,,both_right_censored
multiscene_candidate_006__inflation_005mm,multiscene_candidate_006,5,direction_001,,,,both_right_censored
multiscene_candidate_006__inflation_005mm,multiscene_candidate_006,5,direction_002,,,,both_right_censored
multiscene_candidate_006__inflation_005mm,multiscene_candidate_006,5,direction_003,,,,both_right_censored
multiscene_candidate_006__inflation_005mm,multiscene_candidate_006,5,direction_004,,,,both_right_censored
multiscene_candidate_006__inflation_005mm,multiscene_candidate_006,5,direction_005,,,,both_right_censored
multiscene_candidate_006__inflation_005mm,multiscene_candidate_006,5,direction_006,,,,both_right_censored
multiscene_candidate_006__inflation_005mm,multiscene_candidate_006,5,direction_007,,,,both_right_censored
multiscene_candidate_006__inflation_005mm,multiscene_candidate_006,5,direction_008,,,,both_right_censored
multiscene_candidate_006__inflation_005mm,multiscene_candidate_006,5,direction_009,,,,both_right_censored
multiscene_candidate_006__inflation_005mm,multiscene_candidate_006,5,direction_010,,,,both_right_censored
multiscene_candidate_006__inflation_005mm,multiscene_candidate_006,5,direction_011,,,,both_right_censored
multiscene_candidate_006__inflation_005mm,multiscene_candidate_006,5,direction_012,,,,both_right_censored
multiscene_candidate_006__inflation_005mm,multiscene_candidate_006,5,direction_013,,,,both_right_censored
multiscene_candidate_006__inflation_005mm,multiscene_candidate_006,5,direction_014,,,,both_right_censored
multiscene_candidate_006__inflation_005mm,multiscene_candidate_006,5,direction_015,,,,both_right_censored
multiscene_candidate_006__inflation_005mm,multiscene_candidate_006,5,direction_016,,,,both_right_censored
multiscene_candidate_006__inflation_005mm,multiscene_candidate_006,5,direction_017,,,,both_right_censored
multiscene_candidate_006__inflation_005mm,multiscene_candidate_006,5,direction_018,,,,both_right_censored
multiscene_candidate_006__inflation_005mm,multiscene_candidate_006,5,direction_019,,,,both_right_censored
multiscene_candidate_006__inflation_005mm,multiscene_candidate_006,5,direction_020,,,,both_right_censored
multiscene_candidate_006__inflation_005mm,multiscene_candidate_006,5,direction_021,,,,both_right_censored
multiscene_candidate_006__inflation_005mm,multiscene_candidate_006,5,direction_022,,,,both_right_censored
multiscene_candidate_006__inflation_005mm,multiscene_candidate_006,5,direction_023,,,,both_right_censored
multiscene_candidate_006__inflation_005mm,multiscene_candidate_006,5,direction_024,,,,both_right_censored
multiscene_candidate_006__inflation_005mm,multiscene_candidate_006,5,direction_025,,,,both_right_censored
multiscene_candidate_006__inflation_005mm,multiscene_candidate_006,5,direction_026,,,,both_right_censored
multiscene_candidate_006__inflation_005mm,multiscene_candidate_006,5,direction_027,,,,both_right_censored
multiscene_candidate_006__inflation_005mm,multiscene_candidate_006,5,direction_028,,,,both_right_censored
multiscene_candidate_006__inflation_005mm,multiscene_candidate_006,5,direction_029,,,,both_right_censored
multiscene_candidate_006__inflation_005mm,multiscene_candidate_006,5,direction_030,,,,both_right_censored
multiscene_candidate_006__inflation_005mm,multiscene_candidate_006,5,direction_031,,,,both_right_censored
multiscene_candidate_006__inflation_005mm,multiscene_candidate_006,5,direction_032,,,,both_right_censored
multiscene_candidate_006__inflation_005mm,multiscene_candidate_006,5,direction_033,,,,both_right_censored
multiscene_candidate_006__inflation_005mm,multiscene_candidate_006,5,direction_034,,,,both_right_censored
multiscene_candidate_006__inflation_005mm,multiscene_candidate_006,5,direction_035,,,,both_right_censored
multiscene_candidate_006__inflation_005mm,multiscene_candidate_006,5,direction_036,,,,both_right_censored
multiscene_candidate_006__inflation_005mm,multiscene_candidate_006,5,direction_037,,,,both_right_censored
multiscene_candidate_006__inflation_005mm,multiscene_candidate_006,5,direction_038,,,,both_right_censored
multiscene_candidate_006__inflation_005mm,multiscene_candidate_006,5,direction_039,,,,both_right_censored
multiscene_candidate_006__inflation_005mm,multiscene_candidate_006,5,direction_040,,,,both_right_censored
multiscene_candidate_006__inflation_005mm,multiscene_candidate_006,5,direction_041,,,,both_right_censored
multiscene_candidate_006__inflation_005mm,multiscene_candidate_006,5,direction_042,,,,both_right_censored
multiscene_candidate_006__inflation_005mm,multiscene_candidate_006,5,direction_043,,,,both_right_censored
multiscene_candidate_006__inflation_005mm,multiscene_candidate_006,5,direction_044,,,,both_right_censored
multiscene_candidate_006__inflation_005mm,multiscene_candidate_006,5,direction_045,,,,both_right_censored
multiscene_candidate_006__inflation_005mm,multiscene_candidate_006,5,direction_046,,,,both_right_censored
multiscene_candidate_006__inflation_005mm,multiscene_candidate_006,5,direction_047,,,,both_right_censored
multiscene_candidate_006__inflation_005mm,multiscene_candidate_006,5,direction_048,,,,both_right_censored
multiscene_candidate_006__inflation_005mm,multiscene_candidate_006,5,direction_049,,,,both_right_censored
multiscene_candidate_006__inflation_005mm,multiscene_candidate_006,5,direction_050,,,,both_right_censored
multiscene_candidate_006__inflation_005mm,multiscene_candidate_006,5,direction_051,,,,both_right_censored
multiscene_candidate_006__inflation_005mm,multiscene_candidate_006,5,direction_052,,,,both_right_censored
multiscene_candidate_006__inflation_005mm,multiscene_candidate_006,5,direction_053,,,,both_right_censored
multiscene_candidate_006__inflation_005mm,multiscene_candidate_006,5,direction_054,,,,both_right_censored
multiscene_candidate_006__inflation_005mm,multiscene_candidate_006,5,direction_055,,,,both_right_censored
multiscene_candidate_006__inflation_005mm,multiscene_candidate_006,5,direction_056,,,,both_right_censored
multiscene_candidate_006__inflation_005mm,multiscene_candidate_006,5,direction_057,,,,both_right_censored
multiscene_candidate_006__inflation_005mm,multiscene_candidate_006,5,direction_058,,,,both_right_censored
multiscene_candidate_006__inflation_005mm,multiscene_candidate_006,5,direction_059,,,,both_right_censored
multiscene_candidate_006__inflation_005mm,multiscene_candidate_006,5,direction_060,,,,both_right_censored
multiscene_candidate_006__inflation_005mm,multiscene_candidate_006,5,direction_061,,,,both_right_censored
multiscene_candidate_006__inflation_005mm,multiscene_candidate_006,5,direction_062,,,,both_right_censored
multiscene_candidate_006__inflation_005mm,multiscene_candidate_006,5,direction_063,,,,both_right_censored
multiscene_candidate_006__inflation_005mm,multiscene_candidate_006,5,direction_064,,,,both_right_censored
multiscene_candidate_006__inflation_005mm,multiscene_candidate_006,5,direction_065,,,,both_right_censored
multiscene_candidate_006__inflation_005mm,multiscene_candidate_006,5,direction_066,,,,both_right_censored
multiscene_candidate_006__inflation_005mm,multiscene_candidate_006,5,direction_067,,,,both_right_censored
multiscene_candidate_006__inflation_005mm,multiscene_candidate_006,5,direction_068,,,,both_right_censored
multiscene_candidate_006__inflation_005mm,multiscene_candidate_006,5,direction_069,,,,both_right_censored
multiscene_candidate_006__inflation_005mm,multiscene_candidate_006,5,direction_070,,,,both_right_censored
multiscene_candidate_006__inflation_005mm,multiscene_candidate_006,5,direction_071,,,,both_right_censored
multiscene_candidate_006__inflation_005mm,multiscene_candidate_006,5,direction_072,,,,both_right_censored
multiscene_candidate_006__inflation_005mm,multiscene_candidate_006,5,direction_073,,50.0,,physx_only_observed
multiscene_candidate_006__inflation_005mm,multiscene_candidate_006,5,direction_074,,,,both_right_censored
multiscene_candidate_006__inflation_005mm,multiscene_candidate_006,5,direction_075,,,,both_right_censored
multiscene_candidate_006__inflation_005mm,multiscene_candidate_006,5,direction_076,,,,both_right_censored
multiscene_candidate_006__inflation_005mm,multiscene_candidate_006,5,direction_077,,,,both_right_censored
multiscene_candidate_006__inflation_005mm,multiscene_candidate_006,5,direction_078,,48.0,,physx_only_observed
multiscene_candidate_006__inflation_005mm,multiscene_candidate_006,5,direction_079,,,,both_right_censored
multiscene_candidate_006__inflation_005mm,multiscene_candidate_006,5,direction_080,,,,both_right_censored
multiscene_candidate_006__inflation_005mm,multiscene_candidate_006,5,direction_081,42.0,38.0,-4.0,physx_earlier
multiscene_candidate_006__inflation_005mm,multiscene_candidate_006,5,direction_082,,,,both_right_censored
multiscene_candidate_006__inflation_005mm,multiscene_candidate_006,5,direction_083,60.0,48.0,-12.0,physx_earlier
multiscene_candidate_006__inflation_005mm,multiscene_candidate_006,5,direction_084,48.0,50.0,2.0,physx_later
multiscene_candidate_006__inflation_005mm,multiscene_candidate_006,5,direction_085,,56.0,,physx_only_observed
multiscene_candidate_006__inflation_005mm,multiscene_candidate_006,5,direction_086,40.0,30.0,-10.0,physx_earlier
multiscene_candidate_006__inflation_005mm,multiscene_candidate_006,5,direction_087,60.0,60.0,0.0,exact_sampled_agreement
multiscene_candidate_006__inflation_005mm,multiscene_candidate_006,5,direction_088,56.0,44.0,-12.0,physx_earlier
multiscene_candidate_006__inflation_005mm,multiscene_candidate_006,5,direction_089,30.0,32.0,2.0,physx_later
multiscene_candidate_006__inflation_005mm,multiscene_candidate_006,5,direction_090,50.0,42.0,-8.0,physx_earlier
multiscene_candidate_006__inflation_005mm,multiscene_candidate_006,5,direction_091,38.0,30.0,-8.0,physx_earlier
multiscene_candidate_006__inflation_005mm,multiscene_candidate_006,5,direction_092,36.0,38.0,2.0,physx_later
multiscene_candidate_006__inflation_005mm,multiscene_candidate_006,5,direction_093,46.0,36.0,-10.0,physx_earlier
multiscene_candidate_006__inflation_005mm,multiscene_candidate_006,5,direction_094,30.0,24.0,-6.0,physx_earlier
multiscene_candidate_006__inflation_005mm,multiscene_candidate_006,5,direction_095,36.0,36.0,0.0,exact_sampled_agreement
multiscene_candidate_006__inflation_005mm,multiscene_candidate_006,5,direction_096,36.0,30.0,-6.0,physx_earlier
multiscene_candidate_006__inflation_005mm,multiscene_candidate_006,5,direction_097,26.0,26.0,0.0,exact_sampled_agreement
multiscene_candidate_006__inflation_005mm,multiscene_candidate_006,5,direction_098,38.0,30.0,-8.0,physx_earlier
multiscene_candidate_006__inflation_005mm,multiscene_candidate_006,5,direction_099,28.0,22.0,-6.0,physx_earlier
multiscene_candidate_006__inflation_005mm,multiscene_candidate_006,5,direction_100,28.0,30.0,2.0,physx_later
multiscene_candidate_006__inflation_005mm,multiscene_candidate_006,5,direction_101,34.0,26.0,-8.0,physx_earlier
multiscene_candidate_006__inflation_005mm,multiscene_candidate_006,5,direction_102,24.0,20.0,-4.0,physx_earlier
multiscene_candidate_006__inflation_005mm,multiscene_candidate_006,5,direction_103,30.0,26.0,-4.0,physx_earlier
multiscene_candidate_006__inflation_005mm,multiscene_candidate_006,5,direction_104,26.0,20.0,-6.0,physx_earlier
multiscene_candidate_006__inflation_005mm,multiscene_candidate_006,5,direction_105,22.0,22.0,0.0,exact_sampled_agreement
multiscene_candidate_006__inflation_005mm,multiscene_candidate_006,5,direction_106,28.0,22.0,-6.0,physx_earlier
multiscene_candidate_006__inflation_005mm,multiscene_candidate_006,5,direction_107,22.0,18.0,-4.0,physx_earlier
multiscene_candidate_006__inflation_005mm,multiscene_candidate_006,5,direction_108,24.0,22.0,-2.0,physx_earlier
multiscene_candidate_006__inflation_005mm,multiscene_candidate_006,5,direction_109,26.0,20.0,-6.0,physx_earlier
multiscene_candidate_006__inflation_005mm,multiscene_candidate_006,5,direction_110,20.0,18.0,-2.0,physx_earlier
multiscene_candidate_006__inflation_005mm,multiscene_candidate_006,5,direction_111,26.0,20.0,-6.0,physx_earlier
multiscene_candidate_006__inflation_005mm,multiscene_candidate_006,5,direction_112,22.0,18.0,-4.0,physx_earlier
multiscene_candidate_006__inflation_005mm,multiscene_candidate_006,5,direction_113,20.0,18.0,-2.0,physx_earlier
multiscene_candidate_006__inflation_005mm,multiscene_candidate_006,5,direction_114,24.0,18.0,-6.0,physx_earlier
multiscene_candidate_006__inflation_005mm,multiscene_candidate_006,5,direction_115,18.0,16.0,-2.0,physx_earlier
multiscene_candidate_006__inflation_005mm,multiscene_candidate_006,5,direction_116,20.0,18.0,-2.0,physx_earlier
multiscene_candidate_006__inflation_005mm,multiscene_candidate_006,5,direction_117,20.0,16.0,-4.0,physx_earlier
multiscene_candidate_006__inflation_005mm,multiscene_candidate_006,5,direction_118,18.0,16.0,-2.0,physx_earlier
multiscene_candidate_006__inflation_005mm,multiscene_candidate_006,5,direction_119,22.0,16.0,-6.0,physx_earlier
multiscene_candidate_006__inflation_005mm,multiscene_candidate_006,5,direction_120,18.0,14.0,-4.0,physx_earlier
multiscene_candidate_006__inflation_005mm,multiscene_candidate_006,5,direction_121,18.0,16.0,-2.0,physx_earlier
multiscene_candidate_006__inflation_005mm,multiscene_candidate_006,5,direction_122,20.0,16.0,-4.0,physx_earlier
multiscene_candidate_006__inflation_005mm,multiscene_candidate_006,5,direction_123,18.0,14.0,-4.0,physx_earlier
multiscene_candidate_006__inflation_005mm,multiscene_candidate_006,5,direction_124,18.0,14.0,-4.0,physx_earlier
multiscene_candidate_006__inflation_005mm,multiscene_candidate_006,5,direction_125,18.0,14.0,-4.0,physx_earlier
multiscene_candidate_006__inflation_005mm,multiscene_candidate_006,5,direction_126,18.0,14.0,-4.0,physx_earlier
multiscene_candidate_006__inflation_005mm,multiscene_candidate_006,5,direction_127,18.0,14.0,-4.0,physx_earlier
multiscene_candidate_006__inflation_010mm,multiscene_candidate_006,10,direction_000,,,,both_right_censored
multiscene_candidate_006__inflation_010mm,multiscene_candidate_006,10,direction_001,,,,both_right_censored
multiscene_candidate_006__inflation_010mm,multiscene_candidate_006,10,direction_002,,,,both_right_censored
multiscene_candidate_006__inflation_010mm,multiscene_candidate_006,10,direction_003,,,,both_right_censored
multiscene_candidate_006__inflation_010mm,multiscene_candidate_006,10,direction_004,,,,both_right_censored
multiscene_candidate_006__inflation_010mm,multiscene_candidate_006,10,direction_005,,,,both_right_censored
multiscene_candidate_006__inflation_010mm,multiscene_candidate_006,10,direction_006,,,,both_right_censored
multiscene_candidate_006__inflation_010mm,multiscene_candidate_006,10,direction_007,,,,both_right_censored
multiscene_candidate_006__inflation_010mm,multiscene_candidate_006,10,direction_008,,,,both_right_censored
multiscene_candidate_006__inflation_010mm,multiscene_candidate_006,10,direction_009,,,,both_right_censored
multiscene_candidate_006__inflation_010mm,multiscene_candidate_006,10,direction_010,,,,both_right_censored
multiscene_candidate_006__inflation_010mm,multiscene_candidate_006,10,direction_011,,,,both_right_censored
multiscene_candidate_006__inflation_010mm,multiscene_candidate_006,10,direction_012,,,,both_right_censored
multiscene_candidate_006__inflation_010mm,multiscene_candidate_006,10,direction_013,,,,both_right_censored
multiscene_candidate_006__inflation_010mm,multiscene_candidate_006,10,direction_014,,,,both_right_censored
multiscene_candidate_006__inflation_010mm,multiscene_candidate_006,10,direction_015,,,,both_right_censored
multiscene_candidate_006__inflation_010mm,multiscene_candidate_006,10,direction_016,,,,both_right_censored
multiscene_candidate_006__inflation_010mm,multiscene_candidate_006,10,direction_017,,,,both_right_censored
multiscene_candidate_006__inflation_010mm,multiscene_candidate_006,10,direction_018,,,,both_right_censored
multiscene_candidate_006__inflation_010mm,multiscene_candidate_006,10,direction_019,,,,both_right_censored
multiscene_candidate_006__inflation_010mm,multiscene_candidate_006,10,direction_020,,,,both_right_censored
multiscene_candidate_006__inflation_010mm,multiscene_candidate_006,10,direction_021,,,,both_right_censored
multiscene_candidate_006__inflation_010mm,multiscene_candidate_006,10,direction_022,,,,both_right_censored
multiscene_candidate_006__inflation_010mm,multiscene_candidate_006,10,direction_023,,,,both_right_censored
multiscene_candidate_006__inflation_010mm,multiscene_candidate_006,10,direction_024,,,,both_right_censored
multiscene_candidate_006__inflation_010mm,multiscene_candidate_006,10,direction_025,,,,both_right_censored
multiscene_candidate_006__inflation_010mm,multiscene_candidate_006,10,direction_026,,,,both_right_censored
multiscene_candidate_006__inflation_010mm,multiscene_candidate_006,10,direction_027,,,,both_right_censored
multiscene_candidate_006__inflation_010mm,multiscene_candidate_006,10,direction_028,,,,both_right_censored
multiscene_candidate_006__inflation_010mm,multiscene_candidate_006,10,direction_029,,,,both_right_censored
multiscene_candidate_006__inflation_010mm,multiscene_candidate_006,10,direction_030,,,,both_right_censored
multiscene_candidate_006__inflation_010mm,multiscene_candidate_006,10,direction_031,,,,both_right_censored
multiscene_candidate_006__inflation_010mm,multiscene_candidate_006,10,direction_032,,,,both_right_censored
multiscene_candidate_006__inflation_010mm,multiscene_candidate_006,10,direction_033,,,,both_right_censored
multiscene_candidate_006__inflation_010mm,multiscene_candidate_006,10,direction_034,,,,both_right_censored
multiscene_candidate_006__inflation_010mm,multiscene_candidate_006,10,direction_035,,,,both_right_censored
multiscene_candidate_006__inflation_010mm,multiscene_candidate_006,10,direction_036,,,,both_right_censored
multiscene_candidate_006__inflation_010mm,multiscene_candidate_006,10,direction_037,,,,both_right_censored
multiscene_candidate_006__inflation_010mm,multiscene_candidate_006,10,direction_038,,,,both_right_censored
multiscene_candidate_006__inflation_010mm,multiscene_candidate_006,10,direction_039,,,,both_right_censored
multiscene_candidate_006__inflation_010mm,multiscene_candidate_006,10,direction_040,,,,both_right_censored
multiscene_candidate_006__inflation_010mm,multiscene_candidate_006,10,direction_041,,,,both_right_censored
multiscene_candidate_006__inflation_010mm,multiscene_candidate_006,10,direction_042,,,,both_right_censored
multiscene_candidate_006__inflation_010mm,multiscene_candidate_006,10,direction_043,,,,both_right_censored
multiscene_candidate_006__inflation_010mm,multiscene_candidate_006,10,direction_044,,,,both_right_censored
multiscene_candidate_006__inflation_010mm,multiscene_candidate_006,10,direction_045,,,,both_right_censored
multiscene_candidate_006__inflation_010mm,multiscene_candidate_006,10,direction_046,,,,both_right_censored
multiscene_candidate_006__inflation_010mm,multiscene_candidate_006,10,direction_047,,,,both_right_censored
multiscene_candidate_006__inflation_010mm,multiscene_candidate_006,10,direction_048,,,,both_right_censored
multiscene_candidate_006__inflation_010mm,multiscene_candidate_006,10,direction_049,,,,both_right_censored
multiscene_candidate_006__inflation_010mm,multiscene_candidate_006,10,direction_050,,,,both_right_censored
multiscene_candidate_006__inflation_010mm,multiscene_candidate_006,10,direction_051,,,,both_right_censored
multiscene_candidate_006__inflation_010mm,multiscene_candidate_006,10,direction_052,,,,both_right_censored
multiscene_candidate_006__inflation_010mm,multiscene_candidate_006,10,direction_053,,,,both_right_censored
multiscene_candidate_006__inflation_010mm,multiscene_candidate_006,10,direction_054,,,,both_right_censored
multiscene_candidate_006__inflation_010mm,multiscene_candidate_006,10,direction_055,,,,both_right_censored
multiscene_candidate_006__inflation_010mm,multiscene_candidate_006,10,direction_056,,,,both_right_censored
multiscene_candidate_006__inflation_010mm,multiscene_candidate_006,10,direction_057,,,,both_right_censored
multiscene_candidate_006__inflation_010mm,multiscene_candidate_006,10,direction_058,,,,both_right_censored
multiscene_candidate_006__inflation_010mm,multiscene_candidate_006,10,direction_059,,,,both_right_censored
multiscene_candidate_006__inflation_010mm,multiscene_candidate_006,10,direction_060,,,,both_right_censored
multiscene_candidate_006__inflation_010mm,multiscene_candidate_006,10,direction_061,,,,both_right_censored
multiscene_candidate_006__inflation_010mm,multiscene_candidate_006,10,direction_062,,,,both_right_censored
multiscene_candidate_006__inflation_010mm,multiscene_candidate_006,10,direction_063,,,,both_right_censored
multiscene_candidate_006__inflation_010mm,multiscene_candidate_006,10,direction_064,,,,both_right_censored
multiscene_candidate_006__inflation_010mm,multiscene_candidate_006,10,direction_065,,,,both_right_censored
multiscene_candidate_006__inflation_010mm,multiscene_candidate_006,10,direction_066,,,,both_right_censored
multiscene_candidate_006__inflation_010mm,multiscene_candidate_006,10,direction_067,,,,both_right_censored
multiscene_candidate_006__inflation_010mm,multiscene_candidate_006,10,direction_068,,,,both_right_censored
multiscene_candidate_006__inflation_010mm,multiscene_candidate_006,10,direction_069,,,,both_right_censored
multiscene_candidate_006__inflation_010mm,multiscene_candidate_006,10,direction_070,,,,both_right_censored
multiscene_candidate_006__inflation_010mm,multiscene_candidate_006,10,direction_071,,,,both_right_censored
multiscene_candidate_006__inflation_010mm,multiscene_candidate_006,10,direction_072,,,,both_right_censored
multiscene_candidate_006__inflation_010mm,multiscene_candidate_006,10,direction_073,,,,both_right_censored
multiscene_candidate_006__inflation_010mm,multiscene_candidate_006,10,direction_074,,,,both_right_censored
multiscene_candidate_006__inflation_010mm,multiscene_candidate_006,10,direction_075,,,,both_right_censored
multiscene_candidate_006__inflation_010mm,multiscene_candidate_006,10,direction_076,,,,both_right_censored
multiscene_candidate_006__inflation_010mm,multiscene_candidate_006,10,direction_077,,,,both_right_censored
multiscene_candidate_006__inflation_010mm,multiscene_candidate_006,10,direction_078,,,,both_right_censored
multiscene_candidate_006__inflation_010mm,multiscene_candidate_006,10,direction_079,,,,both_right_censored
multiscene_candidate_006__inflation_010mm,multiscene_candidate_006,10,direction_080,,,,both_right_censored
multiscene_candidate_006__inflation_010mm,multiscene_candidate_006,10,direction_081,54.0,54.0,0.0,exact_sampled_agreement
multiscene_candidate_006__inflation_010mm,multiscene_candidate_006,10,direction_082,,,,both_right_censored
multiscene_candidate_006__inflation_010mm,multiscene_candidate_006,10,direction_083,,,,both_right_censored
multiscene_candidate_006__inflation_010mm,multiscene_candidate_006,10,direction_084,,,,both_right_censored
multiscene_candidate_006__inflation_010mm,multiscene_candidate_006,10,direction_085,,,,both_right_censored
multiscene_candidate_006__inflation_010mm,multiscene_candidate_006,10,direction_086,52.0,44.0,-8.0,physx_earlier
multiscene_candidate_006__inflation_010mm,multiscene_candidate_006,10,direction_087,,,,both_right_censored
multiscene_candidate_006__inflation_010mm,multiscene_candidate_006,10,direction_088,,58.0,,physx_only_observed
multiscene_candidate_006__inflation_010mm,multiscene_candidate_006,10,direction_089,42.0,44.0,2.0,physx_later
multiscene_candidate_006__inflation_010mm,multiscene_candidate_006,10,direction_090,,56.0,,physx_only_observed
multiscene_candidate_006__inflation_010mm,multiscene_candidate_006,10,direction_091,50.0,42.0,-8.0,physx_earlier
multiscene_candidate_006__inflation_010mm,multiscene_candidate_006,10,direction_092,50.0,52.0,2.0,physx_later
multiscene_candidate_006__inflation_010mm,multiscene_candidate_006,10,direction_093,58.0,48.0,-10.0,physx_earlier
multiscene_candidate_006__inflation_010mm,multiscene_candidate_006,10,direction_094,38.0,32.0,-6.0,physx_earlier
multiscene_candidate_006__inflation_010mm,multiscene_candidate_006,10,direction_095,48.0,48.0,0.0,exact_sampled_agreement
multiscene_candidate_006__inflation_010mm,multiscene_candidate_006,10,direction_096,46.0,38.0,-8.0,physx_earlier
multiscene_candidate_006__inflation_010mm,multiscene_candidate_006,10,direction_097,36.0,36.0,0.0,exact_sampled_agreement
multiscene_candidate_006__inflation_010mm,multiscene_candidate_006,10,direction_098,48.0,38.0,-10.0,physx_earlier
multiscene_candidate_006__inflation_010mm,multiscene_candidate_006,10,direction_099,36.0,32.0,-4.0,physx_earlier
multiscene_candidate_006__inflation_010mm,multiscene_candidate_006,10,direction_100,38.0,38.0,0.0,exact_sampled_agreement
multiscene_candidate_006__inflation_010mm,multiscene_candidate_006,10,direction_101,42.0,36.0,-6.0,physx_earlier
multiscene_candidate_006__inflation_010mm,multiscene_candidate_006,10,direction_102,32.0,28.0,-4.0,physx_earlier
multiscene_candidate_006__inflation_010mm,multiscene_candidate_006,10,direction_103,38.0,34.0,-4.0,physx_earlier
multiscene_candidate_006__inflation_010mm,multiscene_candidate_006,10,direction_104,36.0,30.0,-6.0,physx_earlier
multiscene_candidate_006__inflation_010mm,multiscene_candidate_006,10,direction_105,30.0,30.0,0.0,exact_sampled_agreement
multiscene_candidate_006__inflation_010mm,multiscene_candidate_006,10,direction_106,38.0,32.0,-6.0,physx_earlier
multiscene_candidate_006__inflation_010mm,multiscene_candidate_006,10,direction_107,30.0,24.0,-6.0,physx_earlier
multiscene_candidate_006__inflation_010mm,multiscene_candidate_006,10,direction_108,32.0,30.0,-2.0,physx_earlier
multiscene_candidate_006__inflation_010mm,multiscene_candidate_006,10,direction_109,34.0,28.0,-6.0,physx_earlier
multiscene_candidate_006__inflation_010mm,multiscene_candidate_006,10,direction_110,28.0,24.0,-4.0,physx_earlier
multiscene_candidate_006__inflation_010mm,multiscene_candidate_006,10,direction_111,32.0,26.0,-6.0,physx_earlier
multiscene_candidate_006__inflation_010mm,multiscene_candidate_006,10,direction_112,28.0,24.0,-4.0,physx_earlier
multiscene_candidate_006__inflation_010mm,multiscene_candidate_006,10,direction_113,28.0,26.0,-2.0,physx_earlier
multiscene_candidate_006__inflation_010mm,multiscene_candidate_006,10,direction_114,30.0,24.0,-6.0,physx_earlier
multiscene_candidate_006__inflation_010mm,multiscene_candidate_006,10,direction_115,26.0,22.0,-4.0,physx_earlier
multiscene_candidate_006__inflation_010mm,multiscene_candidate_006,10,direction_116,28.0,24.0,-4.0,physx_earlier
multiscene_candidate_006__inflation_010mm,multiscene_candidate_006,10,direction_117,28.0,22.0,-6.0,physx_earlier
multiscene_candidate_006__inflation_010mm,multiscene_candidate_006,10,direction_118,24.0,22.0,-2.0,physx_earlier
multiscene_candidate_006__inflation_010mm,multiscene_candidate_006,10,direction_119,28.0,22.0,-6.0,physx_earlier
multiscene_candidate_006__inflation_010mm,multiscene_candidate_006,10,direction_120,24.0,20.0,-4.0,physx_earlier
multiscene_candidate_006__inflation_010mm,multiscene_candidate_006,10,direction_121,24.0,22.0,-2.0,physx_earlier
multiscene_candidate_006__inflation_010mm,multiscene_candidate_006,10,direction_122,26.0,22.0,-4.0,physx_earlier
multiscene_candidate_006__inflation_010mm,multiscene_candidate_006,10,direction_123,24.0,20.0,-4.0,physx_earlier
multiscene_candidate_006__inflation_010mm,multiscene_candidate_006,10,direction_124,24.0,20.0,-4.0,physx_earlier
multiscene_candidate_006__inflation_010mm,multiscene_candidate_006,10,direction_125,22.0,20.0,-2.0,physx_earlier
multiscene_candidate_006__inflation_010mm,multiscene_candidate_006,10,direction_126,22.0,18.0,-4.0,physx_earlier
multiscene_candidate_006__inflation_010mm,multiscene_candidate_006,10,direction_127,22.0,18.0,-4.0,physx_earlier
multiscene_candidate_006__inflation_015mm,multiscene_candidate_006,15,direction_000,,,,both_right_censored
multiscene_candidate_006__inflation_015mm,multiscene_candidate_006,15,direction_001,,,,both_right_censored
multiscene_candidate_006__inflation_015mm,multiscene_candidate_006,15,direction_002,,,,both_right_censored
multiscene_candidate_006__inflation_015mm,multiscene_candidate_006,15,direction_003,,,,both_right_censored
multiscene_candidate_006__inflation_015mm,multiscene_candidate_006,15,direction_004,,,,both_right_censored
multiscene_candidate_006__inflation_015mm,multiscene_candidate_006,15,direction_005,,,,both_right_censored
multiscene_candidate_006__inflation_015mm,multiscene_candidate_006,15,direction_006,,,,both_right_censored
multiscene_candidate_006__inflation_015mm,multiscene_candidate_006,15,direction_007,,,,both_right_censored
multiscene_candidate_006__inflation_015mm,multiscene_candidate_006,15,direction_008,,,,both_right_censored
multiscene_candidate_006__inflation_015mm,multiscene_candidate_006,15,direction_009,,,,both_right_censored
multiscene_candidate_006__inflation_015mm,multiscene_candidate_006,15,direction_010,,,,both_right_censored
multiscene_candidate_006__inflation_015mm,multiscene_candidate_006,15,direction_011,,,,both_right_censored
multiscene_candidate_006__inflation_015mm,multiscene_candidate_006,15,direction_012,,,,both_right_censored
multiscene_candidate_006__inflation_015mm,multiscene_candidate_006,15,direction_013,,,,both_right_censored
multiscene_candidate_006__inflation_015mm,multiscene_candidate_006,15,direction_014,,,,both_right_censored
multiscene_candidate_006__inflation_015mm,multiscene_candidate_006,15,direction_015,,,,both_right_censored
multiscene_candidate_006__inflation_015mm,multiscene_candidate_006,15,direction_016,,,,both_right_censored
multiscene_candidate_006__inflation_015mm,multiscene_candidate_006,15,direction_017,,,,both_right_censored
multiscene_candidate_006__inflation_015mm,multiscene_candidate_006,15,direction_018,,,,both_right_censored
multiscene_candidate_006__inflation_015mm,multiscene_candidate_006,15,direction_019,,,,both_right_censored
multiscene_candidate_006__inflation_015mm,multiscene_candidate_006,15,direction_020,,,,both_right_censored
multiscene_candidate_006__inflation_015mm,multiscene_candidate_006,15,direction_021,,,,both_right_censored
multiscene_candidate_006__inflation_015mm,multiscene_candidate_006,15,direction_022,,,,both_right_censored
multiscene_candidate_006__inflation_015mm,multiscene_candidate_006,15,direction_023,,,,both_right_censored
multiscene_candidate_006__inflation_015mm,multiscene_candidate_006,15,direction_024,,,,both_right_censored
multiscene_candidate_006__inflation_015mm,multiscene_candidate_006,15,direction_025,,,,both_right_censored
multiscene_candidate_006__inflation_015mm,multiscene_candidate_006,15,direction_026,,,,both_right_censored
multiscene_candidate_006__inflation_015mm,multiscene_candidate_006,15,direction_027,,,,both_right_censored
multiscene_candidate_006__inflation_015mm,multiscene_candidate_006,15,direction_028,,,,both_right_censored
multiscene_candidate_006__inflation_015mm,multiscene_candidate_006,15,direction_029,,,,both_right_censored
multiscene_candidate_006__inflation_015mm,multiscene_candidate_006,15,direction_030,,,,both_right_censored
multiscene_candidate_006__inflation_015mm,multiscene_candidate_006,15,direction_031,,,,both_right_censored
multiscene_candidate_006__inflation_015mm,multiscene_candidate_006,15,direction_032,,,,both_right_censored
multiscene_candidate_006__inflation_015mm,multiscene_candidate_006,15,direction_033,,,,both_right_censored
multiscene_candidate_006__inflation_015mm,multiscene_candidate_006,15,direction_034,,,,both_right_censored
multiscene_candidate_006__inflation_015mm,multiscene_candidate_006,15,direction_035,,,,both_right_censored
multiscene_candidate_006__inflation_015mm,multiscene_candidate_006,15,direction_036,,,,both_right_censored
multiscene_candidate_006__inflation_015mm,multiscene_candidate_006,15,direction_037,,,,both_right_censored
multiscene_candidate_006__inflation_015mm,multiscene_candidate_006,15,direction_038,,,,both_right_censored
multiscene_candidate_006__inflation_015mm,multiscene_candidate_006,15,direction_039,,,,both_right_censored
multiscene_candidate_006__inflation_015mm,multiscene_candidate_006,15,direction_040,,,,both_right_censored
multiscene_candidate_006__inflation_015mm,multiscene_candidate_006,15,direction_041,,,,both_right_censored
multiscene_candidate_006__inflation_015mm,multiscene_candidate_006,15,direction_042,,,,both_right_censored
multiscene_candidate_006__inflation_015mm,multiscene_candidate_006,15,direction_043,,,,both_right_censored
multiscene_candidate_006__inflation_015mm,multiscene_candidate_006,15,direction_044,,,,both_right_censored
multiscene_candidate_006__inflation_015mm,multiscene_candidate_006,15,direction_045,,,,both_right_censored
multiscene_candidate_006__inflation_015mm,multiscene_candidate_006,15,direction_046,,,,both_right_censored
multiscene_candidate_006__inflation_015mm,multiscene_candidate_006,15,direction_047,,,,both_right_censored
multiscene_candidate_006__inflation_015mm,multiscene_candidate_006,15,direction_048,,,,both_right_censored
multiscene_candidate_006__inflation_015mm,multiscene_candidate_006,15,direction_049,,,,both_right_censored
multiscene_candidate_006__inflation_015mm,multiscene_candidate_006,15,direction_050,,,,both_right_censored
multiscene_candidate_006__inflation_015mm,multiscene_candidate_006,15,direction_051,,,,both_right_censored
multiscene_candidate_006__inflation_015mm,multiscene_candidate_006,15,direction_052,,,,both_right_censored
multiscene_candidate_006__inflation_015mm,multiscene_candidate_006,15,direction_053,,,,both_right_censored
multiscene_candidate_006__inflation_015mm,multiscene_candidate_006,15,direction_054,,,,both_right_censored
multiscene_candidate_006__inflation_015mm,multiscene_candidate_006,15,direction_055,,,,both_right_censored
multiscene_candidate_006__inflation_015mm,multiscene_candidate_006,15,direction_056,,,,both_right_censored
multiscene_candidate_006__inflation_015mm,multiscene_candidate_006,15,direction_057,,,,both_right_censored
multiscene_candidate_006__inflation_015mm,multiscene_candidate_006,15,direction_058,,,,both_right_censored
multiscene_candidate_006__inflation_015mm,multiscene_candidate_006,15,direction_059,,,,both_right_censored
multiscene_candidate_006__inflation_015mm,multiscene_candidate_006,15,direction_060,,,,both_right_censored
multiscene_candidate_006__inflation_015mm,multiscene_candidate_006,15,direction_061,,,,both_right_censored
multiscene_candidate_006__inflation_015mm,multiscene_candidate_006,15,direction_062,,,,both_right_censored
multiscene_candidate_006__inflation_015mm,multiscene_candidate_006,15,direction_063,,,,both_right_censored
multiscene_candidate_006__inflation_015mm,multiscene_candidate_006,15,direction_064,,,,both_right_censored
multiscene_candidate_006__inflation_015mm,multiscene_candidate_006,15,direction_065,,,,both_right_censored
multiscene_candidate_006__inflation_015mm,multiscene_candidate_006,15,direction_066,,,,both_right_censored
multiscene_candidate_006__inflation_015mm,multiscene_candidate_006,15,direction_067,,,,both_right_censored
multiscene_candidate_006__inflation_015mm,multiscene_candidate_006,15,direction_068,,,,both_right_censored
multiscene_candidate_006__inflation_015mm,multiscene_candidate_006,15,direction_069,,,,both_right_censored
multiscene_candidate_006__inflation_015mm,multiscene_candidate_006,15,direction_070,,,,both_right_censored
multiscene_candidate_006__inflation_015mm,multiscene_candidate_006,15,direction_071,,,,both_right_censored
multiscene_candidate_006__inflation_015mm,multiscene_candidate_006,15,direction_072,,,,both_right_censored
multiscene_candidate_006__inflation_015mm,multiscene_candidate_006,15,direction_073,,,,both_right_censored
multiscene_candidate_006__inflation_015mm,multiscene_candidate_006,15,direction_074,,,,both_right_censored
multiscene_candidate_006__inflation_015mm,multiscene_candidate_006,15,direction_075,,,,both_right_censored
multiscene_candidate_006__inflation_015mm,multiscene_candidate_006,15,direction_076,,,,both_right_censored
multiscene_candidate_006__inflation_015mm,multiscene_candidate_006,15,direction_077,,,,both_right_censored
multiscene_candidate_006__inflation_015mm,multiscene_candidate_006,15,direction_078,,,,both_right_censored
multiscene_candidate_006__inflation_015mm,multiscene_candidate_006,15,direction_079,,,,both_right_censored
multiscene_candidate_006__inflation_015mm,multiscene_candidate_006,15,direction_080,,,,both_right_censored
multiscene_candidate_006__inflation_015mm,multiscene_candidate_006,15,direction_081,,,,both_right_censored
multiscene_candidate_006__inflation_015mm,multiscene_candidate_006,15,direction_082,,,,both_right_censored
multiscene_candidate_006__inflation_015mm,multiscene_candidate_006,15,direction_083,,,,both_right_censored
multiscene_candidate_006__inflation_015mm,multiscene_candidate_006,15,direction_084,,,,both_right_censored
multiscene_candidate_006__inflation_015mm,multiscene_candidate_006,15,direction_085,,,,both_right_censored
multiscene_candidate_006__inflation_015mm,multiscene_candidate_006,15,direction_086,,56.0,,physx_only_observed
multiscene_candidate_006__inflation_015mm,multiscene_candidate_006,15,direction_087,,,,both_right_censored
multiscene_candidate_006__inflation_015mm,multiscene_candidate_006,15,direction_088,,,,both_right_censored
multiscene_candidate_006__inflation_015mm,multiscene_candidate_006,15,direction_089,56.0,56.0,0.0,exact_sampled_agreement
multiscene_candidate_006__inflation_015mm,multiscene_candidate_006,15,direction_090,,,,both_right_censored
multiscene_candidate_006__inflation_015mm,multiscene_candidate_006,15,direction_091,,52.0,,physx_only_observed
multiscene_candidate_006__inflation_015mm,multiscene_candidate_006,15,direction_092,,60.0,,physx_only_observed
multiscene_candidate_006__inflation_015mm,multiscene_candidate_006,15,direction_093,,58.0,,physx_only_observed
multiscene_candidate_006__inflation_015mm,multiscene_candidate_006,15,direction_094,48.0,42.0,-6.0,physx_earlier
multiscene_candidate_006__inflation_015mm,multiscene_candidate_006,15,direction_095,60.0,56.0,-4.0,physx_earlier
multiscene_candidate_006__inflation_015mm,multiscene_candidate_006,15,direction_096,58.0,48.0,-10.0,physx_earlier
multiscene_candidate_006__inflation_015mm,multiscene_candidate_006,15,direction_097,46.0,46.0,0.0,exact_sampled_agreement
multiscene_candidate_006__inflation_015mm,multiscene_candidate_006,15,direction_098,56.0,48.0,-8.0,physx_earlier
multiscene_candidate_006__inflation_015mm,multiscene_candidate_006,15,direction_099,46.0,40.0,-6.0,physx_earlier
multiscene_candidate_006__inflation_015mm,multiscene_candidate_006,15,direction_100,50.0,46.0,-4.0,physx_earlier
multiscene_candidate_006__inflation_015mm,multiscene_candidate_006,15,direction_101,52.0,42.0,-10.0,physx_earlier
multiscene_candidate_006__inflation_015mm,multiscene_candidate_006,15,direction_102,40.0,36.0,-4.0,physx_earlier
multiscene_candidate_006__inflation_015mm,multiscene_candidate_006,15,direction_103,46.0,42.0,-4.0,physx_earlier
multiscene_candidate_006__inflation_015mm,multiscene_candidate_006,15,direction_104,44.0,38.0,-6.0,physx_earlier
multiscene_candidate_006__inflation_015mm,multiscene_candidate_006,15,direction_105,38.0,38.0,0.0,exact_sampled_agreement
multiscene_candidate_006__inflation_015mm,multiscene_candidate_006,15,direction_106,44.0,38.0,-6.0,physx_earlier
multiscene_candidate_006__inflation_015mm,multiscene_candidate_006,15,direction_107,38.0,32.0,-6.0,physx_earlier
multiscene_candidate_006__inflation_015mm,multiscene_candidate_006,15,direction_108,40.0,36.0,-4.0,physx_earlier
multiscene_candidate_006__inflation_015mm,multiscene_candidate_006,15,direction_109,40.0,34.0,-6.0,physx_earlier
multiscene_candidate_006__inflation_015mm,multiscene_candidate_006,15,direction_110,34.0,32.0,-2.0,physx_earlier
multiscene_candidate_006__inflation_015mm,multiscene_candidate_006,15,direction_111,40.0,34.0,-6.0,physx_earlier
multiscene_candidate_006__inflation_015mm,multiscene_candidate_006,15,direction_112,36.0,30.0,-6.0,physx_earlier
multiscene_candidate_006__inflation_015mm,multiscene_candidate_006,15,direction_113,34.0,32.0,-2.0,physx_earlier
multiscene_candidate_006__inflation_015mm,multiscene_candidate_006,15,direction_114,38.0,32.0,-6.0,physx_earlier
multiscene_candidate_006__inflation_015mm,multiscene_candidate_006,15,direction_115,32.0,28.0,-4.0,physx_earlier
multiscene_candidate_006__inflation_015mm,multiscene_candidate_006,15,direction_116,34.0,30.0,-4.0,physx_earlier
multiscene_candidate_006__inflation_015mm,multiscene_candidate_006,15,direction_117,34.0,28.0,-6.0,physx_earlier
multiscene_candidate_006__inflation_015mm,multiscene_candidate_006,15,direction_118,30.0,28.0,-2.0,physx_earlier
multiscene_candidate_006__inflation_015mm,multiscene_candidate_006,15,direction_119,32.0,28.0,-4.0,physx_earlier
multiscene_candidate_006__inflation_015mm,multiscene_candidate_006,15,direction_120,30.0,26.0,-4.0,physx_earlier
multiscene_candidate_006__inflation_015mm,multiscene_candidate_006,15,direction_121,30.0,26.0,-4.0,physx_earlier
multiscene_candidate_006__inflation_015mm,multiscene_candidate_006,15,direction_122,30.0,26.0,-4.0,physx_earlier
multiscene_candidate_006__inflation_015mm,multiscene_candidate_006,15,direction_123,28.0,24.0,-4.0,physx_earlier
multiscene_candidate_006__inflation_015mm,multiscene_candidate_006,15,direction_124,30.0,26.0,-4.0,physx_earlier
multiscene_candidate_006__inflation_015mm,multiscene_candidate_006,15,direction_125,28.0,24.0,-4.0,physx_earlier
multiscene_candidate_006__inflation_015mm,multiscene_candidate_006,15,direction_126,28.0,24.0,-4.0,physx_earlier
multiscene_candidate_006__inflation_015mm,multiscene_candidate_006,15,direction_127,28.0,24.0,-4.0,physx_earlier
multiscene_candidate_006__inflation_020mm,multiscene_candidate_006,20,direction_000,,,,both_right_censored
multiscene_candidate_006__inflation_020mm,multiscene_candidate_006,20,direction_001,,,,both_right_censored
multiscene_candidate_006__inflation_020mm,multiscene_candidate_006,20,direction_002,,,,both_right_censored
multiscene_candidate_006__inflation_020mm,multiscene_candidate_006,20,direction_003,,,,both_right_censored
multiscene_candidate_006__inflation_020mm,multiscene_candidate_006,20,direction_004,,,,both_right_censored
multiscene_candidate_006__inflation_020mm,multiscene_candidate_006,20,direction_005,,,,both_right_censored
multiscene_candidate_006__inflation_020mm,multiscene_candidate_006,20,direction_006,,,,both_right_censored
multiscene_candidate_006__inflation_020mm,multiscene_candidate_006,20,direction_007,,,,both_right_censored
multiscene_candidate_006__inflation_020mm,multiscene_candidate_006,20,direction_008,,,,both_right_censored
multiscene_candidate_006__inflation_020mm,multiscene_candidate_006,20,direction_009,,,,both_right_censored
multiscene_candidate_006__inflation_020mm,multiscene_candidate_006,20,direction_010,,,,both_right_censored
multiscene_candidate_006__inflation_020mm,multiscene_candidate_006,20,direction_011,,,,both_right_censored
multiscene_candidate_006__inflation_020mm,multiscene_candidate_006,20,direction_012,,,,both_right_censored
multiscene_candidate_006__inflation_020mm,multiscene_candidate_006,20,direction_013,,,,both_right_censored
multiscene_candidate_006__inflation_020mm,multiscene_candidate_006,20,direction_014,,,,both_right_censored
multiscene_candidate_006__inflation_020mm,multiscene_candidate_006,20,direction_015,,,,both_right_censored
multiscene_candidate_006__inflation_020mm,multiscene_candidate_006,20,direction_016,,,,both_right_censored
multiscene_candidate_006__inflation_020mm,multiscene_candidate_006,20,direction_017,,,,both_right_censored
multiscene_candidate_006__inflation_020mm,multiscene_candidate_006,20,direction_018,,,,both_right_censored
multiscene_candidate_006__inflation_020mm,multiscene_candidate_006,20,direction_019,,,,both_right_censored
multiscene_candidate_006__inflation_020mm,multiscene_candidate_006,20,direction_020,,,,both_right_censored
multiscene_candidate_006__inflation_020mm,multiscene_candidate_006,20,direction_021,,,,both_right_censored
multiscene_candidate_006__inflation_020mm,multiscene_candidate_006,20,direction_022,,,,both_right_censored
multiscene_candidate_006__inflation_020mm,multiscene_candidate_006,20,direction_023,,,,both_right_censored
multiscene_candidate_006__inflation_020mm,multiscene_candidate_006,20,direction_024,,,,both_right_censored
multiscene_candidate_006__inflation_020mm,multiscene_candidate_006,20,direction_025,,,,both_right_censored
multiscene_candidate_006__inflation_020mm,multiscene_candidate_006,20,direction_026,,,,both_right_censored
multiscene_candidate_006__inflation_020mm,multiscene_candidate_006,20,direction_027,,,,both_right_censored
multiscene_candidate_006__inflation_020mm,multiscene_candidate_006,20,direction_028,,,,both_right_censored
multiscene_candidate_006__inflation_020mm,multiscene_candidate_006,20,direction_029,,,,both_right_censored
multiscene_candidate_006__inflation_020mm,multiscene_candidate_006,20,direction_030,,,,both_right_censored
multiscene_candidate_006__inflation_020mm,multiscene_candidate_006,20,direction_031,,,,both_right_censored
multiscene_candidate_006__inflation_020mm,multiscene_candidate_006,20,direction_032,,,,both_right_censored
multiscene_candidate_006__inflation_020mm,multiscene_candidate_006,20,direction_033,,,,both_right_censored
multiscene_candidate_006__inflation_020mm,multiscene_candidate_006,20,direction_034,,,,both_right_censored
multiscene_candidate_006__inflation_020mm,multiscene_candidate_006,20,direction_035,,,,both_right_censored
multiscene_candidate_006__inflation_020mm,multiscene_candidate_006,20,direction_036,,,,both_right_censored
multiscene_candidate_006__inflation_020mm,multiscene_candidate_006,20,direction_037,,,,both_right_censored
multiscene_candidate_006__inflation_020mm,multiscene_candidate_006,20,direction_038,,,,both_right_censored
multiscene_candidate_006__inflation_020mm,multiscene_candidate_006,20,direction_039,,,,both_right_censored
multiscene_candidate_006__inflation_020mm,multiscene_candidate_006,20,direction_040,,,,both_right_censored
multiscene_candidate_006__inflation_020mm,multiscene_candidate_006,20,direction_041,,,,both_right_censored
multiscene_candidate_006__inflation_020mm,multiscene_candidate_006,20,direction_042,,,,both_right_censored
multiscene_candidate_006__inflation_020mm,multiscene_candidate_006,20,direction_043,,,,both_right_censored
multiscene_candidate_006__inflation_020mm,multiscene_candidate_006,20,direction_044,,,,both_right_censored
multiscene_candidate_006__inflation_020mm,multiscene_candidate_006,20,direction_045,,,,both_right_censored
multiscene_candidate_006__inflation_020mm,multiscene_candidate_006,20,direction_046,,,,both_right_censored
multiscene_candidate_006__inflation_020mm,multiscene_candidate_006,20,direction_047,,,,both_right_censored
multiscene_candidate_006__inflation_020mm,multiscene_candidate_006,20,direction_048,,,,both_right_censored
multiscene_candidate_006__inflation_020mm,multiscene_candidate_006,20,direction_049,,,,both_right_censored
multiscene_candidate_006__inflation_020mm,multiscene_candidate_006,20,direction_050,,,,both_right_censored
multiscene_candidate_006__inflation_020mm,multiscene_candidate_006,20,direction_051,,,,both_right_censored
multiscene_candidate_006__inflation_020mm,multiscene_candidate_006,20,direction_052,,,,both_right_censored
multiscene_candidate_006__inflation_020mm,multiscene_candidate_006,20,direction_053,,,,both_right_censored
multiscene_candidate_006__inflation_020mm,multiscene_candidate_006,20,direction_054,,,,both_right_censored
multiscene_candidate_006__inflation_020mm,multiscene_candidate_006,20,direction_055,,,,both_right_censored
multiscene_candidate_006__inflation_020mm,multiscene_candidate_006,20,direction_056,,,,both_right_censored
multiscene_candidate_006__inflation_020mm,multiscene_candidate_006,20,direction_057,,,,both_right_censored
multiscene_candidate_006__inflation_020mm,multiscene_candidate_006,20,direction_058,,,,both_right_censored
multiscene_candidate_006__inflation_020mm,multiscene_candidate_006,20,direction_059,,,,both_right_censored
multiscene_candidate_006__inflation_020mm,multiscene_candidate_006,20,direction_060,,,,both_right_censored
multiscene_candidate_006__inflation_020mm,multiscene_candidate_006,20,direction_061,,,,both_right_censored
multiscene_candidate_006__inflation_020mm,multiscene_candidate_006,20,direction_062,,,,both_right_censored
multiscene_candidate_006__inflation_020mm,multiscene_candidate_006,20,direction_063,,,,both_right_censored
multiscene_candidate_006__inflation_020mm,multiscene_candidate_006,20,direction_064,,,,both_right_censored
multiscene_candidate_006__inflation_020mm,multiscene_candidate_006,20,direction_065,,,,both_right_censored
multiscene_candidate_006__inflation_020mm,multiscene_candidate_006,20,direction_066,,,,both_right_censored
multiscene_candidate_006__inflation_020mm,multiscene_candidate_006,20,direction_067,,,,both_right_censored
multiscene_candidate_006__inflation_020mm,multiscene_candidate_006,20,direction_068,,,,both_right_censored
multiscene_candidate_006__inflation_020mm,multiscene_candidate_006,20,direction_069,,,,both_right_censored
multiscene_candidate_006__inflation_020mm,multiscene_candidate_006,20,direction_070,,,,both_right_censored
multiscene_candidate_006__inflation_020mm,multiscene_candidate_006,20,direction_071,,,,both_right_censored
multiscene_candidate_006__inflation_020mm,multiscene_candidate_006,20,direction_072,,,,both_right_censored
multiscene_candidate_006__inflation_020mm,multiscene_candidate_006,20,direction_073,,,,both_right_censored
multiscene_candidate_006__inflation_020mm,multiscene_candidate_006,20,direction_074,,,,both_right_censored
multiscene_candidate_006__inflation_020mm,multiscene_candidate_006,20,direction_075,,,,both_right_censored
multiscene_candidate_006__inflation_020mm,multiscene_candidate_006,20,direction_076,,,,both_right_censored
multiscene_candidate_006__inflation_020mm,multiscene_candidate_006,20,direction_077,,,,both_right_censored
multiscene_candidate_006__inflation_020mm,multiscene_candidate_006,20,direction_078,,,,both_right_censored
multiscene_candidate_006__inflation_020mm,multiscene_candidate_006,20,direction_079,,,,both_right_censored
multiscene_candidate_006__inflation_020mm,multiscene_candidate_006,20,direction_080,,,,both_right_censored
multiscene_candidate_006__inflation_020mm,multiscene_candidate_006,20,direction_081,,,,both_right_censored
multiscene_candidate_006__inflation_020mm,multiscene_candidate_006,20,direction_082,,,,both_right_censored
multiscene_candidate_006__inflation_020mm,multiscene_candidate_006,20,direction_083,,,,both_right_censored
multiscene_candidate_006__inflation_020mm,multiscene_candidate_006,20,direction_084,,,,both_right_censored
multiscene_candidate_006__inflation_020mm,multiscene_candidate_006,20,direction_085,,,,both_right_censored
multiscene_candidate_006__inflation_020mm,multiscene_candidate_006,20,direction_086,,,,both_right_censored
multiscene_candidate_006__inflation_020mm,multiscene_candidate_006,20,direction_087,,,,both_right_censored
multiscene_candidate_006__inflation_020mm,multiscene_candidate_006,20,direction_088,,,,both_right_censored
multiscene_candidate_006__inflation_020mm,multiscene_candidate_006,20,direction_089,,,,both_right_censored
multiscene_candidate_006__inflation_020mm,multiscene_candidate_006,20,direction_090,,,,both_right_censored
multiscene_candidate_006__inflation_020mm,multiscene_candidate_006,20,direction_091,,,,both_right_censored
multiscene_candidate_006__inflation_020mm,multiscene_candidate_006,20,direction_092,,,,both_right_censored
multiscene_candidate_006__inflation_020mm,multiscene_candidate_006,20,direction_093,,,,both_right_censored
multiscene_candidate_006__inflation_020mm,multiscene_candidate_006,20,direction_094,60.0,52.0,-8.0,physx_earlier
multiscene_candidate_006__inflation_020mm,multiscene_candidate_006,20,direction_095,,60.0,,physx_only_observed
multiscene_candidate_006__inflation_020mm,multiscene_candidate_006,20,direction_096,,56.0,,physx_only_observed
multiscene_candidate_006__inflation_020mm,multiscene_candidate_006,20,direction_097,58.0,54.0,-4.0,physx_earlier
multiscene_candidate_006__inflation_020mm,multiscene_candidate_006,20,direction_098,,54.0,,physx_only_observed
multiscene_candidate_006__inflation_020mm,multiscene_candidate_006,20,direction_099,56.0,50.0,-6.0,physx_earlier
multiscene_candidate_006__inflation_020mm,multiscene_candidate_006,20,direction_100,58.0,52.0,-6.0,physx_earlier
multiscene_candidate_006__inflation_020mm,multiscene_candidate_006,20,direction_101,58.0,50.0,-8.0,physx_earlier
multiscene_candidate_006__inflation_020mm,multiscene_candidate_006,20,direction_102,48.0,44.0,-4.0,physx_earlier
multiscene_candidate_006__inflation_020mm,multiscene_candidate_006,20,direction_103,54.0,48.0,-6.0,physx_earlier
multiscene_candidate_006__inflation_020mm,multiscene_candidate_006,20,direction_104,52.0,44.0,-8.0,physx_earlier
multiscene_candidate_006__inflation_020mm,multiscene_candidate_006,20,direction_105,48.0,44.0,-4.0,physx_earlier
multiscene_candidate_006__inflation_020mm,multiscene_candidate_006,20,direction_106,52.0,44.0,-8.0,physx_earlier
multiscene_candidate_006__inflation_020mm,multiscene_candidate_006,20,direction_107,44.0,40.0,-4.0,physx_earlier
multiscene_candidate_006__inflation_020mm,multiscene_candidate_006,20,direction_108,48.0,42.0,-6.0,physx_earlier
multiscene_candidate_006__inflation_020mm,multiscene_candidate_006,20,direction_109,48.0,40.0,-8.0,physx_earlier
multiscene_candidate_006__inflation_020mm,multiscene_candidate_006,20,direction_110,42.0,38.0,-4.0,physx_earlier
multiscene_candidate_006__inflation_020mm,multiscene_candidate_006,20,direction_111,46.0,40.0,-6.0,physx_earlier
multiscene_candidate_006__inflation_020mm,multiscene_candidate_006,20,direction_112,42.0,36.0,-6.0,physx_earlier
multiscene_candidate_006__inflation_020mm,multiscene_candidate_006,20,direction_113,42.0,38.0,-4.0,physx_earlier
multiscene_candidate_006__inflation_020mm,multiscene_candidate_006,20,direction_114,42.0,36.0,-6.0,physx_earlier
multiscene_candidate_006__inflation_020mm,multiscene_candidate_006,20,direction_115,38.0,34.0,-4.0,physx_earlier
multiscene_candidate_006__inflation_020mm,multiscene_candidate_006,20,direction_116,40.0,36.0,-4.0,physx_earlier
multiscene_candidate_006__inflation_020mm,multiscene_candidate_006,20,direction_117,40.0,34.0,-6.0,physx_earlier
multiscene_candidate_006__inflation_020mm,multiscene_candidate_006,20,direction_118,36.0,34.0,-2.0,physx_earlier
multiscene_candidate_006__inflation_020mm,multiscene_candidate_006,20,direction_119,38.0,34.0,-4.0,physx_earlier
multiscene_candidate_006__inflation_020mm,multiscene_candidate_006,20,direction_120,36.0,32.0,-4.0,physx_earlier
multiscene_candidate_006__inflation_020mm,multiscene_candidate_006,20,direction_121,36.0,32.0,-4.0,physx_earlier
multiscene_candidate_006__inflation_020mm,multiscene_candidate_006,20,direction_122,36.0,32.0,-4.0,physx_earlier
multiscene_candidate_006__inflation_020mm,multiscene_candidate_006,20,direction_123,34.0,30.0,-4.0,physx_earlier
multiscene_candidate_006__inflation_020mm,multiscene_candidate_006,20,direction_124,34.0,30.0,-4.0,physx_earlier
multiscene_candidate_006__inflation_020mm,multiscene_candidate_006,20,direction_125,34.0,30.0,-4.0,physx_earlier
multiscene_candidate_006__inflation_020mm,multiscene_candidate_006,20,direction_126,32.0,28.0,-4.0,physx_earlier
multiscene_candidate_006__inflation_020mm,multiscene_candidate_006,20,direction_127,34.0,28.0,-6.0,physx_earlier
