condition_id,scene_id,inflation_mm,direction_id,physx_first_sampled_collision_mm,physx_lower_safe_bound_mm,physx_upper_collision_bound_mm,physx_interval_width_mm,physx_estimated_threshold_midpoint_mm,physx_right_censored_above_60mm,curobo_first_sampled_collision_mm,curobo_lower_safe_bound_mm,curobo_upper_collision_bound_mm,curobo_right_censored_above_60mm,bottleneck_switch
formal_baseline_v1__inflation_000mm,formal_baseline_v1,0,direction_000,,,,,,True,,,,True,False
formal_baseline_v1__inflation_000mm,formal_baseline_v1,0,direction_001,,,,,,True,,,,True,False
formal_baseline_v1__inflation_000mm,formal_baseline_v1,0,direction_002,,,,,,True,,,,True,False
formal_baseline_v1__inflation_000mm,formal_baseline_v1,0,direction_003,,,,,,True,,,,True,False
formal_baseline_v1__inflation_000mm,formal_baseline_v1,0,direction_004,,,,,,True,,,,True,False
formal_baseline_v1__inflation_000mm,formal_baseline_v1,0,direction_005,,,,,,True,,,,True,False
formal_baseline_v1__inflation_000mm,formal_baseline_v1,0,direction_006,,,,,,True,,,,True,False
formal_baseline_v1__inflation_000mm,formal_baseline_v1,0,direction_007,,,,,,True,,,,True,False
formal_baseline_v1__inflation_000mm,formal_baseline_v1,0,direction_008,,,,,,True,,,,True,False
formal_baseline_v1__inflation_000mm,formal_baseline_v1,0,direction_009,,,,,,True,,,,True,False
formal_baseline_v1__inflation_000mm,formal_baseline_v1,0,direction_010,,,,,,True,,,,True,False
formal_baseline_v1__inflation_000mm,formal_baseline_v1,0,direction_011,,,,,,True,,,,True,False
formal_baseline_v1__inflation_000mm,formal_baseline_v1,0,direction_012,,,,,,True,,,,True,False
formal_baseline_v1__inflation_000mm,formal_baseline_v1,0,direction_013,,,,,,True,,,,True,False
formal_baseline_v1__inflation_000mm,formal_baseline_v1,0,direction_014,,,,,,True,,,,True,False
formal_baseline_v1__inflation_000mm,formal_baseline_v1,0,direction_015,,,,,,True,,,,True,False
formal_baseline_v1__inflation_000mm,formal_baseline_v1,0,direction_016,,,,,,True,,,,True,False
formal_baseline_v1__inflation_000mm,formal_baseline_v1,0,direction_017,,,,,,True,,,,True,False
formal_baseline_v1__inflation_000mm,formal_baseline_v1,0,direction_018,,,,,,True,,,,True,False
formal_baseline_v1__inflation_000mm,formal_baseline_v1,0,direction_019,,,,,,True,,,,True,False
formal_baseline_v1__inflation_000mm,formal_baseline_v1,0,direction_020,,,,,,True,,,,True,False
formal_baseline_v1__inflation_000mm,formal_baseline_v1,0,direction_021,,,,,,True,,,,True,False
formal_baseline_v1__inflation_000mm,formal_baseline_v1,0,direction_022,,,,,,True,,,,True,False
formal_baseline_v1__inflation_000mm,formal_baseline_v1,0,direction_023,,,,,,True,,,,True,False
formal_baseline_v1__inflation_000mm,formal_baseline_v1,0,direction_024,,,,,,True,,,,True,False
formal_baseline_v1__inflation_000mm,formal_baseline_v1,0,direction_025,,,,,,True,,,,True,False
formal_baseline_v1__inflation_000mm,formal_baseline_v1,0,direction_026,,,,,,True,,,,True,False
formal_baseline_v1__inflation_000mm,formal_baseline_v1,0,direction_027,,,,,,True,,,,True,False
formal_baseline_v1__inflation_000mm,formal_baseline_v1,0,direction_028,,,,,,True,,,,True,False
formal_baseline_v1__inflation_000mm,formal_baseline_v1,0,direction_029,,,,,,True,,,,True,False
formal_baseline_v1__inflation_000mm,formal_baseline_v1,0,direction_030,,,,,,True,,,,True,False
formal_baseline_v1__inflation_000mm,formal_baseline_v1,0,direction_031,,,,,,True,,,,True,False
formal_baseline_v1__inflation_000mm,formal_baseline_v1,0,direction_032,,,,,,True,,,,True,False
formal_baseline_v1__inflation_000mm,formal_baseline_v1,0,direction_033,,,,,,True,,,,True,False
formal_baseline_v1__inflation_000mm,formal_baseline_v1,0,direction_034,,,,,,True,,,,True,False
formal_baseline_v1__inflation_000mm,formal_baseline_v1,0,direction_035,,,,,,True,,,,True,False
formal_baseline_v1__inflation_000mm,formal_baseline_v1,0,direction_036,,,,,,True,,,,True,False
formal_baseline_v1__inflation_000mm,formal_baseline_v1,0,direction_037,,,,,,True,,,,True,False
formal_baseline_v1__inflation_000mm,formal_baseline_v1,0,direction_038,,,,,,True,,,,True,False
formal_baseline_v1__inflation_000mm,formal_baseline_v1,0,direction_039,,,,,,True,,,,True,False
formal_baseline_v1__inflation_000mm,formal_baseline_v1,0,direction_040,,,,,,True,,,,True,False
formal_baseline_v1__inflation_000mm,formal_baseline_v1,0,direction_041,,,,,,True,,,,True,False
formal_baseline_v1__inflation_000mm,formal_baseline_v1,0,direction_042,,,,,,True,,,,True,False
formal_baseline_v1__inflation_000mm,formal_baseline_v1,0,direction_043,,,,,,True,,,,True,False
formal_baseline_v1__inflation_000mm,formal_baseline_v1,0,direction_044,,,,,,True,,,,True,False
formal_baseline_v1__inflation_000mm,formal_baseline_v1,0,direction_045,,,,,,True,,,,True,False
formal_baseline_v1__inflation_000mm,formal_baseline_v1,0,direction_046,,,,,,True,,,,True,False
formal_baseline_v1__inflation_000mm,formal_baseline_v1,0,direction_047,,,,,,True,,,,True,False
formal_baseline_v1__inflation_000mm,formal_baseline_v1,0,direction_048,,,,,,True,,,,True,False
formal_baseline_v1__inflation_000mm,formal_baseline_v1,0,direction_049,,,,,,True,,,,True,False
formal_baseline_v1__inflation_000mm,formal_baseline_v1,0,direction_050,,,,,,True,,,,True,False
formal_baseline_v1__inflation_000mm,formal_baseline_v1,0,direction_051,,,,,,True,,,,True,False
formal_baseline_v1__inflation_000mm,formal_baseline_v1,0,direction_052,,,,,,True,,,,True,False
formal_baseline_v1__inflation_000mm,formal_baseline_v1,0,direction_053,,,,,,True,,,,True,False
formal_baseline_v1__inflation_000mm,formal_baseline_v1,0,direction_054,,,,,,True,,,,True,False
formal_baseline_v1__inflation_000mm,formal_baseline_v1,0,direction_055,,,,,,True,,,,True,False
formal_baseline_v1__inflation_000mm,formal_baseline_v1,0,direction_056,,,,,,True,,,,True,False
formal_baseline_v1__inflation_000mm,formal_baseline_v1,0,direction_057,,,,,,True,,,,True,False
formal_baseline_v1__inflation_000mm,formal_baseline_v1,0,direction_058,,,,,,True,,,,True,False
formal_baseline_v1__inflation_000mm,formal_baseline_v1,0,direction_059,,,,,,True,,,,True,False
formal_baseline_v1__inflation_000mm,formal_baseline_v1,0,direction_060,,,,,,True,,,,True,False
formal_baseline_v1__inflation_000mm,formal_baseline_v1,0,direction_061,,,,,,True,,,,True,False
formal_baseline_v1__inflation_000mm,formal_baseline_v1,0,direction_062,,,,,,True,,,,True,False
formal_baseline_v1__inflation_000mm,formal_baseline_v1,0,direction_063,,,,,,True,,,,True,False
formal_baseline_v1__inflation_000mm,formal_baseline_v1,0,direction_064,,,,,,True,,,,True,False
formal_baseline_v1__inflation_000mm,formal_baseline_v1,0,direction_065,,,,,,True,,,,True,False
formal_baseline_v1__inflation_000mm,formal_baseline_v1,0,direction_066,,,,,,True,,,,True,False
formal_baseline_v1__inflation_000mm,formal_baseline_v1,0,direction_067,,,,,,True,,,,True,False
formal_baseline_v1__inflation_000mm,formal_baseline_v1,0,direction_068,,,,,,True,,,,True,False
formal_baseline_v1__inflation_000mm,formal_baseline_v1,0,direction_069,,,,,,True,,,,True,False
formal_baseline_v1__inflation_000mm,formal_baseline_v1,0,direction_070,,,,,,True,,,,True,False
formal_baseline_v1__inflation_000mm,formal_baseline_v1,0,direction_071,,,,,,True,,,,True,False
formal_baseline_v1__inflation_000mm,formal_baseline_v1,0,direction_072,,,,,,True,,,,True,False
formal_baseline_v1__inflation_000mm,formal_baseline_v1,0,direction_073,,,,,,True,,,,True,False
formal_baseline_v1__inflation_000mm,formal_baseline_v1,0,direction_074,,,,,,True,,,,True,False
formal_baseline_v1__inflation_000mm,formal_baseline_v1,0,direction_075,,,,,,True,,,,True,False
formal_baseline_v1__inflation_000mm,formal_baseline_v1,0,direction_076,,,,,,True,,,,True,False
formal_baseline_v1__inflation_000mm,formal_baseline_v1,0,direction_077,,,,,,True,,,,True,False
formal_baseline_v1__inflation_000mm,formal_baseline_v1,0,direction_078,46.0,45.0,45.5,0.5,45.25,False,46.0,45.5,46.0,False,False
formal_baseline_v1__inflation_000mm,formal_baseline_v1,0,direction_079,,,,,,True,,,,True,False
formal_baseline_v1__inflation_000mm,formal_baseline_v1,0,direction_080,,,,,,True,,,,True,False
formal_baseline_v1__inflation_000mm,formal_baseline_v1,0,direction_081,46.0,44.5,45.0,0.5,44.75,False,44.0,42.0,44.0,False,False
formal_baseline_v1__inflation_000mm,formal_baseline_v1,0,direction_082,,,,,,True,,,,True,False
formal_baseline_v1__inflation_000mm,formal_baseline_v1,0,direction_083,36.0,34.5,35.0,0.5,34.75,False,46.0,44.0,46.0,False,False
formal_baseline_v1__inflation_000mm,formal_baseline_v1,0,direction_084,56.0,55.5,56.0,0.5,55.75,False,50.0,48.0,50.0,False,False
formal_baseline_v1__inflation_000mm,formal_baseline_v1,0,direction_085,48.0,46.0,46.5,0.5,46.25,False,,,,True,False
formal_baseline_v1__inflation_000mm,formal_baseline_v1,0,direction_086,34.0,33.0,33.5,0.5,33.25,False,32.0,30.0,32.0,False,False
formal_baseline_v1__inflation_000mm,formal_baseline_v1,0,direction_087,60.0,59.0,59.5,0.5,59.25,False,56.0,54.0,56.0,False,False
formal_baseline_v1__inflation_000mm,formal_baseline_v1,0,direction_088,32.0,31.5,32.0,0.5,31.75,False,44.0,42.0,44.0,False,False
formal_baseline_v1__inflation_000mm,formal_baseline_v1,0,direction_089,36.0,35.0,35.5,0.5,35.25,False,36.0,34.0,35.0,False,False
formal_baseline_v1__inflation_000mm,formal_baseline_v1,0,direction_090,44.0,43.0,43.5,0.5,43.25,False,40.0,38.0,40.0,False,False
formal_baseline_v1__inflation_000mm,formal_baseline_v1,0,direction_091,28.0,27.0,27.5,0.5,27.25,False,28.0,27.5,28.0,False,False
formal_baseline_v1__inflation_000mm,formal_baseline_v1,0,direction_092,42.0,40.0,40.5,0.5,40.25,False,36.0,34.0,36.0,False,False
formal_baseline_v1__inflation_000mm,formal_baseline_v1,0,direction_093,30.0,29.5,30.0,0.5,29.75,False,38.0,36.0,38.0,False,False
formal_baseline_v1__inflation_000mm,formal_baseline_v1,0,direction_094,26.0,25.5,26.0,0.5,25.75,False,26.0,25.0,25.5,False,False
formal_baseline_v1__inflation_000mm,formal_baseline_v1,0,direction_095,38.0,37.0,37.5,0.5,37.25,False,34.0,32.0,34.0,False,False
formal_baseline_v1__inflation_000mm,formal_baseline_v1,0,direction_096,24.0,23.5,24.0,0.5,23.75,False,28.0,26.0,28.0,False,False
formal_baseline_v1__inflation_000mm,formal_baseline_v1,0,direction_097,30.0,29.0,29.5,0.5,29.25,False,28.0,26.0,28.0,False,False
formal_baseline_v1__inflation_000mm,formal_baseline_v1,0,direction_098,30.0,28.5,29.0,0.5,28.75,False,30.0,28.5,29.0,False,False
formal_baseline_v1__inflation_000mm,formal_baseline_v1,0,direction_099,22.0,21.5,22.0,0.5,21.75,False,22.0,21.0,21.5,False,False
formal_baseline_v1__inflation_000mm,formal_baseline_v1,0,direction_100,32.0,30.5,31.0,0.5,30.75,False,28.0,26.0,28.0,False,False
formal_baseline_v1__inflation_000mm,formal_baseline_v1,0,direction_101,24.0,22.5,23.0,0.5,22.75,False,26.0,24.0,26.0,False,False
formal_baseline_v1__inflation_000mm,formal_baseline_v1,0,direction_102,24.0,22.5,23.0,0.5,22.75,False,22.0,20.0,22.0,False,False
formal_baseline_v1__inflation_000mm,formal_baseline_v1,0,direction_103,28.0,26.0,26.5,0.5,26.25,False,26.0,24.0,26.0,False,False
formal_baseline_v1__inflation_000mm,formal_baseline_v1,0,direction_104,20.0,19.0,19.5,0.5,19.25,False,20.0,19.0,19.5,False,False
formal_baseline_v1__inflation_000mm,formal_baseline_v1,0,direction_105,26.0,24.0,24.5,0.5,24.25,False,24.0,22.0,24.0,False,False
formal_baseline_v1__inflation_000mm,formal_baseline_v1,0,direction_106,22.0,21.0,21.5,0.5,21.25,False,22.0,21.5,22.0,False,False
formal_baseline_v1__inflation_000mm,formal_baseline_v1,0,direction_107,20.0,19.0,19.5,0.5,19.25,False,18.0,16.0,18.0,False,False
formal_baseline_v1__inflation_000mm,formal_baseline_v1,0,direction_108,24.0,23.0,23.5,0.5,23.25,False,24.0,22.0,23.0,False,False
formal_baseline_v1__inflation_000mm,formal_baseline_v1,0,direction_109,20.0,18.5,19.0,0.5,18.75,False,20.0,19.0,20.0,False,False
formal_baseline_v1__inflation_000mm,formal_baseline_v1,0,direction_110,20.0,19.0,19.5,0.5,19.25,False,20.0,18.0,19.0,False,False
formal_baseline_v1__inflation_000mm,formal_baseline_v1,0,direction_111,22.0,20.5,21.0,0.5,20.75,False,20.0,18.0,20.0,False,False
formal_baseline_v1__inflation_000mm,formal_baseline_v1,0,direction_112,18.0,17.0,17.5,0.5,17.25,False,18.0,16.0,17.0,False,False
formal_baseline_v1__inflation_000mm,formal_baseline_v1,0,direction_113,22.0,20.0,20.5,0.5,20.25,False,20.0,18.0,20.0,False,False
formal_baseline_v1__inflation_000mm,formal_baseline_v1,0,direction_114,18.0,17.5,18.0,0.5,17.75,False,18.0,17.0,17.5,False,False
formal_baseline_v1__inflation_000mm,formal_baseline_v1,0,direction_115,18.0,17.0,17.5,0.5,17.25,False,18.0,16.0,17.0,False,False
formal_baseline_v1__inflation_000mm,formal_baseline_v1,0,direction_116,20.0,18.5,19.0,0.5,18.75,False,18.0,16.0,18.0,False,False
formal_baseline_v1__inflation_000mm,formal_baseline_v1,0,direction_117,18.0,16.0,16.5,0.5,16.25,False,16.0,14.0,16.0,False,False
formal_baseline_v1__inflation_000mm,formal_baseline_v1,0,direction_118,18.0,16.5,17.0,0.5,16.75,False,18.0,16.0,16.5,False,False
formal_baseline_v1__inflation_000mm,formal_baseline_v1,0,direction_119,18.0,16.0,16.5,0.5,16.25,False,16.0,14.0,16.0,False,False
formal_baseline_v1__inflation_000mm,formal_baseline_v1,0,direction_120,16.0,15.0,15.5,0.5,15.25,False,16.0,14.0,15.0,False,False
formal_baseline_v1__inflation_000mm,formal_baseline_v1,0,direction_121,18.0,17.0,17.5,0.5,17.25,False,16.0,14.0,16.0,False,False
formal_baseline_v1__inflation_000mm,formal_baseline_v1,0,direction_122,16.0,15.0,15.5,0.5,15.25,False,16.0,14.0,15.0,False,False
formal_baseline_v1__inflation_000mm,formal_baseline_v1,0,direction_123,16.0,15.0,15.5,0.5,15.25,False,16.0,14.0,15.0,False,False
formal_baseline_v1__inflation_000mm,formal_baseline_v1,0,direction_124,16.0,15.0,15.5,0.5,15.25,False,16.0,14.0,15.0,False,False
formal_baseline_v1__inflation_000mm,formal_baseline_v1,0,direction_125,16.0,14.0,14.5,0.5,14.25,False,16.0,14.0,14.5,False,False
formal_baseline_v1__inflation_000mm,formal_baseline_v1,0,direction_126,16.0,14.5,15.0,0.5,14.75,False,14.0,12.0,14.0,False,False
formal_baseline_v1__inflation_000mm,formal_baseline_v1,0,direction_127,16.0,14.0,14.5,0.5,14.25,False,14.0,12.0,14.0,False,False
formal_baseline_v1__inflation_005mm,formal_baseline_v1,5,direction_000,,,,,,True,,,,True,False
formal_baseline_v1__inflation_005mm,formal_baseline_v1,5,direction_001,,,,,,True,,,,True,False
formal_baseline_v1__inflation_005mm,formal_baseline_v1,5,direction_002,,,,,,True,,,,True,False
formal_baseline_v1__inflation_005mm,formal_baseline_v1,5,direction_003,,,,,,True,,,,True,False
formal_baseline_v1__inflation_005mm,formal_baseline_v1,5,direction_004,,,,,,True,,,,True,False
formal_baseline_v1__inflation_005mm,formal_baseline_v1,5,direction_005,,,,,,True,,,,True,False
formal_baseline_v1__inflation_005mm,formal_baseline_v1,5,direction_006,,,,,,True,,,,True,False
formal_baseline_v1__inflation_005mm,formal_baseline_v1,5,direction_007,,,,,,True,,,,True,False
formal_baseline_v1__inflation_005mm,formal_baseline_v1,5,direction_008,,,,,,True,,,,True,False
formal_baseline_v1__inflation_005mm,formal_baseline_v1,5,direction_009,,,,,,True,,,,True,False
formal_baseline_v1__inflation_005mm,formal_baseline_v1,5,direction_010,,,,,,True,,,,True,False
formal_baseline_v1__inflation_005mm,formal_baseline_v1,5,direction_011,,,,,,True,,,,True,False
formal_baseline_v1__inflation_005mm,formal_baseline_v1,5,direction_012,,,,,,True,,,,True,False
formal_baseline_v1__inflation_005mm,formal_baseline_v1,5,direction_013,,,,,,True,,,,True,False
formal_baseline_v1__inflation_005mm,formal_baseline_v1,5,direction_014,,,,,,True,,,,True,False
formal_baseline_v1__inflation_005mm,formal_baseline_v1,5,direction_015,,,,,,True,,,,True,False
formal_baseline_v1__inflation_005mm,formal_baseline_v1,5,direction_016,,,,,,True,,,,True,False
formal_baseline_v1__inflation_005mm,formal_baseline_v1,5,direction_017,,,,,,True,,,,True,False
formal_baseline_v1__inflation_005mm,formal_baseline_v1,5,direction_018,,,,,,True,,,,True,False
formal_baseline_v1__inflation_005mm,formal_baseline_v1,5,direction_019,,,,,,True,,,,True,False
formal_baseline_v1__inflation_005mm,formal_baseline_v1,5,direction_020,,,,,,True,,,,True,False
formal_baseline_v1__inflation_005mm,formal_baseline_v1,5,direction_021,,,,,,True,,,,True,False
formal_baseline_v1__inflation_005mm,formal_baseline_v1,5,direction_022,,,,,,True,,,,True,False
formal_baseline_v1__inflation_005mm,formal_baseline_v1,5,direction_023,,,,,,True,,,,True,False
formal_baseline_v1__inflation_005mm,formal_baseline_v1,5,direction_024,,,,,,True,,,,True,False
formal_baseline_v1__inflation_005mm,formal_baseline_v1,5,direction_025,,,,,,True,,,,True,False
formal_baseline_v1__inflation_005mm,formal_baseline_v1,5,direction_026,,,,,,True,,,,True,False
formal_baseline_v1__inflation_005mm,formal_baseline_v1,5,direction_027,,,,,,True,,,,True,False
formal_baseline_v1__inflation_005mm,formal_baseline_v1,5,direction_028,,,,,,True,,,,True,False
formal_baseline_v1__inflation_005mm,formal_baseline_v1,5,direction_029,,,,,,True,,,,True,False
formal_baseline_v1__inflation_005mm,formal_baseline_v1,5,direction_030,,,,,,True,,,,True,False
formal_baseline_v1__inflation_005mm,formal_baseline_v1,5,direction_031,,,,,,True,,,,True,False
formal_baseline_v1__inflation_005mm,formal_baseline_v1,5,direction_032,,,,,,True,,,,True,False
formal_baseline_v1__inflation_005mm,formal_baseline_v1,5,direction_033,,,,,,True,,,,True,False
formal_baseline_v1__inflation_005mm,formal_baseline_v1,5,direction_034,,,,,,True,,,,True,False
formal_baseline_v1__inflation_005mm,formal_baseline_v1,5,direction_035,,,,,,True,,,,True,False
formal_baseline_v1__inflation_005mm,formal_baseline_v1,5,direction_036,,,,,,True,,,,True,False
formal_baseline_v1__inflation_005mm,formal_baseline_v1,5,direction_037,,,,,,True,,,,True,False
formal_baseline_v1__inflation_005mm,formal_baseline_v1,5,direction_038,,,,,,True,,,,True,False
formal_baseline_v1__inflation_005mm,formal_baseline_v1,5,direction_039,,,,,,True,,,,True,False
formal_baseline_v1__inflation_005mm,formal_baseline_v1,5,direction_040,,,,,,True,,,,True,False
formal_baseline_v1__inflation_005mm,formal_baseline_v1,5,direction_041,,,,,,True,,,,True,False
formal_baseline_v1__inflation_005mm,formal_baseline_v1,5,direction_042,,,,,,True,,,,True,False
formal_baseline_v1__inflation_005mm,formal_baseline_v1,5,direction_043,,,,,,True,,,,True,False
formal_baseline_v1__inflation_005mm,formal_baseline_v1,5,direction_044,,,,,,True,,,,True,False
formal_baseline_v1__inflation_005mm,formal_baseline_v1,5,direction_045,,,,,,True,,,,True,False
formal_baseline_v1__inflation_005mm,formal_baseline_v1,5,direction_046,,,,,,True,,,,True,False
formal_baseline_v1__inflation_005mm,formal_baseline_v1,5,direction_047,,,,,,True,,,,True,False
formal_baseline_v1__inflation_005mm,formal_baseline_v1,5,direction_048,,,,,,True,,,,True,False
formal_baseline_v1__inflation_005mm,formal_baseline_v1,5,direction_049,,,,,,True,,,,True,False
formal_baseline_v1__inflation_005mm,formal_baseline_v1,5,direction_050,,,,,,True,,,,True,False
formal_baseline_v1__inflation_005mm,formal_baseline_v1,5,direction_051,,,,,,True,,,,True,False
formal_baseline_v1__inflation_005mm,formal_baseline_v1,5,direction_052,,,,,,True,,,,True,False
formal_baseline_v1__inflation_005mm,formal_baseline_v1,5,direction_053,,,,,,True,,,,True,False
formal_baseline_v1__inflation_005mm,formal_baseline_v1,5,direction_054,,,,,,True,,,,True,False
formal_baseline_v1__inflation_005mm,formal_baseline_v1,5,direction_055,,,,,,True,,,,True,False
formal_baseline_v1__inflation_005mm,formal_baseline_v1,5,direction_056,,,,,,True,,,,True,False
formal_baseline_v1__inflation_005mm,formal_baseline_v1,5,direction_057,,,,,,True,,,,True,False
formal_baseline_v1__inflation_005mm,formal_baseline_v1,5,direction_058,,,,,,True,,,,True,False
formal_baseline_v1__inflation_005mm,formal_baseline_v1,5,direction_059,,,,,,True,,,,True,False
formal_baseline_v1__inflation_005mm,formal_baseline_v1,5,direction_060,,,,,,True,,,,True,False
formal_baseline_v1__inflation_005mm,formal_baseline_v1,5,direction_061,,,,,,True,,,,True,False
formal_baseline_v1__inflation_005mm,formal_baseline_v1,5,direction_062,,,,,,True,,,,True,False
formal_baseline_v1__inflation_005mm,formal_baseline_v1,5,direction_063,,,,,,True,,,,True,False
formal_baseline_v1__inflation_005mm,formal_baseline_v1,5,direction_064,,,,,,True,,,,True,False
formal_baseline_v1__inflation_005mm,formal_baseline_v1,5,direction_065,,,,,,True,,,,True,False
formal_baseline_v1__inflation_005mm,formal_baseline_v1,5,direction_066,,,,,,True,,,,True,False
formal_baseline_v1__inflation_005mm,formal_baseline_v1,5,direction_067,,,,,,True,,,,True,False
formal_baseline_v1__inflation_005mm,formal_baseline_v1,5,direction_068,,,,,,True,,,,True,False
formal_baseline_v1__inflation_005mm,formal_baseline_v1,5,direction_069,,,,,,True,,,,True,False
formal_baseline_v1__inflation_005mm,formal_baseline_v1,5,direction_070,,,,,,True,,,,True,False
formal_baseline_v1__inflation_005mm,formal_baseline_v1,5,direction_071,,,,,,True,,,,True,False
formal_baseline_v1__inflation_005mm,formal_baseline_v1,5,direction_072,,,,,,True,,,,True,False
formal_baseline_v1__inflation_005mm,formal_baseline_v1,5,direction_073,,,,,,True,,,,True,False
formal_baseline_v1__inflation_005mm,formal_baseline_v1,5,direction_074,,,,,,True,,,,True,False
formal_baseline_v1__inflation_005mm,formal_baseline_v1,5,direction_075,,,,,,True,,,,True,False
formal_baseline_v1__inflation_005mm,formal_baseline_v1,5,direction_076,,,,,,True,,,,True,False
formal_baseline_v1__inflation_005mm,formal_baseline_v1,5,direction_077,,,,,,True,,,,True,False
formal_baseline_v1__inflation_005mm,formal_baseline_v1,5,direction_078,50.0,49.0,49.5,0.5,49.25,False,56.0,54.0,56.0,False,False
formal_baseline_v1__inflation_005mm,formal_baseline_v1,5,direction_079,,,,,,True,,,,True,False
formal_baseline_v1__inflation_005mm,formal_baseline_v1,5,direction_080,,,,,,True,,,,True,False
formal_baseline_v1__inflation_005mm,formal_baseline_v1,5,direction_081,52.0,51.5,52.0,0.5,51.75,False,52.0,51.5,52.0,False,False
formal_baseline_v1__inflation_005mm,formal_baseline_v1,5,direction_082,,,,,,True,,,,True,False
formal_baseline_v1__inflation_005mm,formal_baseline_v1,5,direction_083,42.0,41.0,41.5,0.5,41.25,False,56.0,54.0,56.0,False,False
formal_baseline_v1__inflation_005mm,formal_baseline_v1,5,direction_084,,,,,,True,60.0,58.0,60.0,False,False
formal_baseline_v1__inflation_005mm,formal_baseline_v1,5,direction_085,58.0,57.5,58.0,0.5,57.75,False,,,,True,False
formal_baseline_v1__inflation_005mm,formal_baseline_v1,5,direction_086,38.0,37.0,37.5,0.5,37.25,False,38.0,36.0,37.0,False,False
formal_baseline_v1__inflation_005mm,formal_baseline_v1,5,direction_087,,,,,,True,,,,True,False
formal_baseline_v1__inflation_005mm,formal_baseline_v1,5,direction_088,42.0,41.0,41.5,0.5,41.25,False,54.0,52.0,54.0,False,False
formal_baseline_v1__inflation_005mm,formal_baseline_v1,5,direction_089,42.0,40.0,40.5,0.5,40.25,False,40.0,38.0,40.0,False,False
formal_baseline_v1__inflation_005mm,formal_baseline_v1,5,direction_090,50.0,48.5,49.0,0.5,48.75,False,50.0,48.0,48.5,False,False
formal_baseline_v1__inflation_005mm,formal_baseline_v1,5,direction_091,32.0,30.5,31.0,0.5,30.75,False,34.0,32.0,34.0,False,False
formal_baseline_v1__inflation_005mm,formal_baseline_v1,5,direction_092,46.0,45.5,46.0,0.5,45.75,False,44.0,42.0,44.0,False,False
formal_baseline_v1__inflation_005mm,formal_baseline_v1,5,direction_093,36.0,34.0,34.5,0.5,34.25,False,44.0,42.0,44.0,False,False
formal_baseline_v1__inflation_005mm,formal_baseline_v1,5,direction_094,32.0,30.0,30.5,0.5,30.25,False,30.0,28.0,30.0,False,False
formal_baseline_v1__inflation_005mm,formal_baseline_v1,5,direction_095,44.0,42.5,43.0,0.5,42.75,False,42.0,40.0,42.0,False,False
formal_baseline_v1__inflation_005mm,formal_baseline_v1,5,direction_096,28.0,27.5,28.0,0.5,27.75,False,34.0,32.0,34.0,False,False
formal_baseline_v1__inflation_005mm,formal_baseline_v1,5,direction_097,34.0,33.0,33.5,0.5,33.25,False,32.0,30.0,32.0,False,False
formal_baseline_v1__inflation_005mm,formal_baseline_v1,5,direction_098,34.0,32.5,33.0,0.5,32.75,False,34.0,33.0,34.0,False,False
formal_baseline_v1__inflation_005mm,formal_baseline_v1,5,direction_099,26.0,25.0,25.5,0.5,25.25,False,26.0,25.0,25.5,False,False
formal_baseline_v1__inflation_005mm,formal_baseline_v1,5,direction_100,36.0,34.5,35.0,0.5,34.75,False,32.0,30.0,32.0,False,False
formal_baseline_v1__inflation_005mm,formal_baseline_v1,5,direction_101,28.0,26.0,26.5,0.5,26.25,False,32.0,30.0,32.0,False,False
formal_baseline_v1__inflation_005mm,formal_baseline_v1,5,direction_102,28.0,26.0,26.5,0.5,26.25,False,26.0,24.0,26.0,False,False
formal_baseline_v1__inflation_005mm,formal_baseline_v1,5,direction_103,30.0,29.5,30.0,0.5,29.75,False,30.0,28.0,29.0,False,False
formal_baseline_v1__inflation_005mm,formal_baseline_v1,5,direction_104,24.0,22.0,22.5,0.5,22.25,False,24.0,23.0,24.0,False,False
formal_baseline_v1__inflation_005mm,formal_baseline_v1,5,direction_105,28.0,27.5,28.0,0.5,27.75,False,28.0,26.0,27.0,False,False
formal_baseline_v1__inflation_005mm,formal_baseline_v1,5,direction_106,26.0,24.0,24.5,0.5,24.25,False,28.0,26.0,28.0,False,False
formal_baseline_v1__inflation_005mm,formal_baseline_v1,5,direction_107,22.0,21.5,22.0,0.5,21.75,False,22.0,20.0,21.0,False,False
formal_baseline_v1__inflation_005mm,formal_baseline_v1,5,direction_108,28.0,26.0,26.5,0.5,26.25,False,26.0,24.0,26.0,False,False
formal_baseline_v1__inflation_005mm,formal_baseline_v1,5,direction_109,22.0,20.5,21.0,0.5,20.75,False,24.0,22.0,24.0,False,False
formal_baseline_v1__inflation_005mm,formal_baseline_v1,5,direction_110,24.0,22.0,22.5,0.5,22.25,False,22.0,20.0,22.0,False,False
formal_baseline_v1__inflation_005mm,formal_baseline_v1,5,direction_111,24.0,23.5,24.0,0.5,23.75,False,24.0,22.0,23.0,False,False
formal_baseline_v1__inflation_005mm,formal_baseline_v1,5,direction_112,20.0,19.0,19.5,0.5,19.25,False,20.0,18.0,19.0,False,False
formal_baseline_v1__inflation_005mm,formal_baseline_v1,5,direction_113,24.0,23.0,23.5,0.5,23.25,False,22.0,20.0,22.0,False,False
formal_baseline_v1__inflation_005mm,formal_baseline_v1,5,direction_114,22.0,20.0,20.5,0.5,20.25,False,22.0,20.5,21.0,False,False
formal_baseline_v1__inflation_005mm,formal_baseline_v1,5,direction_115,20.0,19.5,20.0,0.5,19.75,False,20.0,18.0,19.0,False,False
formal_baseline_v1__inflation_005mm,formal_baseline_v1,5,direction_116,22.0,21.5,22.0,0.5,21.75,False,22.0,20.0,21.0,False,False
formal_baseline_v1__inflation_005mm,formal_baseline_v1,5,direction_117,20.0,18.0,18.5,0.5,18.25,False,20.0,18.0,18.5,False,False
formal_baseline_v1__inflation_005mm,formal_baseline_v1,5,direction_118,20.0,19.0,19.5,0.5,19.25,False,20.0,18.0,19.0,False,False
formal_baseline_v1__inflation_005mm,formal_baseline_v1,5,direction_119,20.0,18.5,19.0,0.5,18.75,False,20.0,18.0,18.5,False,False
formal_baseline_v1__inflation_005mm,formal_baseline_v1,5,direction_120,18.0,17.5,18.0,0.5,17.75,False,18.0,16.0,17.0,False,False
formal_baseline_v1__inflation_005mm,formal_baseline_v1,5,direction_121,20.0,19.0,19.5,0.5,19.25,False,20.0,18.0,19.0,False,False
formal_baseline_v1__inflation_005mm,formal_baseline_v1,5,direction_122,18.0,17.0,17.5,0.5,17.25,False,18.0,17.0,17.5,False,False
formal_baseline_v1__inflation_005mm,formal_baseline_v1,5,direction_123,18.0,17.0,17.5,0.5,17.25,False,18.0,17.0,17.5,False,False
formal_baseline_v1__inflation_005mm,formal_baseline_v1,5,direction_124,18.0,17.0,17.5,0.5,17.25,False,18.0,16.0,17.0,False,False
formal_baseline_v1__inflation_005mm,formal_baseline_v1,5,direction_125,18.0,16.0,16.5,0.5,16.25,False,18.0,16.0,16.5,False,False
formal_baseline_v1__inflation_005mm,formal_baseline_v1,5,direction_126,18.0,16.5,17.0,0.5,16.75,False,18.0,16.0,16.5,False,False
formal_baseline_v1__inflation_005mm,formal_baseline_v1,5,direction_127,18.0,16.0,16.5,0.5,16.25,False,18.0,16.0,16.5,False,False
formal_baseline_v1__inflation_010mm,formal_baseline_v1,10,direction_000,,,,,,True,,,,True,False
formal_baseline_v1__inflation_010mm,formal_baseline_v1,10,direction_001,,,,,,True,,,,True,False
formal_baseline_v1__inflation_010mm,formal_baseline_v1,10,direction_002,,,,,,True,,,,True,False
formal_baseline_v1__inflation_010mm,formal_baseline_v1,10,direction_003,,,,,,True,,,,True,False
formal_baseline_v1__inflation_010mm,formal_baseline_v1,10,direction_004,,,,,,True,,,,True,False
formal_baseline_v1__inflation_010mm,formal_baseline_v1,10,direction_005,,,,,,True,,,,True,False
formal_baseline_v1__inflation_010mm,formal_baseline_v1,10,direction_006,,,,,,True,,,,True,False
formal_baseline_v1__inflation_010mm,formal_baseline_v1,10,direction_007,,,,,,True,,,,True,False
formal_baseline_v1__inflation_010mm,formal_baseline_v1,10,direction_008,,,,,,True,,,,True,False
formal_baseline_v1__inflation_010mm,formal_baseline_v1,10,direction_009,,,,,,True,,,,True,False
formal_baseline_v1__inflation_010mm,formal_baseline_v1,10,direction_010,,,,,,True,,,,True,False
formal_baseline_v1__inflation_010mm,formal_baseline_v1,10,direction_011,,,,,,True,,,,True,False
formal_baseline_v1__inflation_010mm,formal_baseline_v1,10,direction_012,,,,,,True,,,,True,False
formal_baseline_v1__inflation_010mm,formal_baseline_v1,10,direction_013,,,,,,True,,,,True,False
formal_baseline_v1__inflation_010mm,formal_baseline_v1,10,direction_014,,,,,,True,,,,True,False
formal_baseline_v1__inflation_010mm,formal_baseline_v1,10,direction_015,,,,,,True,,,,True,False
formal_baseline_v1__inflation_010mm,formal_baseline_v1,10,direction_016,,,,,,True,,,,True,False
formal_baseline_v1__inflation_010mm,formal_baseline_v1,10,direction_017,,,,,,True,,,,True,False
formal_baseline_v1__inflation_010mm,formal_baseline_v1,10,direction_018,,,,,,True,,,,True,False
formal_baseline_v1__inflation_010mm,formal_baseline_v1,10,direction_019,,,,,,True,,,,True,False
formal_baseline_v1__inflation_010mm,formal_baseline_v1,10,direction_020,,,,,,True,,,,True,False
formal_baseline_v1__inflation_010mm,formal_baseline_v1,10,direction_021,,,,,,True,,,,True,False
formal_baseline_v1__inflation_010mm,formal_baseline_v1,10,direction_022,,,,,,True,,,,True,False
formal_baseline_v1__inflation_010mm,formal_baseline_v1,10,direction_023,,,,,,True,,,,True,False
formal_baseline_v1__inflation_010mm,formal_baseline_v1,10,direction_024,,,,,,True,,,,True,False
formal_baseline_v1__inflation_010mm,formal_baseline_v1,10,direction_025,,,,,,True,,,,True,False
formal_baseline_v1__inflation_010mm,formal_baseline_v1,10,direction_026,,,,,,True,,,,True,False
formal_baseline_v1__inflation_010mm,formal_baseline_v1,10,direction_027,,,,,,True,,,,True,False
formal_baseline_v1__inflation_010mm,formal_baseline_v1,10,direction_028,,,,,,True,,,,True,False
formal_baseline_v1__inflation_010mm,formal_baseline_v1,10,direction_029,,,,,,True,,,,True,False
formal_baseline_v1__inflation_010mm,formal_baseline_v1,10,direction_030,,,,,,True,,,,True,False
formal_baseline_v1__inflation_010mm,formal_baseline_v1,10,direction_031,,,,,,True,,,,True,False
formal_baseline_v1__inflation_010mm,formal_baseline_v1,10,direction_032,,,,,,True,,,,True,False
formal_baseline_v1__inflation_010mm,formal_baseline_v1,10,direction_033,,,,,,True,,,,True,False
formal_baseline_v1__inflation_010mm,formal_baseline_v1,10,direction_034,,,,,,True,,,,True,False
formal_baseline_v1__inflation_010mm,formal_baseline_v1,10,direction_035,,,,,,True,,,,True,False
formal_baseline_v1__inflation_010mm,formal_baseline_v1,10,direction_036,,,,,,True,,,,True,False
formal_baseline_v1__inflation_010mm,formal_baseline_v1,10,direction_037,,,,,,True,,,,True,False
formal_baseline_v1__inflation_010mm,formal_baseline_v1,10,direction_038,,,,,,True,,,,True,False
formal_baseline_v1__inflation_010mm,formal_baseline_v1,10,direction_039,,,,,,True,,,,True,False
formal_baseline_v1__inflation_010mm,formal_baseline_v1,10,direction_040,,,,,,True,,,,True,False
formal_baseline_v1__inflation_010mm,formal_baseline_v1,10,direction_041,,,,,,True,,,,True,False
formal_baseline_v1__inflation_010mm,formal_baseline_v1,10,direction_042,,,,,,True,,,,True,False
formal_baseline_v1__inflation_010mm,formal_baseline_v1,10,direction_043,,,,,,True,,,,True,False
formal_baseline_v1__inflation_010mm,formal_baseline_v1,10,direction_044,,,,,,True,,,,True,False
formal_baseline_v1__inflation_010mm,formal_baseline_v1,10,direction_045,,,,,,True,,,,True,False
formal_baseline_v1__inflation_010mm,formal_baseline_v1,10,direction_046,,,,,,True,,,,True,False
formal_baseline_v1__inflation_010mm,formal_baseline_v1,10,direction_047,,,,,,True,,,,True,False
formal_baseline_v1__inflation_010mm,formal_baseline_v1,10,direction_048,,,,,,True,,,,True,False
formal_baseline_v1__inflation_010mm,formal_baseline_v1,10,direction_049,,,,,,True,,,,True,False
formal_baseline_v1__inflation_010mm,formal_baseline_v1,10,direction_050,,,,,,True,,,,True,False
formal_baseline_v1__inflation_010mm,formal_baseline_v1,10,direction_051,,,,,,True,,,,True,False
formal_baseline_v1__inflation_010mm,formal_baseline_v1,10,direction_052,,,,,,True,,,,True,False
formal_baseline_v1__inflation_010mm,formal_baseline_v1,10,direction_053,,,,,,True,,,,True,False
formal_baseline_v1__inflation_010mm,formal_baseline_v1,10,direction_054,,,,,,True,,,,True,False
formal_baseline_v1__inflation_010mm,formal_baseline_v1,10,direction_055,,,,,,True,,,,True,False
formal_baseline_v1__inflation_010mm,formal_baseline_v1,10,direction_056,,,,,,True,,,,True,False
formal_baseline_v1__inflation_010mm,formal_baseline_v1,10,direction_057,,,,,,True,,,,True,False
formal_baseline_v1__inflation_010mm,formal_baseline_v1,10,direction_058,,,,,,True,,,,True,False
formal_baseline_v1__inflation_010mm,formal_baseline_v1,10,direction_059,,,,,,True,,,,True,False
formal_baseline_v1__inflation_010mm,formal_baseline_v1,10,direction_060,,,,,,True,,,,True,False
formal_baseline_v1__inflation_010mm,formal_baseline_v1,10,direction_061,,,,,,True,,,,True,False
formal_baseline_v1__inflation_010mm,formal_baseline_v1,10,direction_062,,,,,,True,,,,True,False
formal_baseline_v1__inflation_010mm,formal_baseline_v1,10,direction_063,,,,,,True,,,,True,False
formal_baseline_v1__inflation_010mm,formal_baseline_v1,10,direction_064,,,,,,True,,,,True,False
formal_baseline_v1__inflation_010mm,formal_baseline_v1,10,direction_065,,,,,,True,,,,True,False
formal_baseline_v1__inflation_010mm,formal_baseline_v1,10,direction_066,,,,,,True,,,,True,False
formal_baseline_v1__inflation_010mm,formal_baseline_v1,10,direction_067,,,,,,True,,,,True,False
formal_baseline_v1__inflation_010mm,formal_baseline_v1,10,direction_068,,,,,,True,,,,True,False
formal_baseline_v1__inflation_010mm,formal_baseline_v1,10,direction_069,,,,,,True,,,,True,False
formal_baseline_v1__inflation_010mm,formal_baseline_v1,10,direction_070,,,,,,True,,,,True,False
formal_baseline_v1__inflation_010mm,formal_baseline_v1,10,direction_071,,,,,,True,,,,True,False
formal_baseline_v1__inflation_010mm,formal_baseline_v1,10,direction_072,,,,,,True,,,,True,False
formal_baseline_v1__inflation_010mm,formal_baseline_v1,10,direction_073,,,,,,True,,,,True,False
formal_baseline_v1__inflation_010mm,formal_baseline_v1,10,direction_074,,,,,,True,,,,True,False
formal_baseline_v1__inflation_010mm,formal_baseline_v1,10,direction_075,,,,,,True,,,,True,False
formal_baseline_v1__inflation_010mm,formal_baseline_v1,10,direction_076,,,,,,True,,,,True,False
formal_baseline_v1__inflation_010mm,formal_baseline_v1,10,direction_077,,,,,,True,,,,True,False
formal_baseline_v1__inflation_010mm,formal_baseline_v1,10,direction_078,,,,,,True,,,,True,False
formal_baseline_v1__inflation_010mm,formal_baseline_v1,10,direction_079,,,,,,True,,,,True,False
formal_baseline_v1__inflation_010mm,formal_baseline_v1,10,direction_080,,,,,,True,,,,True,False
formal_baseline_v1__inflation_010mm,formal_baseline_v1,10,direction_081,,,,,,True,,,,True,False
formal_baseline_v1__inflation_010mm,formal_baseline_v1,10,direction_082,,,,,,True,,,,True,False
formal_baseline_v1__inflation_010mm,formal_baseline_v1,10,direction_083,,,,,,True,,,,True,False
formal_baseline_v1__inflation_010mm,formal_baseline_v1,10,direction_084,,,,,,True,,,,True,False
formal_baseline_v1__inflation_010mm,formal_baseline_v1,10,direction_085,,,,,,True,,,,True,False
formal_baseline_v1__inflation_010mm,formal_baseline_v1,10,direction_086,50.0,49.5,50.0,0.5,49.75,False,52.0,50.0,52.0,False,False
formal_baseline_v1__inflation_010mm,formal_baseline_v1,10,direction_087,,,,,,True,,,,True,False
formal_baseline_v1__inflation_010mm,formal_baseline_v1,10,direction_088,,,,,,True,,,,True,False
formal_baseline_v1__inflation_010mm,formal_baseline_v1,10,direction_089,54.0,53.0,53.5,0.5,53.25,False,56.0,54.0,56.0,False,False
formal_baseline_v1__inflation_010mm,formal_baseline_v1,10,direction_090,,,,,,True,,,,True,False
formal_baseline_v1__inflation_010mm,formal_baseline_v1,10,direction_091,42.0,40.5,41.0,0.5,40.75,False,48.0,46.0,48.0,False,False
formal_baseline_v1__inflation_010mm,formal_baseline_v1,10,direction_092,60.0,59.5,60.0,0.5,59.75,False,58.0,56.0,58.0,False,False
formal_baseline_v1__inflation_010mm,formal_baseline_v1,10,direction_093,52.0,51.5,52.0,0.5,51.75,False,,,,True,False
formal_baseline_v1__inflation_010mm,formal_baseline_v1,10,direction_094,42.0,40.5,41.0,0.5,40.75,False,42.0,41.0,42.0,False,False
formal_baseline_v1__inflation_010mm,formal_baseline_v1,10,direction_095,56.0,55.5,56.0,0.5,55.75,False,54.0,52.0,54.0,False,False
formal_baseline_v1__inflation_010mm,formal_baseline_v1,10,direction_096,40.0,38.0,38.5,0.5,38.25,False,48.0,46.0,48.0,False,False
formal_baseline_v1__inflation_010mm,formal_baseline_v1,10,direction_097,44.0,43.5,44.0,0.5,43.75,False,44.0,42.0,43.0,False,False
formal_baseline_v1__inflation_010mm,formal_baseline_v1,10,direction_098,44.0,43.0,43.5,0.5,43.25,False,48.0,46.0,48.0,False,False
formal_baseline_v1__inflation_010mm,formal_baseline_v1,10,direction_099,34.0,33.5,34.0,0.5,33.75,False,36.0,34.0,36.0,False,False
formal_baseline_v1__inflation_010mm,formal_baseline_v1,10,direction_100,46.0,45.0,45.5,0.5,45.25,False,46.0,44.0,45.0,False,False
formal_baseline_v1__inflation_010mm,formal_baseline_v1,10,direction_101,38.0,36.0,36.5,0.5,36.25,False,44.0,42.0,44.0,False,False
formal_baseline_v1__inflation_010mm,formal_baseline_v1,10,direction_102,36.0,34.5,35.0,0.5,34.75,False,34.0,32.0,34.0,False,False
formal_baseline_v1__inflation_010mm,formal_baseline_v1,10,direction_103,42.0,40.0,40.5,0.5,40.25,False,40.0,38.0,40.0,False,False
formal_baseline_v1__inflation_010mm,formal_baseline_v1,10,direction_104,32.0,30.0,30.5,0.5,30.25,False,36.0,34.0,36.0,False,False
formal_baseline_v1__inflation_010mm,formal_baseline_v1,10,direction_105,38.0,36.0,36.5,0.5,36.25,False,38.0,36.0,36.5,False,False
formal_baseline_v1__inflation_010mm,formal_baseline_v1,10,direction_106,34.0,32.0,32.5,0.5,32.25,False,38.0,36.0,38.0,False,False
formal_baseline_v1__inflation_010mm,formal_baseline_v1,10,direction_107,30.0,28.5,29.0,0.5,28.75,False,30.0,29.0,30.0,False,False
formal_baseline_v1__inflation_010mm,formal_baseline_v1,10,direction_108,36.0,35.5,36.0,0.5,35.75,False,36.0,34.0,35.0,False,False
formal_baseline_v1__inflation_010mm,formal_baseline_v1,10,direction_109,28.0,27.5,28.0,0.5,27.75,False,34.0,32.0,34.0,False,False
formal_baseline_v1__inflation_010mm,formal_baseline_v1,10,direction_110,30.0,29.5,30.0,0.5,29.75,False,30.0,29.5,30.0,False,False
formal_baseline_v1__inflation_010mm,formal_baseline_v1,10,direction_111,32.0,31.0,31.5,0.5,31.25,False,32.0,31.5,32.0,False,False
formal_baseline_v1__inflation_010mm,formal_baseline_v1,10,direction_112,26.0,25.5,26.0,0.5,25.75,False,28.0,26.0,28.0,False,False
formal_baseline_v1__inflation_010mm,formal_baseline_v1,10,direction_113,32.0,30.0,30.5,0.5,30.25,False,32.0,30.0,30.5,False,False
formal_baseline_v1__inflation_010mm,formal_baseline_v1,10,direction_114,28.0,26.5,27.0,0.5,26.75,False,30.0,28.0,30.0,False,False
formal_baseline_v1__inflation_010mm,formal_baseline_v1,10,direction_115,28.0,26.0,26.5,0.5,26.25,False,26.0,24.0,26.0,False,False
formal_baseline_v1__inflation_010mm,formal_baseline_v1,10,direction_116,30.0,28.0,28.5,0.5,28.25,False,30.0,28.0,28.5,False,False
formal_baseline_v1__inflation_010mm,formal_baseline_v1,10,direction_117,24.0,23.5,24.0,0.5,23.75,False,26.0,24.0,26.0,False,False
formal_baseline_v1__inflation_010mm,formal_baseline_v1,10,direction_118,26.0,25.5,26.0,0.5,25.75,False,26.0,25.5,26.0,False,False
formal_baseline_v1__inflation_010mm,formal_baseline_v1,10,direction_119,26.0,24.5,25.0,0.5,24.75,False,26.0,25.0,26.0,False,False
formal_baseline_v1__inflation_010mm,formal_baseline_v1,10,direction_120,24.0,23.0,23.5,0.5,23.25,False,24.0,22.0,23.0,False,False
formal_baseline_v1__inflation_010mm,formal_baseline_v1,10,direction_121,26.0,25.0,25.5,0.5,25.25,False,26.0,24.0,25.0,False,False
formal_baseline_v1__inflation_010mm,formal_baseline_v1,10,direction_122,24.0,23.0,23.5,0.5,23.25,False,24.0,23.5,24.0,False,False
formal_baseline_v1__inflation_010mm,formal_baseline_v1,10,direction_123,24.0,22.5,23.0,0.5,22.75,False,24.0,23.0,24.0,False,False
formal_baseline_v1__inflation_010mm,formal_baseline_v1,10,direction_124,24.0,23.0,23.5,0.5,23.25,False,24.0,22.0,23.0,False,False
formal_baseline_v1__inflation_010mm,formal_baseline_v1,10,direction_125,22.0,21.5,22.0,0.5,21.75,False,24.0,22.0,24.0,False,False
formal_baseline_v1__inflation_010mm,formal_baseline_v1,10,direction_126,24.0,22.0,22.5,0.5,22.25,False,24.0,22.0,22.5,False,False
formal_baseline_v1__inflation_010mm,formal_baseline_v1,10,direction_127,22.0,21.5,22.0,0.5,21.75,False,22.0,21.5,22.0,False,False
formal_baseline_v1__inflation_015mm,formal_baseline_v1,15,direction_000,,,,,,True,,,,True,False
formal_baseline_v1__inflation_015mm,formal_baseline_v1,15,direction_001,,,,,,True,,,,True,False
formal_baseline_v1__inflation_015mm,formal_baseline_v1,15,direction_002,,,,,,True,,,,True,False
formal_baseline_v1__inflation_015mm,formal_baseline_v1,15,direction_003,,,,,,True,,,,True,False
formal_baseline_v1__inflation_015mm,formal_baseline_v1,15,direction_004,,,,,,True,,,,True,False
formal_baseline_v1__inflation_015mm,formal_baseline_v1,15,direction_005,,,,,,True,,,,True,False
formal_baseline_v1__inflation_015mm,formal_baseline_v1,15,direction_006,,,,,,True,,,,True,False
formal_baseline_v1__inflation_015mm,formal_baseline_v1,15,direction_007,,,,,,True,,,,True,False
formal_baseline_v1__inflation_015mm,formal_baseline_v1,15,direction_008,,,,,,True,,,,True,False
formal_baseline_v1__inflation_015mm,formal_baseline_v1,15,direction_009,,,,,,True,,,,True,False
formal_baseline_v1__inflation_015mm,formal_baseline_v1,15,direction_010,,,,,,True,,,,True,False
formal_baseline_v1__inflation_015mm,formal_baseline_v1,15,direction_011,,,,,,True,,,,True,False
formal_baseline_v1__inflation_015mm,formal_baseline_v1,15,direction_012,,,,,,True,,,,True,False
formal_baseline_v1__inflation_015mm,formal_baseline_v1,15,direction_013,,,,,,True,,,,True,False
formal_baseline_v1__inflation_015mm,formal_baseline_v1,15,direction_014,,,,,,True,,,,True,False
formal_baseline_v1__inflation_015mm,formal_baseline_v1,15,direction_015,,,,,,True,,,,True,False
formal_baseline_v1__inflation_015mm,formal_baseline_v1,15,direction_016,,,,,,True,,,,True,False
formal_baseline_v1__inflation_015mm,formal_baseline_v1,15,direction_017,,,,,,True,,,,True,False
formal_baseline_v1__inflation_015mm,formal_baseline_v1,15,direction_018,,,,,,True,,,,True,False
formal_baseline_v1__inflation_015mm,formal_baseline_v1,15,direction_019,,,,,,True,,,,True,False
formal_baseline_v1__inflation_015mm,formal_baseline_v1,15,direction_020,,,,,,True,,,,True,False
formal_baseline_v1__inflation_015mm,formal_baseline_v1,15,direction_021,,,,,,True,,,,True,False
formal_baseline_v1__inflation_015mm,formal_baseline_v1,15,direction_022,,,,,,True,,,,True,False
formal_baseline_v1__inflation_015mm,formal_baseline_v1,15,direction_023,,,,,,True,,,,True,False
formal_baseline_v1__inflation_015mm,formal_baseline_v1,15,direction_024,,,,,,True,,,,True,False
formal_baseline_v1__inflation_015mm,formal_baseline_v1,15,direction_025,,,,,,True,,,,True,False
formal_baseline_v1__inflation_015mm,formal_baseline_v1,15,direction_026,,,,,,True,,,,True,False
formal_baseline_v1__inflation_015mm,formal_baseline_v1,15,direction_027,,,,,,True,,,,True,False
formal_baseline_v1__inflation_015mm,formal_baseline_v1,15,direction_028,,,,,,True,,,,True,False
formal_baseline_v1__inflation_015mm,formal_baseline_v1,15,direction_029,,,,,,True,,,,True,False
formal_baseline_v1__inflation_015mm,formal_baseline_v1,15,direction_030,,,,,,True,,,,True,False
formal_baseline_v1__inflation_015mm,formal_baseline_v1,15,direction_031,,,,,,True,,,,True,False
formal_baseline_v1__inflation_015mm,formal_baseline_v1,15,direction_032,,,,,,True,,,,True,False
formal_baseline_v1__inflation_015mm,formal_baseline_v1,15,direction_033,,,,,,True,,,,True,False
formal_baseline_v1__inflation_015mm,formal_baseline_v1,15,direction_034,,,,,,True,,,,True,False
formal_baseline_v1__inflation_015mm,formal_baseline_v1,15,direction_035,,,,,,True,,,,True,False
formal_baseline_v1__inflation_015mm,formal_baseline_v1,15,direction_036,,,,,,True,,,,True,False
formal_baseline_v1__inflation_015mm,formal_baseline_v1,15,direction_037,,,,,,True,,,,True,False
formal_baseline_v1__inflation_015mm,formal_baseline_v1,15,direction_038,,,,,,True,,,,True,False
formal_baseline_v1__inflation_015mm,formal_baseline_v1,15,direction_039,,,,,,True,,,,True,False
formal_baseline_v1__inflation_015mm,formal_baseline_v1,15,direction_040,,,,,,True,,,,True,False
formal_baseline_v1__inflation_015mm,formal_baseline_v1,15,direction_041,,,,,,True,,,,True,False
formal_baseline_v1__inflation_015mm,formal_baseline_v1,15,direction_042,,,,,,True,,,,True,False
formal_baseline_v1__inflation_015mm,formal_baseline_v1,15,direction_043,,,,,,True,,,,True,False
formal_baseline_v1__inflation_015mm,formal_baseline_v1,15,direction_044,,,,,,True,,,,True,False
formal_baseline_v1__inflation_015mm,formal_baseline_v1,15,direction_045,,,,,,True,,,,True,False
formal_baseline_v1__inflation_015mm,formal_baseline_v1,15,direction_046,,,,,,True,,,,True,False
formal_baseline_v1__inflation_015mm,formal_baseline_v1,15,direction_047,,,,,,True,,,,True,False
formal_baseline_v1__inflation_015mm,formal_baseline_v1,15,direction_048,,,,,,True,,,,True,False
formal_baseline_v1__inflation_015mm,formal_baseline_v1,15,direction_049,,,,,,True,,,,True,False
formal_baseline_v1__inflation_015mm,formal_baseline_v1,15,direction_050,,,,,,True,,,,True,False
formal_baseline_v1__inflation_015mm,formal_baseline_v1,15,direction_051,,,,,,True,,,,True,False
formal_baseline_v1__inflation_015mm,formal_baseline_v1,15,direction_052,,,,,,True,,,,True,False
formal_baseline_v1__inflation_015mm,formal_baseline_v1,15,direction_053,,,,,,True,,,,True,False
formal_baseline_v1__inflation_015mm,formal_baseline_v1,15,direction_054,,,,,,True,,,,True,False
formal_baseline_v1__inflation_015mm,formal_baseline_v1,15,direction_055,,,,,,True,,,,True,False
formal_baseline_v1__inflation_015mm,formal_baseline_v1,15,direction_056,,,,,,True,,,,True,False
formal_baseline_v1__inflation_015mm,formal_baseline_v1,15,direction_057,,,,,,True,,,,True,False
formal_baseline_v1__inflation_015mm,formal_baseline_v1,15,direction_058,,,,,,True,,,,True,False
formal_baseline_v1__inflation_015mm,formal_baseline_v1,15,direction_059,,,,,,True,,,,True,False
formal_baseline_v1__inflation_015mm,formal_baseline_v1,15,direction_060,,,,,,True,,,,True,False
formal_baseline_v1__inflation_015mm,formal_baseline_v1,15,direction_061,,,,,,True,,,,True,False
formal_baseline_v1__inflation_015mm,formal_baseline_v1,15,direction_062,,,,,,True,,,,True,False
formal_baseline_v1__inflation_015mm,formal_baseline_v1,15,direction_063,,,,,,True,,,,True,False
formal_baseline_v1__inflation_015mm,formal_baseline_v1,15,direction_064,,,,,,True,,,,True,False
formal_baseline_v1__inflation_015mm,formal_baseline_v1,15,direction_065,,,,,,True,,,,True,False
formal_baseline_v1__inflation_015mm,formal_baseline_v1,15,direction_066,,,,,,True,,,,True,False
formal_baseline_v1__inflation_015mm,formal_baseline_v1,15,direction_067,,,,,,True,,,,True,False
formal_baseline_v1__inflation_015mm,formal_baseline_v1,15,direction_068,,,,,,True,,,,True,False
formal_baseline_v1__inflation_015mm,formal_baseline_v1,15,direction_069,,,,,,True,,,,True,False
formal_baseline_v1__inflation_015mm,formal_baseline_v1,15,direction_070,,,,,,True,,,,True,False
formal_baseline_v1__inflation_015mm,formal_baseline_v1,15,direction_071,,,,,,True,,,,True,False
formal_baseline_v1__inflation_015mm,formal_baseline_v1,15,direction_072,,,,,,True,,,,True,False
formal_baseline_v1__inflation_015mm,formal_baseline_v1,15,direction_073,,,,,,True,,,,True,False
formal_baseline_v1__inflation_015mm,formal_baseline_v1,15,direction_074,,,,,,True,,,,True,False
formal_baseline_v1__inflation_015mm,formal_baseline_v1,15,direction_075,,,,,,True,,,,True,False
formal_baseline_v1__inflation_015mm,formal_baseline_v1,15,direction_076,,,,,,True,,,,True,False
formal_baseline_v1__inflation_015mm,formal_baseline_v1,15,direction_077,,,,,,True,,,,True,False
formal_baseline_v1__inflation_015mm,formal_baseline_v1,15,direction_078,,,,,,True,,,,True,False
formal_baseline_v1__inflation_015mm,formal_baseline_v1,15,direction_079,,,,,,True,,,,True,False
formal_baseline_v1__inflation_015mm,formal_baseline_v1,15,direction_080,,,,,,True,,,,True,False
formal_baseline_v1__inflation_015mm,formal_baseline_v1,15,direction_081,,,,,,True,,,,True,False
formal_baseline_v1__inflation_015mm,formal_baseline_v1,15,direction_082,,,,,,True,,,,True,False
formal_baseline_v1__inflation_015mm,formal_baseline_v1,15,direction_083,,,,,,True,,,,True,False
formal_baseline_v1__inflation_015mm,formal_baseline_v1,15,direction_084,,,,,,True,,,,True,False
formal_baseline_v1__inflation_015mm,formal_baseline_v1,15,direction_085,,,,,,True,,,,True,False
formal_baseline_v1__inflation_015mm,formal_baseline_v1,15,direction_086,60.0,59.0,59.5,0.5,59.25,False,,,,True,False
formal_baseline_v1__inflation_015mm,formal_baseline_v1,15,direction_087,,,,,,True,,,,True,False
formal_baseline_v1__inflation_015mm,formal_baseline_v1,15,direction_088,,,,,,True,,,,True,False
formal_baseline_v1__inflation_015mm,formal_baseline_v1,15,direction_089,,,,,,True,,,,True,False
formal_baseline_v1__inflation_015mm,formal_baseline_v1,15,direction_090,,,,,,True,,,,True,False
formal_baseline_v1__inflation_015mm,formal_baseline_v1,15,direction_091,52.0,50.5,51.0,0.5,50.75,False,,,,True,False
formal_baseline_v1__inflation_015mm,formal_baseline_v1,15,direction_092,,,,,,True,,,,True,False
formal_baseline_v1__inflation_015mm,formal_baseline_v1,15,direction_093,,,,,,True,,,,True,False
formal_baseline_v1__inflation_015mm,formal_baseline_v1,15,direction_094,52.0,50.0,50.5,0.5,50.25,False,52.0,50.0,50.5,False,False
formal_baseline_v1__inflation_015mm,formal_baseline_v1,15,direction_095,,,,,,True,,,,True,False
formal_baseline_v1__inflation_015mm,formal_baseline_v1,15,direction_096,52.0,51.5,52.0,0.5,51.75,False,60.0,58.0,60.0,False,False
formal_baseline_v1__inflation_015mm,formal_baseline_v1,15,direction_097,54.0,53.5,54.0,0.5,53.75,False,56.0,54.0,56.0,False,False
formal_baseline_v1__inflation_015mm,formal_baseline_v1,15,direction_098,54.0,53.0,53.5,0.5,53.25,False,,,,True,False
formal_baseline_v1__inflation_015mm,formal_baseline_v1,15,direction_099,42.0,41.0,41.5,0.5,41.25,False,44.0,42.0,44.0,False,False
formal_baseline_v1__inflation_015mm,formal_baseline_v1,15,direction_100,56.0,54.0,54.5,0.5,54.25,False,56.0,54.0,54.5,False,False
formal_baseline_v1__inflation_015mm,formal_baseline_v1,15,direction_101,48.0,47.5,48.0,0.5,47.75,False,56.0,54.0,56.0,False,False
formal_baseline_v1__inflation_015mm,formal_baseline_v1,15,direction_102,44.0,42.5,43.0,0.5,42.75,False,44.0,42.5,43.0,False,False
formal_baseline_v1__inflation_015mm,formal_baseline_v1,15,direction_103,50.0,48.5,49.0,0.5,48.75,False,50.0,49.0,50.0,False,False
formal_baseline_v1__inflation_015mm,formal_baseline_v1,15,direction_104,38.0,36.0,36.5,0.5,36.25,False,44.0,42.0,44.0,False,False
formal_baseline_v1__inflation_015mm,formal_baseline_v1,15,direction_105,46.0,44.0,44.5,0.5,44.25,False,46.0,44.5,45.0,False,False
formal_baseline_v1__inflation_015mm,formal_baseline_v1,15,direction_106,42.0,41.5,42.0,0.5,41.75,False,48.0,46.0,48.0,False,False
formal_baseline_v1__inflation_015mm,formal_baseline_v1,15,direction_107,38.0,36.0,36.5,0.5,36.25,False,38.0,36.5,37.0,False,False
formal_baseline_v1__inflation_015mm,formal_baseline_v1,15,direction_108,44.0,42.5,43.0,0.5,42.75,False,44.0,43.0,44.0,False,False
formal_baseline_v1__inflation_015mm,formal_baseline_v1,15,direction_109,36.0,35.0,35.5,0.5,35.25,False,42.0,40.0,42.0,False,False
formal_baseline_v1__inflation_015mm,formal_baseline_v1,15,direction_110,38.0,36.5,37.0,0.5,36.75,False,38.0,37.0,38.0,False,False
formal_baseline_v1__inflation_015mm,formal_baseline_v1,15,direction_111,40.0,38.0,38.5,0.5,38.25,False,40.0,39.0,40.0,False,False
formal_baseline_v1__inflation_015mm,formal_baseline_v1,15,direction_112,34.0,32.0,32.5,0.5,32.25,False,36.0,34.0,36.0,False,False
formal_baseline_v1__inflation_015mm,formal_baseline_v1,15,direction_113,38.0,37.0,37.5,0.5,37.25,False,38.0,37.0,37.5,False,False
formal_baseline_v1__inflation_015mm,formal_baseline_v1,15,direction_114,34.0,33.0,33.5,0.5,33.25,False,38.0,36.0,38.0,False,False
formal_baseline_v1__inflation_015mm,formal_baseline_v1,15,direction_115,32.0,31.5,32.0,0.5,31.75,False,32.0,31.5,32.0,False,False
formal_baseline_v1__inflation_015mm,formal_baseline_v1,15,direction_116,36.0,34.5,35.0,0.5,34.75,False,36.0,35.0,36.0,False,False
formal_baseline_v1__inflation_015mm,formal_baseline_v1,15,direction_117,30.0,29.5,30.0,0.5,29.75,False,34.0,32.0,34.0,False,False
formal_baseline_v1__inflation_015mm,formal_baseline_v1,15,direction_118,34.0,32.0,32.5,0.5,32.25,False,34.0,32.0,32.5,False,False
formal_baseline_v1__inflation_015mm,formal_baseline_v1,15,direction_119,32.0,30.5,31.0,0.5,30.75,False,34.0,32.0,34.0,False,False
formal_baseline_v1__inflation_015mm,formal_baseline_v1,15,direction_120,30.0,28.0,28.5,0.5,28.25,False,30.0,28.5,29.0,False,False
formal_baseline_v1__inflation_015mm,formal_baseline_v1,15,direction_121,32.0,31.0,31.5,0.5,31.25,False,32.0,31.0,31.5,False,False
formal_baseline_v1__inflation_015mm,formal_baseline_v1,15,direction_122,30.0,28.5,29.0,0.5,28.75,False,32.0,30.0,32.0,False,False
formal_baseline_v1__inflation_015mm,formal_baseline_v1,15,direction_123,30.0,28.0,28.5,0.5,28.25,False,30.0,29.0,30.0,False,False
formal_baseline_v1__inflation_015mm,formal_baseline_v1,15,direction_124,30.0,28.5,29.0,0.5,28.75,False,30.0,29.0,30.0,False,False
formal_baseline_v1__inflation_015mm,formal_baseline_v1,15,direction_125,28.0,27.0,27.5,0.5,27.25,False,30.0,28.0,30.0,False,False
formal_baseline_v1__inflation_015mm,formal_baseline_v1,15,direction_126,28.0,27.0,27.5,0.5,27.25,False,28.0,27.5,28.0,False,False
formal_baseline_v1__inflation_015mm,formal_baseline_v1,15,direction_127,28.0,26.5,27.0,0.5,26.75,False,28.0,27.0,28.0,False,False
formal_baseline_v1__inflation_020mm,formal_baseline_v1,20,direction_000,,,,,,True,,,,True,False
formal_baseline_v1__inflation_020mm,formal_baseline_v1,20,direction_001,,,,,,True,,,,True,False
formal_baseline_v1__inflation_020mm,formal_baseline_v1,20,direction_002,,,,,,True,,,,True,False
formal_baseline_v1__inflation_020mm,formal_baseline_v1,20,direction_003,,,,,,True,,,,True,False
formal_baseline_v1__inflation_020mm,formal_baseline_v1,20,direction_004,,,,,,True,,,,True,False
formal_baseline_v1__inflation_020mm,formal_baseline_v1,20,direction_005,,,,,,True,,,,True,False
formal_baseline_v1__inflation_020mm,formal_baseline_v1,20,direction_006,,,,,,True,,,,True,False
formal_baseline_v1__inflation_020mm,formal_baseline_v1,20,direction_007,,,,,,True,,,,True,False
formal_baseline_v1__inflation_020mm,formal_baseline_v1,20,direction_008,,,,,,True,,,,True,False
formal_baseline_v1__inflation_020mm,formal_baseline_v1,20,direction_009,,,,,,True,,,,True,False
formal_baseline_v1__inflation_020mm,formal_baseline_v1,20,direction_010,,,,,,True,,,,True,False
formal_baseline_v1__inflation_020mm,formal_baseline_v1,20,direction_011,,,,,,True,,,,True,False
formal_baseline_v1__inflation_020mm,formal_baseline_v1,20,direction_012,,,,,,True,,,,True,False
formal_baseline_v1__inflation_020mm,formal_baseline_v1,20,direction_013,,,,,,True,,,,True,False
formal_baseline_v1__inflation_020mm,formal_baseline_v1,20,direction_014,,,,,,True,,,,True,False
formal_baseline_v1__inflation_020mm,formal_baseline_v1,20,direction_015,,,,,,True,,,,True,False
formal_baseline_v1__inflation_020mm,formal_baseline_v1,20,direction_016,,,,,,True,,,,True,False
formal_baseline_v1__inflation_020mm,formal_baseline_v1,20,direction_017,,,,,,True,,,,True,False
formal_baseline_v1__inflation_020mm,formal_baseline_v1,20,direction_018,,,,,,True,,,,True,False
formal_baseline_v1__inflation_020mm,formal_baseline_v1,20,direction_019,,,,,,True,,,,True,False
formal_baseline_v1__inflation_020mm,formal_baseline_v1,20,direction_020,,,,,,True,,,,True,False
formal_baseline_v1__inflation_020mm,formal_baseline_v1,20,direction_021,,,,,,True,,,,True,False
formal_baseline_v1__inflation_020mm,formal_baseline_v1,20,direction_022,,,,,,True,,,,True,False
formal_baseline_v1__inflation_020mm,formal_baseline_v1,20,direction_023,,,,,,True,,,,True,False
formal_baseline_v1__inflation_020mm,formal_baseline_v1,20,direction_024,,,,,,True,,,,True,False
formal_baseline_v1__inflation_020mm,formal_baseline_v1,20,direction_025,,,,,,True,,,,True,False
formal_baseline_v1__inflation_020mm,formal_baseline_v1,20,direction_026,,,,,,True,,,,True,False
formal_baseline_v1__inflation_020mm,formal_baseline_v1,20,direction_027,,,,,,True,,,,True,False
formal_baseline_v1__inflation_020mm,formal_baseline_v1,20,direction_028,,,,,,True,,,,True,False
formal_baseline_v1__inflation_020mm,formal_baseline_v1,20,direction_029,,,,,,True,,,,True,False
formal_baseline_v1__inflation_020mm,formal_baseline_v1,20,direction_030,,,,,,True,,,,True,False
formal_baseline_v1__inflation_020mm,formal_baseline_v1,20,direction_031,,,,,,True,,,,True,False
formal_baseline_v1__inflation_020mm,formal_baseline_v1,20,direction_032,,,,,,True,,,,True,False
formal_baseline_v1__inflation_020mm,formal_baseline_v1,20,direction_033,,,,,,True,,,,True,False
formal_baseline_v1__inflation_020mm,formal_baseline_v1,20,direction_034,,,,,,True,,,,True,False
formal_baseline_v1__inflation_020mm,formal_baseline_v1,20,direction_035,,,,,,True,,,,True,False
formal_baseline_v1__inflation_020mm,formal_baseline_v1,20,direction_036,,,,,,True,,,,True,False
formal_baseline_v1__inflation_020mm,formal_baseline_v1,20,direction_037,,,,,,True,,,,True,False
formal_baseline_v1__inflation_020mm,formal_baseline_v1,20,direction_038,,,,,,True,,,,True,False
formal_baseline_v1__inflation_020mm,formal_baseline_v1,20,direction_039,,,,,,True,,,,True,False
formal_baseline_v1__inflation_020mm,formal_baseline_v1,20,direction_040,,,,,,True,,,,True,False
formal_baseline_v1__inflation_020mm,formal_baseline_v1,20,direction_041,,,,,,True,,,,True,False
formal_baseline_v1__inflation_020mm,formal_baseline_v1,20,direction_042,,,,,,True,,,,True,False
formal_baseline_v1__inflation_020mm,formal_baseline_v1,20,direction_043,,,,,,True,,,,True,False
formal_baseline_v1__inflation_020mm,formal_baseline_v1,20,direction_044,,,,,,True,,,,True,False
formal_baseline_v1__inflation_020mm,formal_baseline_v1,20,direction_045,,,,,,True,,,,True,False
formal_baseline_v1__inflation_020mm,formal_baseline_v1,20,direction_046,,,,,,True,,,,True,False
formal_baseline_v1__inflation_020mm,formal_baseline_v1,20,direction_047,,,,,,True,,,,True,False
formal_baseline_v1__inflation_020mm,formal_baseline_v1,20,direction_048,,,,,,True,,,,True,False
formal_baseline_v1__inflation_020mm,formal_baseline_v1,20,direction_049,,,,,,True,,,,True,False
formal_baseline_v1__inflation_020mm,formal_baseline_v1,20,direction_050,,,,,,True,,,,True,False
formal_baseline_v1__inflation_020mm,formal_baseline_v1,20,direction_051,,,,,,True,,,,True,False
formal_baseline_v1__inflation_020mm,formal_baseline_v1,20,direction_052,,,,,,True,,,,True,False
formal_baseline_v1__inflation_020mm,formal_baseline_v1,20,direction_053,,,,,,True,,,,True,False
formal_baseline_v1__inflation_020mm,formal_baseline_v1,20,direction_054,,,,,,True,,,,True,False
formal_baseline_v1__inflation_020mm,formal_baseline_v1,20,direction_055,,,,,,True,,,,True,False
formal_baseline_v1__inflation_020mm,formal_baseline_v1,20,direction_056,,,,,,True,,,,True,False
formal_baseline_v1__inflation_020mm,formal_baseline_v1,20,direction_057,,,,,,True,,,,True,False
formal_baseline_v1__inflation_020mm,formal_baseline_v1,20,direction_058,,,,,,True,,,,True,False
formal_baseline_v1__inflation_020mm,formal_baseline_v1,20,direction_059,,,,,,True,,,,True,False
formal_baseline_v1__inflation_020mm,formal_baseline_v1,20,direction_060,,,,,,True,,,,True,False
formal_baseline_v1__inflation_020mm,formal_baseline_v1,20,direction_061,,,,,,True,,,,True,False
formal_baseline_v1__inflation_020mm,formal_baseline_v1,20,direction_062,,,,,,True,,,,True,False
formal_baseline_v1__inflation_020mm,formal_baseline_v1,20,direction_063,,,,,,True,,,,True,False
formal_baseline_v1__inflation_020mm,formal_baseline_v1,20,direction_064,,,,,,True,,,,True,False
formal_baseline_v1__inflation_020mm,formal_baseline_v1,20,direction_065,,,,,,True,,,,True,False
formal_baseline_v1__inflation_020mm,formal_baseline_v1,20,direction_066,,,,,,True,,,,True,False
formal_baseline_v1__inflation_020mm,formal_baseline_v1,20,direction_067,,,,,,True,,,,True,False
formal_baseline_v1__inflation_020mm,formal_baseline_v1,20,direction_068,,,,,,True,,,,True,False
formal_baseline_v1__inflation_020mm,formal_baseline_v1,20,direction_069,,,,,,True,,,,True,False
formal_baseline_v1__inflation_020mm,formal_baseline_v1,20,direction_070,,,,,,True,,,,True,False
formal_baseline_v1__inflation_020mm,formal_baseline_v1,20,direction_071,,,,,,True,,,,True,False
formal_baseline_v1__inflation_020mm,formal_baseline_v1,20,direction_072,,,,,,True,,,,True,False
formal_baseline_v1__inflation_020mm,formal_baseline_v1,20,direction_073,,,,,,True,,,,True,False
formal_baseline_v1__inflation_020mm,formal_baseline_v1,20,direction_074,,,,,,True,,,,True,False
formal_baseline_v1__inflation_020mm,formal_baseline_v1,20,direction_075,,,,,,True,,,,True,False
formal_baseline_v1__inflation_020mm,formal_baseline_v1,20,direction_076,,,,,,True,,,,True,False
formal_baseline_v1__inflation_020mm,formal_baseline_v1,20,direction_077,,,,,,True,,,,True,False
formal_baseline_v1__inflation_020mm,formal_baseline_v1,20,direction_078,,,,,,True,,,,True,False
formal_baseline_v1__inflation_020mm,formal_baseline_v1,20,direction_079,,,,,,True,,,,True,False
formal_baseline_v1__inflation_020mm,formal_baseline_v1,20,direction_080,,,,,,True,,,,True,False
formal_baseline_v1__inflation_020mm,formal_baseline_v1,20,direction_081,,,,,,True,,,,True,False
formal_baseline_v1__inflation_020mm,formal_baseline_v1,20,direction_082,,,,,,True,,,,True,False
formal_baseline_v1__inflation_020mm,formal_baseline_v1,20,direction_083,,,,,,True,,,,True,False
formal_baseline_v1__inflation_020mm,formal_baseline_v1,20,direction_084,,,,,,True,,,,True,False
formal_baseline_v1__inflation_020mm,formal_baseline_v1,20,direction_085,,,,,,True,,,,True,False
formal_baseline_v1__inflation_020mm,formal_baseline_v1,20,direction_086,,,,,,True,,,,True,False
formal_baseline_v1__inflation_020mm,formal_baseline_v1,20,direction_087,,,,,,True,,,,True,False
formal_baseline_v1__inflation_020mm,formal_baseline_v1,20,direction_088,,,,,,True,,,,True,False
formal_baseline_v1__inflation_020mm,formal_baseline_v1,20,direction_089,,,,,,True,,,,True,False
formal_baseline_v1__inflation_020mm,formal_baseline_v1,20,direction_090,,,,,,True,,,,True,False
formal_baseline_v1__inflation_020mm,formal_baseline_v1,20,direction_091,,,,,,True,,,,True,False
formal_baseline_v1__inflation_020mm,formal_baseline_v1,20,direction_092,,,,,,True,,,,True,False
formal_baseline_v1__inflation_020mm,formal_baseline_v1,20,direction_093,,,,,,True,,,,True,False
formal_baseline_v1__inflation_020mm,formal_baseline_v1,20,direction_094,60.0,58.5,59.0,0.5,58.75,False,,,,True,False
formal_baseline_v1__inflation_020mm,formal_baseline_v1,20,direction_095,,,,,,True,,,,True,False
formal_baseline_v1__inflation_020mm,formal_baseline_v1,20,direction_096,,,,,,True,,,,True,False
formal_baseline_v1__inflation_020mm,formal_baseline_v1,20,direction_097,,,,,,True,,,,True,False
formal_baseline_v1__inflation_020mm,formal_baseline_v1,20,direction_098,,,,,,True,,,,True,False
formal_baseline_v1__inflation_020mm,formal_baseline_v1,20,direction_099,50.0,49.5,50.0,0.5,49.75,False,54.0,52.0,54.0,False,False
formal_baseline_v1__inflation_020mm,formal_baseline_v1,20,direction_100,,,,,,True,,,,True,False
formal_baseline_v1__inflation_020mm,formal_baseline_v1,20,direction_101,60.0,58.0,58.5,0.5,58.25,False,,,,True,False
formal_baseline_v1__inflation_020mm,formal_baseline_v1,20,direction_102,52.0,50.0,50.5,0.5,50.25,False,52.0,51.0,52.0,False,False
formal_baseline_v1__inflation_020mm,formal_baseline_v1,20,direction_103,58.0,57.0,57.5,0.5,57.25,False,60.0,58.0,60.0,False,False
formal_baseline_v1__inflation_020mm,formal_baseline_v1,20,direction_104,48.0,46.5,47.0,0.5,46.75,False,54.0,52.0,54.0,False,False
formal_baseline_v1__inflation_020mm,formal_baseline_v1,20,direction_105,54.0,52.5,53.0,0.5,52.75,False,54.0,53.0,54.0,False,False
formal_baseline_v1__inflation_020mm,formal_baseline_v1,20,direction_106,52.0,51.0,51.5,0.5,51.25,False,58.0,56.0,58.0,False,False
formal_baseline_v1__inflation_020mm,formal_baseline_v1,20,direction_107,44.0,43.0,43.5,0.5,43.25,False,44.0,43.5,44.0,False,False
formal_baseline_v1__inflation_020mm,formal_baseline_v1,20,direction_108,52.0,50.5,51.0,0.5,50.75,False,52.0,51.0,52.0,False,False
formal_baseline_v1__inflation_020mm,formal_baseline_v1,20,direction_109,46.0,44.5,45.0,0.5,44.75,False,52.0,50.0,52.0,False,False
formal_baseline_v1__inflation_020mm,formal_baseline_v1,20,direction_110,44.0,43.5,44.0,0.5,43.75,False,46.0,44.0,46.0,False,False
formal_baseline_v1__inflation_020mm,formal_baseline_v1,20,direction_111,46.0,45.0,45.5,0.5,45.25,False,50.0,48.0,50.0,False,False
formal_baseline_v1__inflation_020mm,formal_baseline_v1,20,direction_112,40.0,38.0,38.5,0.5,38.25,False,42.0,40.0,42.0,False,False
formal_baseline_v1__inflation_020mm,formal_baseline_v1,20,direction_113,46.0,44.0,44.5,0.5,44.25,False,46.0,44.5,45.0,False,False
formal_baseline_v1__inflation_020mm,formal_baseline_v1,20,direction_114,42.0,40.5,41.0,0.5,40.75,False,46.0,44.0,46.0,False,False
formal_baseline_v1__inflation_020mm,formal_baseline_v1,20,direction_115,38.0,37.0,37.5,0.5,37.25,False,40.0,38.0,40.0,False,False
formal_baseline_v1__inflation_020mm,formal_baseline_v1,20,direction_116,42.0,41.0,41.5,0.5,41.25,False,42.0,41.5,42.0,False,False
formal_baseline_v1__inflation_020mm,formal_baseline_v1,20,direction_117,36.0,35.5,36.0,0.5,35.75,False,42.0,40.0,42.0,False,False
formal_baseline_v1__inflation_020mm,formal_baseline_v1,20,direction_118,40.0,38.5,39.0,0.5,38.75,False,40.0,38.5,39.0,False,False
formal_baseline_v1__inflation_020mm,formal_baseline_v1,20,direction_119,38.0,36.5,37.0,0.5,36.75,False,42.0,40.0,42.0,False,False
formal_baseline_v1__inflation_020mm,formal_baseline_v1,20,direction_120,34.0,33.5,34.0,0.5,33.75,False,36.0,34.0,36.0,False,False
formal_baseline_v1__inflation_020mm,formal_baseline_v1,20,direction_121,38.0,37.0,37.5,0.5,37.25,False,40.0,38.0,40.0,False,False
formal_baseline_v1__inflation_020mm,formal_baseline_v1,20,direction_122,34.0,33.5,34.0,0.5,33.75,False,38.0,36.0,38.0,False,False
formal_baseline_v1__inflation_020mm,formal_baseline_v1,20,direction_123,34.0,33.5,34.0,0.5,33.75,False,36.0,34.0,36.0,False,False
formal_baseline_v1__inflation_020mm,formal_baseline_v1,20,direction_124,36.0,34.5,35.0,0.5,34.75,False,36.0,35.0,36.0,False,False
formal_baseline_v1__inflation_020mm,formal_baseline_v1,20,direction_125,32.0,31.5,32.0,0.5,31.75,False,36.0,34.0,36.0,False,False
formal_baseline_v1__inflation_020mm,formal_baseline_v1,20,direction_126,34.0,32.5,33.0,0.5,32.75,False,34.0,33.0,34.0,False,False
formal_baseline_v1__inflation_020mm,formal_baseline_v1,20,direction_127,32.0,31.5,32.0,0.5,31.75,False,34.0,32.0,34.0,False,False
multiscene_candidate_001__inflation_000mm,multiscene_candidate_001,0,direction_000,12.0,11.0,11.5,0.5,11.25,False,12.0,11.0,11.5,False,False
multiscene_candidate_001__inflation_000mm,multiscene_candidate_001,0,direction_001,12.0,10.5,11.0,0.5,10.75,False,12.0,11.0,12.0,False,False
multiscene_candidate_001__inflation_000mm,multiscene_candidate_001,0,direction_002,14.0,12.0,12.5,0.5,12.25,False,14.0,13.0,14.0,False,False
multiscene_candidate_001__inflation_000mm,multiscene_candidate_001,0,direction_003,12.0,10.5,11.0,0.5,10.75,False,12.0,11.0,12.0,False,False
multiscene_candidate_001__inflation_000mm,multiscene_candidate_001,0,direction_004,12.0,11.5,12.0,0.5,11.75,False,14.0,12.0,14.0,False,False
multiscene_candidate_001__inflation_000mm,multiscene_candidate_001,0,direction_005,14.0,12.5,13.0,0.5,12.75,False,14.0,13.0,14.0,False,False
multiscene_candidate_001__inflation_000mm,multiscene_candidate_001,0,direction_006,12.0,11.0,11.5,0.5,11.25,False,12.0,11.5,12.0,False,False
multiscene_candidate_001__inflation_000mm,multiscene_candidate_001,0,direction_007,14.0,13.5,14.0,0.5,13.75,False,16.0,14.0,16.0,False,False
multiscene_candidate_001__inflation_000mm,multiscene_candidate_001,0,direction_008,14.0,13.0,13.5,0.5,13.25,False,14.0,12.0,13.0,False,False
multiscene_candidate_001__inflation_000mm,multiscene_candidate_001,0,direction_009,14.0,12.0,12.5,0.5,12.25,False,14.0,12.5,13.0,False,False
multiscene_candidate_001__inflation_000mm,multiscene_candidate_001,0,direction_010,16.0,14.5,15.0,0.5,14.75,False,16.0,15.0,16.0,False,False
multiscene_candidate_001__inflation_000mm,multiscene_candidate_001,0,direction_011,14.0,12.0,12.5,0.5,12.25,False,14.0,12.5,13.0,False,False
multiscene_candidate_001__inflation_000mm,multiscene_candidate_001,0,direction_012,16.0,14.5,15.0,0.5,14.75,False,16.0,15.0,16.0,False,False
multiscene_candidate_001__inflation_000mm,multiscene_candidate_001,0,direction_013,16.0,15.0,15.5,0.5,15.25,False,16.0,15.5,16.0,False,False
multiscene_candidate_001__inflation_000mm,multiscene_candidate_001,0,direction_014,14.0,13.0,13.5,0.5,13.25,False,14.0,13.5,14.0,False,False
multiscene_candidate_001__inflation_000mm,multiscene_candidate_001,0,direction_015,18.0,16.5,17.0,0.5,16.75,False,18.0,16.5,17.0,False,False
multiscene_candidate_001__inflation_000mm,multiscene_candidate_001,0,direction_016,14.0,13.5,14.0,0.5,13.75,False,16.0,14.0,16.0,False,False
multiscene_candidate_001__inflation_000mm,multiscene_candidate_001,0,direction_017,16.0,14.5,15.0,0.5,14.75,False,16.0,15.0,16.0,False,False
multiscene_candidate_001__inflation_000mm,multiscene_candidate_001,0,direction_018,18.0,17.0,17.5,0.5,17.25,False,18.0,17.5,18.0,False,False
multiscene_candidate_001__inflation_000mm,multiscene_candidate_001,0,direction_019,16.0,14.0,14.5,0.5,14.25,False,16.0,15.0,16.0,False,False
multiscene_candidate_001__inflation_000mm,multiscene_candidate_001,0,direction_020,20.0,18.0,18.5,0.5,18.25,False,20.0,18.5,19.0,False,False
multiscene_candidate_001__inflation_000mm,multiscene_candidate_001,0,direction_021,18.0,17.0,17.5,0.5,17.25,False,20.0,18.0,20.0,False,False
multiscene_candidate_001__inflation_000mm,multiscene_candidate_001,0,direction_022,16.0,15.5,16.0,0.5,15.75,False,18.0,16.0,18.0,False,False
multiscene_candidate_001__inflation_000mm,multiscene_candidate_001,0,direction_023,22.0,21.5,22.0,0.5,21.75,False,24.0,22.0,24.0,False,False
multiscene_candidate_001__inflation_000mm,multiscene_candidate_001,0,direction_024,18.0,16.0,16.5,0.5,16.25,False,18.0,17.0,18.0,False,False
multiscene_candidate_001__inflation_000mm,multiscene_candidate_001,0,direction_025,22.0,20.0,20.5,0.5,20.25,False,22.0,20.5,21.0,False,False
multiscene_candidate_001__inflation_000mm,multiscene_candidate_001,0,direction_026,22.0,20.5,21.0,0.5,20.75,False,22.0,21.0,22.0,False,False
multiscene_candidate_001__inflation_000mm,multiscene_candidate_001,0,direction_027,16.0,15.5,16.0,0.5,15.75,False,18.0,16.0,18.0,False,False
multiscene_candidate_001__inflation_000mm,multiscene_candidate_001,0,direction_028,26.0,25.5,26.0,0.5,25.75,False,28.0,26.0,28.0,False,False
multiscene_candidate_001__inflation_000mm,multiscene_candidate_001,0,direction_029,24.0,22.5,23.0,0.5,22.75,False,24.0,23.0,24.0,False,False
multiscene_candidate_001__inflation_000mm,multiscene_candidate_001,0,direction_030,20.0,19.0,19.5,0.5,19.25,False,22.0,20.0,22.0,False,False
multiscene_candidate_001__inflation_000mm,multiscene_candidate_001,0,direction_031,28.0,27.5,28.0,0.5,27.75,False,30.0,28.0,30.0,False,False
multiscene_candidate_001__inflation_000mm,multiscene_candidate_001,0,direction_032,20.0,19.0,19.5,0.5,19.25,False,22.0,20.0,22.0,False,False
multiscene_candidate_001__inflation_000mm,multiscene_candidate_001,0,direction_033,30.0,28.0,28.5,0.5,28.25,False,32.0,30.0,32.0,False,False
multiscene_candidate_001__inflation_000mm,multiscene_candidate_001,0,direction_034,30.0,28.0,28.5,0.5,28.25,False,32.0,30.0,32.0,False,False
multiscene_candidate_001__inflation_000mm,multiscene_candidate_001,0,direction_035,20.0,19.0,19.5,0.5,19.25,False,20.0,19.5,20.0,False,False
multiscene_candidate_001__inflation_000mm,multiscene_candidate_001,0,direction_036,38.0,37.0,37.5,0.5,37.25,False,40.0,38.0,40.0,False,False
multiscene_candidate_001__inflation_000mm,multiscene_candidate_001,0,direction_037,30.0,29.0,29.5,0.5,29.25,False,32.0,30.0,32.0,False,False
multiscene_candidate_001__inflation_000mm,multiscene_candidate_001,0,direction_038,30.0,28.5,29.0,0.5,28.75,False,32.0,30.0,32.0,False,False
multiscene_candidate_001__inflation_000mm,multiscene_candidate_001,0,direction_039,38.0,37.0,37.5,0.5,37.25,False,38.0,37.5,38.0,False,False
multiscene_candidate_001__inflation_000mm,multiscene_candidate_001,0,direction_040,22.0,21.5,22.0,0.5,21.75,False,24.0,22.0,24.0,False,False
multiscene_candidate_001__inflation_000mm,multiscene_candidate_001,0,direction_041,48.0,46.0,46.5,0.5,46.25,False,48.0,46.5,47.0,False,False
multiscene_candidate_001__inflation_000mm,multiscene_candidate_001,0,direction_042,48.0,47.5,48.0,0.5,47.75,False,54.0,52.0,54.0,False,False
multiscene_candidate_001__inflation_000mm,multiscene_candidate_001,0,direction_043,28.0,27.5,28.0,0.5,27.75,False,30.0,28.0,30.0,False,False
multiscene_candidate_001__inflation_000mm,multiscene_candidate_001,0,direction_044,,,,,,True,,,,True,False
multiscene_candidate_001__inflation_000mm,multiscene_candidate_001,0,direction_045,40.0,38.0,38.5,0.5,38.25,False,44.0,42.0,44.0,False,False
multiscene_candidate_001__inflation_000mm,multiscene_candidate_001,0,direction_046,54.0,52.0,52.5,0.5,52.25,False,54.0,53.0,54.0,False,False
multiscene_candidate_001__inflation_000mm,multiscene_candidate_001,0,direction_047,,,,,,True,,,,True,False
multiscene_candidate_001__inflation_000mm,multiscene_candidate_001,0,direction_048,32.0,30.5,31.0,0.5,30.75,False,30.0,28.0,30.0,False,False
multiscene_candidate_001__inflation_000mm,multiscene_candidate_001,0,direction_049,,,,,,True,,,,True,False
multiscene_candidate_001__inflation_000mm,multiscene_candidate_001,0,direction_050,,,,,,True,,,,True,False
multiscene_candidate_001__inflation_000mm,multiscene_candidate_001,0,direction_051,52.0,51.5,52.0,0.5,51.75,False,56.0,54.0,56.0,False,False
multiscene_candidate_001__inflation_000mm,multiscene_candidate_001,0,direction_052,,,,,,True,,,,True,False
multiscene_candidate_001__inflation_000mm,multiscene_candidate_001,0,direction_053,58.0,56.0,56.5,0.5,56.25,False,,,,True,False
multiscene_candidate_001__inflation_000mm,multiscene_candidate_001,0,direction_054,,,,,,True,,,,True,False
multiscene_candidate_001__inflation_000mm,multiscene_candidate_001,0,direction_055,,,,,,True,,,,True,False
multiscene_candidate_001__inflation_000mm,multiscene_candidate_001,0,direction_056,48.0,47.0,47.5,0.5,47.25,False,52.0,50.0,52.0,False,False
multiscene_candidate_001__inflation_000mm,multiscene_candidate_001,0,direction_057,,,,,,True,,,,True,False
multiscene_candidate_001__inflation_000mm,multiscene_candidate_001,0,direction_058,,,,,,True,,,,True,False
multiscene_candidate_001__inflation_000mm,multiscene_candidate_001,0,direction_059,,,,,,True,,,,True,False
multiscene_candidate_001__inflation_000mm,multiscene_candidate_001,0,direction_060,,,,,,True,,,,True,False
multiscene_candidate_001__inflation_000mm,multiscene_candidate_001,0,direction_061,,,,,,True,,,,True,False
multiscene_candidate_001__inflation_000mm,multiscene_candidate_001,0,direction_062,,,,,,True,,,,True,False
multiscene_candidate_001__inflation_000mm,multiscene_candidate_001,0,direction_063,,,,,,True,,,,True,False
multiscene_candidate_001__inflation_000mm,multiscene_candidate_001,0,direction_064,,,,,,True,,,,True,False
multiscene_candidate_001__inflation_000mm,multiscene_candidate_001,0,direction_065,,,,,,True,,,,True,False
multiscene_candidate_001__inflation_000mm,multiscene_candidate_001,0,direction_066,,,,,,True,,,,True,False
multiscene_candidate_001__inflation_000mm,multiscene_candidate_001,0,direction_067,,,,,,True,,,,True,False
multiscene_candidate_001__inflation_000mm,multiscene_candidate_001,0,direction_068,,,,,,True,,,,True,False
multiscene_candidate_001__inflation_000mm,multiscene_candidate_001,0,direction_069,,,,,,True,,,,True,False
multiscene_candidate_001__inflation_000mm,multiscene_candidate_001,0,direction_070,,,,,,True,,,,True,False
multiscene_candidate_001__inflation_000mm,multiscene_candidate_001,0,direction_071,,,,,,True,,,,True,False
multiscene_candidate_001__inflation_000mm,multiscene_candidate_001,0,direction_072,,,,,,True,,,,True,False
multiscene_candidate_001__inflation_000mm,multiscene_candidate_001,0,direction_073,,,,,,True,,,,True,False
multiscene_candidate_001__inflation_000mm,multiscene_candidate_001,0,direction_074,,,,,,True,,,,True,False
multiscene_candidate_001__inflation_000mm,multiscene_candidate_001,0,direction_075,,,,,,True,,,,True,False
multiscene_candidate_001__inflation_000mm,multiscene_candidate_001,0,direction_076,,,,,,True,,,,True,False
multiscene_candidate_001__inflation_000mm,multiscene_candidate_001,0,direction_077,,,,,,True,,,,True,False
multiscene_candidate_001__inflation_000mm,multiscene_candidate_001,0,direction_078,,,,,,True,,,,True,False
multiscene_candidate_001__inflation_000mm,multiscene_candidate_001,0,direction_079,,,,,,True,,,,True,False
multiscene_candidate_001__inflation_000mm,multiscene_candidate_001,0,direction_080,,,,,,True,,,,True,False
multiscene_candidate_001__inflation_000mm,multiscene_candidate_001,0,direction_081,,,,,,True,,,,True,False
multiscene_candidate_001__inflation_000mm,multiscene_candidate_001,0,direction_082,,,,,,True,,,,True,False
multiscene_candidate_001__inflation_000mm,multiscene_candidate_001,0,direction_083,,,,,,True,,,,True,False
multiscene_candidate_001__inflation_000mm,multiscene_candidate_001,0,direction_084,,,,,,True,,,,True,False
multiscene_candidate_001__inflation_000mm,multiscene_candidate_001,0,direction_085,,,,,,True,,,,True,False
multiscene_candidate_001__inflation_000mm,multiscene_candidate_001,0,direction_086,,,,,,True,,,,True,False
multiscene_candidate_001__inflation_000mm,multiscene_candidate_001,0,direction_087,,,,,,True,,,,True,False
multiscene_candidate_001__inflation_000mm,multiscene_candidate_001,0,direction_088,,,,,,True,,,,True,False
multiscene_candidate_001__inflation_000mm,multiscene_candidate_001,0,direction_089,,,,,,True,,,,True,False
multiscene_candidate_001__inflation_000mm,multiscene_candidate_001,0,direction_090,,,,,,True,,,,True,False
multiscene_candidate_001__inflation_000mm,multiscene_candidate_001,0,direction_091,,,,,,True,,,,True,False
multiscene_candidate_001__inflation_000mm,multiscene_candidate_001,0,direction_092,,,,,,True,,,,True,False
multiscene_candidate_001__inflation_000mm,multiscene_candidate_001,0,direction_093,,,,,,True,,,,True,False
multiscene_candidate_001__inflation_000mm,multiscene_candidate_001,0,direction_094,,,,,,True,,,,True,False
multiscene_candidate_001__inflation_000mm,multiscene_candidate_001,0,direction_095,,,,,,True,,,,True,False
multiscene_candidate_001__inflation_000mm,multiscene_candidate_001,0,direction_096,,,,,,True,,,,True,False
multiscene_candidate_001__inflation_000mm,multiscene_candidate_001,0,direction_097,,,,,,True,,,,True,False
multiscene_candidate_001__inflation_000mm,multiscene_candidate_001,0,direction_098,,,,,,True,,,,True,False
multiscene_candidate_001__inflation_000mm,multiscene_candidate_001,0,direction_099,,,,,,True,,,,True,False
multiscene_candidate_001__inflation_000mm,multiscene_candidate_001,0,direction_100,,,,,,True,,,,True,False
multiscene_candidate_001__inflation_000mm,multiscene_candidate_001,0,direction_101,,,,,,True,,,,True,False
multiscene_candidate_001__inflation_000mm,multiscene_candidate_001,0,direction_102,,,,,,True,,,,True,False
multiscene_candidate_001__inflation_000mm,multiscene_candidate_001,0,direction_103,,,,,,True,,,,True,False
multiscene_candidate_001__inflation_000mm,multiscene_candidate_001,0,direction_104,,,,,,True,,,,True,False
multiscene_candidate_001__inflation_000mm,multiscene_candidate_001,0,direction_105,,,,,,True,,,,True,False
multiscene_candidate_001__inflation_000mm,multiscene_candidate_001,0,direction_106,,,,,,True,,,,True,False
multiscene_candidate_001__inflation_000mm,multiscene_candidate_001,0,direction_107,,,,,,True,,,,True,False
multiscene_candidate_001__inflation_000mm,multiscene_candidate_001,0,direction_108,,,,,,True,,,,True,False
multiscene_candidate_001__inflation_000mm,multiscene_candidate_001,0,direction_109,,,,,,True,,,,True,False
multiscene_candidate_001__inflation_000mm,multiscene_candidate_001,0,direction_110,,,,,,True,,,,True,False
multiscene_candidate_001__inflation_000mm,multiscene_candidate_001,0,direction_111,,,,,,True,,,,True,False
multiscene_candidate_001__inflation_000mm,multiscene_candidate_001,0,direction_112,,,,,,True,,,,True,False
multiscene_candidate_001__inflation_000mm,multiscene_candidate_001,0,direction_113,,,,,,True,,,,True,False
multiscene_candidate_001__inflation_000mm,multiscene_candidate_001,0,direction_114,,,,,,True,,,,True,False
multiscene_candidate_001__inflation_000mm,multiscene_candidate_001,0,direction_115,,,,,,True,,,,True,False
multiscene_candidate_001__inflation_000mm,multiscene_candidate_001,0,direction_116,,,,,,True,,,,True,False
multiscene_candidate_001__inflation_000mm,multiscene_candidate_001,0,direction_117,,,,,,True,,,,True,False
multiscene_candidate_001__inflation_000mm,multiscene_candidate_001,0,direction_118,,,,,,True,,,,True,False
multiscene_candidate_001__inflation_000mm,multiscene_candidate_001,0,direction_119,,,,,,True,,,,True,False
multiscene_candidate_001__inflation_000mm,multiscene_candidate_001,0,direction_120,,,,,,True,,,,True,False
multiscene_candidate_001__inflation_000mm,multiscene_candidate_001,0,direction_121,,,,,,True,,,,True,False
multiscene_candidate_001__inflation_000mm,multiscene_candidate_001,0,direction_122,,,,,,True,,,,True,False
multiscene_candidate_001__inflation_000mm,multiscene_candidate_001,0,direction_123,,,,,,True,,,,True,False
multiscene_candidate_001__inflation_000mm,multiscene_candidate_001,0,direction_124,,,,,,True,,,,True,False
multiscene_candidate_001__inflation_000mm,multiscene_candidate_001,0,direction_125,,,,,,True,,,,True,False
multiscene_candidate_001__inflation_000mm,multiscene_candidate_001,0,direction_126,,,,,,True,,,,True,False
multiscene_candidate_001__inflation_000mm,multiscene_candidate_001,0,direction_127,,,,,,True,,,,True,False
multiscene_candidate_001__inflation_005mm,multiscene_candidate_001,5,direction_000,16.0,15.5,16.0,0.5,15.75,False,18.0,16.0,18.0,False,False
multiscene_candidate_001__inflation_005mm,multiscene_candidate_001,5,direction_001,16.0,15.0,15.5,0.5,15.25,False,16.0,15.5,16.0,False,False
multiscene_candidate_001__inflation_005mm,multiscene_candidate_001,5,direction_002,18.0,17.0,17.5,0.5,17.25,False,18.0,17.5,18.0,False,False
multiscene_candidate_001__inflation_005mm,multiscene_candidate_001,5,direction_003,16.0,15.5,16.0,0.5,15.75,False,16.0,15.5,16.0,False,False
multiscene_candidate_001__inflation_005mm,multiscene_candidate_001,5,direction_004,18.0,17.0,17.5,0.5,17.25,False,20.0,18.0,20.0,False,False
multiscene_candidate_001__inflation_005mm,multiscene_candidate_001,5,direction_005,20.0,18.0,18.5,0.5,18.25,False,20.0,18.5,19.0,False,False
multiscene_candidate_001__inflation_005mm,multiscene_candidate_001,5,direction_006,18.0,16.0,16.5,0.5,16.25,False,18.0,16.5,17.0,False,False
multiscene_candidate_001__inflation_005mm,multiscene_candidate_001,5,direction_007,20.0,18.5,19.0,0.5,18.75,False,20.0,19.0,20.0,False,False
multiscene_candidate_001__inflation_005mm,multiscene_candidate_001,5,direction_008,20.0,18.0,18.5,0.5,18.25,False,18.0,16.0,18.0,False,False
multiscene_candidate_001__inflation_005mm,multiscene_candidate_001,5,direction_009,18.0,17.0,17.5,0.5,17.25,False,18.0,17.5,18.0,False,False
multiscene_candidate_001__inflation_005mm,multiscene_candidate_001,5,direction_010,22.0,20.0,20.5,0.5,20.25,False,22.0,20.5,21.0,False,False
multiscene_candidate_001__inflation_005mm,multiscene_candidate_001,5,direction_011,18.0,17.5,18.0,0.5,17.75,False,20.0,18.0,20.0,False,False
multiscene_candidate_001__inflation_005mm,multiscene_candidate_001,5,direction_012,22.0,20.5,21.0,0.5,20.75,False,22.0,21.0,22.0,False,False
multiscene_candidate_001__inflation_005mm,multiscene_candidate_001,5,direction_013,22.0,21.0,21.5,0.5,21.25,False,22.0,21.5,22.0,False,False
multiscene_candidate_001__inflation_005mm,multiscene_candidate_001,5,direction_014,20.0,18.0,18.5,0.5,18.25,False,20.0,19.0,20.0,False,False
multiscene_candidate_001__inflation_005mm,multiscene_candidate_001,5,direction_015,26.0,24.0,24.5,0.5,24.25,False,26.0,24.5,25.0,False,False
multiscene_candidate_001__inflation_005mm,multiscene_candidate_001,5,direction_016,20.0,19.5,20.0,0.5,19.75,False,22.0,20.0,22.0,False,False
multiscene_candidate_001__inflation_005mm,multiscene_candidate_001,5,direction_017,22.0,21.0,21.5,0.5,21.25,False,24.0,22.0,24.0,False,False
multiscene_candidate_001__inflation_005mm,multiscene_candidate_001,5,direction_018,26.0,24.5,25.0,0.5,24.75,False,26.0,25.0,26.0,False,False
multiscene_candidate_001__inflation_005mm,multiscene_candidate_001,5,direction_019,22.0,20.0,20.5,0.5,20.25,False,22.0,20.0,20.5,False,False
multiscene_candidate_001__inflation_005mm,multiscene_candidate_001,5,direction_020,28.0,26.5,27.0,0.5,26.75,False,28.0,27.0,28.0,False,False
multiscene_candidate_001__inflation_005mm,multiscene_candidate_001,5,direction_021,26.0,25.0,25.5,0.5,25.25,False,26.0,25.5,26.0,False,False
multiscene_candidate_001__inflation_005mm,multiscene_candidate_001,5,direction_022,22.0,21.5,22.0,0.5,21.75,False,24.0,22.0,24.0,False,False
multiscene_candidate_001__inflation_005mm,multiscene_candidate_001,5,direction_023,30.0,29.5,30.0,0.5,29.75,False,30.0,29.5,30.0,False,False
multiscene_candidate_001__inflation_005mm,multiscene_candidate_001,5,direction_024,24.0,23.5,24.0,0.5,23.75,False,26.0,24.0,26.0,False,False
multiscene_candidate_001__inflation_005mm,multiscene_candidate_001,5,direction_025,28.0,27.5,28.0,0.5,27.75,False,30.0,28.0,30.0,False,False
multiscene_candidate_001__inflation_005mm,multiscene_candidate_001,5,direction_026,32.0,30.5,31.0,0.5,30.75,False,32.0,30.0,30.5,False,False
multiscene_candidate_001__inflation_005mm,multiscene_candidate_001,5,direction_027,24.0,22.0,22.5,0.5,22.25,False,24.0,22.5,23.0,False,False
multiscene_candidate_001__inflation_005mm,multiscene_candidate_001,5,direction_028,36.0,35.5,36.0,0.5,35.75,False,38.0,36.0,38.0,False,False
multiscene_candidate_001__inflation_005mm,multiscene_candidate_001,5,direction_029,32.0,31.0,31.5,0.5,31.25,False,36.0,34.0,36.0,False,False
multiscene_candidate_001__inflation_005mm,multiscene_candidate_001,5,direction_030,28.0,27.5,28.0,0.5,27.75,False,30.0,28.0,30.0,False,False
multiscene_candidate_001__inflation_005mm,multiscene_candidate_001,5,direction_031,40.0,39.0,39.5,0.5,39.25,False,42.0,40.0,42.0,False,False
multiscene_candidate_001__inflation_005mm,multiscene_candidate_001,5,direction_032,30.0,29.5,30.0,0.5,29.75,False,32.0,30.0,32.0,False,False
multiscene_candidate_001__inflation_005mm,multiscene_candidate_001,5,direction_033,40.0,38.5,39.0,0.5,38.75,False,40.0,39.0,40.0,False,False
multiscene_candidate_001__inflation_005mm,multiscene_candidate_001,5,direction_034,44.0,42.5,43.0,0.5,42.75,False,46.0,44.0,46.0,False,False
multiscene_candidate_001__inflation_005mm,multiscene_candidate_001,5,direction_035,28.0,27.5,28.0,0.5,27.75,False,30.0,28.0,30.0,False,False
multiscene_candidate_001__inflation_005mm,multiscene_candidate_001,5,direction_036,52.0,50.0,50.5,0.5,50.25,False,52.0,50.5,51.0,False,False
multiscene_candidate_001__inflation_005mm,multiscene_candidate_001,5,direction_037,44.0,42.5,43.0,0.5,42.75,False,46.0,44.0,46.0,False,False
multiscene_candidate_001__inflation_005mm,multiscene_candidate_001,5,direction_038,42.0,41.0,41.5,0.5,41.25,False,44.0,42.0,44.0,False,False
multiscene_candidate_001__inflation_005mm,multiscene_candidate_001,5,direction_039,54.0,52.5,53.0,0.5,52.75,False,54.0,53.0,54.0,False,False
multiscene_candidate_001__inflation_005mm,multiscene_candidate_001,5,direction_040,34.0,33.5,34.0,0.5,33.75,False,36.0,34.0,36.0,False,False
multiscene_candidate_001__inflation_005mm,multiscene_candidate_001,5,direction_041,,,,,,True,,,,True,False
multiscene_candidate_001__inflation_005mm,multiscene_candidate_001,5,direction_042,,,,,,True,,,,True,False
multiscene_candidate_001__inflation_005mm,multiscene_candidate_001,5,direction_043,40.0,38.5,39.0,0.5,38.75,False,42.0,40.0,42.0,False,False
multiscene_candidate_001__inflation_005mm,multiscene_candidate_001,5,direction_044,,,,,,True,,,,True,False
multiscene_candidate_001__inflation_005mm,multiscene_candidate_001,5,direction_045,58.0,57.5,58.0,0.5,57.75,False,60.0,58.0,60.0,False,False
multiscene_candidate_001__inflation_005mm,multiscene_candidate_001,5,direction_046,,,,,,True,,,,True,False
multiscene_candidate_001__inflation_005mm,multiscene_candidate_001,5,direction_047,,,,,,True,,,,True,False
multiscene_candidate_001__inflation_005mm,multiscene_candidate_001,5,direction_048,42.0,40.5,41.0,0.5,40.75,False,44.0,42.0,44.0,False,False
multiscene_candidate_001__inflation_005mm,multiscene_candidate_001,5,direction_049,,,,,,True,,,,True,False
multiscene_candidate_001__inflation_005mm,multiscene_candidate_001,5,direction_050,,,,,,True,,,,True,False
multiscene_candidate_001__inflation_005mm,multiscene_candidate_001,5,direction_051,,,,,,True,,,,True,False
multiscene_candidate_001__inflation_005mm,multiscene_candidate_001,5,direction_052,,,,,,True,,,,True,False
multiscene_candidate_001__inflation_005mm,multiscene_candidate_001,5,direction_053,,,,,,True,,,,True,False
multiscene_candidate_001__inflation_005mm,multiscene_candidate_001,5,direction_054,,,,,,True,,,,True,False
multiscene_candidate_001__inflation_005mm,multiscene_candidate_001,5,direction_055,,,,,,True,,,,True,False
multiscene_candidate_001__inflation_005mm,multiscene_candidate_001,5,direction_056,,,,,,True,,,,True,False
multiscene_candidate_001__inflation_005mm,multiscene_candidate_001,5,direction_057,,,,,,True,,,,True,False
multiscene_candidate_001__inflation_005mm,multiscene_candidate_001,5,direction_058,,,,,,True,,,,True,False
multiscene_candidate_001__inflation_005mm,multiscene_candidate_001,5,direction_059,,,,,,True,,,,True,False
multiscene_candidate_001__inflation_005mm,multiscene_candidate_001,5,direction_060,,,,,,True,,,,True,False
multiscene_candidate_001__inflation_005mm,multiscene_candidate_001,5,direction_061,,,,,,True,,,,True,False
multiscene_candidate_001__inflation_005mm,multiscene_candidate_001,5,direction_062,,,,,,True,,,,True,False
multiscene_candidate_001__inflation_005mm,multiscene_candidate_001,5,direction_063,,,,,,True,,,,True,False
multiscene_candidate_001__inflation_005mm,multiscene_candidate_001,5,direction_064,,,,,,True,,,,True,False
multiscene_candidate_001__inflation_005mm,multiscene_candidate_001,5,direction_065,,,,,,True,,,,True,False
multiscene_candidate_001__inflation_005mm,multiscene_candidate_001,5,direction_066,,,,,,True,,,,True,False
multiscene_candidate_001__inflation_005mm,multiscene_candidate_001,5,direction_067,,,,,,True,,,,True,False
multiscene_candidate_001__inflation_005mm,multiscene_candidate_001,5,direction_068,,,,,,True,,,,True,False
multiscene_candidate_001__inflation_005mm,multiscene_candidate_001,5,direction_069,,,,,,True,,,,True,False
multiscene_candidate_001__inflation_005mm,multiscene_candidate_001,5,direction_070,,,,,,True,,,,True,False
multiscene_candidate_001__inflation_005mm,multiscene_candidate_001,5,direction_071,,,,,,True,,,,True,False
multiscene_candidate_001__inflation_005mm,multiscene_candidate_001,5,direction_072,,,,,,True,,,,True,False
multiscene_candidate_001__inflation_005mm,multiscene_candidate_001,5,direction_073,,,,,,True,,,,True,False
multiscene_candidate_001__inflation_005mm,multiscene_candidate_001,5,direction_074,,,,,,True,,,,True,False
multiscene_candidate_001__inflation_005mm,multiscene_candidate_001,5,direction_075,,,,,,True,,,,True,False
multiscene_candidate_001__inflation_005mm,multiscene_candidate_001,5,direction_076,,,,,,True,,,,True,False
multiscene_candidate_001__inflation_005mm,multiscene_candidate_001,5,direction_077,,,,,,True,,,,True,False
multiscene_candidate_001__inflation_005mm,multiscene_candidate_001,5,direction_078,,,,,,True,,,,True,False
multiscene_candidate_001__inflation_005mm,multiscene_candidate_001,5,direction_079,,,,,,True,,,,True,False
multiscene_candidate_001__inflation_005mm,multiscene_candidate_001,5,direction_080,,,,,,True,,,,True,False
multiscene_candidate_001__inflation_005mm,multiscene_candidate_001,5,direction_081,,,,,,True,,,,True,False
multiscene_candidate_001__inflation_005mm,multiscene_candidate_001,5,direction_082,,,,,,True,,,,True,False
multiscene_candidate_001__inflation_005mm,multiscene_candidate_001,5,direction_083,,,,,,True,,,,True,False
multiscene_candidate_001__inflation_005mm,multiscene_candidate_001,5,direction_084,,,,,,True,,,,True,False
multiscene_candidate_001__inflation_005mm,multiscene_candidate_001,5,direction_085,,,,,,True,,,,True,False
multiscene_candidate_001__inflation_005mm,multiscene_candidate_001,5,direction_086,,,,,,True,,,,True,False
multiscene_candidate_001__inflation_005mm,multiscene_candidate_001,5,direction_087,,,,,,True,,,,True,False
multiscene_candidate_001__inflation_005mm,multiscene_candidate_001,5,direction_088,,,,,,True,,,,True,False
multiscene_candidate_001__inflation_005mm,multiscene_candidate_001,5,direction_089,,,,,,True,,,,True,False
multiscene_candidate_001__inflation_005mm,multiscene_candidate_001,5,direction_090,,,,,,True,,,,True,False
multiscene_candidate_001__inflation_005mm,multiscene_candidate_001,5,direction_091,,,,,,True,,,,True,False
multiscene_candidate_001__inflation_005mm,multiscene_candidate_001,5,direction_092,,,,,,True,,,,True,False
multiscene_candidate_001__inflation_005mm,multiscene_candidate_001,5,direction_093,,,,,,True,,,,True,False
multiscene_candidate_001__inflation_005mm,multiscene_candidate_001,5,direction_094,,,,,,True,,,,True,False
multiscene_candidate_001__inflation_005mm,multiscene_candidate_001,5,direction_095,,,,,,True,,,,True,False
multiscene_candidate_001__inflation_005mm,multiscene_candidate_001,5,direction_096,,,,,,True,,,,True,False
multiscene_candidate_001__inflation_005mm,multiscene_candidate_001,5,direction_097,,,,,,True,,,,True,False
multiscene_candidate_001__inflation_005mm,multiscene_candidate_001,5,direction_098,,,,,,True,,,,True,False
multiscene_candidate_001__inflation_005mm,multiscene_candidate_001,5,direction_099,,,,,,True,,,,True,False
multiscene_candidate_001__inflation_005mm,multiscene_candidate_001,5,direction_100,,,,,,True,,,,True,False
multiscene_candidate_001__inflation_005mm,multiscene_candidate_001,5,direction_101,,,,,,True,,,,True,False
multiscene_candidate_001__inflation_005mm,multiscene_candidate_001,5,direction_102,,,,,,True,,,,True,False
multiscene_candidate_001__inflation_005mm,multiscene_candidate_001,5,direction_103,,,,,,True,,,,True,False
multiscene_candidate_001__inflation_005mm,multiscene_candidate_001,5,direction_104,,,,,,True,,,,True,False
multiscene_candidate_001__inflation_005mm,multiscene_candidate_001,5,direction_105,,,,,,True,,,,True,False
multiscene_candidate_001__inflation_005mm,multiscene_candidate_001,5,direction_106,,,,,,True,,,,True,False
multiscene_candidate_001__inflation_005mm,multiscene_candidate_001,5,direction_107,,,,,,True,,,,True,False
multiscene_candidate_001__inflation_005mm,multiscene_candidate_001,5,direction_108,,,,,,True,,,,True,False
multiscene_candidate_001__inflation_005mm,multiscene_candidate_001,5,direction_109,,,,,,True,,,,True,False
multiscene_candidate_001__inflation_005mm,multiscene_candidate_001,5,direction_110,,,,,,True,,,,True,False
multiscene_candidate_001__inflation_005mm,multiscene_candidate_001,5,direction_111,,,,,,True,,,,True,False
multiscene_candidate_001__inflation_005mm,multiscene_candidate_001,5,direction_112,,,,,,True,,,,True,False
multiscene_candidate_001__inflation_005mm,multiscene_candidate_001,5,direction_113,,,,,,True,,,,True,False
multiscene_candidate_001__inflation_005mm,multiscene_candidate_001,5,direction_114,,,,,,True,,,,True,False
multiscene_candidate_001__inflation_005mm,multiscene_candidate_001,5,direction_115,,,,,,True,,,,True,False
multiscene_candidate_001__inflation_005mm,multiscene_candidate_001,5,direction_116,,,,,,True,,,,True,False
multiscene_candidate_001__inflation_005mm,multiscene_candidate_001,5,direction_117,,,,,,True,,,,True,False
multiscene_candidate_001__inflation_005mm,multiscene_candidate_001,5,direction_118,,,,,,True,,,,True,False
multiscene_candidate_001__inflation_005mm,multiscene_candidate_001,5,direction_119,,,,,,True,,,,True,False
multiscene_candidate_001__inflation_005mm,multiscene_candidate_001,5,direction_120,,,,,,True,,,,True,False
multiscene_candidate_001__inflation_005mm,multiscene_candidate_001,5,direction_121,,,,,,True,,,,True,False
multiscene_candidate_001__inflation_005mm,multiscene_candidate_001,5,direction_122,,,,,,True,,,,True,False
multiscene_candidate_001__inflation_005mm,multiscene_candidate_001,5,direction_123,,,,,,True,,,,True,False
multiscene_candidate_001__inflation_005mm,multiscene_candidate_001,5,direction_124,,,,,,True,,,,True,False
multiscene_candidate_001__inflation_005mm,multiscene_candidate_001,5,direction_125,,,,,,True,,,,True,False
multiscene_candidate_001__inflation_005mm,multiscene_candidate_001,5,direction_126,,,,,,True,,,,True,False
multiscene_candidate_001__inflation_005mm,multiscene_candidate_001,5,direction_127,,,,,,True,,,,True,False
multiscene_candidate_001__inflation_010mm,multiscene_candidate_001,10,direction_000,22.0,21.5,22.0,0.5,21.75,False,24.0,22.0,24.0,False,False
multiscene_candidate_001__inflation_010mm,multiscene_candidate_001,10,direction_001,22.0,21.0,21.5,0.5,21.25,False,22.0,21.5,22.0,False,False
multiscene_candidate_001__inflation_010mm,multiscene_candidate_001,10,direction_002,24.0,23.0,23.5,0.5,23.25,False,24.0,23.5,24.0,False,False
multiscene_candidate_001__inflation_010mm,multiscene_candidate_001,10,direction_003,22.0,21.5,22.0,0.5,21.75,False,24.0,22.0,24.0,False,False
multiscene_candidate_001__inflation_010mm,multiscene_candidate_001,10,direction_004,24.0,23.5,24.0,0.5,23.75,False,26.0,24.0,26.0,False,False
multiscene_candidate_001__inflation_010mm,multiscene_candidate_001,10,direction_005,26.0,24.0,24.5,0.5,24.25,False,26.0,24.5,25.0,False,False
multiscene_candidate_001__inflation_010mm,multiscene_candidate_001,10,direction_006,24.0,22.5,23.0,0.5,22.75,False,24.0,23.0,24.0,False,False
multiscene_candidate_001__inflation_010mm,multiscene_candidate_001,10,direction_007,28.0,26.0,26.5,0.5,26.25,False,28.0,26.5,27.0,False,False
multiscene_candidate_001__inflation_010mm,multiscene_candidate_001,10,direction_008,26.0,25.0,25.5,0.5,25.25,False,26.0,25.0,25.5,False,False
multiscene_candidate_001__inflation_010mm,multiscene_candidate_001,10,direction_009,26.0,24.0,24.5,0.5,24.25,False,26.0,24.5,25.0,False,False
multiscene_candidate_001__inflation_010mm,multiscene_candidate_001,10,direction_010,30.0,28.5,29.0,0.5,28.75,False,30.0,29.0,30.0,False,False
multiscene_candidate_001__inflation_010mm,multiscene_candidate_001,10,direction_011,26.0,24.5,25.0,0.5,24.75,False,26.0,25.0,26.0,False,False
multiscene_candidate_001__inflation_010mm,multiscene_candidate_001,10,direction_012,30.0,28.0,28.5,0.5,28.25,False,30.0,28.5,29.0,False,False
multiscene_candidate_001__inflation_010mm,multiscene_candidate_001,10,direction_013,30.0,28.0,28.5,0.5,28.25,False,30.0,28.5,29.0,False,False
multiscene_candidate_001__inflation_010mm,multiscene_candidate_001,10,direction_014,26.0,24.5,25.0,0.5,24.75,False,26.0,25.0,26.0,False,False
multiscene_candidate_001__inflation_010mm,multiscene_candidate_001,10,direction_015,32.0,31.5,32.0,0.5,31.75,False,34.0,32.0,34.0,False,False
multiscene_candidate_001__inflation_010mm,multiscene_candidate_001,10,direction_016,30.0,29.5,30.0,0.5,29.75,False,32.0,30.0,32.0,False,False
multiscene_candidate_001__inflation_010mm,multiscene_candidate_001,10,direction_017,30.0,29.5,30.0,0.5,29.75,False,32.0,30.0,32.0,False,False
multiscene_candidate_001__inflation_010mm,multiscene_candidate_001,10,direction_018,34.0,33.5,34.0,0.5,33.75,False,36.0,34.0,36.0,False,False
multiscene_candidate_001__inflation_010mm,multiscene_candidate_001,10,direction_019,28.0,27.0,27.5,0.5,27.25,False,28.0,27.5,28.0,False,False
multiscene_candidate_001__inflation_010mm,multiscene_candidate_001,10,direction_020,36.0,35.0,35.5,0.5,35.25,False,38.0,36.0,38.0,False,False
multiscene_candidate_001__inflation_010mm,multiscene_candidate_001,10,direction_021,36.0,35.0,35.5,0.5,35.25,False,38.0,36.0,38.0,False,False
multiscene_candidate_001__inflation_010mm,multiscene_candidate_001,10,direction_022,30.0,29.5,30.0,0.5,29.75,False,32.0,30.0,32.0,False,False
multiscene_candidate_001__inflation_010mm,multiscene_candidate_001,10,direction_023,42.0,40.0,40.5,0.5,40.25,False,42.0,40.5,41.0,False,False
multiscene_candidate_001__inflation_010mm,multiscene_candidate_001,10,direction_024,36.0,34.5,35.0,0.5,34.75,False,38.0,36.0,38.0,False,False
multiscene_candidate_001__inflation_010mm,multiscene_candidate_001,10,direction_025,38.0,37.5,38.0,0.5,37.75,False,40.0,38.0,40.0,False,False
multiscene_candidate_001__inflation_010mm,multiscene_candidate_001,10,direction_026,42.0,41.0,41.5,0.5,41.25,False,42.0,41.5,42.0,False,False
multiscene_candidate_001__inflation_010mm,multiscene_candidate_001,10,direction_027,32.0,31.5,32.0,0.5,31.75,False,34.0,32.0,34.0,False,False
multiscene_candidate_001__inflation_010mm,multiscene_candidate_001,10,direction_028,48.0,46.5,47.0,0.5,46.75,False,48.0,47.0,48.0,False,False
multiscene_candidate_001__inflation_010mm,multiscene_candidate_001,10,direction_029,46.0,44.5,45.0,0.5,44.75,False,48.0,46.0,48.0,False,False
multiscene_candidate_001__inflation_010mm,multiscene_candidate_001,10,direction_030,40.0,38.5,39.0,0.5,38.75,False,40.0,39.0,40.0,False,False
multiscene_candidate_001__inflation_010mm,multiscene_candidate_001,10,direction_031,52.0,51.0,51.5,0.5,51.25,False,52.0,51.5,52.0,False,False
multiscene_candidate_001__inflation_010mm,multiscene_candidate_001,10,direction_032,42.0,41.5,42.0,0.5,41.75,False,44.0,42.0,44.0,False,False
multiscene_candidate_001__inflation_010mm,multiscene_candidate_001,10,direction_033,54.0,53.0,53.5,0.5,53.25,False,56.0,54.0,56.0,False,False
multiscene_candidate_001__inflation_010mm,multiscene_candidate_001,10,direction_034,58.0,57.5,58.0,0.5,57.75,False,60.0,58.0,60.0,False,False
multiscene_candidate_001__inflation_010mm,multiscene_candidate_001,10,direction_035,38.0,37.0,37.5,0.5,37.25,False,40.0,38.0,40.0,False,False
multiscene_candidate_001__inflation_010mm,multiscene_candidate_001,10,direction_036,,,,,,True,,,,True,False
multiscene_candidate_001__inflation_010mm,multiscene_candidate_001,10,direction_037,,,,,,True,,,,True,False
multiscene_candidate_001__inflation_010mm,multiscene_candidate_001,10,direction_038,58.0,56.0,56.5,0.5,56.25,False,58.0,57.0,58.0,False,False
multiscene_candidate_001__inflation_010mm,multiscene_candidate_001,10,direction_039,,,,,,True,,,,True,False
multiscene_candidate_001__inflation_010mm,multiscene_candidate_001,10,direction_040,50.0,49.0,49.5,0.5,49.25,False,52.0,50.0,52.0,False,False
multiscene_candidate_001__inflation_010mm,multiscene_candidate_001,10,direction_041,,,,,,True,,,,True,False
multiscene_candidate_001__inflation_010mm,multiscene_candidate_001,10,direction_042,,,,,,True,,,,True,False
multiscene_candidate_001__inflation_010mm,multiscene_candidate_001,10,direction_043,54.0,53.0,53.5,0.5,53.25,False,56.0,54.0,56.0,False,False
multiscene_candidate_001__inflation_010mm,multiscene_candidate_001,10,direction_044,,,,,,True,,,,True,False
multiscene_candidate_001__inflation_010mm,multiscene_candidate_001,10,direction_045,,,,,,True,,,,True,False
multiscene_candidate_001__inflation_010mm,multiscene_candidate_001,10,direction_046,,,,,,True,,,,True,False
multiscene_candidate_001__inflation_010mm,multiscene_candidate_001,10,direction_047,,,,,,True,,,,True,False
multiscene_candidate_001__inflation_010mm,multiscene_candidate_001,10,direction_048,56.0,55.0,55.5,0.5,55.25,False,58.0,56.0,58.0,False,False
multiscene_candidate_001__inflation_010mm,multiscene_candidate_001,10,direction_049,,,,,,True,,,,True,False
multiscene_candidate_001__inflation_010mm,multiscene_candidate_001,10,direction_050,,,,,,True,,,,True,False
multiscene_candidate_001__inflation_010mm,multiscene_candidate_001,10,direction_051,,,,,,True,,,,True,False
multiscene_candidate_001__inflation_010mm,multiscene_candidate_001,10,direction_052,,,,,,True,,,,True,False
multiscene_candidate_001__inflation_010mm,multiscene_candidate_001,10,direction_053,,,,,,True,,,,True,False
multiscene_candidate_001__inflation_010mm,multiscene_candidate_001,10,direction_054,,,,,,True,,,,True,False
multiscene_candidate_001__inflation_010mm,multiscene_candidate_001,10,direction_055,,,,,,True,,,,True,False
multiscene_candidate_001__inflation_010mm,multiscene_candidate_001,10,direction_056,,,,,,True,,,,True,False
multiscene_candidate_001__inflation_010mm,multiscene_candidate_001,10,direction_057,,,,,,True,,,,True,False
multiscene_candidate_001__inflation_010mm,multiscene_candidate_001,10,direction_058,,,,,,True,,,,True,False
multiscene_candidate_001__inflation_010mm,multiscene_candidate_001,10,direction_059,,,,,,True,,,,True,False
multiscene_candidate_001__inflation_010mm,multiscene_candidate_001,10,direction_060,,,,,,True,,,,True,False
multiscene_candidate_001__inflation_010mm,multiscene_candidate_001,10,direction_061,,,,,,True,,,,True,False
multiscene_candidate_001__inflation_010mm,multiscene_candidate_001,10,direction_062,,,,,,True,,,,True,False
multiscene_candidate_001__inflation_010mm,multiscene_candidate_001,10,direction_063,,,,,,True,,,,True,False
multiscene_candidate_001__inflation_010mm,multiscene_candidate_001,10,direction_064,,,,,,True,,,,True,False
multiscene_candidate_001__inflation_010mm,multiscene_candidate_001,10,direction_065,,,,,,True,,,,True,False
multiscene_candidate_001__inflation_010mm,multiscene_candidate_001,10,direction_066,,,,,,True,,,,True,False
multiscene_candidate_001__inflation_010mm,multiscene_candidate_001,10,direction_067,,,,,,True,,,,True,False
multiscene_candidate_001__inflation_010mm,multiscene_candidate_001,10,direction_068,,,,,,True,,,,True,False
multiscene_candidate_001__inflation_010mm,multiscene_candidate_001,10,direction_069,,,,,,True,,,,True,False
multiscene_candidate_001__inflation_010mm,multiscene_candidate_001,10,direction_070,,,,,,True,,,,True,False
multiscene_candidate_001__inflation_010mm,multiscene_candidate_001,10,direction_071,,,,,,True,,,,True,False
multiscene_candidate_001__inflation_010mm,multiscene_candidate_001,10,direction_072,,,,,,True,,,,True,False
multiscene_candidate_001__inflation_010mm,multiscene_candidate_001,10,direction_073,,,,,,True,,,,True,False
multiscene_candidate_001__inflation_010mm,multiscene_candidate_001,10,direction_074,,,,,,True,,,,True,False
multiscene_candidate_001__inflation_010mm,multiscene_candidate_001,10,direction_075,,,,,,True,,,,True,False
multiscene_candidate_001__inflation_010mm,multiscene_candidate_001,10,direction_076,,,,,,True,,,,True,False
multiscene_candidate_001__inflation_010mm,multiscene_candidate_001,10,direction_077,,,,,,True,,,,True,False
multiscene_candidate_001__inflation_010mm,multiscene_candidate_001,10,direction_078,,,,,,True,,,,True,False
multiscene_candidate_001__inflation_010mm,multiscene_candidate_001,10,direction_079,,,,,,True,,,,True,False
multiscene_candidate_001__inflation_010mm,multiscene_candidate_001,10,direction_080,,,,,,True,,,,True,False
multiscene_candidate_001__inflation_010mm,multiscene_candidate_001,10,direction_081,,,,,,True,,,,True,False
multiscene_candidate_001__inflation_010mm,multiscene_candidate_001,10,direction_082,,,,,,True,,,,True,False
multiscene_candidate_001__inflation_010mm,multiscene_candidate_001,10,direction_083,,,,,,True,,,,True,False
multiscene_candidate_001__inflation_010mm,multiscene_candidate_001,10,direction_084,,,,,,True,,,,True,False
multiscene_candidate_001__inflation_010mm,multiscene_candidate_001,10,direction_085,,,,,,True,,,,True,False
multiscene_candidate_001__inflation_010mm,multiscene_candidate_001,10,direction_086,,,,,,True,,,,True,False
multiscene_candidate_001__inflation_010mm,multiscene_candidate_001,10,direction_087,,,,,,True,,,,True,False
multiscene_candidate_001__inflation_010mm,multiscene_candidate_001,10,direction_088,,,,,,True,,,,True,False
multiscene_candidate_001__inflation_010mm,multiscene_candidate_001,10,direction_089,,,,,,True,,,,True,False
multiscene_candidate_001__inflation_010mm,multiscene_candidate_001,10,direction_090,,,,,,True,,,,True,False
multiscene_candidate_001__inflation_010mm,multiscene_candidate_001,10,direction_091,,,,,,True,,,,True,False
multiscene_candidate_001__inflation_010mm,multiscene_candidate_001,10,direction_092,,,,,,True,,,,True,False
multiscene_candidate_001__inflation_010mm,multiscene_candidate_001,10,direction_093,,,,,,True,,,,True,False
multiscene_candidate_001__inflation_010mm,multiscene_candidate_001,10,direction_094,,,,,,True,,,,True,False
multiscene_candidate_001__inflation_010mm,multiscene_candidate_001,10,direction_095,,,,,,True,,,,True,False
multiscene_candidate_001__inflation_010mm,multiscene_candidate_001,10,direction_096,,,,,,True,,,,True,False
multiscene_candidate_001__inflation_010mm,multiscene_candidate_001,10,direction_097,,,,,,True,,,,True,False
multiscene_candidate_001__inflation_010mm,multiscene_candidate_001,10,direction_098,,,,,,True,,,,True,False
multiscene_candidate_001__inflation_010mm,multiscene_candidate_001,10,direction_099,,,,,,True,,,,True,False
multiscene_candidate_001__inflation_010mm,multiscene_candidate_001,10,direction_100,,,,,,True,,,,True,False
multiscene_candidate_001__inflation_010mm,multiscene_candidate_001,10,direction_101,,,,,,True,,,,True,False
multiscene_candidate_001__inflation_010mm,multiscene_candidate_001,10,direction_102,,,,,,True,,,,True,False
multiscene_candidate_001__inflation_010mm,multiscene_candidate_001,10,direction_103,,,,,,True,,,,True,False
multiscene_candidate_001__inflation_010mm,multiscene_candidate_001,10,direction_104,,,,,,True,,,,True,False
multiscene_candidate_001__inflation_010mm,multiscene_candidate_001,10,direction_105,,,,,,True,,,,True,False
multiscene_candidate_001__inflation_010mm,multiscene_candidate_001,10,direction_106,,,,,,True,,,,True,False
multiscene_candidate_001__inflation_010mm,multiscene_candidate_001,10,direction_107,,,,,,True,,,,True,False
multiscene_candidate_001__inflation_010mm,multiscene_candidate_001,10,direction_108,,,,,,True,,,,True,False
multiscene_candidate_001__inflation_010mm,multiscene_candidate_001,10,direction_109,,,,,,True,,,,True,False
multiscene_candidate_001__inflation_010mm,multiscene_candidate_001,10,direction_110,,,,,,True,,,,True,False
multiscene_candidate_001__inflation_010mm,multiscene_candidate_001,10,direction_111,,,,,,True,,,,True,False
multiscene_candidate_001__inflation_010mm,multiscene_candidate_001,10,direction_112,,,,,,True,,,,True,False
multiscene_candidate_001__inflation_010mm,multiscene_candidate_001,10,direction_113,,,,,,True,,,,True,False
multiscene_candidate_001__inflation_010mm,multiscene_candidate_001,10,direction_114,,,,,,True,,,,True,False
multiscene_candidate_001__inflation_010mm,multiscene_candidate_001,10,direction_115,,,,,,True,,,,True,False
multiscene_candidate_001__inflation_010mm,multiscene_candidate_001,10,direction_116,,,,,,True,,,,True,False
multiscene_candidate_001__inflation_010mm,multiscene_candidate_001,10,direction_117,,,,,,True,,,,True,False
multiscene_candidate_001__inflation_010mm,multiscene_candidate_001,10,direction_118,,,,,,True,,,,True,False
multiscene_candidate_001__inflation_010mm,multiscene_candidate_001,10,direction_119,,,,,,True,,,,True,False
multiscene_candidate_001__inflation_010mm,multiscene_candidate_001,10,direction_120,,,,,,True,,,,True,False
multiscene_candidate_001__inflation_010mm,multiscene_candidate_001,10,direction_121,,,,,,True,,,,True,False
multiscene_candidate_001__inflation_010mm,multiscene_candidate_001,10,direction_122,,,,,,True,,,,True,False
multiscene_candidate_001__inflation_010mm,multiscene_candidate_001,10,direction_123,,,,,,True,,,,True,False
multiscene_candidate_001__inflation_010mm,multiscene_candidate_001,10,direction_124,,,,,,True,,,,True,False
multiscene_candidate_001__inflation_010mm,multiscene_candidate_001,10,direction_125,,,,,,True,,,,True,False
multiscene_candidate_001__inflation_010mm,multiscene_candidate_001,10,direction_126,,,,,,True,,,,True,False
multiscene_candidate_001__inflation_010mm,multiscene_candidate_001,10,direction_127,,,,,,True,,,,True,False
multiscene_candidate_001__inflation_015mm,multiscene_candidate_001,15,direction_000,28.0,27.5,28.0,0.5,27.75,False,30.0,28.0,30.0,False,False
multiscene_candidate_001__inflation_015mm,multiscene_candidate_001,15,direction_001,28.0,27.0,27.5,0.5,27.25,False,28.0,27.5,28.0,False,False
multiscene_candidate_001__inflation_015mm,multiscene_candidate_001,15,direction_002,30.0,29.0,29.5,0.5,29.25,False,30.0,29.5,30.0,False,False
multiscene_candidate_001__inflation_015mm,multiscene_candidate_001,15,direction_003,28.0,27.5,28.0,0.5,27.75,False,30.0,28.0,30.0,False,False
multiscene_candidate_001__inflation_015mm,multiscene_candidate_001,15,direction_004,30.0,29.5,30.0,0.5,29.75,False,32.0,30.0,32.0,False,False
multiscene_candidate_001__inflation_015mm,multiscene_candidate_001,15,direction_005,32.0,30.5,31.0,0.5,30.75,False,32.0,31.0,32.0,False,False
multiscene_candidate_001__inflation_015mm,multiscene_candidate_001,15,direction_006,30.0,28.5,29.0,0.5,28.75,False,30.0,29.0,30.0,False,False
multiscene_candidate_001__inflation_015mm,multiscene_candidate_001,15,direction_007,34.0,33.0,33.5,0.5,33.25,False,34.0,33.5,34.0,False,False
multiscene_candidate_001__inflation_015mm,multiscene_candidate_001,15,direction_008,32.0,31.5,32.0,0.5,31.75,False,34.0,32.0,34.0,False,False
multiscene_candidate_001__inflation_015mm,multiscene_candidate_001,15,direction_009,32.0,30.5,31.0,0.5,30.75,False,32.0,31.0,32.0,False,False
multiscene_candidate_001__inflation_015mm,multiscene_candidate_001,15,direction_010,36.0,35.0,35.5,0.5,35.25,False,36.0,35.5,36.0,False,False
multiscene_candidate_001__inflation_015mm,multiscene_candidate_001,15,direction_011,32.0,31.5,32.0,0.5,31.75,False,34.0,32.0,34.0,False,False
multiscene_candidate_001__inflation_015mm,multiscene_candidate_001,15,direction_012,36.0,35.5,36.0,0.5,35.75,False,38.0,36.0,38.0,False,False
multiscene_candidate_001__inflation_015mm,multiscene_candidate_001,15,direction_013,38.0,36.0,36.5,0.5,36.25,False,38.0,36.0,36.5,False,False
multiscene_candidate_001__inflation_015mm,multiscene_candidate_001,15,direction_014,32.0,31.5,32.0,0.5,31.75,False,34.0,32.0,34.0,False,False
multiscene_candidate_001__inflation_015mm,multiscene_candidate_001,15,direction_015,42.0,40.0,40.5,0.5,40.25,False,42.0,40.5,41.0,False,False
multiscene_candidate_001__inflation_015mm,multiscene_candidate_001,15,direction_016,38.0,37.5,38.0,0.5,37.75,False,40.0,38.0,40.0,False,False
multiscene_candidate_001__inflation_015mm,multiscene_candidate_001,15,direction_017,38.0,37.5,38.0,0.5,37.75,False,40.0,38.0,40.0,False,False
multiscene_candidate_001__inflation_015mm,multiscene_candidate_001,15,direction_018,42.0,41.5,42.0,0.5,41.75,False,44.0,42.0,44.0,False,False
multiscene_candidate_001__inflation_015mm,multiscene_candidate_001,15,direction_019,36.0,34.5,35.0,0.5,34.75,False,36.0,35.0,36.0,False,False
multiscene_candidate_001__inflation_015mm,multiscene_candidate_001,15,direction_020,46.0,44.5,45.0,0.5,44.75,False,46.0,45.0,46.0,False,False
multiscene_candidate_001__inflation_015mm,multiscene_candidate_001,15,direction_021,46.0,44.0,44.5,0.5,44.25,False,46.0,45.0,46.0,False,False
multiscene_candidate_001__inflation_015mm,multiscene_candidate_001,15,direction_022,38.0,37.5,38.0,0.5,37.75,False,40.0,38.0,40.0,False,False
multiscene_candidate_001__inflation_015mm,multiscene_candidate_001,15,direction_023,50.0,48.5,49.0,0.5,48.75,False,50.0,48.5,49.0,False,False
multiscene_candidate_001__inflation_015mm,multiscene_candidate_001,15,direction_024,46.0,45.0,45.5,0.5,45.25,False,46.0,45.5,46.0,False,False
multiscene_candidate_001__inflation_015mm,multiscene_candidate_001,15,direction_025,50.0,48.0,48.5,0.5,48.25,False,50.0,49.0,50.0,False,False
multiscene_candidate_001__inflation_015mm,multiscene_candidate_001,15,direction_026,54.0,52.0,52.5,0.5,52.25,False,54.0,52.5,53.0,False,False
multiscene_candidate_001__inflation_015mm,multiscene_candidate_001,15,direction_027,40.0,39.5,40.0,0.5,39.75,False,42.0,40.0,42.0,False,False
multiscene_candidate_001__inflation_015mm,multiscene_candidate_001,15,direction_028,56.0,55.5,56.0,0.5,55.75,False,58.0,56.0,58.0,False,False
multiscene_candidate_001__inflation_015mm,multiscene_candidate_001,15,direction_029,58.0,56.5,57.0,0.5,56.75,False,58.0,57.0,58.0,False,False
multiscene_candidate_001__inflation_015mm,multiscene_candidate_001,15,direction_030,50.0,49.0,49.5,0.5,49.25,False,52.0,50.0,52.0,False,False
multiscene_candidate_001__inflation_015mm,multiscene_candidate_001,15,direction_031,60.0,59.5,60.0,0.5,59.75,False,60.0,59.5,60.0,False,False
multiscene_candidate_001__inflation_015mm,multiscene_candidate_001,15,direction_032,54.0,53.0,53.5,0.5,53.25,False,54.0,53.5,54.0,False,False
multiscene_candidate_001__inflation_015mm,multiscene_candidate_001,15,direction_033,,,,,,True,,,,True,False
multiscene_candidate_001__inflation_015mm,multiscene_candidate_001,15,direction_034,,,,,,True,,,,True,False
multiscene_candidate_001__inflation_015mm,multiscene_candidate_001,15,direction_035,48.0,47.0,47.5,0.5,47.25,False,50.0,48.0,50.0,False,False
multiscene_candidate_001__inflation_015mm,multiscene_candidate_001,15,direction_036,,,,,,True,,,,True,False
multiscene_candidate_001__inflation_015mm,multiscene_candidate_001,15,direction_037,,,,,,True,,,,True,False
multiscene_candidate_001__inflation_015mm,multiscene_candidate_001,15,direction_038,,,,,,True,,,,True,False
multiscene_candidate_001__inflation_015mm,multiscene_candidate_001,15,direction_039,,,,,,True,,,,True,False
multiscene_candidate_001__inflation_015mm,multiscene_candidate_001,15,direction_040,,,,,,True,,,,True,False
multiscene_candidate_001__inflation_015mm,multiscene_candidate_001,15,direction_041,,,,,,True,,,,True,False
multiscene_candidate_001__inflation_015mm,multiscene_candidate_001,15,direction_042,,,,,,True,,,,True,False
multiscene_candidate_001__inflation_015mm,multiscene_candidate_001,15,direction_043,,,,,,True,,,,True,False
multiscene_candidate_001__inflation_015mm,multiscene_candidate_001,15,direction_044,,,,,,True,,,,True,False
multiscene_candidate_001__inflation_015mm,multiscene_candidate_001,15,direction_045,,,,,,True,,,,True,False
multiscene_candidate_001__inflation_015mm,multiscene_candidate_001,15,direction_046,,,,,,True,,,,True,False
multiscene_candidate_001__inflation_015mm,multiscene_candidate_001,15,direction_047,,,,,,True,,,,True,False
multiscene_candidate_001__inflation_015mm,multiscene_candidate_001,15,direction_048,,,,,,True,,,,True,False
multiscene_candidate_001__inflation_015mm,multiscene_candidate_001,15,direction_049,,,,,,True,,,,True,False
multiscene_candidate_001__inflation_015mm,multiscene_candidate_001,15,direction_050,,,,,,True,,,,True,False
multiscene_candidate_001__inflation_015mm,multiscene_candidate_001,15,direction_051,,,,,,True,,,,True,False
multiscene_candidate_001__inflation_015mm,multiscene_candidate_001,15,direction_052,,,,,,True,,,,True,False
multiscene_candidate_001__inflation_015mm,multiscene_candidate_001,15,direction_053,,,,,,True,,,,True,False
multiscene_candidate_001__inflation_015mm,multiscene_candidate_001,15,direction_054,,,,,,True,,,,True,False
multiscene_candidate_001__inflation_015mm,multiscene_candidate_001,15,direction_055,,,,,,True,,,,True,False
multiscene_candidate_001__inflation_015mm,multiscene_candidate_001,15,direction_056,,,,,,True,,,,True,False
multiscene_candidate_001__inflation_015mm,multiscene_candidate_001,15,direction_057,,,,,,True,,,,True,False
multiscene_candidate_001__inflation_015mm,multiscene_candidate_001,15,direction_058,,,,,,True,,,,True,False
multiscene_candidate_001__inflation_015mm,multiscene_candidate_001,15,direction_059,,,,,,True,,,,True,False
multiscene_candidate_001__inflation_015mm,multiscene_candidate_001,15,direction_060,,,,,,True,,,,True,False
multiscene_candidate_001__inflation_015mm,multiscene_candidate_001,15,direction_061,,,,,,True,,,,True,False
multiscene_candidate_001__inflation_015mm,multiscene_candidate_001,15,direction_062,,,,,,True,,,,True,False
multiscene_candidate_001__inflation_015mm,multiscene_candidate_001,15,direction_063,,,,,,True,,,,True,False
multiscene_candidate_001__inflation_015mm,multiscene_candidate_001,15,direction_064,,,,,,True,,,,True,False
multiscene_candidate_001__inflation_015mm,multiscene_candidate_001,15,direction_065,,,,,,True,,,,True,False
multiscene_candidate_001__inflation_015mm,multiscene_candidate_001,15,direction_066,,,,,,True,,,,True,False
multiscene_candidate_001__inflation_015mm,multiscene_candidate_001,15,direction_067,,,,,,True,,,,True,False
multiscene_candidate_001__inflation_015mm,multiscene_candidate_001,15,direction_068,,,,,,True,,,,True,False
multiscene_candidate_001__inflation_015mm,multiscene_candidate_001,15,direction_069,,,,,,True,,,,True,False
multiscene_candidate_001__inflation_015mm,multiscene_candidate_001,15,direction_070,,,,,,True,,,,True,False
multiscene_candidate_001__inflation_015mm,multiscene_candidate_001,15,direction_071,,,,,,True,,,,True,False
multiscene_candidate_001__inflation_015mm,multiscene_candidate_001,15,direction_072,,,,,,True,,,,True,False
multiscene_candidate_001__inflation_015mm,multiscene_candidate_001,15,direction_073,,,,,,True,,,,True,False
multiscene_candidate_001__inflation_015mm,multiscene_candidate_001,15,direction_074,,,,,,True,,,,True,False
multiscene_candidate_001__inflation_015mm,multiscene_candidate_001,15,direction_075,,,,,,True,,,,True,False
multiscene_candidate_001__inflation_015mm,multiscene_candidate_001,15,direction_076,,,,,,True,,,,True,False
multiscene_candidate_001__inflation_015mm,multiscene_candidate_001,15,direction_077,,,,,,True,,,,True,False
multiscene_candidate_001__inflation_015mm,multiscene_candidate_001,15,direction_078,,,,,,True,,,,True,False
multiscene_candidate_001__inflation_015mm,multiscene_candidate_001,15,direction_079,,,,,,True,,,,True,False
multiscene_candidate_001__inflation_015mm,multiscene_candidate_001,15,direction_080,,,,,,True,,,,True,False
multiscene_candidate_001__inflation_015mm,multiscene_candidate_001,15,direction_081,,,,,,True,,,,True,False
multiscene_candidate_001__inflation_015mm,multiscene_candidate_001,15,direction_082,,,,,,True,,,,True,False
multiscene_candidate_001__inflation_015mm,multiscene_candidate_001,15,direction_083,,,,,,True,,,,True,False
multiscene_candidate_001__inflation_015mm,multiscene_candidate_001,15,direction_084,,,,,,True,,,,True,False
multiscene_candidate_001__inflation_015mm,multiscene_candidate_001,15,direction_085,,,,,,True,,,,True,False
multiscene_candidate_001__inflation_015mm,multiscene_candidate_001,15,direction_086,,,,,,True,,,,True,False
multiscene_candidate_001__inflation_015mm,multiscene_candidate_001,15,direction_087,,,,,,True,,,,True,False
multiscene_candidate_001__inflation_015mm,multiscene_candidate_001,15,direction_088,,,,,,True,,,,True,False
multiscene_candidate_001__inflation_015mm,multiscene_candidate_001,15,direction_089,,,,,,True,,,,True,False
multiscene_candidate_001__inflation_015mm,multiscene_candidate_001,15,direction_090,,,,,,True,,,,True,False
multiscene_candidate_001__inflation_015mm,multiscene_candidate_001,15,direction_091,,,,,,True,,,,True,False
multiscene_candidate_001__inflation_015mm,multiscene_candidate_001,15,direction_092,,,,,,True,,,,True,False
multiscene_candidate_001__inflation_015mm,multiscene_candidate_001,15,direction_093,,,,,,True,,,,True,False
multiscene_candidate_001__inflation_015mm,multiscene_candidate_001,15,direction_094,,,,,,True,,,,True,False
multiscene_candidate_001__inflation_015mm,multiscene_candidate_001,15,direction_095,,,,,,True,,,,True,False
multiscene_candidate_001__inflation_015mm,multiscene_candidate_001,15,direction_096,,,,,,True,,,,True,False
multiscene_candidate_001__inflation_015mm,multiscene_candidate_001,15,direction_097,,,,,,True,,,,True,False
multiscene_candidate_001__inflation_015mm,multiscene_candidate_001,15,direction_098,,,,,,True,,,,True,False
multiscene_candidate_001__inflation_015mm,multiscene_candidate_001,15,direction_099,,,,,,True,,,,True,False
multiscene_candidate_001__inflation_015mm,multiscene_candidate_001,15,direction_100,,,,,,True,,,,True,False
multiscene_candidate_001__inflation_015mm,multiscene_candidate_001,15,direction_101,,,,,,True,,,,True,False
multiscene_candidate_001__inflation_015mm,multiscene_candidate_001,15,direction_102,,,,,,True,,,,True,False
multiscene_candidate_001__inflation_015mm,multiscene_candidate_001,15,direction_103,,,,,,True,,,,True,False
multiscene_candidate_001__inflation_015mm,multiscene_candidate_001,15,direction_104,,,,,,True,,,,True,False
multiscene_candidate_001__inflation_015mm,multiscene_candidate_001,15,direction_105,,,,,,True,,,,True,False
multiscene_candidate_001__inflation_015mm,multiscene_candidate_001,15,direction_106,,,,,,True,,,,True,False
multiscene_candidate_001__inflation_015mm,multiscene_candidate_001,15,direction_107,,,,,,True,,,,True,False
multiscene_candidate_001__inflation_015mm,multiscene_candidate_001,15,direction_108,,,,,,True,,,,True,False
multiscene_candidate_001__inflation_015mm,multiscene_candidate_001,15,direction_109,,,,,,True,,,,True,False
multiscene_candidate_001__inflation_015mm,multiscene_candidate_001,15,direction_110,,,,,,True,,,,True,False
multiscene_candidate_001__inflation_015mm,multiscene_candidate_001,15,direction_111,,,,,,True,,,,True,False
multiscene_candidate_001__inflation_015mm,multiscene_candidate_001,15,direction_112,,,,,,True,,,,True,False
multiscene_candidate_001__inflation_015mm,multiscene_candidate_001,15,direction_113,,,,,,True,,,,True,False
multiscene_candidate_001__inflation_015mm,multiscene_candidate_001,15,direction_114,,,,,,True,,,,True,False
multiscene_candidate_001__inflation_015mm,multiscene_candidate_001,15,direction_115,,,,,,True,,,,True,False
multiscene_candidate_001__inflation_015mm,multiscene_candidate_001,15,direction_116,,,,,,True,,,,True,False
multiscene_candidate_001__inflation_015mm,multiscene_candidate_001,15,direction_117,,,,,,True,,,,True,False
multiscene_candidate_001__inflation_015mm,multiscene_candidate_001,15,direction_118,,,,,,True,,,,True,False
multiscene_candidate_001__inflation_015mm,multiscene_candidate_001,15,direction_119,,,,,,True,,,,True,False
multiscene_candidate_001__inflation_015mm,multiscene_candidate_001,15,direction_120,,,,,,True,,,,True,False
multiscene_candidate_001__inflation_015mm,multiscene_candidate_001,15,direction_121,,,,,,True,,,,True,False
multiscene_candidate_001__inflation_015mm,multiscene_candidate_001,15,direction_122,,,,,,True,,,,True,False
multiscene_candidate_001__inflation_015mm,multiscene_candidate_001,15,direction_123,,,,,,True,,,,True,False
multiscene_candidate_001__inflation_015mm,multiscene_candidate_001,15,direction_124,,,,,,True,,,,True,False
multiscene_candidate_001__inflation_015mm,multiscene_candidate_001,15,direction_125,,,,,,True,,,,True,False
multiscene_candidate_001__inflation_015mm,multiscene_candidate_001,15,direction_126,,,,,,True,,,,True,False
multiscene_candidate_001__inflation_015mm,multiscene_candidate_001,15,direction_127,,,,,,True,,,,True,False
multiscene_candidate_001__inflation_020mm,multiscene_candidate_001,20,direction_000,34.0,33.5,34.0,0.5,33.75,False,36.0,34.0,36.0,False,False
multiscene_candidate_001__inflation_020mm,multiscene_candidate_001,20,direction_001,34.0,33.0,33.5,0.5,33.25,False,34.0,33.5,34.0,False,False
multiscene_candidate_001__inflation_020mm,multiscene_candidate_001,20,direction_002,36.0,35.5,36.0,0.5,35.75,False,38.0,36.0,38.0,False,False
multiscene_candidate_001__inflation_020mm,multiscene_candidate_001,20,direction_003,34.0,33.5,34.0,0.5,33.75,False,34.0,33.5,34.0,False,False
multiscene_candidate_001__inflation_020mm,multiscene_candidate_001,20,direction_004,36.0,35.5,36.0,0.5,35.75,False,38.0,36.0,38.0,False,False
multiscene_candidate_001__inflation_020mm,multiscene_candidate_001,20,direction_005,38.0,37.0,37.5,0.5,37.25,False,38.0,37.5,38.0,False,False
multiscene_candidate_001__inflation_020mm,multiscene_candidate_001,20,direction_006,36.0,34.5,35.0,0.5,34.75,False,36.0,35.0,36.0,False,False
multiscene_candidate_001__inflation_020mm,multiscene_candidate_001,20,direction_007,40.0,38.0,38.5,0.5,38.25,False,40.0,38.5,39.0,False,False
multiscene_candidate_001__inflation_020mm,multiscene_candidate_001,20,direction_008,40.0,38.5,39.0,0.5,38.75,False,40.0,39.0,40.0,False,False
multiscene_candidate_001__inflation_020mm,multiscene_candidate_001,20,direction_009,38.0,37.0,37.5,0.5,37.25,False,38.0,37.5,38.0,False,False
multiscene_candidate_001__inflation_020mm,multiscene_candidate_001,20,direction_010,42.0,40.5,41.0,0.5,40.75,False,42.0,40.5,41.0,False,False
multiscene_candidate_001__inflation_020mm,multiscene_candidate_001,20,direction_011,40.0,38.5,39.0,0.5,38.75,False,40.0,39.0,40.0,False,False
multiscene_candidate_001__inflation_020mm,multiscene_candidate_001,20,direction_012,44.0,42.5,43.0,0.5,42.75,False,44.0,43.0,44.0,False,False
multiscene_candidate_001__inflation_020mm,multiscene_candidate_001,20,direction_013,44.0,43.5,44.0,0.5,43.75,False,46.0,44.0,46.0,False,False
multiscene_candidate_001__inflation_020mm,multiscene_candidate_001,20,direction_014,40.0,38.0,38.5,0.5,38.25,False,40.0,38.5,39.0,False,False
multiscene_candidate_001__inflation_020mm,multiscene_candidate_001,20,direction_015,44.0,43.0,43.5,0.5,43.25,False,44.0,43.5,44.0,False,False
multiscene_candidate_001__inflation_020mm,multiscene_candidate_001,20,direction_016,46.0,45.0,45.5,0.5,45.25,False,48.0,46.0,48.0,False,False
multiscene_candidate_001__inflation_020mm,multiscene_candidate_001,20,direction_017,46.0,45.5,46.0,0.5,45.75,False,48.0,46.0,48.0,False,False
multiscene_candidate_001__inflation_020mm,multiscene_candidate_001,20,direction_018,48.0,47.5,48.0,0.5,47.75,False,48.0,47.5,48.0,False,False
multiscene_candidate_001__inflation_020mm,multiscene_candidate_001,20,direction_019,44.0,42.5,43.0,0.5,42.75,False,44.0,43.0,44.0,False,False
multiscene_candidate_001__inflation_020mm,multiscene_candidate_001,20,direction_020,52.0,51.0,51.5,0.5,51.25,False,54.0,52.0,54.0,False,False
multiscene_candidate_001__inflation_020mm,multiscene_candidate_001,20,direction_021,54.0,53.0,53.5,0.5,53.25,False,54.0,53.5,54.0,False,False
multiscene_candidate_001__inflation_020mm,multiscene_candidate_001,20,direction_022,46.0,45.0,45.5,0.5,45.25,False,48.0,46.0,48.0,False,False
multiscene_candidate_001__inflation_020mm,multiscene_candidate_001,20,direction_023,52.0,50.5,51.0,0.5,50.75,False,52.0,51.0,52.0,False,False
multiscene_candidate_001__inflation_020mm,multiscene_candidate_001,20,direction_024,56.0,54.0,54.5,0.5,54.25,False,56.0,54.5,55.0,False,False
multiscene_candidate_001__inflation_020mm,multiscene_candidate_001,20,direction_025,58.0,57.0,57.5,0.5,57.25,False,60.0,58.0,60.0,False,False
multiscene_candidate_001__inflation_020mm,multiscene_candidate_001,20,direction_026,58.0,57.5,58.0,0.5,57.75,False,60.0,58.0,60.0,False,False
multiscene_candidate_001__inflation_020mm,multiscene_candidate_001,20,direction_027,48.0,47.5,48.0,0.5,47.75,False,50.0,48.0,50.0,False,False
multiscene_candidate_001__inflation_020mm,multiscene_candidate_001,20,direction_028,60.0,59.0,59.5,0.5,59.25,False,,,,True,False
multiscene_candidate_001__inflation_020mm,multiscene_candidate_001,20,direction_029,,,,,,True,,,,True,False
multiscene_candidate_001__inflation_020mm,multiscene_candidate_001,20,direction_030,60.0,59.5,60.0,0.5,59.75,False,,,,True,False
multiscene_candidate_001__inflation_020mm,multiscene_candidate_001,20,direction_031,,,,,,True,,,,True,False
multiscene_candidate_001__inflation_020mm,multiscene_candidate_001,20,direction_032,,,,,,True,,,,True,False
multiscene_candidate_001__inflation_020mm,multiscene_candidate_001,20,direction_033,,,,,,True,,,,True,False
multiscene_candidate_001__inflation_020mm,multiscene_candidate_001,20,direction_034,,,,,,True,,,,True,False
multiscene_candidate_001__inflation_020mm,multiscene_candidate_001,20,direction_035,58.0,56.0,56.5,0.5,56.25,False,58.0,57.0,58.0,False,False
multiscene_candidate_001__inflation_020mm,multiscene_candidate_001,20,direction_036,,,,,,True,,,,True,False
multiscene_candidate_001__inflation_020mm,multiscene_candidate_001,20,direction_037,,,,,,True,,,,True,False
multiscene_candidate_001__inflation_020mm,multiscene_candidate_001,20,direction_038,,,,,,True,,,,True,False
multiscene_candidate_001__inflation_020mm,multiscene_candidate_001,20,direction_039,,,,,,True,,,,True,False
multiscene_candidate_001__inflation_020mm,multiscene_candidate_001,20,direction_040,,,,,,True,,,,True,False
multiscene_candidate_001__inflation_020mm,multiscene_candidate_001,20,direction_041,,,,,,True,,,,True,False
multiscene_candidate_001__inflation_020mm,multiscene_candidate_001,20,direction_042,,,,,,True,,,,True,False
multiscene_candidate_001__inflation_020mm,multiscene_candidate_001,20,direction_043,,,,,,True,,,,True,False
multiscene_candidate_001__inflation_020mm,multiscene_candidate_001,20,direction_044,,,,,,True,,,,True,False
multiscene_candidate_001__inflation_020mm,multiscene_candidate_001,20,direction_045,,,,,,True,,,,True,False
multiscene_candidate_001__inflation_020mm,multiscene_candidate_001,20,direction_046,,,,,,True,,,,True,False
multiscene_candidate_001__inflation_020mm,multiscene_candidate_001,20,direction_047,,,,,,True,,,,True,False
multiscene_candidate_001__inflation_020mm,multiscene_candidate_001,20,direction_048,,,,,,True,,,,True,False
multiscene_candidate_001__inflation_020mm,multiscene_candidate_001,20,direction_049,,,,,,True,,,,True,False
multiscene_candidate_001__inflation_020mm,multiscene_candidate_001,20,direction_050,,,,,,True,,,,True,False
multiscene_candidate_001__inflation_020mm,multiscene_candidate_001,20,direction_051,,,,,,True,,,,True,False
multiscene_candidate_001__inflation_020mm,multiscene_candidate_001,20,direction_052,,,,,,True,,,,True,False
multiscene_candidate_001__inflation_020mm,multiscene_candidate_001,20,direction_053,,,,,,True,,,,True,False
multiscene_candidate_001__inflation_020mm,multiscene_candidate_001,20,direction_054,,,,,,True,,,,True,False
multiscene_candidate_001__inflation_020mm,multiscene_candidate_001,20,direction_055,,,,,,True,,,,True,False
multiscene_candidate_001__inflation_020mm,multiscene_candidate_001,20,direction_056,,,,,,True,,,,True,False
multiscene_candidate_001__inflation_020mm,multiscene_candidate_001,20,direction_057,,,,,,True,,,,True,False
multiscene_candidate_001__inflation_020mm,multiscene_candidate_001,20,direction_058,,,,,,True,,,,True,False
multiscene_candidate_001__inflation_020mm,multiscene_candidate_001,20,direction_059,,,,,,True,,,,True,False
multiscene_candidate_001__inflation_020mm,multiscene_candidate_001,20,direction_060,,,,,,True,,,,True,False
multiscene_candidate_001__inflation_020mm,multiscene_candidate_001,20,direction_061,,,,,,True,,,,True,False
multiscene_candidate_001__inflation_020mm,multiscene_candidate_001,20,direction_062,,,,,,True,,,,True,False
multiscene_candidate_001__inflation_020mm,multiscene_candidate_001,20,direction_063,,,,,,True,,,,True,False
multiscene_candidate_001__inflation_020mm,multiscene_candidate_001,20,direction_064,,,,,,True,,,,True,False
multiscene_candidate_001__inflation_020mm,multiscene_candidate_001,20,direction_065,,,,,,True,,,,True,False
multiscene_candidate_001__inflation_020mm,multiscene_candidate_001,20,direction_066,,,,,,True,,,,True,False
multiscene_candidate_001__inflation_020mm,multiscene_candidate_001,20,direction_067,,,,,,True,,,,True,False
multiscene_candidate_001__inflation_020mm,multiscene_candidate_001,20,direction_068,,,,,,True,,,,True,False
multiscene_candidate_001__inflation_020mm,multiscene_candidate_001,20,direction_069,,,,,,True,,,,True,False
multiscene_candidate_001__inflation_020mm,multiscene_candidate_001,20,direction_070,,,,,,True,,,,True,False
multiscene_candidate_001__inflation_020mm,multiscene_candidate_001,20,direction_071,,,,,,True,,,,True,False
multiscene_candidate_001__inflation_020mm,multiscene_candidate_001,20,direction_072,,,,,,True,,,,True,False
multiscene_candidate_001__inflation_020mm,multiscene_candidate_001,20,direction_073,,,,,,True,,,,True,False
multiscene_candidate_001__inflation_020mm,multiscene_candidate_001,20,direction_074,,,,,,True,,,,True,False
multiscene_candidate_001__inflation_020mm,multiscene_candidate_001,20,direction_075,,,,,,True,,,,True,False
multiscene_candidate_001__inflation_020mm,multiscene_candidate_001,20,direction_076,,,,,,True,,,,True,False
multiscene_candidate_001__inflation_020mm,multiscene_candidate_001,20,direction_077,,,,,,True,,,,True,False
multiscene_candidate_001__inflation_020mm,multiscene_candidate_001,20,direction_078,,,,,,True,,,,True,False
multiscene_candidate_001__inflation_020mm,multiscene_candidate_001,20,direction_079,,,,,,True,,,,True,False
multiscene_candidate_001__inflation_020mm,multiscene_candidate_001,20,direction_080,,,,,,True,,,,True,False
multiscene_candidate_001__inflation_020mm,multiscene_candidate_001,20,direction_081,,,,,,True,,,,True,False
multiscene_candidate_001__inflation_020mm,multiscene_candidate_001,20,direction_082,,,,,,True,,,,True,False
multiscene_candidate_001__inflation_020mm,multiscene_candidate_001,20,direction_083,,,,,,True,,,,True,False
multiscene_candidate_001__inflation_020mm,multiscene_candidate_001,20,direction_084,,,,,,True,,,,True,False
multiscene_candidate_001__inflation_020mm,multiscene_candidate_001,20,direction_085,,,,,,True,,,,True,False
multiscene_candidate_001__inflation_020mm,multiscene_candidate_001,20,direction_086,,,,,,True,,,,True,False
multiscene_candidate_001__inflation_020mm,multiscene_candidate_001,20,direction_087,,,,,,True,,,,True,False
multiscene_candidate_001__inflation_020mm,multiscene_candidate_001,20,direction_088,,,,,,True,,,,True,False
multiscene_candidate_001__inflation_020mm,multiscene_candidate_001,20,direction_089,,,,,,True,,,,True,False
multiscene_candidate_001__inflation_020mm,multiscene_candidate_001,20,direction_090,,,,,,True,,,,True,False
multiscene_candidate_001__inflation_020mm,multiscene_candidate_001,20,direction_091,,,,,,True,,,,True,False
multiscene_candidate_001__inflation_020mm,multiscene_candidate_001,20,direction_092,,,,,,True,,,,True,False
multiscene_candidate_001__inflation_020mm,multiscene_candidate_001,20,direction_093,,,,,,True,,,,True,False
multiscene_candidate_001__inflation_020mm,multiscene_candidate_001,20,direction_094,,,,,,True,,,,True,False
multiscene_candidate_001__inflation_020mm,multiscene_candidate_001,20,direction_095,,,,,,True,,,,True,False
multiscene_candidate_001__inflation_020mm,multiscene_candidate_001,20,direction_096,,,,,,True,,,,True,False
multiscene_candidate_001__inflation_020mm,multiscene_candidate_001,20,direction_097,,,,,,True,,,,True,False
multiscene_candidate_001__inflation_020mm,multiscene_candidate_001,20,direction_098,,,,,,True,,,,True,False
multiscene_candidate_001__inflation_020mm,multiscene_candidate_001,20,direction_099,,,,,,True,,,,True,False
multiscene_candidate_001__inflation_020mm,multiscene_candidate_001,20,direction_100,,,,,,True,,,,True,False
multiscene_candidate_001__inflation_020mm,multiscene_candidate_001,20,direction_101,,,,,,True,,,,True,False
multiscene_candidate_001__inflation_020mm,multiscene_candidate_001,20,direction_102,,,,,,True,,,,True,False
multiscene_candidate_001__inflation_020mm,multiscene_candidate_001,20,direction_103,,,,,,True,,,,True,False
multiscene_candidate_001__inflation_020mm,multiscene_candidate_001,20,direction_104,,,,,,True,,,,True,False
multiscene_candidate_001__inflation_020mm,multiscene_candidate_001,20,direction_105,,,,,,True,,,,True,False
multiscene_candidate_001__inflation_020mm,multiscene_candidate_001,20,direction_106,,,,,,True,,,,True,False
multiscene_candidate_001__inflation_020mm,multiscene_candidate_001,20,direction_107,,,,,,True,,,,True,False
multiscene_candidate_001__inflation_020mm,multiscene_candidate_001,20,direction_108,,,,,,True,,,,True,False
multiscene_candidate_001__inflation_020mm,multiscene_candidate_001,20,direction_109,,,,,,True,,,,True,False
multiscene_candidate_001__inflation_020mm,multiscene_candidate_001,20,direction_110,,,,,,True,,,,True,False
multiscene_candidate_001__inflation_020mm,multiscene_candidate_001,20,direction_111,,,,,,True,,,,True,False
multiscene_candidate_001__inflation_020mm,multiscene_candidate_001,20,direction_112,,,,,,True,,,,True,False
multiscene_candidate_001__inflation_020mm,multiscene_candidate_001,20,direction_113,,,,,,True,,,,True,False
multiscene_candidate_001__inflation_020mm,multiscene_candidate_001,20,direction_114,,,,,,True,,,,True,False
multiscene_candidate_001__inflation_020mm,multiscene_candidate_001,20,direction_115,,,,,,True,,,,True,False
multiscene_candidate_001__inflation_020mm,multiscene_candidate_001,20,direction_116,,,,,,True,,,,True,False
multiscene_candidate_001__inflation_020mm,multiscene_candidate_001,20,direction_117,,,,,,True,,,,True,False
multiscene_candidate_001__inflation_020mm,multiscene_candidate_001,20,direction_118,,,,,,True,,,,True,False
multiscene_candidate_001__inflation_020mm,multiscene_candidate_001,20,direction_119,,,,,,True,,,,True,False
multiscene_candidate_001__inflation_020mm,multiscene_candidate_001,20,direction_120,,,,,,True,,,,True,False
multiscene_candidate_001__inflation_020mm,multiscene_candidate_001,20,direction_121,,,,,,True,,,,True,False
multiscene_candidate_001__inflation_020mm,multiscene_candidate_001,20,direction_122,,,,,,True,,,,True,False
multiscene_candidate_001__inflation_020mm,multiscene_candidate_001,20,direction_123,,,,,,True,,,,True,False
multiscene_candidate_001__inflation_020mm,multiscene_candidate_001,20,direction_124,,,,,,True,,,,True,False
multiscene_candidate_001__inflation_020mm,multiscene_candidate_001,20,direction_125,,,,,,True,,,,True,False
multiscene_candidate_001__inflation_020mm,multiscene_candidate_001,20,direction_126,,,,,,True,,,,True,False
multiscene_candidate_001__inflation_020mm,multiscene_candidate_001,20,direction_127,,,,,,True,,,,True,False
multiscene_candidate_005__inflation_000mm,multiscene_candidate_005,0,direction_000,10.0,9.5,10.0,0.5,9.75,False,12.0,10.0,12.0,False,False
multiscene_candidate_005__inflation_000mm,multiscene_candidate_005,0,direction_001,10.0,9.0,9.5,0.5,9.25,False,12.0,10.0,12.0,False,False
multiscene_candidate_005__inflation_000mm,multiscene_candidate_005,0,direction_002,10.0,9.5,10.0,0.5,9.75,False,12.0,10.0,12.0,False,False
multiscene_candidate_005__inflation_000mm,multiscene_candidate_005,0,direction_003,12.0,10.0,10.5,0.5,10.25,False,12.0,11.0,12.0,False,False
multiscene_candidate_005__inflation_000mm,multiscene_candidate_005,0,direction_004,10.0,9.5,10.0,0.5,9.75,False,12.0,10.0,12.0,False,False
multiscene_candidate_005__inflation_000mm,multiscene_candidate_005,0,direction_005,12.0,11.0,11.5,0.5,11.25,False,14.0,12.0,14.0,False,False
multiscene_candidate_005__inflation_000mm,multiscene_candidate_005,0,direction_006,12.0,10.0,10.5,0.5,10.25,False,12.0,11.0,12.0,False,False
multiscene_candidate_005__inflation_000mm,multiscene_candidate_005,0,direction_007,12.0,10.0,10.5,0.5,10.25,False,12.0,11.0,12.0,False,False
multiscene_candidate_005__inflation_000mm,multiscene_candidate_005,0,direction_008,14.0,13.0,13.5,0.5,13.25,False,14.0,13.5,14.0,False,False
multiscene_candidate_005__inflation_000mm,multiscene_candidate_005,0,direction_009,12.0,10.5,11.0,0.5,10.75,False,12.0,11.0,12.0,False,False
multiscene_candidate_005__inflation_000mm,multiscene_candidate_005,0,direction_010,14.0,12.0,12.5,0.5,12.25,False,14.0,13.0,14.0,False,False
multiscene_candidate_005__inflation_000mm,multiscene_candidate_005,0,direction_011,14.0,12.0,12.5,0.5,12.25,False,14.0,13.0,14.0,False,False
multiscene_candidate_005__inflation_000mm,multiscene_candidate_005,0,direction_012,12.0,11.0,11.5,0.5,11.25,False,14.0,12.0,14.0,False,False
multiscene_candidate_005__inflation_000mm,multiscene_candidate_005,0,direction_013,16.0,14.0,14.5,0.5,14.25,False,16.0,15.0,16.0,False,False
multiscene_candidate_005__inflation_000mm,multiscene_candidate_005,0,direction_014,12.0,11.5,12.0,0.5,11.75,False,14.0,12.0,14.0,False,False
multiscene_candidate_005__inflation_000mm,multiscene_candidate_005,0,direction_015,12.0,11.5,12.0,0.5,11.75,False,14.0,12.0,14.0,False,False
multiscene_candidate_005__inflation_000mm,multiscene_candidate_005,0,direction_016,16.0,15.0,15.5,0.5,15.25,False,18.0,16.0,18.0,False,False
multiscene_candidate_005__inflation_000mm,multiscene_candidate_005,0,direction_017,12.0,11.0,11.5,0.5,11.25,False,14.0,12.0,14.0,False,False
multiscene_candidate_005__inflation_000mm,multiscene_candidate_005,0,direction_018,16.0,15.5,16.0,0.5,15.75,False,18.0,16.0,18.0,False,False
multiscene_candidate_005__inflation_000mm,multiscene_candidate_005,0,direction_019,14.0,12.5,13.0,0.5,12.75,False,16.0,14.0,16.0,False,False
multiscene_candidate_005__inflation_000mm,multiscene_candidate_005,0,direction_020,14.0,13.0,13.5,0.5,13.25,False,16.0,14.0,16.0,False,False
multiscene_candidate_005__inflation_000mm,multiscene_candidate_005,0,direction_021,18.0,17.5,18.0,0.5,17.75,False,22.0,20.0,22.0,False,False
multiscene_candidate_005__inflation_000mm,multiscene_candidate_005,0,direction_022,14.0,12.5,13.0,0.5,12.75,False,14.0,13.0,14.0,False,False
multiscene_candidate_005__inflation_000mm,multiscene_candidate_005,0,direction_023,16.0,15.5,16.0,0.5,15.75,False,18.0,16.0,18.0,False,False
multiscene_candidate_005__inflation_000mm,multiscene_candidate_005,0,direction_024,20.0,18.0,18.5,0.5,18.25,False,20.0,19.0,20.0,False,False
multiscene_candidate_005__inflation_000mm,multiscene_candidate_005,0,direction_025,14.0,12.5,13.0,0.5,12.75,False,14.0,13.0,14.0,False,False
multiscene_candidate_005__inflation_000mm,multiscene_candidate_005,0,direction_026,22.0,21.5,22.0,0.5,21.75,False,26.0,24.0,26.0,False,False
multiscene_candidate_005__inflation_000mm,multiscene_candidate_005,0,direction_027,16.0,15.5,16.0,0.5,15.75,False,18.0,16.0,18.0,False,False
multiscene_candidate_005__inflation_000mm,multiscene_candidate_005,0,direction_028,18.0,16.0,16.5,0.5,16.25,False,18.0,17.0,18.0,False,False
multiscene_candidate_005__inflation_000mm,multiscene_candidate_005,0,direction_029,26.0,25.0,25.5,0.5,25.25,False,28.0,26.0,28.0,False,False
multiscene_candidate_005__inflation_000mm,multiscene_candidate_005,0,direction_030,14.0,13.0,13.5,0.5,13.25,False,16.0,14.0,16.0,False,False
multiscene_candidate_005__inflation_000mm,multiscene_candidate_005,0,direction_031,24.0,22.0,22.5,0.5,22.25,False,26.0,24.0,26.0,False,False
multiscene_candidate_005__inflation_000mm,multiscene_candidate_005,0,direction_032,22.0,20.5,21.0,0.5,20.75,False,24.0,22.0,24.0,False,False
multiscene_candidate_005__inflation_000mm,multiscene_candidate_005,0,direction_033,16.0,15.0,15.5,0.5,15.25,False,18.0,16.0,18.0,False,False
multiscene_candidate_005__inflation_000mm,multiscene_candidate_005,0,direction_034,34.0,32.5,33.0,0.5,32.75,False,38.0,36.0,38.0,False,False
multiscene_candidate_005__inflation_000mm,multiscene_candidate_005,0,direction_035,18.0,16.5,17.0,0.5,16.75,False,18.0,17.0,18.0,False,False
multiscene_candidate_005__inflation_000mm,multiscene_candidate_005,0,direction_036,22.0,21.0,21.5,0.5,21.25,False,24.0,22.0,24.0,False,False
multiscene_candidate_005__inflation_000mm,multiscene_candidate_005,0,direction_037,34.0,33.0,33.5,0.5,33.25,False,36.0,34.0,36.0,False,False
multiscene_candidate_005__inflation_000mm,multiscene_candidate_005,0,direction_038,18.0,17.0,17.5,0.5,17.25,False,20.0,18.0,20.0,False,False
multiscene_candidate_005__inflation_000mm,multiscene_candidate_005,0,direction_039,40.0,39.5,40.0,0.5,39.75,False,46.0,44.0,46.0,False,False
multiscene_candidate_005__inflation_000mm,multiscene_candidate_005,0,direction_040,26.0,24.0,24.5,0.5,24.25,False,28.0,26.0,28.0,False,False
multiscene_candidate_005__inflation_000mm,multiscene_candidate_005,0,direction_041,22.0,20.5,21.0,0.5,20.75,False,24.0,22.0,24.0,False,False
multiscene_candidate_005__inflation_000mm,multiscene_candidate_005,0,direction_042,56.0,55.0,55.5,0.5,55.25,False,,,,True,False
multiscene_candidate_005__inflation_000mm,multiscene_candidate_005,0,direction_043,22.0,20.0,20.5,0.5,20.25,False,22.0,21.0,22.0,False,False
multiscene_candidate_005__inflation_000mm,multiscene_candidate_005,0,direction_044,,,,,,True,,,,True,False
multiscene_candidate_005__inflation_000mm,multiscene_candidate_005,0,direction_045,44.0,43.5,44.0,0.5,43.75,False,52.0,50.0,52.0,False,False
multiscene_candidate_005__inflation_000mm,multiscene_candidate_005,0,direction_046,22.0,21.5,22.0,0.5,21.75,False,24.0,22.0,24.0,False,False
multiscene_candidate_005__inflation_000mm,multiscene_candidate_005,0,direction_047,,,,,,True,,,,True,False
multiscene_candidate_005__inflation_000mm,multiscene_candidate_005,0,direction_048,30.0,28.0,28.5,0.5,28.25,False,32.0,30.0,32.0,False,False
multiscene_candidate_005__inflation_000mm,multiscene_candidate_005,0,direction_049,,,,,,True,,,,True,False
multiscene_candidate_005__inflation_000mm,multiscene_candidate_005,0,direction_050,,,,,,True,,,,True,False
multiscene_candidate_005__inflation_000mm,multiscene_candidate_005,0,direction_051,26.0,24.5,25.0,0.5,24.75,False,28.0,26.0,28.0,False,False
multiscene_candidate_005__inflation_000mm,multiscene_candidate_005,0,direction_052,,,,,,True,,,,True,False
multiscene_candidate_005__inflation_000mm,multiscene_candidate_005,0,direction_053,,,,,,True,,,,True,False
multiscene_candidate_005__inflation_000mm,multiscene_candidate_005,0,direction_054,,,,,,True,,,,True,False
multiscene_candidate_005__inflation_000mm,multiscene_candidate_005,0,direction_055,,,,,,True,,,,True,False
multiscene_candidate_005__inflation_000mm,multiscene_candidate_005,0,direction_056,36.0,35.5,36.0,0.5,35.75,False,38.0,36.0,38.0,False,False
multiscene_candidate_005__inflation_000mm,multiscene_candidate_005,0,direction_057,,,,,,True,,,,True,False
multiscene_candidate_005__inflation_000mm,multiscene_candidate_005,0,direction_058,,,,,,True,,,,True,False
multiscene_candidate_005__inflation_000mm,multiscene_candidate_005,0,direction_059,38.0,36.0,36.5,0.5,36.25,False,40.0,38.0,40.0,False,False
multiscene_candidate_005__inflation_000mm,multiscene_candidate_005,0,direction_060,,,,,,True,,,,True,False
multiscene_candidate_005__inflation_000mm,multiscene_candidate_005,0,direction_061,,,,,,True,,,,True,False
multiscene_candidate_005__inflation_000mm,multiscene_candidate_005,0,direction_062,,,,,,True,,,,True,False
multiscene_candidate_005__inflation_000mm,multiscene_candidate_005,0,direction_063,,,,,,True,,,,True,False
multiscene_candidate_005__inflation_000mm,multiscene_candidate_005,0,direction_064,52.0,50.5,51.0,0.5,50.75,False,,,,True,False
multiscene_candidate_005__inflation_000mm,multiscene_candidate_005,0,direction_065,,,,,,True,,,,True,False
multiscene_candidate_005__inflation_000mm,multiscene_candidate_005,0,direction_066,,,,,,True,,,,True,False
multiscene_candidate_005__inflation_000mm,multiscene_candidate_005,0,direction_067,,,,,,True,,,,True,False
multiscene_candidate_005__inflation_000mm,multiscene_candidate_005,0,direction_068,,,,,,True,,,,True,False
multiscene_candidate_005__inflation_000mm,multiscene_candidate_005,0,direction_069,,,,,,True,,,,True,False
multiscene_candidate_005__inflation_000mm,multiscene_candidate_005,0,direction_070,,,,,,True,,,,True,False
multiscene_candidate_005__inflation_000mm,multiscene_candidate_005,0,direction_071,,,,,,True,,,,True,False
multiscene_candidate_005__inflation_000mm,multiscene_candidate_005,0,direction_072,,,,,,True,,,,True,False
multiscene_candidate_005__inflation_000mm,multiscene_candidate_005,0,direction_073,,,,,,True,,,,True,False
multiscene_candidate_005__inflation_000mm,multiscene_candidate_005,0,direction_074,,,,,,True,,,,True,False
multiscene_candidate_005__inflation_000mm,multiscene_candidate_005,0,direction_075,,,,,,True,,,,True,False
multiscene_candidate_005__inflation_000mm,multiscene_candidate_005,0,direction_076,,,,,,True,,,,True,False
multiscene_candidate_005__inflation_000mm,multiscene_candidate_005,0,direction_077,,,,,,True,,,,True,False
multiscene_candidate_005__inflation_000mm,multiscene_candidate_005,0,direction_078,,,,,,True,,,,True,False
multiscene_candidate_005__inflation_000mm,multiscene_candidate_005,0,direction_079,,,,,,True,,,,True,False
multiscene_candidate_005__inflation_000mm,multiscene_candidate_005,0,direction_080,,,,,,True,,,,True,False
multiscene_candidate_005__inflation_000mm,multiscene_candidate_005,0,direction_081,,,,,,True,,,,True,False
multiscene_candidate_005__inflation_000mm,multiscene_candidate_005,0,direction_082,,,,,,True,,,,True,False
multiscene_candidate_005__inflation_000mm,multiscene_candidate_005,0,direction_083,,,,,,True,,,,True,False
multiscene_candidate_005__inflation_000mm,multiscene_candidate_005,0,direction_084,,,,,,True,,,,True,False
multiscene_candidate_005__inflation_000mm,multiscene_candidate_005,0,direction_085,,,,,,True,,,,True,False
multiscene_candidate_005__inflation_000mm,multiscene_candidate_005,0,direction_086,,,,,,True,,,,True,False
multiscene_candidate_005__inflation_000mm,multiscene_candidate_005,0,direction_087,,,,,,True,,,,True,False
multiscene_candidate_005__inflation_000mm,multiscene_candidate_005,0,direction_088,,,,,,True,,,,True,False
multiscene_candidate_005__inflation_000mm,multiscene_candidate_005,0,direction_089,,,,,,True,,,,True,False
multiscene_candidate_005__inflation_000mm,multiscene_candidate_005,0,direction_090,,,,,,True,,,,True,False
multiscene_candidate_005__inflation_000mm,multiscene_candidate_005,0,direction_091,,,,,,True,,,,True,False
multiscene_candidate_005__inflation_000mm,multiscene_candidate_005,0,direction_092,,,,,,True,,,,True,False
multiscene_candidate_005__inflation_000mm,multiscene_candidate_005,0,direction_093,,,,,,True,,,,True,False
multiscene_candidate_005__inflation_000mm,multiscene_candidate_005,0,direction_094,,,,,,True,,,,True,False
multiscene_candidate_005__inflation_000mm,multiscene_candidate_005,0,direction_095,,,,,,True,,,,True,False
multiscene_candidate_005__inflation_000mm,multiscene_candidate_005,0,direction_096,,,,,,True,,,,True,False
multiscene_candidate_005__inflation_000mm,multiscene_candidate_005,0,direction_097,,,,,,True,,,,True,False
multiscene_candidate_005__inflation_000mm,multiscene_candidate_005,0,direction_098,,,,,,True,,,,True,False
multiscene_candidate_005__inflation_000mm,multiscene_candidate_005,0,direction_099,,,,,,True,,,,True,False
multiscene_candidate_005__inflation_000mm,multiscene_candidate_005,0,direction_100,,,,,,True,,,,True,False
multiscene_candidate_005__inflation_000mm,multiscene_candidate_005,0,direction_101,,,,,,True,,,,True,False
multiscene_candidate_005__inflation_000mm,multiscene_candidate_005,0,direction_102,,,,,,True,,,,True,False
multiscene_candidate_005__inflation_000mm,multiscene_candidate_005,0,direction_103,,,,,,True,,,,True,False
multiscene_candidate_005__inflation_000mm,multiscene_candidate_005,0,direction_104,,,,,,True,,,,True,False
multiscene_candidate_005__inflation_000mm,multiscene_candidate_005,0,direction_105,,,,,,True,,,,True,False
multiscene_candidate_005__inflation_000mm,multiscene_candidate_005,0,direction_106,,,,,,True,,,,True,False
multiscene_candidate_005__inflation_000mm,multiscene_candidate_005,0,direction_107,,,,,,True,,,,True,False
multiscene_candidate_005__inflation_000mm,multiscene_candidate_005,0,direction_108,,,,,,True,,,,True,False
multiscene_candidate_005__inflation_000mm,multiscene_candidate_005,0,direction_109,,,,,,True,,,,True,False
multiscene_candidate_005__inflation_000mm,multiscene_candidate_005,0,direction_110,,,,,,True,,,,True,False
multiscene_candidate_005__inflation_000mm,multiscene_candidate_005,0,direction_111,,,,,,True,,,,True,False
multiscene_candidate_005__inflation_000mm,multiscene_candidate_005,0,direction_112,,,,,,True,,,,True,False
multiscene_candidate_005__inflation_000mm,multiscene_candidate_005,0,direction_113,,,,,,True,,,,True,False
multiscene_candidate_005__inflation_000mm,multiscene_candidate_005,0,direction_114,,,,,,True,,,,True,False
multiscene_candidate_005__inflation_000mm,multiscene_candidate_005,0,direction_115,,,,,,True,,,,True,False
multiscene_candidate_005__inflation_000mm,multiscene_candidate_005,0,direction_116,,,,,,True,,,,True,False
multiscene_candidate_005__inflation_000mm,multiscene_candidate_005,0,direction_117,,,,,,True,,,,True,False
multiscene_candidate_005__inflation_000mm,multiscene_candidate_005,0,direction_118,,,,,,True,,,,True,False
multiscene_candidate_005__inflation_000mm,multiscene_candidate_005,0,direction_119,,,,,,True,,,,True,False
multiscene_candidate_005__inflation_000mm,multiscene_candidate_005,0,direction_120,,,,,,True,,,,True,False
multiscene_candidate_005__inflation_000mm,multiscene_candidate_005,0,direction_121,,,,,,True,,,,True,False
multiscene_candidate_005__inflation_000mm,multiscene_candidate_005,0,direction_122,,,,,,True,,,,True,False
multiscene_candidate_005__inflation_000mm,multiscene_candidate_005,0,direction_123,,,,,,True,,,,True,False
multiscene_candidate_005__inflation_000mm,multiscene_candidate_005,0,direction_124,,,,,,True,,,,True,False
multiscene_candidate_005__inflation_000mm,multiscene_candidate_005,0,direction_125,,,,,,True,,,,True,False
multiscene_candidate_005__inflation_000mm,multiscene_candidate_005,0,direction_126,,,,,,True,,,,True,False
multiscene_candidate_005__inflation_000mm,multiscene_candidate_005,0,direction_127,,,,,,True,,,,True,False
multiscene_candidate_005__inflation_005mm,multiscene_candidate_005,5,direction_000,18.0,16.5,17.0,0.5,16.75,False,18.0,17.0,18.0,False,False
multiscene_candidate_005__inflation_005mm,multiscene_candidate_005,5,direction_001,16.0,15.0,15.5,0.5,15.25,False,18.0,16.0,18.0,False,False
multiscene_candidate_005__inflation_005mm,multiscene_candidate_005,5,direction_002,18.0,16.5,17.0,0.5,16.75,False,18.0,17.0,18.0,False,False
multiscene_candidate_005__inflation_005mm,multiscene_candidate_005,5,direction_003,20.0,18.0,18.5,0.5,18.25,False,20.0,19.0,20.0,False,False
multiscene_candidate_005__inflation_005mm,multiscene_candidate_005,5,direction_004,16.0,15.5,16.0,0.5,15.75,False,18.0,16.0,18.0,False,False
multiscene_candidate_005__inflation_005mm,multiscene_candidate_005,5,direction_005,20.0,19.5,20.0,0.5,19.75,False,22.0,20.0,22.0,False,False
multiscene_candidate_005__inflation_005mm,multiscene_candidate_005,5,direction_006,18.0,16.5,17.0,0.5,16.75,False,18.0,17.0,18.0,False,False
multiscene_candidate_005__inflation_005mm,multiscene_candidate_005,5,direction_007,18.0,17.0,17.5,0.5,17.25,False,20.0,18.0,20.0,False,False
multiscene_candidate_005__inflation_005mm,multiscene_candidate_005,5,direction_008,22.0,21.0,21.5,0.5,21.25,False,24.0,22.0,24.0,False,False
multiscene_candidate_005__inflation_005mm,multiscene_candidate_005,5,direction_009,18.0,16.0,16.5,0.5,16.25,False,18.0,17.0,18.0,False,False
multiscene_candidate_005__inflation_005mm,multiscene_candidate_005,5,direction_010,22.0,21.0,21.5,0.5,21.25,False,24.0,22.0,24.0,False,False
multiscene_candidate_005__inflation_005mm,multiscene_candidate_005,5,direction_011,22.0,20.5,21.0,0.5,20.75,False,24.0,22.0,24.0,False,False
multiscene_candidate_005__inflation_005mm,multiscene_candidate_005,5,direction_012,18.0,16.5,17.0,0.5,16.75,False,18.0,17.0,18.0,False,False
multiscene_candidate_005__inflation_005mm,multiscene_candidate_005,5,direction_013,26.0,25.0,25.5,0.5,25.25,False,28.0,26.0,28.0,False,False
multiscene_candidate_005__inflation_005mm,multiscene_candidate_005,5,direction_014,20.0,18.0,18.5,0.5,18.25,False,22.0,20.0,22.0,False,False
multiscene_candidate_005__inflation_005mm,multiscene_candidate_005,5,direction_015,22.0,20.0,20.5,0.5,20.25,False,22.0,21.0,22.0,False,False
multiscene_candidate_005__inflation_005mm,multiscene_candidate_005,5,direction_016,26.0,25.5,26.0,0.5,25.75,False,28.0,26.0,28.0,False,False
multiscene_candidate_005__inflation_005mm,multiscene_candidate_005,5,direction_017,18.0,17.0,17.5,0.5,17.25,False,18.0,17.5,18.0,False,False
multiscene_candidate_005__inflation_005mm,multiscene_candidate_005,5,direction_018,28.0,27.0,27.5,0.5,27.25,False,30.0,28.0,30.0,False,False
multiscene_candidate_005__inflation_005mm,multiscene_candidate_005,5,direction_019,24.0,22.0,22.5,0.5,22.25,False,24.0,23.0,24.0,False,False
multiscene_candidate_005__inflation_005mm,multiscene_candidate_005,5,direction_020,20.0,19.5,20.0,0.5,19.75,False,22.0,20.0,22.0,False,False
multiscene_candidate_005__inflation_005mm,multiscene_candidate_005,5,direction_021,34.0,32.0,32.5,0.5,32.25,False,36.0,34.0,36.0,False,False
multiscene_candidate_005__inflation_005mm,multiscene_candidate_005,5,direction_022,20.0,19.0,19.5,0.5,19.25,False,22.0,20.0,22.0,False,False
multiscene_candidate_005__inflation_005mm,multiscene_candidate_005,5,direction_023,28.0,27.5,28.0,0.5,27.75,False,32.0,30.0,32.0,False,False
multiscene_candidate_005__inflation_005mm,multiscene_candidate_005,5,direction_024,32.0,30.0,30.5,0.5,30.25,False,32.0,31.0,32.0,False,False
multiscene_candidate_005__inflation_005mm,multiscene_candidate_005,5,direction_025,20.0,19.5,20.0,0.5,19.75,False,22.0,20.0,22.0,False,False
multiscene_candidate_005__inflation_005mm,multiscene_candidate_005,5,direction_026,42.0,40.0,40.5,0.5,40.25,False,44.0,42.0,44.0,False,False
multiscene_candidate_005__inflation_005mm,multiscene_candidate_005,5,direction_027,26.0,24.0,24.5,0.5,24.25,False,26.0,25.0,26.0,False,False
multiscene_candidate_005__inflation_005mm,multiscene_candidate_005,5,direction_028,26.0,25.0,25.5,0.5,25.25,False,28.0,26.0,28.0,False,False
multiscene_candidate_005__inflation_005mm,multiscene_candidate_005,5,direction_029,46.0,44.5,45.0,0.5,44.75,False,48.0,46.0,48.0,False,False
multiscene_candidate_005__inflation_005mm,multiscene_candidate_005,5,direction_030,22.0,20.5,21.0,0.5,20.75,False,24.0,22.0,24.0,False,False
multiscene_candidate_005__inflation_005mm,multiscene_candidate_005,5,direction_031,42.0,41.5,42.0,0.5,41.75,False,44.0,42.0,44.0,False,False
multiscene_candidate_005__inflation_005mm,multiscene_candidate_005,5,direction_032,38.0,36.0,36.5,0.5,36.25,False,40.0,38.0,40.0,False,False
multiscene_candidate_005__inflation_005mm,multiscene_candidate_005,5,direction_033,24.0,23.5,24.0,0.5,23.75,False,26.0,24.0,26.0,False,False
multiscene_candidate_005__inflation_005mm,multiscene_candidate_005,5,direction_034,,,,,,True,,,,True,False
multiscene_candidate_005__inflation_005mm,multiscene_candidate_005,5,direction_035,26.0,25.5,26.0,0.5,25.75,False,30.0,28.0,30.0,False,False
multiscene_candidate_005__inflation_005mm,multiscene_candidate_005,5,direction_036,,,,,,True,,,,True,False
multiscene_candidate_005__inflation_005mm,multiscene_candidate_005,5,direction_037,60.0,58.0,58.5,0.5,58.25,False,,,,True,False
multiscene_candidate_005__inflation_005mm,multiscene_candidate_005,5,direction_038,24.0,23.0,23.5,0.5,23.25,False,26.0,24.0,26.0,False,False
multiscene_candidate_005__inflation_005mm,multiscene_candidate_005,5,direction_039,,,,,,True,,,,True,False
multiscene_candidate_005__inflation_005mm,multiscene_candidate_005,5,direction_040,40.0,39.0,39.5,0.5,39.25,False,44.0,42.0,44.0,False,False
multiscene_candidate_005__inflation_005mm,multiscene_candidate_005,5,direction_041,38.0,37.0,37.5,0.5,37.25,False,,,,True,False
multiscene_candidate_005__inflation_005mm,multiscene_candidate_005,5,direction_042,,,,,,True,,,,True,False
multiscene_candidate_005__inflation_005mm,multiscene_candidate_005,5,direction_043,28.0,27.5,28.0,0.5,27.75,False,32.0,30.0,32.0,False,False
multiscene_candidate_005__inflation_005mm,multiscene_candidate_005,5,direction_044,,,,,,True,,,,True,False
multiscene_candidate_005__inflation_005mm,multiscene_candidate_005,5,direction_045,,,,,,True,,,,True,False
multiscene_candidate_005__inflation_005mm,multiscene_candidate_005,5,direction_046,30.0,29.5,30.0,0.5,29.75,False,32.0,30.0,32.0,False,False
multiscene_candidate_005__inflation_005mm,multiscene_candidate_005,5,direction_047,,,,,,True,,,,True,False
multiscene_candidate_005__inflation_005mm,multiscene_candidate_005,5,direction_048,42.0,40.5,41.0,0.5,40.75,False,44.0,42.0,44.0,False,False
multiscene_candidate_005__inflation_005mm,multiscene_candidate_005,5,direction_049,,,,,,True,,,,True,False
multiscene_candidate_005__inflation_005mm,multiscene_candidate_005,5,direction_050,,,,,,True,,,,True,False
multiscene_candidate_005__inflation_005mm,multiscene_candidate_005,5,direction_051,32.0,31.5,32.0,0.5,31.75,False,34.0,32.0,34.0,False,False
multiscene_candidate_005__inflation_005mm,multiscene_candidate_005,5,direction_052,,,,,,True,,,,True,False
multiscene_candidate_005__inflation_005mm,multiscene_candidate_005,5,direction_053,,,,,,True,,,,True,False
multiscene_candidate_005__inflation_005mm,multiscene_candidate_005,5,direction_054,,,,,,True,,,,True,False
multiscene_candidate_005__inflation_005mm,multiscene_candidate_005,5,direction_055,,,,,,True,,,,True,False
multiscene_candidate_005__inflation_005mm,multiscene_candidate_005,5,direction_056,44.0,43.5,44.0,0.5,43.75,False,46.0,44.0,46.0,False,False
multiscene_candidate_005__inflation_005mm,multiscene_candidate_005,5,direction_057,,,,,,True,,,,True,False
multiscene_candidate_005__inflation_005mm,multiscene_candidate_005,5,direction_058,,,,,,True,,,,True,False
multiscene_candidate_005__inflation_005mm,multiscene_candidate_005,5,direction_059,42.0,40.5,41.0,0.5,40.75,False,44.0,42.0,44.0,False,False
multiscene_candidate_005__inflation_005mm,multiscene_candidate_005,5,direction_060,,,,,,True,,,,True,False
multiscene_candidate_005__inflation_005mm,multiscene_candidate_005,5,direction_061,,,,,,True,,,,True,False
multiscene_candidate_005__inflation_005mm,multiscene_candidate_005,5,direction_062,,,,,,True,,,,True,False
multiscene_candidate_005__inflation_005mm,multiscene_candidate_005,5,direction_063,,,,,,True,,,,True,False
multiscene_candidate_005__inflation_005mm,multiscene_candidate_005,5,direction_064,52.0,50.5,51.0,0.5,50.75,False,,,,True,False
multiscene_candidate_005__inflation_005mm,multiscene_candidate_005,5,direction_065,,,,,,True,,,,True,False
multiscene_candidate_005__inflation_005mm,multiscene_candidate_005,5,direction_066,,,,,,True,,,,True,False
multiscene_candidate_005__inflation_005mm,multiscene_candidate_005,5,direction_067,,,,,,True,,,,True,False
multiscene_candidate_005__inflation_005mm,multiscene_candidate_005,5,direction_068,,,,,,True,,,,True,False
multiscene_candidate_005__inflation_005mm,multiscene_candidate_005,5,direction_069,,,,,,True,,,,True,False
multiscene_candidate_005__inflation_005mm,multiscene_candidate_005,5,direction_070,,,,,,True,,,,True,False
multiscene_candidate_005__inflation_005mm,multiscene_candidate_005,5,direction_071,,,,,,True,,,,True,False
multiscene_candidate_005__inflation_005mm,multiscene_candidate_005,5,direction_072,,,,,,True,,,,True,False
multiscene_candidate_005__inflation_005mm,multiscene_candidate_005,5,direction_073,,,,,,True,,,,True,False
multiscene_candidate_005__inflation_005mm,multiscene_candidate_005,5,direction_074,,,,,,True,,,,True,False
multiscene_candidate_005__inflation_005mm,multiscene_candidate_005,5,direction_075,,,,,,True,,,,True,False
multiscene_candidate_005__inflation_005mm,multiscene_candidate_005,5,direction_076,,,,,,True,,,,True,False
multiscene_candidate_005__inflation_005mm,multiscene_candidate_005,5,direction_077,,,,,,True,,,,True,False
multiscene_candidate_005__inflation_005mm,multiscene_candidate_005,5,direction_078,,,,,,True,,,,True,False
multiscene_candidate_005__inflation_005mm,multiscene_candidate_005,5,direction_079,,,,,,True,,,,True,False
multiscene_candidate_005__inflation_005mm,multiscene_candidate_005,5,direction_080,,,,,,True,,,,True,False
multiscene_candidate_005__inflation_005mm,multiscene_candidate_005,5,direction_081,,,,,,True,,,,True,False
multiscene_candidate_005__inflation_005mm,multiscene_candidate_005,5,direction_082,,,,,,True,,,,True,False
multiscene_candidate_005__inflation_005mm,multiscene_candidate_005,5,direction_083,,,,,,True,,,,True,False
multiscene_candidate_005__inflation_005mm,multiscene_candidate_005,5,direction_084,,,,,,True,,,,True,False
multiscene_candidate_005__inflation_005mm,multiscene_candidate_005,5,direction_085,,,,,,True,,,,True,False
multiscene_candidate_005__inflation_005mm,multiscene_candidate_005,5,direction_086,,,,,,True,,,,True,False
multiscene_candidate_005__inflation_005mm,multiscene_candidate_005,5,direction_087,,,,,,True,,,,True,False
multiscene_candidate_005__inflation_005mm,multiscene_candidate_005,5,direction_088,,,,,,True,,,,True,False
multiscene_candidate_005__inflation_005mm,multiscene_candidate_005,5,direction_089,,,,,,True,,,,True,False
multiscene_candidate_005__inflation_005mm,multiscene_candidate_005,5,direction_090,,,,,,True,,,,True,False
multiscene_candidate_005__inflation_005mm,multiscene_candidate_005,5,direction_091,,,,,,True,,,,True,False
multiscene_candidate_005__inflation_005mm,multiscene_candidate_005,5,direction_092,,,,,,True,,,,True,False
multiscene_candidate_005__inflation_005mm,multiscene_candidate_005,5,direction_093,,,,,,True,,,,True,False
multiscene_candidate_005__inflation_005mm,multiscene_candidate_005,5,direction_094,,,,,,True,,,,True,False
multiscene_candidate_005__inflation_005mm,multiscene_candidate_005,5,direction_095,,,,,,True,,,,True,False
multiscene_candidate_005__inflation_005mm,multiscene_candidate_005,5,direction_096,,,,,,True,,,,True,False
multiscene_candidate_005__inflation_005mm,multiscene_candidate_005,5,direction_097,,,,,,True,,,,True,False
multiscene_candidate_005__inflation_005mm,multiscene_candidate_005,5,direction_098,,,,,,True,,,,True,False
multiscene_candidate_005__inflation_005mm,multiscene_candidate_005,5,direction_099,,,,,,True,,,,True,False
multiscene_candidate_005__inflation_005mm,multiscene_candidate_005,5,direction_100,,,,,,True,,,,True,False
multiscene_candidate_005__inflation_005mm,multiscene_candidate_005,5,direction_101,,,,,,True,,,,True,False
multiscene_candidate_005__inflation_005mm,multiscene_candidate_005,5,direction_102,,,,,,True,,,,True,False
multiscene_candidate_005__inflation_005mm,multiscene_candidate_005,5,direction_103,,,,,,True,,,,True,False
multiscene_candidate_005__inflation_005mm,multiscene_candidate_005,5,direction_104,,,,,,True,,,,True,False
multiscene_candidate_005__inflation_005mm,multiscene_candidate_005,5,direction_105,,,,,,True,,,,True,False
multiscene_candidate_005__inflation_005mm,multiscene_candidate_005,5,direction_106,,,,,,True,,,,True,False
multiscene_candidate_005__inflation_005mm,multiscene_candidate_005,5,direction_107,,,,,,True,,,,True,False
multiscene_candidate_005__inflation_005mm,multiscene_candidate_005,5,direction_108,,,,,,True,,,,True,False
multiscene_candidate_005__inflation_005mm,multiscene_candidate_005,5,direction_109,,,,,,True,,,,True,False
multiscene_candidate_005__inflation_005mm,multiscene_candidate_005,5,direction_110,,,,,,True,,,,True,False
multiscene_candidate_005__inflation_005mm,multiscene_candidate_005,5,direction_111,,,,,,True,,,,True,False
multiscene_candidate_005__inflation_005mm,multiscene_candidate_005,5,direction_112,,,,,,True,,,,True,False
multiscene_candidate_005__inflation_005mm,multiscene_candidate_005,5,direction_113,,,,,,True,,,,True,False
multiscene_candidate_005__inflation_005mm,multiscene_candidate_005,5,direction_114,,,,,,True,,,,True,False
multiscene_candidate_005__inflation_005mm,multiscene_candidate_005,5,direction_115,,,,,,True,,,,True,False
multiscene_candidate_005__inflation_005mm,multiscene_candidate_005,5,direction_116,,,,,,True,,,,True,False
multiscene_candidate_005__inflation_005mm,multiscene_candidate_005,5,direction_117,,,,,,True,,,,True,False
multiscene_candidate_005__inflation_005mm,multiscene_candidate_005,5,direction_118,,,,,,True,,,,True,False
multiscene_candidate_005__inflation_005mm,multiscene_candidate_005,5,direction_119,,,,,,True,,,,True,False
multiscene_candidate_005__inflation_005mm,multiscene_candidate_005,5,direction_120,,,,,,True,,,,True,False
multiscene_candidate_005__inflation_005mm,multiscene_candidate_005,5,direction_121,,,,,,True,,,,True,False
multiscene_candidate_005__inflation_005mm,multiscene_candidate_005,5,direction_122,,,,,,True,,,,True,False
multiscene_candidate_005__inflation_005mm,multiscene_candidate_005,5,direction_123,,,,,,True,,,,True,False
multiscene_candidate_005__inflation_005mm,multiscene_candidate_005,5,direction_124,,,,,,True,,,,True,False
multiscene_candidate_005__inflation_005mm,multiscene_candidate_005,5,direction_125,,,,,,True,,,,True,False
multiscene_candidate_005__inflation_005mm,multiscene_candidate_005,5,direction_126,,,,,,True,,,,True,False
multiscene_candidate_005__inflation_005mm,multiscene_candidate_005,5,direction_127,,,,,,True,,,,True,False
multiscene_candidate_005__inflation_010mm,multiscene_candidate_005,10,direction_000,26.0,24.5,25.0,0.5,24.75,False,28.0,26.0,28.0,False,False
multiscene_candidate_005__inflation_010mm,multiscene_candidate_005,10,direction_001,24.0,22.0,22.5,0.5,22.25,False,24.0,23.0,24.0,False,False
multiscene_candidate_005__inflation_010mm,multiscene_candidate_005,10,direction_002,26.0,24.0,24.5,0.5,24.25,False,26.0,25.0,26.0,False,False
multiscene_candidate_005__inflation_010mm,multiscene_candidate_005,10,direction_003,28.0,26.5,27.0,0.5,26.75,False,28.0,27.0,28.0,False,False
multiscene_candidate_005__inflation_010mm,multiscene_candidate_005,10,direction_004,22.0,21.5,22.0,0.5,21.75,False,24.0,22.0,24.0,False,False
multiscene_candidate_005__inflation_010mm,multiscene_candidate_005,10,direction_005,30.0,28.5,29.0,0.5,28.75,False,30.0,29.0,30.0,False,False
multiscene_candidate_005__inflation_010mm,multiscene_candidate_005,10,direction_006,26.0,24.5,25.0,0.5,24.75,False,26.0,25.0,26.0,False,False
multiscene_candidate_005__inflation_010mm,multiscene_candidate_005,10,direction_007,26.0,24.0,24.5,0.5,24.25,False,26.0,25.0,26.0,False,False
multiscene_candidate_005__inflation_010mm,multiscene_candidate_005,10,direction_008,34.0,32.5,33.0,0.5,32.75,False,36.0,34.0,36.0,False,False
multiscene_candidate_005__inflation_010mm,multiscene_candidate_005,10,direction_009,24.0,22.0,22.5,0.5,22.25,False,24.0,23.0,24.0,False,False
multiscene_candidate_005__inflation_010mm,multiscene_candidate_005,10,direction_010,32.0,30.0,30.5,0.5,30.25,False,32.0,31.0,32.0,False,False
multiscene_candidate_005__inflation_010mm,multiscene_candidate_005,10,direction_011,32.0,31.0,31.5,0.5,31.25,False,32.0,31.5,32.0,False,False
multiscene_candidate_005__inflation_010mm,multiscene_candidate_005,10,direction_012,24.0,23.0,23.5,0.5,23.25,False,26.0,24.0,26.0,False,False
multiscene_candidate_005__inflation_010mm,multiscene_candidate_005,10,direction_013,38.0,37.5,38.0,0.5,37.75,False,40.0,38.0,40.0,False,False
multiscene_candidate_005__inflation_010mm,multiscene_candidate_005,10,direction_014,26.0,25.5,26.0,0.5,25.75,False,28.0,26.0,28.0,False,False
multiscene_candidate_005__inflation_010mm,multiscene_candidate_005,10,direction_015,30.0,29.0,29.5,0.5,29.25,False,32.0,30.0,32.0,False,False
multiscene_candidate_005__inflation_010mm,multiscene_candidate_005,10,direction_016,40.0,39.0,39.5,0.5,39.25,False,42.0,40.0,42.0,False,False
multiscene_candidate_005__inflation_010mm,multiscene_candidate_005,10,direction_017,24.0,23.0,23.5,0.5,23.25,False,26.0,24.0,26.0,False,False
multiscene_candidate_005__inflation_010mm,multiscene_candidate_005,10,direction_018,42.0,40.5,41.0,0.5,40.75,False,44.0,42.0,44.0,False,False
multiscene_candidate_005__inflation_010mm,multiscene_candidate_005,10,direction_019,34.0,32.5,33.0,0.5,32.75,False,34.0,33.0,34.0,False,False
multiscene_candidate_005__inflation_010mm,multiscene_candidate_005,10,direction_020,28.0,26.5,27.0,0.5,26.75,False,30.0,28.0,30.0,False,False
multiscene_candidate_005__inflation_010mm,multiscene_candidate_005,10,direction_021,52.0,50.5,51.0,0.5,50.75,False,56.0,54.0,56.0,False,False
multiscene_candidate_005__inflation_010mm,multiscene_candidate_005,10,direction_022,26.0,25.5,26.0,0.5,25.75,False,30.0,28.0,30.0,False,False
multiscene_candidate_005__inflation_010mm,multiscene_candidate_005,10,direction_023,46.0,44.0,44.5,0.5,44.25,False,50.0,48.0,50.0,False,False
multiscene_candidate_005__inflation_010mm,multiscene_candidate_005,10,direction_024,48.0,47.0,47.5,0.5,47.25,False,50.0,48.0,50.0,False,False
multiscene_candidate_005__inflation_010mm,multiscene_candidate_005,10,direction_025,26.0,25.5,26.0,0.5,25.75,False,28.0,26.0,28.0,False,False
multiscene_candidate_005__inflation_010mm,multiscene_candidate_005,10,direction_026,,,,,,True,,,,True,False
multiscene_candidate_005__inflation_010mm,multiscene_candidate_005,10,direction_027,34.0,33.5,34.0,0.5,33.75,False,36.0,34.0,36.0,False,False
multiscene_candidate_005__inflation_010mm,multiscene_candidate_005,10,direction_028,60.0,59.0,59.5,0.5,59.25,False,,,,True,False
multiscene_candidate_005__inflation_010mm,multiscene_candidate_005,10,direction_029,,,,,,True,,,,True,False
multiscene_candidate_005__inflation_010mm,multiscene_candidate_005,10,direction_030,28.0,26.0,26.5,0.5,26.25,False,30.0,28.0,30.0,False,False
multiscene_candidate_005__inflation_010mm,multiscene_candidate_005,10,direction_031,,,,,,True,,,,True,False
multiscene_candidate_005__inflation_010mm,multiscene_candidate_005,10,direction_032,52.0,51.5,52.0,0.5,51.75,False,54.0,52.0,54.0,False,False
multiscene_candidate_005__inflation_010mm,multiscene_candidate_005,10,direction_033,30.0,29.5,30.0,0.5,29.75,False,32.0,30.0,32.0,False,False
multiscene_candidate_005__inflation_010mm,multiscene_candidate_005,10,direction_034,,,,,,True,,,,True,False
multiscene_candidate_005__inflation_010mm,multiscene_candidate_005,10,direction_035,34.0,33.0,33.5,0.5,33.25,False,36.0,34.0,36.0,False,False
multiscene_candidate_005__inflation_010mm,multiscene_candidate_005,10,direction_036,,,,,,True,,,,True,False
multiscene_candidate_005__inflation_010mm,multiscene_candidate_005,10,direction_037,,,,,,True,,,,True,False
multiscene_candidate_005__inflation_010mm,multiscene_candidate_005,10,direction_038,30.0,28.5,29.0,0.5,28.75,False,32.0,30.0,32.0,False,False
multiscene_candidate_005__inflation_010mm,multiscene_candidate_005,10,direction_039,,,,,,True,,,,True,False
multiscene_candidate_005__inflation_010mm,multiscene_candidate_005,10,direction_040,56.0,54.0,54.5,0.5,54.25,False,58.0,56.0,58.0,False,False
multiscene_candidate_005__inflation_010mm,multiscene_candidate_005,10,direction_041,,,,,,True,,,,True,False
multiscene_candidate_005__inflation_010mm,multiscene_candidate_005,10,direction_042,,,,,,True,,,,True,False
multiscene_candidate_005__inflation_010mm,multiscene_candidate_005,10,direction_043,34.0,32.5,33.0,0.5,32.75,False,36.0,34.0,36.0,False,False
multiscene_candidate_005__inflation_010mm,multiscene_candidate_005,10,direction_044,,,,,,True,,,,True,False
multiscene_candidate_005__inflation_010mm,multiscene_candidate_005,10,direction_045,,,,,,True,,,,True,False
multiscene_candidate_005__inflation_010mm,multiscene_candidate_005,10,direction_046,36.0,34.0,34.5,0.5,34.25,False,38.0,36.0,38.0,False,False
multiscene_candidate_005__inflation_010mm,multiscene_candidate_005,10,direction_047,,,,,,True,,,,True,False
multiscene_candidate_005__inflation_010mm,multiscene_candidate_005,10,direction_048,52.0,51.0,51.5,0.5,51.25,False,56.0,54.0,56.0,False,False
multiscene_candidate_005__inflation_010mm,multiscene_candidate_005,10,direction_049,,,,,,True,,,,True,False
multiscene_candidate_005__inflation_010mm,multiscene_candidate_005,10,direction_050,,,,,,True,,,,True,False
multiscene_candidate_005__inflation_010mm,multiscene_candidate_005,10,direction_051,36.0,34.5,35.0,0.5,34.75,False,38.0,36.0,38.0,False,False
multiscene_candidate_005__inflation_010mm,multiscene_candidate_005,10,direction_052,,,,,,True,,,,True,False
multiscene_candidate_005__inflation_010mm,multiscene_candidate_005,10,direction_053,,,,,,True,,,,True,False
multiscene_candidate_005__inflation_010mm,multiscene_candidate_005,10,direction_054,,,,,,True,,,,True,False
multiscene_candidate_005__inflation_010mm,multiscene_candidate_005,10,direction_055,,,,,,True,,,,True,False
multiscene_candidate_005__inflation_010mm,multiscene_candidate_005,10,direction_056,46.0,45.5,46.0,0.5,45.75,False,52.0,50.0,52.0,False,False
multiscene_candidate_005__inflation_010mm,multiscene_candidate_005,10,direction_057,,,,,,True,,,,True,False
multiscene_candidate_005__inflation_010mm,multiscene_candidate_005,10,direction_058,,,,,,True,,,,True,False
multiscene_candidate_005__inflation_010mm,multiscene_candidate_005,10,direction_059,42.0,40.5,41.0,0.5,40.75,False,44.0,42.0,44.0,False,False
multiscene_candidate_005__inflation_010mm,multiscene_candidate_005,10,direction_060,,,,,,True,,,,True,False
multiscene_candidate_005__inflation_010mm,multiscene_candidate_005,10,direction_061,,,,,,True,,,,True,False
multiscene_candidate_005__inflation_010mm,multiscene_candidate_005,10,direction_062,,,,,,True,,,,True,False
multiscene_candidate_005__inflation_010mm,multiscene_candidate_005,10,direction_063,,,,,,True,,,,True,False
multiscene_candidate_005__inflation_010mm,multiscene_candidate_005,10,direction_064,52.0,50.5,51.0,0.5,50.75,False,,,,True,False
multiscene_candidate_005__inflation_010mm,multiscene_candidate_005,10,direction_065,,,,,,True,,,,True,False
multiscene_candidate_005__inflation_010mm,multiscene_candidate_005,10,direction_066,,,,,,True,,,,True,False
multiscene_candidate_005__inflation_010mm,multiscene_candidate_005,10,direction_067,,,,,,True,,,,True,False
multiscene_candidate_005__inflation_010mm,multiscene_candidate_005,10,direction_068,,,,,,True,,,,True,False
multiscene_candidate_005__inflation_010mm,multiscene_candidate_005,10,direction_069,,,,,,True,,,,True,False
multiscene_candidate_005__inflation_010mm,multiscene_candidate_005,10,direction_070,,,,,,True,,,,True,False
multiscene_candidate_005__inflation_010mm,multiscene_candidate_005,10,direction_071,,,,,,True,,,,True,False
multiscene_candidate_005__inflation_010mm,multiscene_candidate_005,10,direction_072,,,,,,True,,,,True,False
multiscene_candidate_005__inflation_010mm,multiscene_candidate_005,10,direction_073,,,,,,True,,,,True,False
multiscene_candidate_005__inflation_010mm,multiscene_candidate_005,10,direction_074,,,,,,True,,,,True,False
multiscene_candidate_005__inflation_010mm,multiscene_candidate_005,10,direction_075,,,,,,True,,,,True,False
multiscene_candidate_005__inflation_010mm,multiscene_candidate_005,10,direction_076,,,,,,True,,,,True,False
multiscene_candidate_005__inflation_010mm,multiscene_candidate_005,10,direction_077,,,,,,True,,,,True,False
multiscene_candidate_005__inflation_010mm,multiscene_candidate_005,10,direction_078,,,,,,True,,,,True,False
multiscene_candidate_005__inflation_010mm,multiscene_candidate_005,10,direction_079,,,,,,True,,,,True,False
multiscene_candidate_005__inflation_010mm,multiscene_candidate_005,10,direction_080,,,,,,True,,,,True,False
multiscene_candidate_005__inflation_010mm,multiscene_candidate_005,10,direction_081,,,,,,True,,,,True,False
multiscene_candidate_005__inflation_010mm,multiscene_candidate_005,10,direction_082,,,,,,True,,,,True,False
multiscene_candidate_005__inflation_010mm,multiscene_candidate_005,10,direction_083,,,,,,True,,,,True,False
multiscene_candidate_005__inflation_010mm,multiscene_candidate_005,10,direction_084,,,,,,True,,,,True,False
multiscene_candidate_005__inflation_010mm,multiscene_candidate_005,10,direction_085,,,,,,True,,,,True,False
multiscene_candidate_005__inflation_010mm,multiscene_candidate_005,10,direction_086,,,,,,True,,,,True,False
multiscene_candidate_005__inflation_010mm,multiscene_candidate_005,10,direction_087,,,,,,True,,,,True,False
multiscene_candidate_005__inflation_010mm,multiscene_candidate_005,10,direction_088,,,,,,True,,,,True,False
multiscene_candidate_005__inflation_010mm,multiscene_candidate_005,10,direction_089,,,,,,True,,,,True,False
multiscene_candidate_005__inflation_010mm,multiscene_candidate_005,10,direction_090,,,,,,True,,,,True,False
multiscene_candidate_005__inflation_010mm,multiscene_candidate_005,10,direction_091,,,,,,True,,,,True,False
multiscene_candidate_005__inflation_010mm,multiscene_candidate_005,10,direction_092,,,,,,True,,,,True,False
multiscene_candidate_005__inflation_010mm,multiscene_candidate_005,10,direction_093,,,,,,True,,,,True,False
multiscene_candidate_005__inflation_010mm,multiscene_candidate_005,10,direction_094,,,,,,True,,,,True,False
multiscene_candidate_005__inflation_010mm,multiscene_candidate_005,10,direction_095,,,,,,True,,,,True,False
multiscene_candidate_005__inflation_010mm,multiscene_candidate_005,10,direction_096,,,,,,True,,,,True,False
multiscene_candidate_005__inflation_010mm,multiscene_candidate_005,10,direction_097,,,,,,True,,,,True,False
multiscene_candidate_005__inflation_010mm,multiscene_candidate_005,10,direction_098,,,,,,True,,,,True,False
multiscene_candidate_005__inflation_010mm,multiscene_candidate_005,10,direction_099,,,,,,True,,,,True,False
multiscene_candidate_005__inflation_010mm,multiscene_candidate_005,10,direction_100,,,,,,True,,,,True,False
multiscene_candidate_005__inflation_010mm,multiscene_candidate_005,10,direction_101,,,,,,True,,,,True,False
multiscene_candidate_005__inflation_010mm,multiscene_candidate_005,10,direction_102,,,,,,True,,,,True,False
multiscene_candidate_005__inflation_010mm,multiscene_candidate_005,10,direction_103,,,,,,True,,,,True,False
multiscene_candidate_005__inflation_010mm,multiscene_candidate_005,10,direction_104,,,,,,True,,,,True,False
multiscene_candidate_005__inflation_010mm,multiscene_candidate_005,10,direction_105,,,,,,True,,,,True,False
multiscene_candidate_005__inflation_010mm,multiscene_candidate_005,10,direction_106,,,,,,True,,,,True,False
multiscene_candidate_005__inflation_010mm,multiscene_candidate_005,10,direction_107,,,,,,True,,,,True,False
multiscene_candidate_005__inflation_010mm,multiscene_candidate_005,10,direction_108,,,,,,True,,,,True,False
multiscene_candidate_005__inflation_010mm,multiscene_candidate_005,10,direction_109,,,,,,True,,,,True,False
multiscene_candidate_005__inflation_010mm,multiscene_candidate_005,10,direction_110,,,,,,True,,,,True,False
multiscene_candidate_005__inflation_010mm,multiscene_candidate_005,10,direction_111,,,,,,True,,,,True,False
multiscene_candidate_005__inflation_010mm,multiscene_candidate_005,10,direction_112,,,,,,True,,,,True,False
multiscene_candidate_005__inflation_010mm,multiscene_candidate_005,10,direction_113,,,,,,True,,,,True,False
multiscene_candidate_005__inflation_010mm,multiscene_candidate_005,10,direction_114,,,,,,True,,,,True,False
multiscene_candidate_005__inflation_010mm,multiscene_candidate_005,10,direction_115,,,,,,True,,,,True,False
multiscene_candidate_005__inflation_010mm,multiscene_candidate_005,10,direction_116,,,,,,True,,,,True,False
multiscene_candidate_005__inflation_010mm,multiscene_candidate_005,10,direction_117,,,,,,True,,,,True,False
multiscene_candidate_005__inflation_010mm,multiscene_candidate_005,10,direction_118,,,,,,True,,,,True,False
multiscene_candidate_005__inflation_010mm,multiscene_candidate_005,10,direction_119,,,,,,True,,,,True,False
multiscene_candidate_005__inflation_010mm,multiscene_candidate_005,10,direction_120,,,,,,True,,,,True,False
multiscene_candidate_005__inflation_010mm,multiscene_candidate_005,10,direction_121,,,,,,True,,,,True,False
multiscene_candidate_005__inflation_010mm,multiscene_candidate_005,10,direction_122,,,,,,True,,,,True,False
multiscene_candidate_005__inflation_010mm,multiscene_candidate_005,10,direction_123,,,,,,True,,,,True,False
multiscene_candidate_005__inflation_010mm,multiscene_candidate_005,10,direction_124,,,,,,True,,,,True,False
multiscene_candidate_005__inflation_010mm,multiscene_candidate_005,10,direction_125,,,,,,True,,,,True,False
multiscene_candidate_005__inflation_010mm,multiscene_candidate_005,10,direction_126,,,,,,True,,,,True,False
multiscene_candidate_005__inflation_010mm,multiscene_candidate_005,10,direction_127,,,,,,True,,,,True,False
multiscene_candidate_005__inflation_015mm,multiscene_candidate_005,15,direction_000,34.0,33.0,33.5,0.5,33.25,False,36.0,34.0,36.0,False,False
multiscene_candidate_005__inflation_015mm,multiscene_candidate_005,15,direction_001,32.0,30.0,30.5,0.5,30.25,False,32.0,31.0,32.0,False,False
multiscene_candidate_005__inflation_015mm,multiscene_candidate_005,15,direction_002,34.0,33.0,33.5,0.5,33.25,False,36.0,34.0,36.0,False,False
multiscene_candidate_005__inflation_015mm,multiscene_candidate_005,15,direction_003,36.0,34.5,35.0,0.5,34.75,False,38.0,36.0,38.0,False,False
multiscene_candidate_005__inflation_015mm,multiscene_candidate_005,15,direction_004,30.0,28.5,29.0,0.5,28.75,False,32.0,30.0,32.0,False,False
multiscene_candidate_005__inflation_015mm,multiscene_candidate_005,15,direction_005,36.0,35.5,36.0,0.5,35.75,False,40.0,38.0,40.0,False,False
multiscene_candidate_005__inflation_015mm,multiscene_candidate_005,15,direction_006,34.0,33.0,33.5,0.5,33.25,False,36.0,34.0,36.0,False,False
multiscene_candidate_005__inflation_015mm,multiscene_candidate_005,15,direction_007,34.0,32.0,32.5,0.5,32.25,False,34.0,33.0,34.0,False,False
multiscene_candidate_005__inflation_015mm,multiscene_candidate_005,15,direction_008,38.0,37.5,38.0,0.5,37.75,False,42.0,40.0,42.0,False,False
multiscene_candidate_005__inflation_015mm,multiscene_candidate_005,15,direction_009,30.0,29.0,29.5,0.5,29.25,False,32.0,30.0,32.0,False,False
multiscene_candidate_005__inflation_015mm,multiscene_candidate_005,15,direction_010,40.0,39.0,39.5,0.5,39.25,False,44.0,42.0,44.0,False,False
multiscene_candidate_005__inflation_015mm,multiscene_candidate_005,15,direction_011,40.0,39.5,40.0,0.5,39.75,False,44.0,42.0,44.0,False,False
multiscene_candidate_005__inflation_015mm,multiscene_candidate_005,15,direction_012,30.0,29.5,30.0,0.5,29.75,False,32.0,30.0,32.0,False,False
multiscene_candidate_005__inflation_015mm,multiscene_candidate_005,15,direction_013,42.0,41.5,42.0,0.5,41.75,False,46.0,44.0,46.0,False,False
multiscene_candidate_005__inflation_015mm,multiscene_candidate_005,15,direction_014,34.0,33.5,34.0,0.5,33.75,False,36.0,34.0,36.0,False,False
multiscene_candidate_005__inflation_015mm,multiscene_candidate_005,15,direction_015,42.0,41.5,42.0,0.5,41.75,False,46.0,44.0,46.0,False,False
multiscene_candidate_005__inflation_015mm,multiscene_candidate_005,15,direction_016,46.0,44.0,44.5,0.5,44.25,False,48.0,46.0,48.0,False,False
multiscene_candidate_005__inflation_015mm,multiscene_candidate_005,15,direction_017,30.0,29.0,29.5,0.5,29.25,False,32.0,30.0,32.0,False,False
multiscene_candidate_005__inflation_015mm,multiscene_candidate_005,15,direction_018,48.0,46.0,46.5,0.5,46.25,False,52.0,50.0,52.0,False,False
multiscene_candidate_005__inflation_015mm,multiscene_candidate_005,15,direction_019,46.0,44.5,45.0,0.5,44.75,False,48.0,46.0,48.0,False,False
multiscene_candidate_005__inflation_015mm,multiscene_candidate_005,15,direction_020,38.0,36.5,37.0,0.5,36.75,False,38.0,36.5,37.0,False,False
multiscene_candidate_005__inflation_015mm,multiscene_candidate_005,15,direction_021,54.0,52.5,53.0,0.5,52.75,False,56.0,54.0,56.0,False,False
multiscene_candidate_005__inflation_015mm,multiscene_candidate_005,15,direction_022,34.0,32.5,33.0,0.5,32.75,False,36.0,34.0,36.0,False,False
multiscene_candidate_005__inflation_015mm,multiscene_candidate_005,15,direction_023,52.0,51.5,52.0,0.5,51.75,False,58.0,56.0,58.0,False,False
multiscene_candidate_005__inflation_015mm,multiscene_candidate_005,15,direction_024,54.0,53.0,53.5,0.5,53.25,False,58.0,56.0,58.0,False,False
multiscene_candidate_005__inflation_015mm,multiscene_candidate_005,15,direction_025,32.0,30.0,30.5,0.5,30.25,False,34.0,32.0,34.0,False,False
multiscene_candidate_005__inflation_015mm,multiscene_candidate_005,15,direction_026,,,,,,True,,,,True,False
multiscene_candidate_005__inflation_015mm,multiscene_candidate_005,15,direction_027,46.0,44.0,44.5,0.5,44.25,False,46.0,45.0,46.0,False,False
multiscene_candidate_005__inflation_015mm,multiscene_candidate_005,15,direction_028,60.0,59.0,59.5,0.5,59.25,False,,,,True,False
multiscene_candidate_005__inflation_015mm,multiscene_candidate_005,15,direction_029,,,,,,True,,,,True,False
multiscene_candidate_005__inflation_015mm,multiscene_candidate_005,15,direction_030,32.0,31.5,32.0,0.5,31.75,False,36.0,34.0,36.0,False,False
multiscene_candidate_005__inflation_015mm,multiscene_candidate_005,15,direction_031,,,,,,True,,,,True,False
multiscene_candidate_005__inflation_015mm,multiscene_candidate_005,15,direction_032,,,,,,True,,,,True,False
multiscene_candidate_005__inflation_015mm,multiscene_candidate_005,15,direction_033,38.0,36.5,37.0,0.5,36.75,False,44.0,42.0,44.0,False,False
multiscene_candidate_005__inflation_015mm,multiscene_candidate_005,15,direction_034,,,,,,True,,,,True,False
multiscene_candidate_005__inflation_015mm,multiscene_candidate_005,15,direction_035,40.0,39.0,39.5,0.5,39.25,False,44.0,42.0,44.0,False,False
multiscene_candidate_005__inflation_015mm,multiscene_candidate_005,15,direction_036,,,,,,True,,,,True,False
multiscene_candidate_005__inflation_015mm,multiscene_candidate_005,15,direction_037,,,,,,True,,,,True,False
multiscene_candidate_005__inflation_015mm,multiscene_candidate_005,15,direction_038,32.0,31.5,32.0,0.5,31.75,False,36.0,34.0,36.0,False,False
multiscene_candidate_005__inflation_015mm,multiscene_candidate_005,15,direction_039,,,,,,True,,,,True,False
multiscene_candidate_005__inflation_015mm,multiscene_candidate_005,15,direction_040,,,,,,True,,,,True,False
multiscene_candidate_005__inflation_015mm,multiscene_candidate_005,15,direction_041,,,,,,True,,,,True,False
multiscene_candidate_005__inflation_015mm,multiscene_candidate_005,15,direction_042,,,,,,True,,,,True,False
multiscene_candidate_005__inflation_015mm,multiscene_candidate_005,15,direction_043,38.0,36.5,37.0,0.5,36.75,False,42.0,40.0,42.0,False,False
multiscene_candidate_005__inflation_015mm,multiscene_candidate_005,15,direction_044,,,,,,True,,,,True,False
multiscene_candidate_005__inflation_015mm,multiscene_candidate_005,15,direction_045,,,,,,True,,,,True,False
multiscene_candidate_005__inflation_015mm,multiscene_candidate_005,15,direction_046,40.0,39.0,39.5,0.5,39.25,False,42.0,40.0,42.0,False,False
multiscene_candidate_005__inflation_015mm,multiscene_candidate_005,15,direction_047,,,,,,True,,,,True,False
multiscene_candidate_005__inflation_015mm,multiscene_candidate_005,15,direction_048,58.0,56.5,57.0,0.5,56.75,False,,,,True,False
multiscene_candidate_005__inflation_015mm,multiscene_candidate_005,15,direction_049,,,,,,True,,,,True,False
multiscene_candidate_005__inflation_015mm,multiscene_candidate_005,15,direction_050,,,,,,True,,,,True,False
multiscene_candidate_005__inflation_015mm,multiscene_candidate_005,15,direction_051,36.0,35.0,35.5,0.5,35.25,False,40.0,38.0,40.0,False,False
multiscene_candidate_005__inflation_015mm,multiscene_candidate_005,15,direction_052,,,,,,True,,,,True,False
multiscene_candidate_005__inflation_015mm,multiscene_candidate_005,15,direction_053,,,,,,True,,,,True,False
multiscene_candidate_005__inflation_015mm,multiscene_candidate_005,15,direction_054,,,,,,True,,,,True,False
multiscene_candidate_005__inflation_015mm,multiscene_candidate_005,15,direction_055,,,,,,True,,,,True,False
multiscene_candidate_005__inflation_015mm,multiscene_candidate_005,15,direction_056,48.0,46.0,46.5,0.5,46.25,False,54.0,52.0,54.0,False,False
multiscene_candidate_005__inflation_015mm,multiscene_candidate_005,15,direction_057,,,,,,True,,,,True,False
multiscene_candidate_005__inflation_015mm,multiscene_candidate_005,15,direction_058,,,,,,True,,,,True,False
multiscene_candidate_005__inflation_015mm,multiscene_candidate_005,15,direction_059,42.0,40.5,41.0,0.5,40.75,False,44.0,42.0,44.0,False,False
multiscene_candidate_005__inflation_015mm,multiscene_candidate_005,15,direction_060,,,,,,True,,,,True,False
multiscene_candidate_005__inflation_015mm,multiscene_candidate_005,15,direction_061,,,,,,True,,,,True,False
multiscene_candidate_005__inflation_015mm,multiscene_candidate_005,15,direction_062,,,,,,True,,,,True,False
multiscene_candidate_005__inflation_015mm,multiscene_candidate_005,15,direction_063,,,,,,True,,,,True,False
multiscene_candidate_005__inflation_015mm,multiscene_candidate_005,15,direction_064,52.0,50.5,51.0,0.5,50.75,False,,,,True,False
multiscene_candidate_005__inflation_015mm,multiscene_candidate_005,15,direction_065,,,,,,True,,,,True,False
multiscene_candidate_005__inflation_015mm,multiscene_candidate_005,15,direction_066,,,,,,True,,,,True,False
multiscene_candidate_005__inflation_015mm,multiscene_candidate_005,15,direction_067,,,,,,True,,,,True,False
multiscene_candidate_005__inflation_015mm,multiscene_candidate_005,15,direction_068,,,,,,True,,,,True,False
multiscene_candidate_005__inflation_015mm,multiscene_candidate_005,15,direction_069,,,,,,True,,,,True,False
multiscene_candidate_005__inflation_015mm,multiscene_candidate_005,15,direction_070,,,,,,True,,,,True,False
multiscene_candidate_005__inflation_015mm,multiscene_candidate_005,15,direction_071,,,,,,True,,,,True,False
multiscene_candidate_005__inflation_015mm,multiscene_candidate_005,15,direction_072,,,,,,True,,,,True,False
multiscene_candidate_005__inflation_015mm,multiscene_candidate_005,15,direction_073,,,,,,True,,,,True,False
multiscene_candidate_005__inflation_015mm,multiscene_candidate_005,15,direction_074,,,,,,True,,,,True,False
multiscene_candidate_005__inflation_015mm,multiscene_candidate_005,15,direction_075,,,,,,True,,,,True,False
multiscene_candidate_005__inflation_015mm,multiscene_candidate_005,15,direction_076,,,,,,True,,,,True,False
multiscene_candidate_005__inflation_015mm,multiscene_candidate_005,15,direction_077,,,,,,True,,,,True,False
multiscene_candidate_005__inflation_015mm,multiscene_candidate_005,15,direction_078,,,,,,True,,,,True,False
multiscene_candidate_005__inflation_015mm,multiscene_candidate_005,15,direction_079,,,,,,True,,,,True,False
multiscene_candidate_005__inflation_015mm,multiscene_candidate_005,15,direction_080,,,,,,True,,,,True,False
multiscene_candidate_005__inflation_015mm,multiscene_candidate_005,15,direction_081,,,,,,True,,,,True,False
multiscene_candidate_005__inflation_015mm,multiscene_candidate_005,15,direction_082,,,,,,True,,,,True,False
multiscene_candidate_005__inflation_015mm,multiscene_candidate_005,15,direction_083,,,,,,True,,,,True,False
multiscene_candidate_005__inflation_015mm,multiscene_candidate_005,15,direction_084,,,,,,True,,,,True,False
multiscene_candidate_005__inflation_015mm,multiscene_candidate_005,15,direction_085,,,,,,True,,,,True,False
multiscene_candidate_005__inflation_015mm,multiscene_candidate_005,15,direction_086,,,,,,True,,,,True,False
multiscene_candidate_005__inflation_015mm,multiscene_candidate_005,15,direction_087,,,,,,True,,,,True,False
multiscene_candidate_005__inflation_015mm,multiscene_candidate_005,15,direction_088,,,,,,True,,,,True,False
multiscene_candidate_005__inflation_015mm,multiscene_candidate_005,15,direction_089,,,,,,True,,,,True,False
multiscene_candidate_005__inflation_015mm,multiscene_candidate_005,15,direction_090,,,,,,True,,,,True,False
multiscene_candidate_005__inflation_015mm,multiscene_candidate_005,15,direction_091,,,,,,True,,,,True,False
multiscene_candidate_005__inflation_015mm,multiscene_candidate_005,15,direction_092,,,,,,True,,,,True,False
multiscene_candidate_005__inflation_015mm,multiscene_candidate_005,15,direction_093,,,,,,True,,,,True,False
multiscene_candidate_005__inflation_015mm,multiscene_candidate_005,15,direction_094,,,,,,True,,,,True,False
multiscene_candidate_005__inflation_015mm,multiscene_candidate_005,15,direction_095,,,,,,True,,,,True,False
multiscene_candidate_005__inflation_015mm,multiscene_candidate_005,15,direction_096,,,,,,True,,,,True,False
multiscene_candidate_005__inflation_015mm,multiscene_candidate_005,15,direction_097,,,,,,True,,,,True,False
multiscene_candidate_005__inflation_015mm,multiscene_candidate_005,15,direction_098,,,,,,True,,,,True,False
multiscene_candidate_005__inflation_015mm,multiscene_candidate_005,15,direction_099,,,,,,True,,,,True,False
multiscene_candidate_005__inflation_015mm,multiscene_candidate_005,15,direction_100,,,,,,True,,,,True,False
multiscene_candidate_005__inflation_015mm,multiscene_candidate_005,15,direction_101,,,,,,True,,,,True,False
multiscene_candidate_005__inflation_015mm,multiscene_candidate_005,15,direction_102,,,,,,True,,,,True,False
multiscene_candidate_005__inflation_015mm,multiscene_candidate_005,15,direction_103,,,,,,True,,,,True,False
multiscene_candidate_005__inflation_015mm,multiscene_candidate_005,15,direction_104,,,,,,True,,,,True,False
multiscene_candidate_005__inflation_015mm,multiscene_candidate_005,15,direction_105,,,,,,True,,,,True,False
multiscene_candidate_005__inflation_015mm,multiscene_candidate_005,15,direction_106,,,,,,True,,,,True,False
multiscene_candidate_005__inflation_015mm,multiscene_candidate_005,15,direction_107,,,,,,True,,,,True,False
multiscene_candidate_005__inflation_015mm,multiscene_candidate_005,15,direction_108,,,,,,True,,,,True,False
multiscene_candidate_005__inflation_015mm,multiscene_candidate_005,15,direction_109,,,,,,True,,,,True,False
multiscene_candidate_005__inflation_015mm,multiscene_candidate_005,15,direction_110,,,,,,True,,,,True,False
multiscene_candidate_005__inflation_015mm,multiscene_candidate_005,15,direction_111,,,,,,True,,,,True,False
multiscene_candidate_005__inflation_015mm,multiscene_candidate_005,15,direction_112,,,,,,True,,,,True,False
multiscene_candidate_005__inflation_015mm,multiscene_candidate_005,15,direction_113,,,,,,True,,,,True,False
multiscene_candidate_005__inflation_015mm,multiscene_candidate_005,15,direction_114,,,,,,True,,,,True,False
multiscene_candidate_005__inflation_015mm,multiscene_candidate_005,15,direction_115,,,,,,True,,,,True,False
multiscene_candidate_005__inflation_015mm,multiscene_candidate_005,15,direction_116,,,,,,True,,,,True,False
multiscene_candidate_005__inflation_015mm,multiscene_candidate_005,15,direction_117,,,,,,True,,,,True,False
multiscene_candidate_005__inflation_015mm,multiscene_candidate_005,15,direction_118,,,,,,True,,,,True,False
multiscene_candidate_005__inflation_015mm,multiscene_candidate_005,15,direction_119,,,,,,True,,,,True,False
multiscene_candidate_005__inflation_015mm,multiscene_candidate_005,15,direction_120,,,,,,True,,,,True,False
multiscene_candidate_005__inflation_015mm,multiscene_candidate_005,15,direction_121,,,,,,True,,,,True,False
multiscene_candidate_005__inflation_015mm,multiscene_candidate_005,15,direction_122,,,,,,True,,,,True,False
multiscene_candidate_005__inflation_015mm,multiscene_candidate_005,15,direction_123,,,,,,True,,,,True,False
multiscene_candidate_005__inflation_015mm,multiscene_candidate_005,15,direction_124,,,,,,True,,,,True,False
multiscene_candidate_005__inflation_015mm,multiscene_candidate_005,15,direction_125,,,,,,True,,,,True,False
multiscene_candidate_005__inflation_015mm,multiscene_candidate_005,15,direction_126,,,,,,True,,,,True,False
multiscene_candidate_005__inflation_015mm,multiscene_candidate_005,15,direction_127,,,,,,True,,,,True,False
multiscene_candidate_005__inflation_020mm,multiscene_candidate_005,20,direction_000,34.0,33.0,33.5,0.5,33.25,False,36.0,34.0,36.0,False,True
multiscene_candidate_005__inflation_020mm,multiscene_candidate_005,20,direction_001,34.0,33.5,34.0,0.5,33.75,False,38.0,36.0,38.0,False,True
multiscene_candidate_005__inflation_020mm,multiscene_candidate_005,20,direction_002,36.0,34.0,34.5,0.5,34.25,False,38.0,36.0,38.0,False,True
multiscene_candidate_005__inflation_020mm,multiscene_candidate_005,20,direction_003,36.0,34.5,35.0,0.5,34.75,False,38.0,36.0,38.0,False,True
multiscene_candidate_005__inflation_020mm,multiscene_candidate_005,20,direction_004,36.0,35.0,35.5,0.5,35.25,False,38.0,36.0,38.0,False,True
multiscene_candidate_005__inflation_020mm,multiscene_candidate_005,20,direction_005,36.0,35.5,36.0,0.5,35.75,False,40.0,38.0,40.0,False,True
multiscene_candidate_005__inflation_020mm,multiscene_candidate_005,20,direction_006,38.0,36.0,36.5,0.5,36.25,False,40.0,38.0,40.0,False,True
multiscene_candidate_005__inflation_020mm,multiscene_candidate_005,20,direction_007,38.0,37.0,37.5,0.5,37.25,False,42.0,40.0,42.0,False,True
multiscene_candidate_005__inflation_020mm,multiscene_candidate_005,20,direction_008,38.0,37.5,38.0,0.5,37.75,False,42.0,40.0,42.0,False,True
multiscene_candidate_005__inflation_020mm,multiscene_candidate_005,20,direction_009,38.0,36.0,36.5,0.5,36.25,False,40.0,38.0,40.0,False,True
multiscene_candidate_005__inflation_020mm,multiscene_candidate_005,20,direction_010,40.0,39.0,39.5,0.5,39.25,False,44.0,42.0,44.0,False,True
multiscene_candidate_005__inflation_020mm,multiscene_candidate_005,20,direction_011,40.0,39.5,40.0,0.5,39.75,False,44.0,42.0,44.0,False,True
multiscene_candidate_005__inflation_020mm,multiscene_candidate_005,20,direction_012,38.0,37.5,38.0,0.5,37.75,False,40.0,38.0,40.0,False,True
multiscene_candidate_005__inflation_020mm,multiscene_candidate_005,20,direction_013,42.0,41.5,42.0,0.5,41.75,False,46.0,44.0,46.0,False,True
multiscene_candidate_005__inflation_020mm,multiscene_candidate_005,20,direction_014,42.0,41.5,42.0,0.5,41.75,False,46.0,44.0,46.0,False,True
multiscene_candidate_005__inflation_020mm,multiscene_candidate_005,20,direction_015,44.0,43.0,43.5,0.5,43.25,False,48.0,46.0,48.0,False,True
multiscene_candidate_005__inflation_020mm,multiscene_candidate_005,20,direction_016,46.0,44.0,44.5,0.5,44.25,False,48.0,46.0,48.0,False,True
multiscene_candidate_005__inflation_020mm,multiscene_candidate_005,20,direction_017,36.0,35.0,35.5,0.5,35.25,False,38.0,36.0,38.0,False,True
multiscene_candidate_005__inflation_020mm,multiscene_candidate_005,20,direction_018,48.0,46.0,46.5,0.5,46.25,False,52.0,50.0,52.0,False,True
multiscene_candidate_005__inflation_020mm,multiscene_candidate_005,20,direction_019,48.0,47.0,47.5,0.5,47.25,False,52.0,50.0,52.0,False,True
multiscene_candidate_005__inflation_020mm,multiscene_candidate_005,20,direction_020,50.0,48.0,48.5,0.5,48.25,False,54.0,52.0,54.0,False,True
multiscene_candidate_005__inflation_020mm,multiscene_candidate_005,20,direction_021,54.0,52.5,53.0,0.5,52.75,False,56.0,54.0,56.0,False,True
multiscene_candidate_005__inflation_020mm,multiscene_candidate_005,20,direction_022,40.0,39.0,39.5,0.5,39.25,False,42.0,40.0,42.0,False,True
multiscene_candidate_005__inflation_020mm,multiscene_candidate_005,20,direction_023,52.0,51.5,52.0,0.5,51.75,False,58.0,56.0,58.0,False,True
multiscene_candidate_005__inflation_020mm,multiscene_candidate_005,20,direction_024,54.0,53.0,53.5,0.5,53.25,False,58.0,56.0,58.0,False,True
multiscene_candidate_005__inflation_020mm,multiscene_candidate_005,20,direction_025,36.0,35.0,35.5,0.5,35.25,False,40.0,38.0,40.0,False,True
multiscene_candidate_005__inflation_020mm,multiscene_candidate_005,20,direction_026,,,,,,True,,,,True,True
multiscene_candidate_005__inflation_020mm,multiscene_candidate_005,20,direction_027,56.0,54.5,55.0,0.5,54.75,False,60.0,58.0,60.0,False,True
multiscene_candidate_005__inflation_020mm,multiscene_candidate_005,20,direction_028,60.0,59.0,59.5,0.5,59.25,False,,,,True,True
multiscene_candidate_005__inflation_020mm,multiscene_candidate_005,20,direction_029,,,,,,True,,,,True,True
multiscene_candidate_005__inflation_020mm,multiscene_candidate_005,20,direction_030,38.0,36.5,37.0,0.5,36.75,False,40.0,38.0,40.0,False,True
multiscene_candidate_005__inflation_020mm,multiscene_candidate_005,20,direction_031,,,,,,True,,,,True,True
multiscene_candidate_005__inflation_020mm,multiscene_candidate_005,20,direction_032,,,,,,True,,,,True,True
multiscene_candidate_005__inflation_020mm,multiscene_candidate_005,20,direction_033,46.0,44.5,45.0,0.5,44.75,False,,,,True,True
multiscene_candidate_005__inflation_020mm,multiscene_candidate_005,20,direction_034,,,,,,True,,,,True,True
multiscene_candidate_005__inflation_020mm,multiscene_candidate_005,20,direction_035,46.0,45.5,46.0,0.5,45.75,False,52.0,50.0,52.0,False,True
multiscene_candidate_005__inflation_020mm,multiscene_candidate_005,20,direction_036,,,,,,True,,,,True,True
multiscene_candidate_005__inflation_020mm,multiscene_candidate_005,20,direction_037,,,,,,True,,,,True,True
multiscene_candidate_005__inflation_020mm,multiscene_candidate_005,20,direction_038,36.0,35.5,36.0,0.5,35.75,False,40.0,38.0,40.0,False,True
multiscene_candidate_005__inflation_020mm,multiscene_candidate_005,20,direction_039,,,,,,True,,,,True,True
multiscene_candidate_005__inflation_020mm,multiscene_candidate_005,20,direction_040,,,,,,True,,,,True,True
multiscene_candidate_005__inflation_020mm,multiscene_candidate_005,20,direction_041,,,,,,True,,,,True,True
multiscene_candidate_005__inflation_020mm,multiscene_candidate_005,20,direction_042,,,,,,True,,,,True,True
multiscene_candidate_005__inflation_020mm,multiscene_candidate_005,20,direction_043,40.0,39.0,39.5,0.5,39.25,False,44.0,42.0,44.0,False,True
multiscene_candidate_005__inflation_020mm,multiscene_candidate_005,20,direction_044,,,,,,True,,,,True,True
multiscene_candidate_005__inflation_020mm,multiscene_candidate_005,20,direction_045,,,,,,True,,,,True,True
multiscene_candidate_005__inflation_020mm,multiscene_candidate_005,20,direction_046,40.0,38.5,39.0,0.5,38.75,False,44.0,42.0,44.0,False,True
multiscene_candidate_005__inflation_020mm,multiscene_candidate_005,20,direction_047,,,,,,True,,,,True,True
multiscene_candidate_005__inflation_020mm,multiscene_candidate_005,20,direction_048,,,,,,True,,,,True,True
multiscene_candidate_005__inflation_020mm,multiscene_candidate_005,20,direction_049,,,,,,True,,,,True,True
multiscene_candidate_005__inflation_020mm,multiscene_candidate_005,20,direction_050,,,,,,True,,,,True,True
multiscene_candidate_005__inflation_020mm,multiscene_candidate_005,20,direction_051,36.0,35.5,36.0,0.5,35.75,False,42.0,40.0,42.0,False,True
multiscene_candidate_005__inflation_020mm,multiscene_candidate_005,20,direction_052,,,,,,True,,,,True,True
multiscene_candidate_005__inflation_020mm,multiscene_candidate_005,20,direction_053,,,,,,True,,,,True,True
multiscene_candidate_005__inflation_020mm,multiscene_candidate_005,20,direction_054,,,,,,True,,,,True,True
multiscene_candidate_005__inflation_020mm,multiscene_candidate_005,20,direction_055,,,,,,True,,,,True,True
multiscene_candidate_005__inflation_020mm,multiscene_candidate_005,20,direction_056,48.0,46.0,46.5,0.5,46.25,False,54.0,52.0,54.0,False,True
multiscene_candidate_005__inflation_020mm,multiscene_candidate_005,20,direction_057,,,,,,True,,,,True,True
multiscene_candidate_005__inflation_020mm,multiscene_candidate_005,20,direction_058,,,,,,True,,,,True,True
multiscene_candidate_005__inflation_020mm,multiscene_candidate_005,20,direction_059,42.0,40.5,41.0,0.5,40.75,False,44.0,42.0,44.0,False,True
multiscene_candidate_005__inflation_020mm,multiscene_candidate_005,20,direction_060,,,,,,True,,,,True,True
multiscene_candidate_005__inflation_020mm,multiscene_candidate_005,20,direction_061,,,,,,True,,,,True,True
multiscene_candidate_005__inflation_020mm,multiscene_candidate_005,20,direction_062,,,,,,True,,,,True,True
multiscene_candidate_005__inflation_020mm,multiscene_candidate_005,20,direction_063,,,,,,True,,,,True,True
multiscene_candidate_005__inflation_020mm,multiscene_candidate_005,20,direction_064,52.0,50.5,51.0,0.5,50.75,False,,,,True,True
multiscene_candidate_005__inflation_020mm,multiscene_candidate_005,20,direction_065,,,,,,True,,,,True,True
multiscene_candidate_005__inflation_020mm,multiscene_candidate_005,20,direction_066,,,,,,True,,,,True,True
multiscene_candidate_005__inflation_020mm,multiscene_candidate_005,20,direction_067,,,,,,True,,,,True,True
multiscene_candidate_005__inflation_020mm,multiscene_candidate_005,20,direction_068,,,,,,True,,,,True,True
multiscene_candidate_005__inflation_020mm,multiscene_candidate_005,20,direction_069,,,,,,True,,,,True,True
multiscene_candidate_005__inflation_020mm,multiscene_candidate_005,20,direction_070,,,,,,True,,,,True,True
multiscene_candidate_005__inflation_020mm,multiscene_candidate_005,20,direction_071,,,,,,True,,,,True,True
multiscene_candidate_005__inflation_020mm,multiscene_candidate_005,20,direction_072,,,,,,True,,,,True,True
multiscene_candidate_005__inflation_020mm,multiscene_candidate_005,20,direction_073,,,,,,True,,,,True,True
multiscene_candidate_005__inflation_020mm,multiscene_candidate_005,20,direction_074,,,,,,True,,,,True,True
multiscene_candidate_005__inflation_020mm,multiscene_candidate_005,20,direction_075,,,,,,True,,,,True,True
multiscene_candidate_005__inflation_020mm,multiscene_candidate_005,20,direction_076,,,,,,True,,,,True,True
multiscene_candidate_005__inflation_020mm,multiscene_candidate_005,20,direction_077,,,,,,True,,,,True,True
multiscene_candidate_005__inflation_020mm,multiscene_candidate_005,20,direction_078,,,,,,True,,,,True,True
multiscene_candidate_005__inflation_020mm,multiscene_candidate_005,20,direction_079,,,,,,True,,,,True,True
multiscene_candidate_005__inflation_020mm,multiscene_candidate_005,20,direction_080,,,,,,True,,,,True,True
multiscene_candidate_005__inflation_020mm,multiscene_candidate_005,20,direction_081,,,,,,True,,,,True,True
multiscene_candidate_005__inflation_020mm,multiscene_candidate_005,20,direction_082,,,,,,True,,,,True,True
multiscene_candidate_005__inflation_020mm,multiscene_candidate_005,20,direction_083,,,,,,True,,,,True,True
multiscene_candidate_005__inflation_020mm,multiscene_candidate_005,20,direction_084,,,,,,True,,,,True,True
multiscene_candidate_005__inflation_020mm,multiscene_candidate_005,20,direction_085,,,,,,True,,,,True,True
multiscene_candidate_005__inflation_020mm,multiscene_candidate_005,20,direction_086,,,,,,True,,,,True,True
multiscene_candidate_005__inflation_020mm,multiscene_candidate_005,20,direction_087,,,,,,True,,,,True,True
multiscene_candidate_005__inflation_020mm,multiscene_candidate_005,20,direction_088,,,,,,True,,,,True,True
multiscene_candidate_005__inflation_020mm,multiscene_candidate_005,20,direction_089,,,,,,True,,,,True,True
multiscene_candidate_005__inflation_020mm,multiscene_candidate_005,20,direction_090,,,,,,True,,,,True,True
multiscene_candidate_005__inflation_020mm,multiscene_candidate_005,20,direction_091,,,,,,True,,,,True,True
multiscene_candidate_005__inflation_020mm,multiscene_candidate_005,20,direction_092,,,,,,True,,,,True,True
multiscene_candidate_005__inflation_020mm,multiscene_candidate_005,20,direction_093,,,,,,True,,,,True,True
multiscene_candidate_005__inflation_020mm,multiscene_candidate_005,20,direction_094,,,,,,True,,,,True,True
multiscene_candidate_005__inflation_020mm,multiscene_candidate_005,20,direction_095,,,,,,True,,,,True,True
multiscene_candidate_005__inflation_020mm,multiscene_candidate_005,20,direction_096,,,,,,True,,,,True,True
multiscene_candidate_005__inflation_020mm,multiscene_candidate_005,20,direction_097,,,,,,True,,,,True,True
multiscene_candidate_005__inflation_020mm,multiscene_candidate_005,20,direction_098,,,,,,True,,,,True,True
multiscene_candidate_005__inflation_020mm,multiscene_candidate_005,20,direction_099,,,,,,True,,,,True,True
multiscene_candidate_005__inflation_020mm,multiscene_candidate_005,20,direction_100,,,,,,True,,,,True,True
multiscene_candidate_005__inflation_020mm,multiscene_candidate_005,20,direction_101,,,,,,True,,,,True,True
multiscene_candidate_005__inflation_020mm,multiscene_candidate_005,20,direction_102,,,,,,True,,,,True,True
multiscene_candidate_005__inflation_020mm,multiscene_candidate_005,20,direction_103,,,,,,True,,,,True,True
multiscene_candidate_005__inflation_020mm,multiscene_candidate_005,20,direction_104,,,,,,True,,,,True,True
multiscene_candidate_005__inflation_020mm,multiscene_candidate_005,20,direction_105,,,,,,True,,,,True,True
multiscene_candidate_005__inflation_020mm,multiscene_candidate_005,20,direction_106,,,,,,True,,,,True,True
multiscene_candidate_005__inflation_020mm,multiscene_candidate_005,20,direction_107,,,,,,True,,,,True,True
multiscene_candidate_005__inflation_020mm,multiscene_candidate_005,20,direction_108,,,,,,True,,,,True,True
multiscene_candidate_005__inflation_020mm,multiscene_candidate_005,20,direction_109,,,,,,True,,,,True,True
multiscene_candidate_005__inflation_020mm,multiscene_candidate_005,20,direction_110,,,,,,True,,,,True,True
multiscene_candidate_005__inflation_020mm,multiscene_candidate_005,20,direction_111,,,,,,True,,,,True,True
multiscene_candidate_005__inflation_020mm,multiscene_candidate_005,20,direction_112,,,,,,True,,,,True,True
multiscene_candidate_005__inflation_020mm,multiscene_candidate_005,20,direction_113,,,,,,True,,,,True,True
multiscene_candidate_005__inflation_020mm,multiscene_candidate_005,20,direction_114,,,,,,True,,,,True,True
multiscene_candidate_005__inflation_020mm,multiscene_candidate_005,20,direction_115,,,,,,True,,,,True,True
multiscene_candidate_005__inflation_020mm,multiscene_candidate_005,20,direction_116,,,,,,True,,,,True,True
multiscene_candidate_005__inflation_020mm,multiscene_candidate_005,20,direction_117,,,,,,True,,,,True,True
multiscene_candidate_005__inflation_020mm,multiscene_candidate_005,20,direction_118,,,,,,True,,,,True,True
multiscene_candidate_005__inflation_020mm,multiscene_candidate_005,20,direction_119,,,,,,True,,,,True,True
multiscene_candidate_005__inflation_020mm,multiscene_candidate_005,20,direction_120,,,,,,True,,,,True,True
multiscene_candidate_005__inflation_020mm,multiscene_candidate_005,20,direction_121,,,,,,True,,,,True,True
multiscene_candidate_005__inflation_020mm,multiscene_candidate_005,20,direction_122,,,,,,True,,,,True,True
multiscene_candidate_005__inflation_020mm,multiscene_candidate_005,20,direction_123,,,,,,True,,,,True,True
multiscene_candidate_005__inflation_020mm,multiscene_candidate_005,20,direction_124,,,,,,True,,,,True,True
multiscene_candidate_005__inflation_020mm,multiscene_candidate_005,20,direction_125,,,,,,True,,,,True,True
multiscene_candidate_005__inflation_020mm,multiscene_candidate_005,20,direction_126,,,,,,True,,,,True,True
multiscene_candidate_005__inflation_020mm,multiscene_candidate_005,20,direction_127,,,,,,True,,,,True,True
multiscene_candidate_006__inflation_000mm,multiscene_candidate_006,0,direction_000,,,,,,True,,,,True,False
multiscene_candidate_006__inflation_000mm,multiscene_candidate_006,0,direction_001,,,,,,True,,,,True,False
multiscene_candidate_006__inflation_000mm,multiscene_candidate_006,0,direction_002,,,,,,True,,,,True,False
multiscene_candidate_006__inflation_000mm,multiscene_candidate_006,0,direction_003,,,,,,True,,,,True,False
multiscene_candidate_006__inflation_000mm,multiscene_candidate_006,0,direction_004,,,,,,True,,,,True,False
multiscene_candidate_006__inflation_000mm,multiscene_candidate_006,0,direction_005,,,,,,True,,,,True,False
multiscene_candidate_006__inflation_000mm,multiscene_candidate_006,0,direction_006,,,,,,True,,,,True,False
multiscene_candidate_006__inflation_000mm,multiscene_candidate_006,0,direction_007,,,,,,True,,,,True,False
multiscene_candidate_006__inflation_000mm,multiscene_candidate_006,0,direction_008,,,,,,True,,,,True,False
multiscene_candidate_006__inflation_000mm,multiscene_candidate_006,0,direction_009,,,,,,True,,,,True,False
multiscene_candidate_006__inflation_000mm,multiscene_candidate_006,0,direction_010,,,,,,True,,,,True,False
multiscene_candidate_006__inflation_000mm,multiscene_candidate_006,0,direction_011,,,,,,True,,,,True,False
multiscene_candidate_006__inflation_000mm,multiscene_candidate_006,0,direction_012,,,,,,True,,,,True,False
multiscene_candidate_006__inflation_000mm,multiscene_candidate_006,0,direction_013,,,,,,True,,,,True,False
multiscene_candidate_006__inflation_000mm,multiscene_candidate_006,0,direction_014,,,,,,True,,,,True,False
multiscene_candidate_006__inflation_000mm,multiscene_candidate_006,0,direction_015,,,,,,True,,,,True,False
multiscene_candidate_006__inflation_000mm,multiscene_candidate_006,0,direction_016,,,,,,True,,,,True,False
multiscene_candidate_006__inflation_000mm,multiscene_candidate_006,0,direction_017,,,,,,True,,,,True,False
multiscene_candidate_006__inflation_000mm,multiscene_candidate_006,0,direction_018,,,,,,True,,,,True,False
multiscene_candidate_006__inflation_000mm,multiscene_candidate_006,0,direction_019,,,,,,True,,,,True,False
multiscene_candidate_006__inflation_000mm,multiscene_candidate_006,0,direction_020,,,,,,True,,,,True,False
multiscene_candidate_006__inflation_000mm,multiscene_candidate_006,0,direction_021,,,,,,True,,,,True,False
multiscene_candidate_006__inflation_000mm,multiscene_candidate_006,0,direction_022,,,,,,True,,,,True,False
multiscene_candidate_006__inflation_000mm,multiscene_candidate_006,0,direction_023,,,,,,True,,,,True,False
multiscene_candidate_006__inflation_000mm,multiscene_candidate_006,0,direction_024,,,,,,True,,,,True,False
multiscene_candidate_006__inflation_000mm,multiscene_candidate_006,0,direction_025,,,,,,True,,,,True,False
multiscene_candidate_006__inflation_000mm,multiscene_candidate_006,0,direction_026,,,,,,True,,,,True,False
multiscene_candidate_006__inflation_000mm,multiscene_candidate_006,0,direction_027,,,,,,True,,,,True,False
multiscene_candidate_006__inflation_000mm,multiscene_candidate_006,0,direction_028,,,,,,True,,,,True,False
multiscene_candidate_006__inflation_000mm,multiscene_candidate_006,0,direction_029,,,,,,True,,,,True,False
multiscene_candidate_006__inflation_000mm,multiscene_candidate_006,0,direction_030,,,,,,True,,,,True,False
multiscene_candidate_006__inflation_000mm,multiscene_candidate_006,0,direction_031,,,,,,True,,,,True,False
multiscene_candidate_006__inflation_000mm,multiscene_candidate_006,0,direction_032,,,,,,True,,,,True,False
multiscene_candidate_006__inflation_000mm,multiscene_candidate_006,0,direction_033,,,,,,True,,,,True,False
multiscene_candidate_006__inflation_000mm,multiscene_candidate_006,0,direction_034,,,,,,True,,,,True,False
multiscene_candidate_006__inflation_000mm,multiscene_candidate_006,0,direction_035,,,,,,True,,,,True,False
multiscene_candidate_006__inflation_000mm,multiscene_candidate_006,0,direction_036,,,,,,True,,,,True,False
multiscene_candidate_006__inflation_000mm,multiscene_candidate_006,0,direction_037,,,,,,True,,,,True,False
multiscene_candidate_006__inflation_000mm,multiscene_candidate_006,0,direction_038,,,,,,True,,,,True,False
multiscene_candidate_006__inflation_000mm,multiscene_candidate_006,0,direction_039,,,,,,True,,,,True,False
multiscene_candidate_006__inflation_000mm,multiscene_candidate_006,0,direction_040,,,,,,True,,,,True,False
multiscene_candidate_006__inflation_000mm,multiscene_candidate_006,0,direction_041,,,,,,True,,,,True,False
multiscene_candidate_006__inflation_000mm,multiscene_candidate_006,0,direction_042,,,,,,True,,,,True,False
multiscene_candidate_006__inflation_000mm,multiscene_candidate_006,0,direction_043,,,,,,True,,,,True,False
multiscene_candidate_006__inflation_000mm,multiscene_candidate_006,0,direction_044,,,,,,True,,,,True,False
multiscene_candidate_006__inflation_000mm,multiscene_candidate_006,0,direction_045,,,,,,True,,,,True,False
multiscene_candidate_006__inflation_000mm,multiscene_candidate_006,0,direction_046,,,,,,True,,,,True,False
multiscene_candidate_006__inflation_000mm,multiscene_candidate_006,0,direction_047,,,,,,True,,,,True,False
multiscene_candidate_006__inflation_000mm,multiscene_candidate_006,0,direction_048,,,,,,True,,,,True,False
multiscene_candidate_006__inflation_000mm,multiscene_candidate_006,0,direction_049,,,,,,True,,,,True,False
multiscene_candidate_006__inflation_000mm,multiscene_candidate_006,0,direction_050,,,,,,True,,,,True,False
multiscene_candidate_006__inflation_000mm,multiscene_candidate_006,0,direction_051,,,,,,True,,,,True,False
multiscene_candidate_006__inflation_000mm,multiscene_candidate_006,0,direction_052,,,,,,True,,,,True,False
multiscene_candidate_006__inflation_000mm,multiscene_candidate_006,0,direction_053,,,,,,True,,,,True,False
multiscene_candidate_006__inflation_000mm,multiscene_candidate_006,0,direction_054,,,,,,True,,,,True,False
multiscene_candidate_006__inflation_000mm,multiscene_candidate_006,0,direction_055,,,,,,True,,,,True,False
multiscene_candidate_006__inflation_000mm,multiscene_candidate_006,0,direction_056,,,,,,True,,,,True,False
multiscene_candidate_006__inflation_000mm,multiscene_candidate_006,0,direction_057,,,,,,True,,,,True,False
multiscene_candidate_006__inflation_000mm,multiscene_candidate_006,0,direction_058,,,,,,True,,,,True,False
multiscene_candidate_006__inflation_000mm,multiscene_candidate_006,0,direction_059,,,,,,True,,,,True,False
multiscene_candidate_006__inflation_000mm,multiscene_candidate_006,0,direction_060,,,,,,True,,,,True,False
multiscene_candidate_006__inflation_000mm,multiscene_candidate_006,0,direction_061,,,,,,True,,,,True,False
multiscene_candidate_006__inflation_000mm,multiscene_candidate_006,0,direction_062,,,,,,True,,,,True,False
multiscene_candidate_006__inflation_000mm,multiscene_candidate_006,0,direction_063,,,,,,True,,,,True,False
multiscene_candidate_006__inflation_000mm,multiscene_candidate_006,0,direction_064,,,,,,True,,,,True,False
multiscene_candidate_006__inflation_000mm,multiscene_candidate_006,0,direction_065,,,,,,True,,,,True,False
multiscene_candidate_006__inflation_000mm,multiscene_candidate_006,0,direction_066,,,,,,True,,,,True,False
multiscene_candidate_006__inflation_000mm,multiscene_candidate_006,0,direction_067,,,,,,True,,,,True,False
multiscene_candidate_006__inflation_000mm,multiscene_candidate_006,0,direction_068,,,,,,True,56.0,54.0,56.0,False,False
multiscene_candidate_006__inflation_000mm,multiscene_candidate_006,0,direction_069,,,,,,True,,,,True,False
multiscene_candidate_006__inflation_000mm,multiscene_candidate_006,0,direction_070,,,,,,True,,,,True,False
multiscene_candidate_006__inflation_000mm,multiscene_candidate_006,0,direction_071,,,,,,True,,,,True,False
multiscene_candidate_006__inflation_000mm,multiscene_candidate_006,0,direction_072,,,,,,True,,,,True,False
multiscene_candidate_006__inflation_000mm,multiscene_candidate_006,0,direction_073,30.0,28.0,28.5,0.5,28.25,False,40.0,38.0,40.0,False,False
multiscene_candidate_006__inflation_000mm,multiscene_candidate_006,0,direction_074,,,,,,True,,,,True,False
multiscene_candidate_006__inflation_000mm,multiscene_candidate_006,0,direction_075,,,,,,True,,,,True,False
multiscene_candidate_006__inflation_000mm,multiscene_candidate_006,0,direction_076,42.0,40.5,41.0,0.5,40.75,False,34.0,32.0,34.0,False,False
multiscene_candidate_006__inflation_000mm,multiscene_candidate_006,0,direction_077,,,,,,True,,,,True,False
multiscene_candidate_006__inflation_000mm,multiscene_candidate_006,0,direction_078,28.0,26.5,27.0,0.5,26.75,False,38.0,36.0,38.0,False,False
multiscene_candidate_006__inflation_000mm,multiscene_candidate_006,0,direction_079,,,,,,True,,,,True,False
multiscene_candidate_006__inflation_000mm,multiscene_candidate_006,0,direction_080,58.0,56.5,57.0,0.5,56.75,False,,,,True,False
multiscene_candidate_006__inflation_000mm,multiscene_candidate_006,0,direction_081,24.0,22.0,22.5,0.5,22.25,False,26.0,24.0,26.0,False,False
multiscene_candidate_006__inflation_000mm,multiscene_candidate_006,0,direction_082,,,,,,True,58.0,56.0,58.0,False,False
multiscene_candidate_006__inflation_000mm,multiscene_candidate_006,0,direction_083,28.0,26.5,27.0,0.5,26.75,False,40.0,38.0,40.0,False,False
multiscene_candidate_006__inflation_000mm,multiscene_candidate_006,0,direction_084,32.0,30.0,30.5,0.5,30.25,False,26.0,24.0,26.0,False,False
multiscene_candidate_006__inflation_000mm,multiscene_candidate_006,0,direction_085,38.0,36.5,37.0,0.5,36.75,False,56.0,54.0,56.0,False,False
multiscene_candidate_006__inflation_000mm,multiscene_candidate_006,0,direction_086,18.0,16.0,16.5,0.5,16.25,False,24.0,22.0,24.0,False,False
multiscene_candidate_006__inflation_000mm,multiscene_candidate_006,0,direction_087,36.0,34.5,35.0,0.5,34.75,False,32.0,30.0,32.0,False,False
multiscene_candidate_006__inflation_000mm,multiscene_candidate_006,0,direction_088,26.0,25.5,26.0,0.5,25.75,False,38.0,36.0,38.0,False,False
multiscene_candidate_006__inflation_000mm,multiscene_candidate_006,0,direction_089,20.0,18.0,18.5,0.5,18.25,False,20.0,19.0,20.0,False,False
multiscene_candidate_006__inflation_000mm,multiscene_candidate_006,0,direction_090,28.0,27.0,27.5,0.5,27.25,False,34.0,32.0,34.0,False,False
multiscene_candidate_006__inflation_000mm,multiscene_candidate_006,0,direction_091,18.0,16.0,16.5,0.5,16.25,False,26.0,24.0,26.0,False,False
multiscene_candidate_006__inflation_000mm,multiscene_candidate_006,0,direction_092,22.0,21.5,22.0,0.5,21.75,False,20.0,18.0,20.0,False,False
multiscene_candidate_006__inflation_000mm,multiscene_candidate_006,0,direction_093,22.0,21.5,22.0,0.5,21.75,False,32.0,30.0,32.0,False,False
multiscene_candidate_006__inflation_000mm,multiscene_candidate_006,0,direction_094,14.0,13.5,14.0,0.5,13.75,False,18.0,16.0,18.0,False,False
multiscene_candidate_006__inflation_000mm,multiscene_candidate_006,0,direction_095,24.0,22.5,23.0,0.5,22.75,False,24.0,22.0,22.5,False,False
multiscene_candidate_006__inflation_000mm,multiscene_candidate_006,0,direction_096,16.0,15.5,16.0,0.5,15.75,False,24.0,22.0,24.0,False,False
multiscene_candidate_006__inflation_000mm,multiscene_candidate_006,0,direction_097,16.0,15.5,16.0,0.5,15.75,False,16.0,15.5,16.0,False,False
multiscene_candidate_006__inflation_000mm,multiscene_candidate_006,0,direction_098,18.0,17.0,17.5,0.5,17.25,False,26.0,24.0,26.0,False,False
multiscene_candidate_006__inflation_000mm,multiscene_candidate_006,0,direction_099,12.0,11.5,12.0,0.5,11.75,False,18.0,16.0,18.0,False,False
multiscene_candidate_006__inflation_000mm,multiscene_candidate_006,0,direction_100,18.0,16.5,17.0,0.5,16.75,False,18.0,16.5,17.0,False,False
multiscene_candidate_006__inflation_000mm,multiscene_candidate_006,0,direction_101,16.0,14.5,15.0,0.5,14.75,False,24.0,22.0,24.0,False,False
multiscene_candidate_006__inflation_000mm,multiscene_candidate_006,0,direction_102,14.0,12.0,12.5,0.5,12.25,False,16.0,14.0,16.0,False,False
multiscene_candidate_006__inflation_000mm,multiscene_candidate_006,0,direction_103,16.0,15.5,16.0,0.5,15.75,False,20.0,18.0,20.0,False,False
multiscene_candidate_006__inflation_000mm,multiscene_candidate_006,0,direction_104,12.0,11.5,12.0,0.5,11.75,False,18.0,16.0,18.0,False,False
multiscene_candidate_006__inflation_000mm,multiscene_candidate_006,0,direction_105,14.0,13.0,13.5,0.5,13.25,False,14.0,13.5,14.0,False,False
multiscene_candidate_006__inflation_000mm,multiscene_candidate_006,0,direction_106,14.0,12.5,13.0,0.5,12.75,False,20.0,18.0,20.0,False,False
multiscene_candidate_006__inflation_000mm,multiscene_candidate_006,0,direction_107,10.0,9.5,10.0,0.5,9.75,False,14.0,12.0,14.0,False,False
multiscene_candidate_006__inflation_000mm,multiscene_candidate_006,0,direction_108,14.0,13.0,13.5,0.5,13.25,False,16.0,14.0,16.0,False,False
multiscene_candidate_006__inflation_000mm,multiscene_candidate_006,0,direction_109,12.0,10.5,11.0,0.5,10.75,False,16.0,14.0,16.0,False,False
multiscene_candidate_006__inflation_000mm,multiscene_candidate_006,0,direction_110,12.0,10.5,11.0,0.5,10.75,False,14.0,12.0,14.0,False,False
multiscene_candidate_006__inflation_000mm,multiscene_candidate_006,0,direction_111,12.0,11.5,12.0,0.5,11.75,False,16.0,14.0,16.0,False,False
multiscene_candidate_006__inflation_000mm,multiscene_candidate_006,0,direction_112,10.0,9.0,9.5,0.5,9.25,False,14.0,12.0,14.0,False,False
multiscene_candidate_006__inflation_000mm,multiscene_candidate_006,0,direction_113,12.0,11.0,11.5,0.5,11.25,False,14.0,12.0,14.0,False,False
multiscene_candidate_006__inflation_000mm,multiscene_candidate_006,0,direction_114,10.0,9.5,10.0,0.5,9.75,False,16.0,14.0,16.0,False,False
multiscene_candidate_006__inflation_000mm,multiscene_candidate_006,0,direction_115,10.0,9.0,9.5,0.5,9.25,False,12.0,10.0,12.0,False,False
multiscene_candidate_006__inflation_000mm,multiscene_candidate_006,0,direction_116,12.0,10.5,11.0,0.5,10.75,False,14.0,12.0,14.0,False,False
multiscene_candidate_006__inflation_000mm,multiscene_candidate_006,0,direction_117,10.0,9.0,9.5,0.5,9.25,False,14.0,12.0,14.0,False,False
multiscene_candidate_006__inflation_000mm,multiscene_candidate_006,0,direction_118,10.0,9.5,10.0,0.5,9.75,False,12.0,10.0,12.0,False,False
multiscene_candidate_006__inflation_000mm,multiscene_candidate_006,0,direction_119,10.0,9.0,9.5,0.5,9.25,False,14.0,12.0,14.0,False,False
multiscene_candidate_006__inflation_000mm,multiscene_candidate_006,0,direction_120,10.0,8.0,8.5,0.5,8.25,False,12.0,10.0,12.0,False,False
multiscene_candidate_006__inflation_000mm,multiscene_candidate_006,0,direction_121,10.0,9.0,9.5,0.5,9.25,False,12.0,10.0,12.0,False,False
multiscene_candidate_006__inflation_000mm,multiscene_candidate_006,0,direction_122,10.0,8.0,8.5,0.5,8.25,False,12.0,10.0,12.0,False,False
multiscene_candidate_006__inflation_000mm,multiscene_candidate_006,0,direction_123,10.0,8.0,8.5,0.5,8.25,False,12.0,10.0,12.0,False,False
multiscene_candidate_006__inflation_000mm,multiscene_candidate_006,0,direction_124,10.0,8.5,9.0,0.5,8.75,False,12.0,10.0,12.0,False,False
multiscene_candidate_006__inflation_000mm,multiscene_candidate_006,0,direction_125,8.0,7.5,8.0,0.5,7.75,False,12.0,10.0,12.0,False,False
multiscene_candidate_006__inflation_000mm,multiscene_candidate_006,0,direction_126,10.0,8.0,8.5,0.5,8.25,False,12.0,10.0,12.0,False,False
multiscene_candidate_006__inflation_000mm,multiscene_candidate_006,0,direction_127,8.0,7.5,8.0,0.5,7.75,False,12.0,10.0,12.0,False,False
multiscene_candidate_006__inflation_005mm,multiscene_candidate_006,5,direction_000,,,,,,True,,,,True,False
multiscene_candidate_006__inflation_005mm,multiscene_candidate_006,5,direction_001,,,,,,True,,,,True,False
multiscene_candidate_006__inflation_005mm,multiscene_candidate_006,5,direction_002,,,,,,True,,,,True,False
multiscene_candidate_006__inflation_005mm,multiscene_candidate_006,5,direction_003,,,,,,True,,,,True,False
multiscene_candidate_006__inflation_005mm,multiscene_candidate_006,5,direction_004,,,,,,True,,,,True,False
multiscene_candidate_006__inflation_005mm,multiscene_candidate_006,5,direction_005,,,,,,True,,,,True,False
multiscene_candidate_006__inflation_005mm,multiscene_candidate_006,5,direction_006,,,,,,True,,,,True,False
multiscene_candidate_006__inflation_005mm,multiscene_candidate_006,5,direction_007,,,,,,True,,,,True,False
multiscene_candidate_006__inflation_005mm,multiscene_candidate_006,5,direction_008,,,,,,True,,,,True,False
multiscene_candidate_006__inflation_005mm,multiscene_candidate_006,5,direction_009,,,,,,True,,,,True,False
multiscene_candidate_006__inflation_005mm,multiscene_candidate_006,5,direction_010,,,,,,True,,,,True,False
multiscene_candidate_006__inflation_005mm,multiscene_candidate_006,5,direction_011,,,,,,True,,,,True,False
multiscene_candidate_006__inflation_005mm,multiscene_candidate_006,5,direction_012,,,,,,True,,,,True,False
multiscene_candidate_006__inflation_005mm,multiscene_candidate_006,5,direction_013,,,,,,True,,,,True,False
multiscene_candidate_006__inflation_005mm,multiscene_candidate_006,5,direction_014,,,,,,True,,,,True,False
multiscene_candidate_006__inflation_005mm,multiscene_candidate_006,5,direction_015,,,,,,True,,,,True,False
multiscene_candidate_006__inflation_005mm,multiscene_candidate_006,5,direction_016,,,,,,True,,,,True,False
multiscene_candidate_006__inflation_005mm,multiscene_candidate_006,5,direction_017,,,,,,True,,,,True,False
multiscene_candidate_006__inflation_005mm,multiscene_candidate_006,5,direction_018,,,,,,True,,,,True,False
multiscene_candidate_006__inflation_005mm,multiscene_candidate_006,5,direction_019,,,,,,True,,,,True,False
multiscene_candidate_006__inflation_005mm,multiscene_candidate_006,5,direction_020,,,,,,True,,,,True,False
multiscene_candidate_006__inflation_005mm,multiscene_candidate_006,5,direction_021,,,,,,True,,,,True,False
multiscene_candidate_006__inflation_005mm,multiscene_candidate_006,5,direction_022,,,,,,True,,,,True,False
multiscene_candidate_006__inflation_005mm,multiscene_candidate_006,5,direction_023,,,,,,True,,,,True,False
multiscene_candidate_006__inflation_005mm,multiscene_candidate_006,5,direction_024,,,,,,True,,,,True,False
multiscene_candidate_006__inflation_005mm,multiscene_candidate_006,5,direction_025,,,,,,True,,,,True,False
multiscene_candidate_006__inflation_005mm,multiscene_candidate_006,5,direction_026,,,,,,True,,,,True,False
multiscene_candidate_006__inflation_005mm,multiscene_candidate_006,5,direction_027,,,,,,True,,,,True,False
multiscene_candidate_006__inflation_005mm,multiscene_candidate_006,5,direction_028,,,,,,True,,,,True,False
multiscene_candidate_006__inflation_005mm,multiscene_candidate_006,5,direction_029,,,,,,True,,,,True,False
multiscene_candidate_006__inflation_005mm,multiscene_candidate_006,5,direction_030,,,,,,True,,,,True,False
multiscene_candidate_006__inflation_005mm,multiscene_candidate_006,5,direction_031,,,,,,True,,,,True,False
multiscene_candidate_006__inflation_005mm,multiscene_candidate_006,5,direction_032,,,,,,True,,,,True,False
multiscene_candidate_006__inflation_005mm,multiscene_candidate_006,5,direction_033,,,,,,True,,,,True,False
multiscene_candidate_006__inflation_005mm,multiscene_candidate_006,5,direction_034,,,,,,True,,,,True,False
multiscene_candidate_006__inflation_005mm,multiscene_candidate_006,5,direction_035,,,,,,True,,,,True,False
multiscene_candidate_006__inflation_005mm,multiscene_candidate_006,5,direction_036,,,,,,True,,,,True,False
multiscene_candidate_006__inflation_005mm,multiscene_candidate_006,5,direction_037,,,,,,True,,,,True,False
multiscene_candidate_006__inflation_005mm,multiscene_candidate_006,5,direction_038,,,,,,True,,,,True,False
multiscene_candidate_006__inflation_005mm,multiscene_candidate_006,5,direction_039,,,,,,True,,,,True,False
multiscene_candidate_006__inflation_005mm,multiscene_candidate_006,5,direction_040,,,,,,True,,,,True,False
multiscene_candidate_006__inflation_005mm,multiscene_candidate_006,5,direction_041,,,,,,True,,,,True,False
multiscene_candidate_006__inflation_005mm,multiscene_candidate_006,5,direction_042,,,,,,True,,,,True,False
multiscene_candidate_006__inflation_005mm,multiscene_candidate_006,5,direction_043,,,,,,True,,,,True,False
multiscene_candidate_006__inflation_005mm,multiscene_candidate_006,5,direction_044,,,,,,True,,,,True,False
multiscene_candidate_006__inflation_005mm,multiscene_candidate_006,5,direction_045,,,,,,True,,,,True,False
multiscene_candidate_006__inflation_005mm,multiscene_candidate_006,5,direction_046,,,,,,True,,,,True,False
multiscene_candidate_006__inflation_005mm,multiscene_candidate_006,5,direction_047,,,,,,True,,,,True,False
multiscene_candidate_006__inflation_005mm,multiscene_candidate_006,5,direction_048,,,,,,True,,,,True,False
multiscene_candidate_006__inflation_005mm,multiscene_candidate_006,5,direction_049,,,,,,True,,,,True,False
multiscene_candidate_006__inflation_005mm,multiscene_candidate_006,5,direction_050,,,,,,True,,,,True,False
multiscene_candidate_006__inflation_005mm,multiscene_candidate_006,5,direction_051,,,,,,True,,,,True,False
multiscene_candidate_006__inflation_005mm,multiscene_candidate_006,5,direction_052,,,,,,True,,,,True,False
multiscene_candidate_006__inflation_005mm,multiscene_candidate_006,5,direction_053,,,,,,True,,,,True,False
multiscene_candidate_006__inflation_005mm,multiscene_candidate_006,5,direction_054,,,,,,True,,,,True,False
multiscene_candidate_006__inflation_005mm,multiscene_candidate_006,5,direction_055,,,,,,True,,,,True,False
multiscene_candidate_006__inflation_005mm,multiscene_candidate_006,5,direction_056,,,,,,True,,,,True,False
multiscene_candidate_006__inflation_005mm,multiscene_candidate_006,5,direction_057,,,,,,True,,,,True,False
multiscene_candidate_006__inflation_005mm,multiscene_candidate_006,5,direction_058,,,,,,True,,,,True,False
multiscene_candidate_006__inflation_005mm,multiscene_candidate_006,5,direction_059,,,,,,True,,,,True,False
multiscene_candidate_006__inflation_005mm,multiscene_candidate_006,5,direction_060,,,,,,True,,,,True,False
multiscene_candidate_006__inflation_005mm,multiscene_candidate_006,5,direction_061,,,,,,True,,,,True,False
multiscene_candidate_006__inflation_005mm,multiscene_candidate_006,5,direction_062,,,,,,True,,,,True,False
multiscene_candidate_006__inflation_005mm,multiscene_candidate_006,5,direction_063,,,,,,True,,,,True,False
multiscene_candidate_006__inflation_005mm,multiscene_candidate_006,5,direction_064,,,,,,True,,,,True,False
multiscene_candidate_006__inflation_005mm,multiscene_candidate_006,5,direction_065,,,,,,True,,,,True,False
multiscene_candidate_006__inflation_005mm,multiscene_candidate_006,5,direction_066,,,,,,True,,,,True,False
multiscene_candidate_006__inflation_005mm,multiscene_candidate_006,5,direction_067,,,,,,True,,,,True,False
multiscene_candidate_006__inflation_005mm,multiscene_candidate_006,5,direction_068,,,,,,True,,,,True,False
multiscene_candidate_006__inflation_005mm,multiscene_candidate_006,5,direction_069,,,,,,True,,,,True,False
multiscene_candidate_006__inflation_005mm,multiscene_candidate_006,5,direction_070,,,,,,True,,,,True,False
multiscene_candidate_006__inflation_005mm,multiscene_candidate_006,5,direction_071,,,,,,True,,,,True,False
multiscene_candidate_006__inflation_005mm,multiscene_candidate_006,5,direction_072,,,,,,True,,,,True,False
multiscene_candidate_006__inflation_005mm,multiscene_candidate_006,5,direction_073,50.0,48.5,49.0,0.5,48.75,False,,,,True,False
multiscene_candidate_006__inflation_005mm,multiscene_candidate_006,5,direction_074,,,,,,True,,,,True,False
multiscene_candidate_006__inflation_005mm,multiscene_candidate_006,5,direction_075,,,,,,True,,,,True,False
multiscene_candidate_006__inflation_005mm,multiscene_candidate_006,5,direction_076,,,,,,True,,,,True,False
multiscene_candidate_006__inflation_005mm,multiscene_candidate_006,5,direction_077,,,,,,True,,,,True,False
multiscene_candidate_006__inflation_005mm,multiscene_candidate_006,5,direction_078,48.0,47.0,47.5,0.5,47.25,False,,,,True,False
multiscene_candidate_006__inflation_005mm,multiscene_candidate_006,5,direction_079,,,,,,True,,,,True,False
multiscene_candidate_006__inflation_005mm,multiscene_candidate_006,5,direction_080,,,,,,True,,,,True,False
multiscene_candidate_006__inflation_005mm,multiscene_candidate_006,5,direction_081,38.0,37.0,37.5,0.5,37.25,False,42.0,40.0,42.0,False,False
multiscene_candidate_006__inflation_005mm,multiscene_candidate_006,5,direction_082,,,,,,True,,,,True,False
multiscene_candidate_006__inflation_005mm,multiscene_candidate_006,5,direction_083,48.0,47.0,47.5,0.5,47.25,False,60.0,58.0,60.0,False,False
multiscene_candidate_006__inflation_005mm,multiscene_candidate_006,5,direction_084,50.0,49.5,50.0,0.5,49.75,False,48.0,46.0,48.0,False,False
multiscene_candidate_006__inflation_005mm,multiscene_candidate_006,5,direction_085,56.0,54.5,55.0,0.5,54.75,False,,,,True,False
multiscene_candidate_006__inflation_005mm,multiscene_candidate_006,5,direction_086,30.0,29.5,30.0,0.5,29.75,False,40.0,38.0,40.0,False,False
multiscene_candidate_006__inflation_005mm,multiscene_candidate_006,5,direction_087,60.0,59.5,60.0,0.5,59.75,False,60.0,59.0,59.5,False,False
multiscene_candidate_006__inflation_005mm,multiscene_candidate_006,5,direction_088,44.0,42.5,43.0,0.5,42.75,False,56.0,54.0,56.0,False,False
multiscene_candidate_006__inflation_005mm,multiscene_candidate_006,5,direction_089,32.0,30.0,30.5,0.5,30.25,False,30.0,28.0,30.0,False,False
multiscene_candidate_006__inflation_005mm,multiscene_candidate_006,5,direction_090,42.0,41.5,42.0,0.5,41.75,False,50.0,48.0,50.0,False,False
multiscene_candidate_006__inflation_005mm,multiscene_candidate_006,5,direction_091,30.0,28.5,29.0,0.5,28.75,False,38.0,36.0,38.0,False,False
multiscene_candidate_006__inflation_005mm,multiscene_candidate_006,5,direction_092,38.0,36.0,36.5,0.5,36.25,False,36.0,34.0,36.0,False,False
multiscene_candidate_006__inflation_005mm,multiscene_candidate_006,5,direction_093,36.0,35.5,36.0,0.5,35.75,False,46.0,44.0,46.0,False,False
multiscene_candidate_006__inflation_005mm,multiscene_candidate_006,5,direction_094,24.0,22.0,22.5,0.5,22.25,False,30.0,28.0,30.0,False,False
multiscene_candidate_006__inflation_005mm,multiscene_candidate_006,5,direction_095,36.0,35.5,36.0,0.5,35.75,False,36.0,34.0,35.0,False,False
multiscene_candidate_006__inflation_005mm,multiscene_candidate_006,5,direction_096,30.0,28.0,28.5,0.5,28.25,False,36.0,34.0,36.0,False,False
multiscene_candidate_006__inflation_005mm,multiscene_candidate_006,5,direction_097,26.0,25.5,26.0,0.5,25.75,False,26.0,25.5,26.0,False,False
multiscene_candidate_006__inflation_005mm,multiscene_candidate_006,5,direction_098,30.0,28.0,28.5,0.5,28.25,False,38.0,36.0,38.0,False,False
multiscene_candidate_006__inflation_005mm,multiscene_candidate_006,5,direction_099,22.0,21.0,21.5,0.5,21.25,False,28.0,26.0,28.0,False,False
multiscene_candidate_006__inflation_005mm,multiscene_candidate_006,5,direction_100,30.0,28.0,28.5,0.5,28.25,False,28.0,26.0,28.0,False,False
multiscene_candidate_006__inflation_005mm,multiscene_candidate_006,5,direction_101,26.0,24.5,25.0,0.5,24.75,False,34.0,32.0,34.0,False,False
multiscene_candidate_006__inflation_005mm,multiscene_candidate_006,5,direction_102,20.0,19.5,20.0,0.5,19.75,False,24.0,22.0,24.0,False,False
multiscene_candidate_006__inflation_005mm,multiscene_candidate_006,5,direction_103,26.0,24.5,25.0,0.5,24.75,False,30.0,28.0,30.0,False,False
multiscene_candidate_006__inflation_005mm,multiscene_candidate_006,5,direction_104,20.0,19.5,20.0,0.5,19.75,False,26.0,24.0,26.0,False,False
multiscene_candidate_006__inflation_005mm,multiscene_candidate_006,5,direction_105,22.0,21.0,21.5,0.5,21.25,False,22.0,21.0,21.5,False,False
multiscene_candidate_006__inflation_005mm,multiscene_candidate_006,5,direction_106,22.0,21.5,22.0,0.5,21.75,False,28.0,26.0,28.0,False,False
multiscene_candidate_006__inflation_005mm,multiscene_candidate_006,5,direction_107,18.0,16.5,17.0,0.5,16.75,False,22.0,20.0,22.0,False,False
multiscene_candidate_006__inflation_005mm,multiscene_candidate_006,5,direction_108,22.0,21.5,22.0,0.5,21.75,False,24.0,22.0,24.0,False,False
multiscene_candidate_006__inflation_005mm,multiscene_candidate_006,5,direction_109,20.0,19.0,19.5,0.5,19.25,False,26.0,24.0,26.0,False,False
multiscene_candidate_006__inflation_005mm,multiscene_candidate_006,5,direction_110,18.0,17.0,17.5,0.5,17.25,False,20.0,18.0,20.0,False,False
multiscene_candidate_006__inflation_005mm,multiscene_candidate_006,5,direction_111,20.0,19.0,19.5,0.5,19.25,False,26.0,24.0,26.0,False,False
multiscene_candidate_006__inflation_005mm,multiscene_candidate_006,5,direction_112,18.0,16.0,16.5,0.5,16.25,False,22.0,20.0,22.0,False,False
multiscene_candidate_006__inflation_005mm,multiscene_candidate_006,5,direction_113,18.0,17.5,18.0,0.5,17.75,False,20.0,18.0,20.0,False,False
multiscene_candidate_006__inflation_005mm,multiscene_candidate_006,5,direction_114,18.0,17.5,18.0,0.5,17.75,False,24.0,22.0,24.0,False,False
multiscene_candidate_006__inflation_005mm,multiscene_candidate_006,5,direction_115,16.0,14.5,15.0,0.5,14.75,False,18.0,16.0,18.0,False,False
multiscene_candidate_006__inflation_005mm,multiscene_candidate_006,5,direction_116,18.0,17.0,17.5,0.5,17.25,False,20.0,18.0,20.0,False,False
multiscene_candidate_006__inflation_005mm,multiscene_candidate_006,5,direction_117,16.0,15.0,15.5,0.5,15.25,False,20.0,18.0,20.0,False,False
multiscene_candidate_006__inflation_005mm,multiscene_candidate_006,5,direction_118,16.0,15.0,15.5,0.5,15.25,False,18.0,16.0,18.0,False,False
multiscene_candidate_006__inflation_005mm,multiscene_candidate_006,5,direction_119,16.0,15.5,16.0,0.5,15.75,False,22.0,20.0,22.0,False,False
multiscene_candidate_006__inflation_005mm,multiscene_candidate_006,5,direction_120,14.0,13.5,14.0,0.5,13.75,False,18.0,16.0,18.0,False,False
multiscene_candidate_006__inflation_005mm,multiscene_candidate_006,5,direction_121,16.0,15.0,15.5,0.5,15.25,False,18.0,16.0,18.0,False,False
multiscene_candidate_006__inflation_005mm,multiscene_candidate_006,5,direction_122,16.0,14.0,14.5,0.5,14.25,False,20.0,18.0,20.0,False,False
multiscene_candidate_006__inflation_005mm,multiscene_candidate_006,5,direction_123,14.0,13.0,13.5,0.5,13.25,False,18.0,16.0,18.0,False,False
multiscene_candidate_006__inflation_005mm,multiscene_candidate_006,5,direction_124,14.0,13.5,14.0,0.5,13.75,False,18.0,16.0,18.0,False,False
multiscene_candidate_006__inflation_005mm,multiscene_candidate_006,5,direction_125,14.0,12.5,13.0,0.5,12.75,False,18.0,16.0,18.0,False,False
multiscene_candidate_006__inflation_005mm,multiscene_candidate_006,5,direction_126,14.0,13.0,13.5,0.5,13.25,False,18.0,16.0,18.0,False,False
multiscene_candidate_006__inflation_005mm,multiscene_candidate_006,5,direction_127,14.0,12.5,13.0,0.5,12.75,False,18.0,16.0,18.0,False,False
multiscene_candidate_006__inflation_010mm,multiscene_candidate_006,10,direction_000,,,,,,True,,,,True,False
multiscene_candidate_006__inflation_010mm,multiscene_candidate_006,10,direction_001,,,,,,True,,,,True,False
multiscene_candidate_006__inflation_010mm,multiscene_candidate_006,10,direction_002,,,,,,True,,,,True,False
multiscene_candidate_006__inflation_010mm,multiscene_candidate_006,10,direction_003,,,,,,True,,,,True,False
multiscene_candidate_006__inflation_010mm,multiscene_candidate_006,10,direction_004,,,,,,True,,,,True,False
multiscene_candidate_006__inflation_010mm,multiscene_candidate_006,10,direction_005,,,,,,True,,,,True,False
multiscene_candidate_006__inflation_010mm,multiscene_candidate_006,10,direction_006,,,,,,True,,,,True,False
multiscene_candidate_006__inflation_010mm,multiscene_candidate_006,10,direction_007,,,,,,True,,,,True,False
multiscene_candidate_006__inflation_010mm,multiscene_candidate_006,10,direction_008,,,,,,True,,,,True,False
multiscene_candidate_006__inflation_010mm,multiscene_candidate_006,10,direction_009,,,,,,True,,,,True,False
multiscene_candidate_006__inflation_010mm,multiscene_candidate_006,10,direction_010,,,,,,True,,,,True,False
multiscene_candidate_006__inflation_010mm,multiscene_candidate_006,10,direction_011,,,,,,True,,,,True,False
multiscene_candidate_006__inflation_010mm,multiscene_candidate_006,10,direction_012,,,,,,True,,,,True,False
multiscene_candidate_006__inflation_010mm,multiscene_candidate_006,10,direction_013,,,,,,True,,,,True,False
multiscene_candidate_006__inflation_010mm,multiscene_candidate_006,10,direction_014,,,,,,True,,,,True,False
multiscene_candidate_006__inflation_010mm,multiscene_candidate_006,10,direction_015,,,,,,True,,,,True,False
multiscene_candidate_006__inflation_010mm,multiscene_candidate_006,10,direction_016,,,,,,True,,,,True,False
multiscene_candidate_006__inflation_010mm,multiscene_candidate_006,10,direction_017,,,,,,True,,,,True,False
multiscene_candidate_006__inflation_010mm,multiscene_candidate_006,10,direction_018,,,,,,True,,,,True,False
multiscene_candidate_006__inflation_010mm,multiscene_candidate_006,10,direction_019,,,,,,True,,,,True,False
multiscene_candidate_006__inflation_010mm,multiscene_candidate_006,10,direction_020,,,,,,True,,,,True,False
multiscene_candidate_006__inflation_010mm,multiscene_candidate_006,10,direction_021,,,,,,True,,,,True,False
multiscene_candidate_006__inflation_010mm,multiscene_candidate_006,10,direction_022,,,,,,True,,,,True,False
multiscene_candidate_006__inflation_010mm,multiscene_candidate_006,10,direction_023,,,,,,True,,,,True,False
multiscene_candidate_006__inflation_010mm,multiscene_candidate_006,10,direction_024,,,,,,True,,,,True,False
multiscene_candidate_006__inflation_010mm,multiscene_candidate_006,10,direction_025,,,,,,True,,,,True,False
multiscene_candidate_006__inflation_010mm,multiscene_candidate_006,10,direction_026,,,,,,True,,,,True,False
multiscene_candidate_006__inflation_010mm,multiscene_candidate_006,10,direction_027,,,,,,True,,,,True,False
multiscene_candidate_006__inflation_010mm,multiscene_candidate_006,10,direction_028,,,,,,True,,,,True,False
multiscene_candidate_006__inflation_010mm,multiscene_candidate_006,10,direction_029,,,,,,True,,,,True,False
multiscene_candidate_006__inflation_010mm,multiscene_candidate_006,10,direction_030,,,,,,True,,,,True,False
multiscene_candidate_006__inflation_010mm,multiscene_candidate_006,10,direction_031,,,,,,True,,,,True,False
multiscene_candidate_006__inflation_010mm,multiscene_candidate_006,10,direction_032,,,,,,True,,,,True,False
multiscene_candidate_006__inflation_010mm,multiscene_candidate_006,10,direction_033,,,,,,True,,,,True,False
multiscene_candidate_006__inflation_010mm,multiscene_candidate_006,10,direction_034,,,,,,True,,,,True,False
multiscene_candidate_006__inflation_010mm,multiscene_candidate_006,10,direction_035,,,,,,True,,,,True,False
multiscene_candidate_006__inflation_010mm,multiscene_candidate_006,10,direction_036,,,,,,True,,,,True,False
multiscene_candidate_006__inflation_010mm,multiscene_candidate_006,10,direction_037,,,,,,True,,,,True,False
multiscene_candidate_006__inflation_010mm,multiscene_candidate_006,10,direction_038,,,,,,True,,,,True,False
multiscene_candidate_006__inflation_010mm,multiscene_candidate_006,10,direction_039,,,,,,True,,,,True,False
multiscene_candidate_006__inflation_010mm,multiscene_candidate_006,10,direction_040,,,,,,True,,,,True,False
multiscene_candidate_006__inflation_010mm,multiscene_candidate_006,10,direction_041,,,,,,True,,,,True,False
multiscene_candidate_006__inflation_010mm,multiscene_candidate_006,10,direction_042,,,,,,True,,,,True,False
multiscene_candidate_006__inflation_010mm,multiscene_candidate_006,10,direction_043,,,,,,True,,,,True,False
multiscene_candidate_006__inflation_010mm,multiscene_candidate_006,10,direction_044,,,,,,True,,,,True,False
multiscene_candidate_006__inflation_010mm,multiscene_candidate_006,10,direction_045,,,,,,True,,,,True,False
multiscene_candidate_006__inflation_010mm,multiscene_candidate_006,10,direction_046,,,,,,True,,,,True,False
multiscene_candidate_006__inflation_010mm,multiscene_candidate_006,10,direction_047,,,,,,True,,,,True,False
multiscene_candidate_006__inflation_010mm,multiscene_candidate_006,10,direction_048,,,,,,True,,,,True,False
multiscene_candidate_006__inflation_010mm,multiscene_candidate_006,10,direction_049,,,,,,True,,,,True,False
multiscene_candidate_006__inflation_010mm,multiscene_candidate_006,10,direction_050,,,,,,True,,,,True,False
multiscene_candidate_006__inflation_010mm,multiscene_candidate_006,10,direction_051,,,,,,True,,,,True,False
multiscene_candidate_006__inflation_010mm,multiscene_candidate_006,10,direction_052,,,,,,True,,,,True,False
multiscene_candidate_006__inflation_010mm,multiscene_candidate_006,10,direction_053,,,,,,True,,,,True,False
multiscene_candidate_006__inflation_010mm,multiscene_candidate_006,10,direction_054,,,,,,True,,,,True,False
multiscene_candidate_006__inflation_010mm,multiscene_candidate_006,10,direction_055,,,,,,True,,,,True,False
multiscene_candidate_006__inflation_010mm,multiscene_candidate_006,10,direction_056,,,,,,True,,,,True,False
multiscene_candidate_006__inflation_010mm,multiscene_candidate_006,10,direction_057,,,,,,True,,,,True,False
multiscene_candidate_006__inflation_010mm,multiscene_candidate_006,10,direction_058,,,,,,True,,,,True,False
multiscene_candidate_006__inflation_010mm,multiscene_candidate_006,10,direction_059,,,,,,True,,,,True,False
multiscene_candidate_006__inflation_010mm,multiscene_candidate_006,10,direction_060,,,,,,True,,,,True,False
multiscene_candidate_006__inflation_010mm,multiscene_candidate_006,10,direction_061,,,,,,True,,,,True,False
multiscene_candidate_006__inflation_010mm,multiscene_candidate_006,10,direction_062,,,,,,True,,,,True,False
multiscene_candidate_006__inflation_010mm,multiscene_candidate_006,10,direction_063,,,,,,True,,,,True,False
multiscene_candidate_006__inflation_010mm,multiscene_candidate_006,10,direction_064,,,,,,True,,,,True,False
multiscene_candidate_006__inflation_010mm,multiscene_candidate_006,10,direction_065,,,,,,True,,,,True,False
multiscene_candidate_006__inflation_010mm,multiscene_candidate_006,10,direction_066,,,,,,True,,,,True,False
multiscene_candidate_006__inflation_010mm,multiscene_candidate_006,10,direction_067,,,,,,True,,,,True,False
multiscene_candidate_006__inflation_010mm,multiscene_candidate_006,10,direction_068,,,,,,True,,,,True,False
multiscene_candidate_006__inflation_010mm,multiscene_candidate_006,10,direction_069,,,,,,True,,,,True,False
multiscene_candidate_006__inflation_010mm,multiscene_candidate_006,10,direction_070,,,,,,True,,,,True,False
multiscene_candidate_006__inflation_010mm,multiscene_candidate_006,10,direction_071,,,,,,True,,,,True,False
multiscene_candidate_006__inflation_010mm,multiscene_candidate_006,10,direction_072,,,,,,True,,,,True,False
multiscene_candidate_006__inflation_010mm,multiscene_candidate_006,10,direction_073,,,,,,True,,,,True,False
multiscene_candidate_006__inflation_010mm,multiscene_candidate_006,10,direction_074,,,,,,True,,,,True,False
multiscene_candidate_006__inflation_010mm,multiscene_candidate_006,10,direction_075,,,,,,True,,,,True,False
multiscene_candidate_006__inflation_010mm,multiscene_candidate_006,10,direction_076,,,,,,True,,,,True,False
multiscene_candidate_006__inflation_010mm,multiscene_candidate_006,10,direction_077,,,,,,True,,,,True,False
multiscene_candidate_006__inflation_010mm,multiscene_candidate_006,10,direction_078,,,,,,True,,,,True,False
multiscene_candidate_006__inflation_010mm,multiscene_candidate_006,10,direction_079,,,,,,True,,,,True,False
multiscene_candidate_006__inflation_010mm,multiscene_candidate_006,10,direction_080,,,,,,True,,,,True,False
multiscene_candidate_006__inflation_010mm,multiscene_candidate_006,10,direction_081,54.0,52.0,52.5,0.5,52.25,False,54.0,53.0,54.0,False,False
multiscene_candidate_006__inflation_010mm,multiscene_candidate_006,10,direction_082,,,,,,True,,,,True,False
multiscene_candidate_006__inflation_010mm,multiscene_candidate_006,10,direction_083,,,,,,True,,,,True,False
multiscene_candidate_006__inflation_010mm,multiscene_candidate_006,10,direction_084,,,,,,True,,,,True,False
multiscene_candidate_006__inflation_010mm,multiscene_candidate_006,10,direction_085,,,,,,True,,,,True,False
multiscene_candidate_006__inflation_010mm,multiscene_candidate_006,10,direction_086,44.0,42.5,43.0,0.5,42.75,False,52.0,50.0,52.0,False,False
multiscene_candidate_006__inflation_010mm,multiscene_candidate_006,10,direction_087,,,,,,True,,,,True,False
multiscene_candidate_006__inflation_010mm,multiscene_candidate_006,10,direction_088,58.0,56.5,57.0,0.5,56.75,False,,,,True,False
multiscene_candidate_006__inflation_010mm,multiscene_candidate_006,10,direction_089,44.0,42.5,43.0,0.5,42.75,False,42.0,40.0,42.0,False,False
multiscene_candidate_006__inflation_010mm,multiscene_candidate_006,10,direction_090,56.0,54.0,54.5,0.5,54.25,False,,,,True,False
multiscene_candidate_006__inflation_010mm,multiscene_candidate_006,10,direction_091,42.0,40.0,40.5,0.5,40.25,False,50.0,48.0,50.0,False,False
multiscene_candidate_006__inflation_010mm,multiscene_candidate_006,10,direction_092,52.0,50.0,50.5,0.5,50.25,False,50.0,48.0,50.0,False,False
multiscene_candidate_006__inflation_010mm,multiscene_candidate_006,10,direction_093,48.0,47.0,47.5,0.5,47.25,False,58.0,56.0,58.0,False,False
multiscene_candidate_006__inflation_010mm,multiscene_candidate_006,10,direction_094,32.0,31.5,32.0,0.5,31.75,False,38.0,36.0,38.0,False,False
multiscene_candidate_006__inflation_010mm,multiscene_candidate_006,10,direction_095,48.0,47.0,47.5,0.5,47.25,False,48.0,46.0,47.0,False,False
multiscene_candidate_006__inflation_010mm,multiscene_candidate_006,10,direction_096,38.0,37.0,37.5,0.5,37.25,False,46.0,44.0,46.0,False,False
multiscene_candidate_006__inflation_010mm,multiscene_candidate_006,10,direction_097,36.0,35.0,35.5,0.5,35.25,False,36.0,35.0,35.5,False,False
multiscene_candidate_006__inflation_010mm,multiscene_candidate_006,10,direction_098,38.0,37.5,38.0,0.5,37.75,False,48.0,46.0,48.0,False,False
multiscene_candidate_006__inflation_010mm,multiscene_candidate_006,10,direction_099,32.0,30.0,30.5,0.5,30.25,False,36.0,34.0,36.0,False,False
multiscene_candidate_006__inflation_010mm,multiscene_candidate_006,10,direction_100,38.0,37.5,38.0,0.5,37.75,False,38.0,36.0,37.0,False,False
multiscene_candidate_006__inflation_010mm,multiscene_candidate_006,10,direction_101,36.0,34.5,35.0,0.5,34.75,False,42.0,40.0,42.0,False,False
multiscene_candidate_006__inflation_010mm,multiscene_candidate_006,10,direction_102,28.0,27.0,27.5,0.5,27.25,False,32.0,30.0,32.0,False,False
multiscene_candidate_006__inflation_010mm,multiscene_candidate_006,10,direction_103,34.0,33.0,33.5,0.5,33.25,False,38.0,36.0,38.0,False,False
multiscene_candidate_006__inflation_010mm,multiscene_candidate_006,10,direction_104,30.0,28.5,29.0,0.5,28.75,False,36.0,34.0,36.0,False,False
multiscene_candidate_006__inflation_010mm,multiscene_candidate_006,10,direction_105,30.0,29.0,29.5,0.5,29.25,False,30.0,29.0,29.5,False,False
multiscene_candidate_006__inflation_010mm,multiscene_candidate_006,10,direction_106,32.0,30.5,31.0,0.5,30.75,False,38.0,36.0,38.0,False,False
multiscene_candidate_006__inflation_010mm,multiscene_candidate_006,10,direction_107,24.0,23.5,24.0,0.5,23.75,False,30.0,28.0,30.0,False,False
multiscene_candidate_006__inflation_010mm,multiscene_candidate_006,10,direction_108,30.0,29.0,29.5,0.5,29.25,False,32.0,30.0,32.0,False,False
multiscene_candidate_006__inflation_010mm,multiscene_candidate_006,10,direction_109,28.0,26.5,27.0,0.5,26.75,False,34.0,32.0,34.0,False,False
multiscene_candidate_006__inflation_010mm,multiscene_candidate_006,10,direction_110,24.0,23.5,24.0,0.5,23.75,False,28.0,26.0,28.0,False,False
multiscene_candidate_006__inflation_010mm,multiscene_candidate_006,10,direction_111,26.0,25.0,25.5,0.5,25.25,False,32.0,30.0,32.0,False,False
multiscene_candidate_006__inflation_010mm,multiscene_candidate_006,10,direction_112,24.0,22.5,23.0,0.5,22.75,False,28.0,26.0,28.0,False,False
multiscene_candidate_006__inflation_010mm,multiscene_candidate_006,10,direction_113,26.0,24.5,25.0,0.5,24.75,False,28.0,26.0,28.0,False,False
multiscene_candidate_006__inflation_010mm,multiscene_candidate_006,10,direction_114,24.0,23.5,24.0,0.5,23.75,False,30.0,28.0,30.0,False,False
multiscene_candidate_006__inflation_010mm,multiscene_candidate_006,10,direction_115,22.0,20.5,21.0,0.5,20.75,False,26.0,24.0,26.0,False,False
multiscene_candidate_006__inflation_010mm,multiscene_candidate_006,10,direction_116,24.0,22.5,23.0,0.5,22.75,False,28.0,26.0,28.0,False,False
multiscene_candidate_006__inflation_010mm,multiscene_candidate_006,10,direction_117,22.0,21.5,22.0,0.5,21.75,False,28.0,26.0,28.0,False,False
multiscene_candidate_006__inflation_010mm,multiscene_candidate_006,10,direction_118,22.0,20.5,21.0,0.5,20.75,False,24.0,22.0,24.0,False,False
multiscene_candidate_006__inflation_010mm,multiscene_candidate_006,10,direction_119,22.0,21.5,22.0,0.5,21.75,False,28.0,26.0,28.0,False,False
multiscene_candidate_006__inflation_010mm,multiscene_candidate_006,10,direction_120,20.0,19.5,20.0,0.5,19.75,False,24.0,22.0,24.0,False,False
multiscene_candidate_006__inflation_010mm,multiscene_candidate_006,10,direction_121,22.0,20.5,21.0,0.5,20.75,False,24.0,22.0,24.0,False,False
multiscene_candidate_006__inflation_010mm,multiscene_candidate_006,10,direction_122,22.0,20.0,20.5,0.5,20.25,False,26.0,24.0,26.0,False,False
multiscene_candidate_006__inflation_010mm,multiscene_candidate_006,10,direction_123,20.0,18.5,19.0,0.5,18.75,False,24.0,22.0,24.0,False,False
multiscene_candidate_006__inflation_010mm,multiscene_candidate_006,10,direction_124,20.0,19.0,19.5,0.5,19.25,False,24.0,22.0,24.0,False,False
multiscene_candidate_006__inflation_010mm,multiscene_candidate_006,10,direction_125,20.0,18.0,18.5,0.5,18.25,False,22.0,20.0,22.0,False,False
multiscene_candidate_006__inflation_010mm,multiscene_candidate_006,10,direction_126,18.0,17.5,18.0,0.5,17.75,False,22.0,20.0,22.0,False,False
multiscene_candidate_006__inflation_010mm,multiscene_candidate_006,10,direction_127,18.0,17.5,18.0,0.5,17.75,False,22.0,20.0,22.0,False,False
multiscene_candidate_006__inflation_015mm,multiscene_candidate_006,15,direction_000,,,,,,True,,,,True,False
multiscene_candidate_006__inflation_015mm,multiscene_candidate_006,15,direction_001,,,,,,True,,,,True,False
multiscene_candidate_006__inflation_015mm,multiscene_candidate_006,15,direction_002,,,,,,True,,,,True,False
multiscene_candidate_006__inflation_015mm,multiscene_candidate_006,15,direction_003,,,,,,True,,,,True,False
multiscene_candidate_006__inflation_015mm,multiscene_candidate_006,15,direction_004,,,,,,True,,,,True,False
multiscene_candidate_006__inflation_015mm,multiscene_candidate_006,15,direction_005,,,,,,True,,,,True,False
multiscene_candidate_006__inflation_015mm,multiscene_candidate_006,15,direction_006,,,,,,True,,,,True,False
multiscene_candidate_006__inflation_015mm,multiscene_candidate_006,15,direction_007,,,,,,True,,,,True,False
multiscene_candidate_006__inflation_015mm,multiscene_candidate_006,15,direction_008,,,,,,True,,,,True,False
multiscene_candidate_006__inflation_015mm,multiscene_candidate_006,15,direction_009,,,,,,True,,,,True,False
multiscene_candidate_006__inflation_015mm,multiscene_candidate_006,15,direction_010,,,,,,True,,,,True,False
multiscene_candidate_006__inflation_015mm,multiscene_candidate_006,15,direction_011,,,,,,True,,,,True,False
multiscene_candidate_006__inflation_015mm,multiscene_candidate_006,15,direction_012,,,,,,True,,,,True,False
multiscene_candidate_006__inflation_015mm,multiscene_candidate_006,15,direction_013,,,,,,True,,,,True,False
multiscene_candidate_006__inflation_015mm,multiscene_candidate_006,15,direction_014,,,,,,True,,,,True,False
multiscene_candidate_006__inflation_015mm,multiscene_candidate_006,15,direction_015,,,,,,True,,,,True,False
multiscene_candidate_006__inflation_015mm,multiscene_candidate_006,15,direction_016,,,,,,True,,,,True,False
multiscene_candidate_006__inflation_015mm,multiscene_candidate_006,15,direction_017,,,,,,True,,,,True,False
multiscene_candidate_006__inflation_015mm,multiscene_candidate_006,15,direction_018,,,,,,True,,,,True,False
multiscene_candidate_006__inflation_015mm,multiscene_candidate_006,15,direction_019,,,,,,True,,,,True,False
multiscene_candidate_006__inflation_015mm,multiscene_candidate_006,15,direction_020,,,,,,True,,,,True,False
multiscene_candidate_006__inflation_015mm,multiscene_candidate_006,15,direction_021,,,,,,True,,,,True,False
multiscene_candidate_006__inflation_015mm,multiscene_candidate_006,15,direction_022,,,,,,True,,,,True,False
multiscene_candidate_006__inflation_015mm,multiscene_candidate_006,15,direction_023,,,,,,True,,,,True,False
multiscene_candidate_006__inflation_015mm,multiscene_candidate_006,15,direction_024,,,,,,True,,,,True,False
multiscene_candidate_006__inflation_015mm,multiscene_candidate_006,15,direction_025,,,,,,True,,,,True,False
multiscene_candidate_006__inflation_015mm,multiscene_candidate_006,15,direction_026,,,,,,True,,,,True,False
multiscene_candidate_006__inflation_015mm,multiscene_candidate_006,15,direction_027,,,,,,True,,,,True,False
multiscene_candidate_006__inflation_015mm,multiscene_candidate_006,15,direction_028,,,,,,True,,,,True,False
multiscene_candidate_006__inflation_015mm,multiscene_candidate_006,15,direction_029,,,,,,True,,,,True,False
multiscene_candidate_006__inflation_015mm,multiscene_candidate_006,15,direction_030,,,,,,True,,,,True,False
multiscene_candidate_006__inflation_015mm,multiscene_candidate_006,15,direction_031,,,,,,True,,,,True,False
multiscene_candidate_006__inflation_015mm,multiscene_candidate_006,15,direction_032,,,,,,True,,,,True,False
multiscene_candidate_006__inflation_015mm,multiscene_candidate_006,15,direction_033,,,,,,True,,,,True,False
multiscene_candidate_006__inflation_015mm,multiscene_candidate_006,15,direction_034,,,,,,True,,,,True,False
multiscene_candidate_006__inflation_015mm,multiscene_candidate_006,15,direction_035,,,,,,True,,,,True,False
multiscene_candidate_006__inflation_015mm,multiscene_candidate_006,15,direction_036,,,,,,True,,,,True,False
multiscene_candidate_006__inflation_015mm,multiscene_candidate_006,15,direction_037,,,,,,True,,,,True,False
multiscene_candidate_006__inflation_015mm,multiscene_candidate_006,15,direction_038,,,,,,True,,,,True,False
multiscene_candidate_006__inflation_015mm,multiscene_candidate_006,15,direction_039,,,,,,True,,,,True,False
multiscene_candidate_006__inflation_015mm,multiscene_candidate_006,15,direction_040,,,,,,True,,,,True,False
multiscene_candidate_006__inflation_015mm,multiscene_candidate_006,15,direction_041,,,,,,True,,,,True,False
multiscene_candidate_006__inflation_015mm,multiscene_candidate_006,15,direction_042,,,,,,True,,,,True,False
multiscene_candidate_006__inflation_015mm,multiscene_candidate_006,15,direction_043,,,,,,True,,,,True,False
multiscene_candidate_006__inflation_015mm,multiscene_candidate_006,15,direction_044,,,,,,True,,,,True,False
multiscene_candidate_006__inflation_015mm,multiscene_candidate_006,15,direction_045,,,,,,True,,,,True,False
multiscene_candidate_006__inflation_015mm,multiscene_candidate_006,15,direction_046,,,,,,True,,,,True,False
multiscene_candidate_006__inflation_015mm,multiscene_candidate_006,15,direction_047,,,,,,True,,,,True,False
multiscene_candidate_006__inflation_015mm,multiscene_candidate_006,15,direction_048,,,,,,True,,,,True,False
multiscene_candidate_006__inflation_015mm,multiscene_candidate_006,15,direction_049,,,,,,True,,,,True,False
multiscene_candidate_006__inflation_015mm,multiscene_candidate_006,15,direction_050,,,,,,True,,,,True,False
multiscene_candidate_006__inflation_015mm,multiscene_candidate_006,15,direction_051,,,,,,True,,,,True,False
multiscene_candidate_006__inflation_015mm,multiscene_candidate_006,15,direction_052,,,,,,True,,,,True,False
multiscene_candidate_006__inflation_015mm,multiscene_candidate_006,15,direction_053,,,,,,True,,,,True,False
multiscene_candidate_006__inflation_015mm,multiscene_candidate_006,15,direction_054,,,,,,True,,,,True,False
multiscene_candidate_006__inflation_015mm,multiscene_candidate_006,15,direction_055,,,,,,True,,,,True,False
multiscene_candidate_006__inflation_015mm,multiscene_candidate_006,15,direction_056,,,,,,True,,,,True,False
multiscene_candidate_006__inflation_015mm,multiscene_candidate_006,15,direction_057,,,,,,True,,,,True,False
multiscene_candidate_006__inflation_015mm,multiscene_candidate_006,15,direction_058,,,,,,True,,,,True,False
multiscene_candidate_006__inflation_015mm,multiscene_candidate_006,15,direction_059,,,,,,True,,,,True,False
multiscene_candidate_006__inflation_015mm,multiscene_candidate_006,15,direction_060,,,,,,True,,,,True,False
multiscene_candidate_006__inflation_015mm,multiscene_candidate_006,15,direction_061,,,,,,True,,,,True,False
multiscene_candidate_006__inflation_015mm,multiscene_candidate_006,15,direction_062,,,,,,True,,,,True,False
multiscene_candidate_006__inflation_015mm,multiscene_candidate_006,15,direction_063,,,,,,True,,,,True,False
multiscene_candidate_006__inflation_015mm,multiscene_candidate_006,15,direction_064,,,,,,True,,,,True,False
multiscene_candidate_006__inflation_015mm,multiscene_candidate_006,15,direction_065,,,,,,True,,,,True,False
multiscene_candidate_006__inflation_015mm,multiscene_candidate_006,15,direction_066,,,,,,True,,,,True,False
multiscene_candidate_006__inflation_015mm,multiscene_candidate_006,15,direction_067,,,,,,True,,,,True,False
multiscene_candidate_006__inflation_015mm,multiscene_candidate_006,15,direction_068,,,,,,True,,,,True,False
multiscene_candidate_006__inflation_015mm,multiscene_candidate_006,15,direction_069,,,,,,True,,,,True,False
multiscene_candidate_006__inflation_015mm,multiscene_candidate_006,15,direction_070,,,,,,True,,,,True,False
multiscene_candidate_006__inflation_015mm,multiscene_candidate_006,15,direction_071,,,,,,True,,,,True,False
multiscene_candidate_006__inflation_015mm,multiscene_candidate_006,15,direction_072,,,,,,True,,,,True,False
multiscene_candidate_006__inflation_015mm,multiscene_candidate_006,15,direction_073,,,,,,True,,,,True,False
multiscene_candidate_006__inflation_015mm,multiscene_candidate_006,15,direction_074,,,,,,True,,,,True,False
multiscene_candidate_006__inflation_015mm,multiscene_candidate_006,15,direction_075,,,,,,True,,,,True,False
multiscene_candidate_006__inflation_015mm,multiscene_candidate_006,15,direction_076,,,,,,True,,,,True,False
multiscene_candidate_006__inflation_015mm,multiscene_candidate_006,15,direction_077,,,,,,True,,,,True,False
multiscene_candidate_006__inflation_015mm,multiscene_candidate_006,15,direction_078,,,,,,True,,,,True,False
multiscene_candidate_006__inflation_015mm,multiscene_candidate_006,15,direction_079,,,,,,True,,,,True,False
multiscene_candidate_006__inflation_015mm,multiscene_candidate_006,15,direction_080,,,,,,True,,,,True,False
multiscene_candidate_006__inflation_015mm,multiscene_candidate_006,15,direction_081,,,,,,True,,,,True,False
multiscene_candidate_006__inflation_015mm,multiscene_candidate_006,15,direction_082,,,,,,True,,,,True,False
multiscene_candidate_006__inflation_015mm,multiscene_candidate_006,15,direction_083,,,,,,True,,,,True,False
multiscene_candidate_006__inflation_015mm,multiscene_candidate_006,15,direction_084,,,,,,True,,,,True,False
multiscene_candidate_006__inflation_015mm,multiscene_candidate_006,15,direction_085,,,,,,True,,,,True,False
multiscene_candidate_006__inflation_015mm,multiscene_candidate_006,15,direction_086,56.0,55.5,56.0,0.5,55.75,False,,,,True,False
multiscene_candidate_006__inflation_015mm,multiscene_candidate_006,15,direction_087,,,,,,True,,,,True,False
multiscene_candidate_006__inflation_015mm,multiscene_candidate_006,15,direction_088,,,,,,True,,,,True,False
multiscene_candidate_006__inflation_015mm,multiscene_candidate_006,15,direction_089,56.0,55.0,55.5,0.5,55.25,False,56.0,54.0,55.0,False,False
multiscene_candidate_006__inflation_015mm,multiscene_candidate_006,15,direction_090,,,,,,True,,,,True,False
multiscene_candidate_006__inflation_015mm,multiscene_candidate_006,15,direction_091,52.0,51.5,52.0,0.5,51.75,False,,,,True,False
multiscene_candidate_006__inflation_015mm,multiscene_candidate_006,15,direction_092,60.0,59.0,59.5,0.5,59.25,False,,,,True,False
multiscene_candidate_006__inflation_015mm,multiscene_candidate_006,15,direction_093,58.0,56.0,56.5,0.5,56.25,False,,,,True,False
multiscene_candidate_006__inflation_015mm,multiscene_candidate_006,15,direction_094,42.0,41.0,41.5,0.5,41.25,False,48.0,46.0,48.0,False,False
multiscene_candidate_006__inflation_015mm,multiscene_candidate_006,15,direction_095,56.0,54.5,55.0,0.5,54.75,False,60.0,58.0,60.0,False,False
multiscene_candidate_006__inflation_015mm,multiscene_candidate_006,15,direction_096,48.0,47.5,48.0,0.5,47.75,False,58.0,56.0,58.0,False,False
multiscene_candidate_006__inflation_015mm,multiscene_candidate_006,15,direction_097,46.0,44.0,44.5,0.5,44.25,False,46.0,45.0,46.0,False,False
multiscene_candidate_006__inflation_015mm,multiscene_candidate_006,15,direction_098,48.0,46.5,47.0,0.5,46.75,False,56.0,54.0,56.0,False,False
multiscene_candidate_006__inflation_015mm,multiscene_candidate_006,15,direction_099,40.0,39.0,39.5,0.5,39.25,False,46.0,44.0,46.0,False,False
multiscene_candidate_006__inflation_015mm,multiscene_candidate_006,15,direction_100,46.0,45.0,45.5,0.5,45.25,False,50.0,48.0,50.0,False,False
multiscene_candidate_006__inflation_015mm,multiscene_candidate_006,15,direction_101,42.0,41.5,42.0,0.5,41.75,False,52.0,50.0,52.0,False,False
multiscene_candidate_006__inflation_015mm,multiscene_candidate_006,15,direction_102,36.0,34.5,35.0,0.5,34.75,False,40.0,38.0,40.0,False,False
multiscene_candidate_006__inflation_015mm,multiscene_candidate_006,15,direction_103,42.0,40.0,40.5,0.5,40.25,False,46.0,44.0,46.0,False,False
multiscene_candidate_006__inflation_015mm,multiscene_candidate_006,15,direction_104,38.0,36.5,37.0,0.5,36.75,False,44.0,42.0,44.0,False,False
multiscene_candidate_006__inflation_015mm,multiscene_candidate_006,15,direction_105,38.0,36.5,37.0,0.5,36.75,False,38.0,37.0,38.0,False,False
multiscene_candidate_006__inflation_015mm,multiscene_candidate_006,15,direction_106,38.0,36.5,37.0,0.5,36.75,False,44.0,42.0,44.0,False,False
multiscene_candidate_006__inflation_015mm,multiscene_candidate_006,15,direction_107,32.0,31.0,31.5,0.5,31.25,False,38.0,36.0,38.0,False,False
multiscene_candidate_006__inflation_015mm,multiscene_candidate_006,15,direction_108,36.0,35.5,36.0,0.5,35.75,False,40.0,38.0,40.0,False,False
multiscene_candidate_006__inflation_015mm,multiscene_candidate_006,15,direction_109,34.0,33.5,34.0,0.5,33.75,False,40.0,38.0,40.0,False,False
multiscene_candidate_006__inflation_015mm,multiscene_candidate_006,15,direction_110,32.0,30.0,30.5,0.5,30.25,False,34.0,32.0,34.0,False,False
multiscene_candidate_006__inflation_015mm,multiscene_candidate_006,15,direction_111,34.0,32.5,33.0,0.5,32.75,False,40.0,38.0,40.0,False,False
multiscene_candidate_006__inflation_015mm,multiscene_candidate_006,15,direction_112,30.0,29.0,29.5,0.5,29.25,False,36.0,34.0,36.0,False,False
multiscene_candidate_006__inflation_015mm,multiscene_candidate_006,15,direction_113,32.0,30.5,31.0,0.5,30.75,False,34.0,32.0,34.0,False,False
multiscene_candidate_006__inflation_015mm,multiscene_candidate_006,15,direction_114,32.0,30.5,31.0,0.5,30.75,False,38.0,36.0,38.0,False,False
multiscene_candidate_006__inflation_015mm,multiscene_candidate_006,15,direction_115,28.0,26.5,27.0,0.5,26.75,False,32.0,30.0,32.0,False,False
multiscene_candidate_006__inflation_015mm,multiscene_candidate_006,15,direction_116,30.0,28.5,29.0,0.5,28.75,False,34.0,32.0,34.0,False,False
multiscene_candidate_006__inflation_015mm,multiscene_candidate_006,15,direction_117,28.0,27.5,28.0,0.5,27.75,False,34.0,32.0,34.0,False,False
multiscene_candidate_006__inflation_015mm,multiscene_candidate_006,15,direction_118,28.0,26.0,26.5,0.5,26.25,False,30.0,28.0,30.0,False,False
multiscene_candidate_006__inflation_015mm,multiscene_candidate_006,15,direction_119,28.0,26.5,27.0,0.5,26.75,False,32.0,30.0,32.0,False,False
multiscene_candidate_006__inflation_015mm,multiscene_candidate_006,15,direction_120,26.0,24.5,25.0,0.5,24.75,False,30.0,28.0,30.0,False,False
multiscene_candidate_006__inflation_015mm,multiscene_candidate_006,15,direction_121,26.0,25.5,26.0,0.5,25.75,False,30.0,28.0,30.0,False,False
multiscene_candidate_006__inflation_015mm,multiscene_candidate_006,15,direction_122,26.0,25.0,25.5,0.5,25.25,False,30.0,28.0,30.0,False,False
multiscene_candidate_006__inflation_015mm,multiscene_candidate_006,15,direction_123,24.0,23.5,24.0,0.5,23.75,False,28.0,26.0,28.0,False,False
multiscene_candidate_006__inflation_015mm,multiscene_candidate_006,15,direction_124,26.0,24.5,25.0,0.5,24.75,False,30.0,28.0,30.0,False,False
multiscene_candidate_006__inflation_015mm,multiscene_candidate_006,15,direction_125,24.0,23.5,24.0,0.5,23.75,False,28.0,26.0,28.0,False,False
multiscene_candidate_006__inflation_015mm,multiscene_candidate_006,15,direction_126,24.0,22.5,23.0,0.5,22.75,False,28.0,26.0,28.0,False,False
multiscene_candidate_006__inflation_015mm,multiscene_candidate_006,15,direction_127,24.0,23.0,23.5,0.5,23.25,False,28.0,26.0,28.0,False,False
multiscene_candidate_006__inflation_020mm,multiscene_candidate_006,20,direction_000,,,,,,True,,,,True,False
multiscene_candidate_006__inflation_020mm,multiscene_candidate_006,20,direction_001,,,,,,True,,,,True,False
multiscene_candidate_006__inflation_020mm,multiscene_candidate_006,20,direction_002,,,,,,True,,,,True,False
multiscene_candidate_006__inflation_020mm,multiscene_candidate_006,20,direction_003,,,,,,True,,,,True,False
multiscene_candidate_006__inflation_020mm,multiscene_candidate_006,20,direction_004,,,,,,True,,,,True,False
multiscene_candidate_006__inflation_020mm,multiscene_candidate_006,20,direction_005,,,,,,True,,,,True,False
multiscene_candidate_006__inflation_020mm,multiscene_candidate_006,20,direction_006,,,,,,True,,,,True,False
multiscene_candidate_006__inflation_020mm,multiscene_candidate_006,20,direction_007,,,,,,True,,,,True,False
multiscene_candidate_006__inflation_020mm,multiscene_candidate_006,20,direction_008,,,,,,True,,,,True,False
multiscene_candidate_006__inflation_020mm,multiscene_candidate_006,20,direction_009,,,,,,True,,,,True,False
multiscene_candidate_006__inflation_020mm,multiscene_candidate_006,20,direction_010,,,,,,True,,,,True,False
multiscene_candidate_006__inflation_020mm,multiscene_candidate_006,20,direction_011,,,,,,True,,,,True,False
multiscene_candidate_006__inflation_020mm,multiscene_candidate_006,20,direction_012,,,,,,True,,,,True,False
multiscene_candidate_006__inflation_020mm,multiscene_candidate_006,20,direction_013,,,,,,True,,,,True,False
multiscene_candidate_006__inflation_020mm,multiscene_candidate_006,20,direction_014,,,,,,True,,,,True,False
multiscene_candidate_006__inflation_020mm,multiscene_candidate_006,20,direction_015,,,,,,True,,,,True,False
multiscene_candidate_006__inflation_020mm,multiscene_candidate_006,20,direction_016,,,,,,True,,,,True,False
multiscene_candidate_006__inflation_020mm,multiscene_candidate_006,20,direction_017,,,,,,True,,,,True,False
multiscene_candidate_006__inflation_020mm,multiscene_candidate_006,20,direction_018,,,,,,True,,,,True,False
multiscene_candidate_006__inflation_020mm,multiscene_candidate_006,20,direction_019,,,,,,True,,,,True,False
multiscene_candidate_006__inflation_020mm,multiscene_candidate_006,20,direction_020,,,,,,True,,,,True,False
multiscene_candidate_006__inflation_020mm,multiscene_candidate_006,20,direction_021,,,,,,True,,,,True,False
multiscene_candidate_006__inflation_020mm,multiscene_candidate_006,20,direction_022,,,,,,True,,,,True,False
multiscene_candidate_006__inflation_020mm,multiscene_candidate_006,20,direction_023,,,,,,True,,,,True,False
multiscene_candidate_006__inflation_020mm,multiscene_candidate_006,20,direction_024,,,,,,True,,,,True,False
multiscene_candidate_006__inflation_020mm,multiscene_candidate_006,20,direction_025,,,,,,True,,,,True,False
multiscene_candidate_006__inflation_020mm,multiscene_candidate_006,20,direction_026,,,,,,True,,,,True,False
multiscene_candidate_006__inflation_020mm,multiscene_candidate_006,20,direction_027,,,,,,True,,,,True,False
multiscene_candidate_006__inflation_020mm,multiscene_candidate_006,20,direction_028,,,,,,True,,,,True,False
multiscene_candidate_006__inflation_020mm,multiscene_candidate_006,20,direction_029,,,,,,True,,,,True,False
multiscene_candidate_006__inflation_020mm,multiscene_candidate_006,20,direction_030,,,,,,True,,,,True,False
multiscene_candidate_006__inflation_020mm,multiscene_candidate_006,20,direction_031,,,,,,True,,,,True,False
multiscene_candidate_006__inflation_020mm,multiscene_candidate_006,20,direction_032,,,,,,True,,,,True,False
multiscene_candidate_006__inflation_020mm,multiscene_candidate_006,20,direction_033,,,,,,True,,,,True,False
multiscene_candidate_006__inflation_020mm,multiscene_candidate_006,20,direction_034,,,,,,True,,,,True,False
multiscene_candidate_006__inflation_020mm,multiscene_candidate_006,20,direction_035,,,,,,True,,,,True,False
multiscene_candidate_006__inflation_020mm,multiscene_candidate_006,20,direction_036,,,,,,True,,,,True,False
multiscene_candidate_006__inflation_020mm,multiscene_candidate_006,20,direction_037,,,,,,True,,,,True,False
multiscene_candidate_006__inflation_020mm,multiscene_candidate_006,20,direction_038,,,,,,True,,,,True,False
multiscene_candidate_006__inflation_020mm,multiscene_candidate_006,20,direction_039,,,,,,True,,,,True,False
multiscene_candidate_006__inflation_020mm,multiscene_candidate_006,20,direction_040,,,,,,True,,,,True,False
multiscene_candidate_006__inflation_020mm,multiscene_candidate_006,20,direction_041,,,,,,True,,,,True,False
multiscene_candidate_006__inflation_020mm,multiscene_candidate_006,20,direction_042,,,,,,True,,,,True,False
multiscene_candidate_006__inflation_020mm,multiscene_candidate_006,20,direction_043,,,,,,True,,,,True,False
multiscene_candidate_006__inflation_020mm,multiscene_candidate_006,20,direction_044,,,,,,True,,,,True,False
multiscene_candidate_006__inflation_020mm,multiscene_candidate_006,20,direction_045,,,,,,True,,,,True,False
multiscene_candidate_006__inflation_020mm,multiscene_candidate_006,20,direction_046,,,,,,True,,,,True,False
multiscene_candidate_006__inflation_020mm,multiscene_candidate_006,20,direction_047,,,,,,True,,,,True,False
multiscene_candidate_006__inflation_020mm,multiscene_candidate_006,20,direction_048,,,,,,True,,,,True,False
multiscene_candidate_006__inflation_020mm,multiscene_candidate_006,20,direction_049,,,,,,True,,,,True,False
multiscene_candidate_006__inflation_020mm,multiscene_candidate_006,20,direction_050,,,,,,True,,,,True,False
multiscene_candidate_006__inflation_020mm,multiscene_candidate_006,20,direction_051,,,,,,True,,,,True,False
multiscene_candidate_006__inflation_020mm,multiscene_candidate_006,20,direction_052,,,,,,True,,,,True,False
multiscene_candidate_006__inflation_020mm,multiscene_candidate_006,20,direction_053,,,,,,True,,,,True,False
multiscene_candidate_006__inflation_020mm,multiscene_candidate_006,20,direction_054,,,,,,True,,,,True,False
multiscene_candidate_006__inflation_020mm,multiscene_candidate_006,20,direction_055,,,,,,True,,,,True,False
multiscene_candidate_006__inflation_020mm,multiscene_candidate_006,20,direction_056,,,,,,True,,,,True,False
multiscene_candidate_006__inflation_020mm,multiscene_candidate_006,20,direction_057,,,,,,True,,,,True,False
multiscene_candidate_006__inflation_020mm,multiscene_candidate_006,20,direction_058,,,,,,True,,,,True,False
multiscene_candidate_006__inflation_020mm,multiscene_candidate_006,20,direction_059,,,,,,True,,,,True,False
multiscene_candidate_006__inflation_020mm,multiscene_candidate_006,20,direction_060,,,,,,True,,,,True,False
multiscene_candidate_006__inflation_020mm,multiscene_candidate_006,20,direction_061,,,,,,True,,,,True,False
multiscene_candidate_006__inflation_020mm,multiscene_candidate_006,20,direction_062,,,,,,True,,,,True,False
multiscene_candidate_006__inflation_020mm,multiscene_candidate_006,20,direction_063,,,,,,True,,,,True,False
multiscene_candidate_006__inflation_020mm,multiscene_candidate_006,20,direction_064,,,,,,True,,,,True,False
multiscene_candidate_006__inflation_020mm,multiscene_candidate_006,20,direction_065,,,,,,True,,,,True,False
multiscene_candidate_006__inflation_020mm,multiscene_candidate_006,20,direction_066,,,,,,True,,,,True,False
multiscene_candidate_006__inflation_020mm,multiscene_candidate_006,20,direction_067,,,,,,True,,,,True,False
multiscene_candidate_006__inflation_020mm,multiscene_candidate_006,20,direction_068,,,,,,True,,,,True,False
multiscene_candidate_006__inflation_020mm,multiscene_candidate_006,20,direction_069,,,,,,True,,,,True,False
multiscene_candidate_006__inflation_020mm,multiscene_candidate_006,20,direction_070,,,,,,True,,,,True,False
multiscene_candidate_006__inflation_020mm,multiscene_candidate_006,20,direction_071,,,,,,True,,,,True,False
multiscene_candidate_006__inflation_020mm,multiscene_candidate_006,20,direction_072,,,,,,True,,,,True,False
multiscene_candidate_006__inflation_020mm,multiscene_candidate_006,20,direction_073,,,,,,True,,,,True,False
multiscene_candidate_006__inflation_020mm,multiscene_candidate_006,20,direction_074,,,,,,True,,,,True,False
multiscene_candidate_006__inflation_020mm,multiscene_candidate_006,20,direction_075,,,,,,True,,,,True,False
multiscene_candidate_006__inflation_020mm,multiscene_candidate_006,20,direction_076,,,,,,True,,,,True,False
multiscene_candidate_006__inflation_020mm,multiscene_candidate_006,20,direction_077,,,,,,True,,,,True,False
multiscene_candidate_006__inflation_020mm,multiscene_candidate_006,20,direction_078,,,,,,True,,,,True,False
multiscene_candidate_006__inflation_020mm,multiscene_candidate_006,20,direction_079,,,,,,True,,,,True,False
multiscene_candidate_006__inflation_020mm,multiscene_candidate_006,20,direction_080,,,,,,True,,,,True,False
multiscene_candidate_006__inflation_020mm,multiscene_candidate_006,20,direction_081,,,,,,True,,,,True,False
multiscene_candidate_006__inflation_020mm,multiscene_candidate_006,20,direction_082,,,,,,True,,,,True,False
multiscene_candidate_006__inflation_020mm,multiscene_candidate_006,20,direction_083,,,,,,True,,,,True,False
multiscene_candidate_006__inflation_020mm,multiscene_candidate_006,20,direction_084,,,,,,True,,,,True,False
multiscene_candidate_006__inflation_020mm,multiscene_candidate_006,20,direction_085,,,,,,True,,,,True,False
multiscene_candidate_006__inflation_020mm,multiscene_candidate_006,20,direction_086,,,,,,True,,,,True,False
multiscene_candidate_006__inflation_020mm,multiscene_candidate_006,20,direction_087,,,,,,True,,,,True,False
multiscene_candidate_006__inflation_020mm,multiscene_candidate_006,20,direction_088,,,,,,True,,,,True,False
multiscene_candidate_006__inflation_020mm,multiscene_candidate_006,20,direction_089,,,,,,True,,,,True,False
multiscene_candidate_006__inflation_020mm,multiscene_candidate_006,20,direction_090,,,,,,True,,,,True,False
multiscene_candidate_006__inflation_020mm,multiscene_candidate_006,20,direction_091,,,,,,True,,,,True,False
multiscene_candidate_006__inflation_020mm,multiscene_candidate_006,20,direction_092,,,,,,True,,,,True,False
multiscene_candidate_006__inflation_020mm,multiscene_candidate_006,20,direction_093,,,,,,True,,,,True,False
multiscene_candidate_006__inflation_020mm,multiscene_candidate_006,20,direction_094,52.0,51.0,51.5,0.5,51.25,False,60.0,58.0,60.0,False,False
multiscene_candidate_006__inflation_020mm,multiscene_candidate_006,20,direction_095,60.0,58.5,59.0,0.5,58.75,False,,,,True,False
multiscene_candidate_006__inflation_020mm,multiscene_candidate_006,20,direction_096,56.0,55.5,56.0,0.5,55.75,False,,,,True,False
multiscene_candidate_006__inflation_020mm,multiscene_candidate_006,20,direction_097,54.0,52.5,53.0,0.5,52.75,False,58.0,56.0,58.0,False,False
multiscene_candidate_006__inflation_020mm,multiscene_candidate_006,20,direction_098,54.0,52.5,53.0,0.5,52.75,False,,,,True,False
multiscene_candidate_006__inflation_020mm,multiscene_candidate_006,20,direction_099,50.0,48.0,48.5,0.5,48.25,False,56.0,54.0,56.0,False,False
multiscene_candidate_006__inflation_020mm,multiscene_candidate_006,20,direction_100,52.0,50.5,51.0,0.5,50.75,False,58.0,56.0,58.0,False,False
multiscene_candidate_006__inflation_020mm,multiscene_candidate_006,20,direction_101,50.0,48.5,49.0,0.5,48.75,False,58.0,56.0,58.0,False,False
multiscene_candidate_006__inflation_020mm,multiscene_candidate_006,20,direction_102,44.0,42.5,43.0,0.5,42.75,False,48.0,46.0,48.0,False,False
multiscene_candidate_006__inflation_020mm,multiscene_candidate_006,20,direction_103,48.0,46.5,47.0,0.5,46.75,False,54.0,52.0,54.0,False,False
multiscene_candidate_006__inflation_020mm,multiscene_candidate_006,20,direction_104,44.0,43.5,44.0,0.5,43.75,False,52.0,50.0,52.0,False,False
multiscene_candidate_006__inflation_020mm,multiscene_candidate_006,20,direction_105,44.0,43.5,44.0,0.5,43.75,False,48.0,46.0,48.0,False,False
multiscene_candidate_006__inflation_020mm,multiscene_candidate_006,20,direction_106,44.0,42.5,43.0,0.5,42.75,False,52.0,50.0,52.0,False,False
multiscene_candidate_006__inflation_020mm,multiscene_candidate_006,20,direction_107,40.0,38.5,39.0,0.5,38.75,False,44.0,42.0,44.0,False,False
multiscene_candidate_006__inflation_020mm,multiscene_candidate_006,20,direction_108,42.0,41.0,41.5,0.5,41.25,False,48.0,46.0,48.0,False,False
multiscene_candidate_006__inflation_020mm,multiscene_candidate_006,20,direction_109,40.0,39.5,40.0,0.5,39.75,False,48.0,46.0,48.0,False,False
multiscene_candidate_006__inflation_020mm,multiscene_candidate_006,20,direction_110,38.0,36.5,37.0,0.5,36.75,False,42.0,40.0,42.0,False,False
multiscene_candidate_006__inflation_020mm,multiscene_candidate_006,20,direction_111,40.0,38.0,38.5,0.5,38.25,False,46.0,44.0,46.0,False,False
multiscene_candidate_006__inflation_020mm,multiscene_candidate_006,20,direction_112,36.0,35.5,36.0,0.5,35.75,False,42.0,40.0,42.0,False,False
multiscene_candidate_006__inflation_020mm,multiscene_candidate_006,20,direction_113,38.0,36.5,37.0,0.5,36.75,False,42.0,40.0,42.0,False,False
multiscene_candidate_006__inflation_020mm,multiscene_candidate_006,20,direction_114,36.0,35.5,36.0,0.5,35.75,False,42.0,40.0,42.0,False,False
multiscene_candidate_006__inflation_020mm,multiscene_candidate_006,20,direction_115,34.0,32.5,33.0,0.5,32.75,False,38.0,36.0,38.0,False,False
multiscene_candidate_006__inflation_020mm,multiscene_candidate_006,20,direction_116,36.0,34.0,34.5,0.5,34.25,False,40.0,38.0,40.0,False,False
multiscene_candidate_006__inflation_020mm,multiscene_candidate_006,20,direction_117,34.0,33.0,33.5,0.5,33.25,False,40.0,38.0,40.0,False,False
multiscene_candidate_006__inflation_020mm,multiscene_candidate_006,20,direction_118,34.0,32.0,32.5,0.5,32.25,False,36.0,34.0,36.0,False,False
multiscene_candidate_006__inflation_020mm,multiscene_candidate_006,20,direction_119,34.0,32.5,33.0,0.5,32.75,False,38.0,36.0,38.0,False,False
multiscene_candidate_006__inflation_020mm,multiscene_candidate_006,20,direction_120,32.0,30.0,30.5,0.5,30.25,False,36.0,34.0,36.0,False,False
multiscene_candidate_006__inflation_020mm,multiscene_candidate_006,20,direction_121,32.0,30.5,31.0,0.5,30.75,False,36.0,34.0,36.0,False,False
multiscene_candidate_006__inflation_020mm,multiscene_candidate_006,20,direction_122,32.0,30.0,30.5,0.5,30.25,False,36.0,34.0,36.0,False,False
multiscene_candidate_006__inflation_020mm,multiscene_candidate_006,20,direction_123,30.0,28.5,29.0,0.5,28.75,False,34.0,32.0,34.0,False,False
multiscene_candidate_006__inflation_020mm,multiscene_candidate_006,20,direction_124,30.0,29.0,29.5,0.5,29.25,False,34.0,32.0,34.0,False,False
multiscene_candidate_006__inflation_020mm,multiscene_candidate_006,20,direction_125,30.0,28.5,29.0,0.5,28.75,False,34.0,32.0,34.0,False,False
multiscene_candidate_006__inflation_020mm,multiscene_candidate_006,20,direction_126,28.0,27.5,28.0,0.5,27.75,False,32.0,30.0,32.0,False,False
multiscene_candidate_006__inflation_020mm,multiscene_candidate_006,20,direction_127,28.0,27.5,28.0,0.5,27.75,False,34.0,32.0,34.0,False,False
