trial_id,condition_id,scene_id,inflation_mm,direction_id,magnitude_mm,curobo_collision,physx_collision,collision_agreement,curobo_minimum_clearance_m,physx_minimum_separation_m,curobo_minimum_index,physx_minimum_index,physx_contact
formal_baseline_v1__inflation_000mm__direction_081__044mm,formal_baseline_v1__inflation_000mm,formal_baseline_v1,0,direction_081,44.0,True,False,False,-0.0001567341387271881,0.00015045702457427979,18,18,"{""actor0"":""/World/Franka/panda_link6"",""actor1"":""/World/FormalObstacle"",""collider0"":""/World/Franka/panda_link6/geometry/panda_link6"",""collider1"":""/World/FormalObstacle"",""contact_count"":3,""minimum_separation_m"":0.00015045702457427979}"
formal_baseline_v1__inflation_000mm__direction_083__036mm,formal_baseline_v1__inflation_000mm,formal_baseline_v1,0,direction_083,36.0,False,True,False,0.0027115270495414734,-0.0004878900945186615,19,17,"{""actor0"":""/World/Franka/panda_link6"",""actor1"":""/World/FormalObstacle"",""collider0"":""/World/Franka/panda_link6/geometry/panda_link6"",""collider1"":""/World/FormalObstacle"",""contact_count"":4,""minimum_separation_m"":-0.0004878900945186615}"
formal_baseline_v1__inflation_000mm__direction_083__038mm,formal_baseline_v1__inflation_000mm,formal_baseline_v1,0,direction_083,38.0,False,True,False,0.002127036452293396,-0.0011511258780956268,19,17,"{""actor0"":""/World/Franka/panda_link6"",""actor1"":""/World/FormalObstacle"",""collider0"":""/World/Franka/panda_link6/geometry/panda_link6"",""collider1"":""/World/FormalObstacle"",""contact_count"":4,""minimum_separation_m"":-0.0011511258780956268}"
formal_baseline_v1__inflation_000mm__direction_083__040mm,formal_baseline_v1__inflation_000mm,formal_baseline_v1,0,direction_083,40.0,False,True,False,0.001549798995256424,-0.001756720244884491,19,17,"{""actor0"":""/World/Franka/panda_link6"",""actor1"":""/World/FormalObstacle"",""collider0"":""/World/Franka/panda_link6/geometry/panda_link6"",""collider1"":""/World/FormalObstacle"",""contact_count"":3,""minimum_separation_m"":-0.001756720244884491}"
formal_baseline_v1__inflation_000mm__direction_083__042mm,formal_baseline_v1__inflation_000mm,formal_baseline_v1,0,direction_083,42.0,False,True,False,0.0009799636900424957,-0.0023378655314445496,19,17,"{""actor0"":""/World/Franka/panda_link6"",""actor1"":""/World/FormalObstacle"",""collider0"":""/World/Franka/panda_link6/geometry/panda_link6"",""collider1"":""/World/FormalObstacle"",""contact_count"":3,""minimum_separation_m"":-0.0023378655314445496}"
formal_baseline_v1__inflation_000mm__direction_083__044mm,formal_baseline_v1__inflation_000mm,formal_baseline_v1,0,direction_083,44.0,False,True,False,0.0004178769886493683,-0.002919025719165802,19,17,"{""actor0"":""/World/Franka/panda_link6"",""actor1"":""/World/FormalObstacle"",""collider0"":""/World/Franka/panda_link6/geometry/panda_link6"",""collider1"":""/World/FormalObstacle"",""contact_count"":3,""minimum_separation_m"":-0.002919025719165802}"
formal_baseline_v1__inflation_000mm__direction_084__050mm,formal_baseline_v1__inflation_000mm,formal_baseline_v1,0,direction_084,50.0,True,False,False,-0.0001177564263343811,0.0014700740575790405,20,21,"{""actor0"":""/World/Franka/panda_link6"",""actor1"":""/World/FormalObstacle"",""collider0"":""/World/Franka/panda_link6/geometry/panda_link6"",""collider1"":""/World/FormalObstacle"",""contact_count"":4,""minimum_separation_m"":0.0014700740575790405}"
formal_baseline_v1__inflation_000mm__direction_084__052mm,formal_baseline_v1__inflation_000mm,formal_baseline_v1,0,direction_084,52.0,True,False,False,-0.0006307922303676605,0.0009438395500183105,20,21,"{""actor0"":""/World/Franka/panda_link6"",""actor1"":""/World/FormalObstacle"",""collider0"":""/World/Franka/panda_link6/geometry/panda_link6"",""collider1"":""/World/FormalObstacle"",""contact_count"":4,""minimum_separation_m"":0.0009438395500183105}"
formal_baseline_v1__inflation_000mm__direction_084__054mm,formal_baseline_v1__inflation_000mm,formal_baseline_v1,0,direction_084,54.0,True,False,False,-0.0011192075908184052,0.00042128562927246094,20,21,"{""actor0"":""/World/Franka/panda_link6"",""actor1"":""/World/FormalObstacle"",""collider0"":""/World/Franka/panda_link6/geometry/panda_link6"",""collider1"":""/World/FormalObstacle"",""contact_count"":4,""minimum_separation_m"":0.00042128562927246094}"
formal_baseline_v1__inflation_000mm__direction_085__048mm,formal_baseline_v1__inflation_000mm,formal_baseline_v1,0,direction_085,48.0,False,True,False,0.0024747438728809357,-0.0004294589161872864,21,20,"{""actor0"":""/World/Franka/panda_link6"",""actor1"":""/World/FormalObstacle"",""collider0"":""/World/Franka/panda_link6/geometry/panda_link6"",""collider1"":""/World/FormalObstacle"",""contact_count"":3,""minimum_separation_m"":-0.0004294589161872864}"
formal_baseline_v1__inflation_000mm__direction_085__050mm,formal_baseline_v1__inflation_000mm,formal_baseline_v1,0,direction_085,50.0,False,True,False,0.0022079311311244965,-0.0008893348276615143,21,20,"{""actor0"":""/World/Franka/panda_link6"",""actor1"":""/World/FormalObstacle"",""collider0"":""/World/Franka/panda_link6/geometry/panda_link6"",""collider1"":""/World/FormalObstacle"",""contact_count"":3,""minimum_separation_m"":-0.0008893348276615143}"
formal_baseline_v1__inflation_000mm__direction_085__052mm,formal_baseline_v1__inflation_000mm,formal_baseline_v1,0,direction_085,52.0,False,True,False,0.002021562308073044,-0.0013491623103618622,21,20,"{""actor0"":""/World/Franka/panda_link6"",""actor1"":""/World/FormalObstacle"",""collider0"":""/World/Franka/panda_link6/geometry/panda_link6"",""collider1"":""/World/FormalObstacle"",""contact_count"":3,""minimum_separation_m"":-0.0013491623103618622}"
formal_baseline_v1__inflation_000mm__direction_085__054mm,formal_baseline_v1__inflation_000mm,formal_baseline_v1,0,direction_085,54.0,False,True,False,0.0018593333661556244,-0.0018090121448040009,22,20,"{""actor0"":""/World/Franka/panda_link6"",""actor1"":""/World/FormalObstacle"",""collider0"":""/World/Franka/panda_link6/geometry/panda_link6"",""collider1"":""/World/FormalObstacle"",""contact_count"":3,""minimum_separation_m"":-0.0018090121448040009}"
formal_baseline_v1__inflation_000mm__direction_085__056mm,formal_baseline_v1__inflation_000mm,formal_baseline_v1,0,direction_085,56.0,False,True,False,0.0012159422039985657,-0.0018183067440986633,22,21,"{""actor0"":""/World/Franka/panda_link6"",""actor1"":""/World/FormalObstacle"",""collider0"":""/World/Franka/panda_link6/geometry/panda_link6"",""collider1"":""/World/FormalObstacle"",""contact_count"":3,""minimum_separation_m"":-0.0018183067440986633}"
formal_baseline_v1__inflation_000mm__direction_085__058mm,formal_baseline_v1__inflation_000mm,formal_baseline_v1,0,direction_085,58.0,False,True,False,0.0006474293768405914,-0.002247381955385208,22,21,"{""actor0"":""/World/Franka/panda_link6"",""actor1"":""/World/FormalObstacle"",""collider0"":""/World/Franka/panda_link6/geometry/panda_link6"",""collider1"":""/World/FormalObstacle"",""contact_count"":3,""minimum_separation_m"":-0.002247381955385208}"
formal_baseline_v1__inflation_000mm__direction_085__060mm,formal_baseline_v1__inflation_000mm,formal_baseline_v1,0,direction_085,60.0,False,True,False,0.00015710294246673584,-0.0026764683425426483,22,21,"{""actor0"":""/World/Franka/panda_link6"",""actor1"":""/World/FormalObstacle"",""collider0"":""/World/Franka/panda_link6/geometry/panda_link6"",""collider1"":""/World/FormalObstacle"",""contact_count"":3,""minimum_separation_m"":-0.0026764683425426483}"
formal_baseline_v1__inflation_000mm__direction_086__032mm,formal_baseline_v1__inflation_000mm,formal_baseline_v1,0,direction_086,32.0,True,False,False,-0.00014467909932136536,0.0005170181393623352,17,18,"{""actor0"":""/World/Franka/panda_link6"",""actor1"":""/World/FormalObstacle"",""collider0"":""/World/Franka/panda_link6/geometry/panda_link6"",""collider1"":""/World/FormalObstacle"",""contact_count"":4,""minimum_separation_m"":0.0005170181393623352}"
formal_baseline_v1__inflation_000mm__direction_087__056mm,formal_baseline_v1__inflation_000mm,formal_baseline_v1,0,direction_087,56.0,True,False,False,-0.0005293227732181549,0.0008112192153930664,22,23,"{""actor0"":""/World/Franka/panda_link6"",""actor1"":""/World/FormalObstacle"",""collider0"":""/World/Franka/panda_link6/geometry/panda_link6"",""collider1"":""/World/FormalObstacle"",""contact_count"":4,""minimum_separation_m"":0.0008112192153930664}"
formal_baseline_v1__inflation_000mm__direction_087__058mm,formal_baseline_v1__inflation_000mm,formal_baseline_v1,0,direction_087,58.0,True,False,False,-0.0011516101658344269,0.00030313432216644287,22,23,"{""actor0"":""/World/Franka/panda_link6"",""actor1"":""/World/FormalObstacle"",""collider0"":""/World/Franka/panda_link6/geometry/panda_link6"",""collider1"":""/World/FormalObstacle"",""contact_count"":4,""minimum_separation_m"":0.00030313432216644287}"
formal_baseline_v1__inflation_000mm__direction_088__032mm,formal_baseline_v1__inflation_000mm,formal_baseline_v1,0,direction_088,32.0,False,True,False,0.00336519256234169,-0.00011077523231506348,20,18,"{""actor0"":""/World/Franka/panda_link6"",""actor1"":""/World/FormalObstacle"",""collider0"":""/World/Franka/panda_link6/geometry/panda_link6"",""collider1"":""/World/FormalObstacle"",""contact_count"":3,""minimum_separation_m"":-0.00011077523231506348}"
formal_baseline_v1__inflation_000mm__direction_088__034mm,formal_baseline_v1__inflation_000mm,formal_baseline_v1,0,direction_088,34.0,False,True,False,0.002657286822795868,-0.0007710009813308716,20,18,"{""actor0"":""/World/Franka/panda_link6"",""actor1"":""/World/FormalObstacle"",""collider0"":""/World/Franka/panda_link6/geometry/panda_link6"",""collider1"":""/World/FormalObstacle"",""contact_count"":3,""minimum_separation_m"":-0.0007710009813308716}"
formal_baseline_v1__inflation_000mm__direction_088__036mm,formal_baseline_v1__inflation_000mm,formal_baseline_v1,0,direction_088,36.0,False,True,False,0.001992989331483841,-0.0011504963040351868,20,18,"{""actor0"":""/World/Franka/panda_link6"",""actor1"":""/World/FormalObstacle"",""collider0"":""/World/Franka/panda_link6/geometry/panda_link6"",""collider1"":""/World/FormalObstacle"",""contact_count"":4,""minimum_separation_m"":-0.0011504963040351868}"
formal_baseline_v1__inflation_000mm__direction_088__038mm,formal_baseline_v1__inflation_000mm,formal_baseline_v1,0,direction_088,38.0,False,True,False,0.0013741664588451385,-0.0012863576412200928,20,19,"{""actor0"":""/World/Franka/panda_link6"",""actor1"":""/World/FormalObstacle"",""collider0"":""/World/Franka/panda_link6/geometry/panda_link6"",""collider1"":""/World/FormalObstacle"",""contact_count"":3,""minimum_separation_m"":-0.0012863576412200928}"
formal_baseline_v1__inflation_000mm__direction_088__040mm,formal_baseline_v1__inflation_000mm,formal_baseline_v1,0,direction_088,40.0,False,True,False,0.0008026659488677979,-0.0019170232117176056,20,19,"{""actor0"":""/World/Franka/panda_link6"",""actor1"":""/World/FormalObstacle"",""collider0"":""/World/Franka/panda_link6/geometry/panda_link6"",""collider1"":""/World/FormalObstacle"",""contact_count"":3,""minimum_separation_m"":-0.0019170232117176056}"
formal_baseline_v1__inflation_000mm__direction_088__042mm,formal_baseline_v1__inflation_000mm,formal_baseline_v1,0,direction_088,42.0,False,True,False,0.0002802833914756775,-0.002547692507505417,20,19,"{""actor0"":""/World/Franka/panda_link6"",""actor1"":""/World/FormalObstacle"",""collider0"":""/World/Franka/panda_link6/geometry/panda_link6"",""collider1"":""/World/FormalObstacle"",""contact_count"":3,""minimum_separation_m"":-0.002547692507505417}"
formal_baseline_v1__inflation_000mm__direction_090__040mm,formal_baseline_v1__inflation_000mm,formal_baseline_v1,0,direction_090,40.0,True,False,False,-0.00022517144680023193,0.0010730177164077759,20,21,"{""actor0"":""/World/Franka/panda_link6"",""actor1"":""/World/FormalObstacle"",""collider0"":""/World/Franka/panda_link6/geometry/panda_link6"",""collider1"":""/World/FormalObstacle"",""contact_count"":4,""minimum_separation_m"":0.0010730177164077759}"
formal_baseline_v1__inflation_000mm__direction_090__042mm,formal_baseline_v1__inflation_000mm,formal_baseline_v1,0,direction_090,42.0,True,False,False,-0.0006715506315231323,0.00039542466402053833,20,21,"{""actor0"":""/World/Franka/panda_link6"",""actor1"":""/World/FormalObstacle"",""collider0"":""/World/Franka/panda_link6/geometry/panda_link6"",""collider1"":""/World/FormalObstacle"",""contact_count"":4,""minimum_separation_m"":0.00039542466402053833}"
formal_baseline_v1__inflation_000mm__direction_092__036mm,formal_baseline_v1__inflation_000mm,formal_baseline_v1,0,direction_092,36.0,True,False,False,-3.3970922231674194e-05,0.0015459135174751282,20,21,"{""actor0"":""/World/Franka/panda_link6"",""actor1"":""/World/FormalObstacle"",""collider0"":""/World/Franka/panda_link6/geometry/panda_link6"",""collider1"":""/World/FormalObstacle"",""contact_count"":4,""minimum_separation_m"":0.0015459135174751282}"
formal_baseline_v1__inflation_000mm__direction_092__038mm,formal_baseline_v1__inflation_000mm,formal_baseline_v1,0,direction_092,38.0,True,False,False,-0.0007074810564517975,0.0008192509412765503,20,21,"{""actor0"":""/World/Franka/panda_link6"",""actor1"":""/World/FormalObstacle"",""collider0"":""/World/Franka/panda_link6/geometry/panda_link6"",""collider1"":""/World/FormalObstacle"",""contact_count"":4,""minimum_separation_m"":0.0008192509412765503}"
formal_baseline_v1__inflation_000mm__direction_092__040mm,formal_baseline_v1__inflation_000mm,formal_baseline_v1,0,direction_092,40.0,True,False,False,-0.0013291947543621063,9.261816740036011e-05,20,21,"{""actor0"":""/World/Franka/panda_link6"",""actor1"":""/World/FormalObstacle"",""collider0"":""/World/Franka/panda_link6/geometry/panda_link6"",""collider1"":""/World/FormalObstacle"",""contact_count"":4,""minimum_separation_m"":9.261816740036011e-05}"
formal_baseline_v1__inflation_000mm__direction_093__030mm,formal_baseline_v1__inflation_000mm,formal_baseline_v1,0,direction_093,30.0,False,True,False,0.0020572245121002197,-7.246434688568115e-05,20,19,"{""actor0"":""/World/Franka/panda_link6"",""actor1"":""/World/FormalObstacle"",""collider0"":""/World/Franka/panda_link6/geometry/panda_link6"",""collider1"":""/World/FormalObstacle"",""contact_count"":4,""minimum_separation_m"":-7.246434688568115e-05}"
formal_baseline_v1__inflation_000mm__direction_093__032mm,formal_baseline_v1__inflation_000mm,formal_baseline_v1,0,direction_093,32.0,False,True,False,0.0013713203370571136,-0.0010100007057189941,20,19,"{""actor0"":""/World/Franka/panda_link6"",""actor1"":""/World/FormalObstacle"",""collider0"":""/World/Franka/panda_link6/geometry/panda_link6"",""collider1"":""/World/FormalObstacle"",""contact_count"":4,""minimum_separation_m"":-0.0010100007057189941}"
formal_baseline_v1__inflation_000mm__direction_093__034mm,formal_baseline_v1__inflation_000mm,formal_baseline_v1,0,direction_093,34.0,False,True,False,0.0007611401379108429,-0.0019475892186164856,20,19,"{""actor0"":""/World/Franka/panda_link6"",""actor1"":""/World/FormalObstacle"",""collider0"":""/World/Franka/panda_link6/geometry/panda_link6"",""collider1"":""/World/FormalObstacle"",""contact_count"":4,""minimum_separation_m"":-0.0019475892186164856}"
formal_baseline_v1__inflation_000mm__direction_093__036mm,formal_baseline_v1__inflation_000mm,formal_baseline_v1,0,direction_093,36.0,False,True,False,0.0002298690378665924,-0.002851836383342743,20,19,"{""actor0"":""/World/Franka/panda_link6"",""actor1"":""/World/FormalObstacle"",""collider0"":""/World/Franka/panda_link6/geometry/panda_link6"",""collider1"":""/World/FormalObstacle"",""contact_count"":3,""minimum_separation_m"":-0.002851836383342743}"
formal_baseline_v1__inflation_000mm__direction_095__034mm,formal_baseline_v1__inflation_000mm,formal_baseline_v1,0,direction_095,34.0,True,False,False,-4.669278860092163e-05,0.0012880414724349976,20,21,"{""actor0"":""/World/Franka/panda_link6"",""actor1"":""/World/FormalObstacle"",""collider0"":""/World/Franka/panda_link6/geometry/panda_link6"",""collider1"":""/World/FormalObstacle"",""contact_count"":4,""minimum_separation_m"":0.0012880414724349976}"
formal_baseline_v1__inflation_000mm__direction_095__036mm,formal_baseline_v1__inflation_000mm,formal_baseline_v1,0,direction_095,36.0,True,False,False,-0.0005971603095531464,0.0005034729838371277,20,21,"{""actor0"":""/World/Franka/panda_link6"",""actor1"":""/World/FormalObstacle"",""collider0"":""/World/Franka/panda_link6/geometry/panda_link6"",""collider1"":""/World/FormalObstacle"",""contact_count"":3,""minimum_separation_m"":0.0005034729838371277}"
formal_baseline_v1__inflation_000mm__direction_096__024mm,formal_baseline_v1__inflation_000mm,formal_baseline_v1,0,direction_096,24.0,False,True,False,0.0015002675354480743,-0.00011557340621948242,19,18,"{""actor0"":""/World/Franka/panda_link6"",""actor1"":""/World/FormalObstacle"",""collider0"":""/World/Franka/panda_link6/geometry/panda_link6"",""collider1"":""/World/FormalObstacle"",""contact_count"":4,""minimum_separation_m"":-0.00011557340621948242}"
formal_baseline_v1__inflation_000mm__direction_096__026mm,formal_baseline_v1__inflation_000mm,formal_baseline_v1,0,direction_096,26.0,False,True,False,0.0005298107862472534,-0.0012035742402076721,19,18,"{""actor0"":""/World/Franka/panda_link6"",""actor1"":""/World/FormalObstacle"",""collider0"":""/World/Franka/panda_link6/geometry/panda_link6"",""collider1"":""/World/FormalObstacle"",""contact_count"":4,""minimum_separation_m"":-0.0012035742402076721}"
formal_baseline_v1__inflation_000mm__direction_097__028mm,formal_baseline_v1__inflation_000mm,formal_baseline_v1,0,direction_097,28.0,True,False,False,-0.0007021091878414154,0.000644192099571228,19,20,"{""actor0"":""/World/Franka/panda_link6"",""actor1"":""/World/FormalObstacle"",""collider0"":""/World/Franka/panda_link6/geometry/panda_link6"",""collider1"":""/World/FormalObstacle"",""contact_count"":4,""minimum_separation_m"":0.000644192099571228}"
formal_baseline_v1__inflation_000mm__direction_100__028mm,formal_baseline_v1__inflation_000mm,formal_baseline_v1,0,direction_100,28.0,True,False,False,-0.0002856925129890442,0.0010408610105514526,20,20,"{""actor0"":""/World/Franka/panda_link6"",""actor1"":""/World/FormalObstacle"",""collider0"":""/World/Franka/panda_link6/geometry/panda_link6"",""collider1"":""/World/FormalObstacle"",""contact_count"":3,""minimum_separation_m"":0.0010408610105514526}"
formal_baseline_v1__inflation_000mm__direction_100__030mm,formal_baseline_v1__inflation_000mm,formal_baseline_v1,0,direction_100,30.0,True,False,False,-0.001299150288105011,0.0002831071615219116,20,21,"{""actor0"":""/World/Franka/panda_link6"",""actor1"":""/World/FormalObstacle"",""collider0"":""/World/Franka/panda_link6/geometry/panda_link6"",""collider1"":""/World/FormalObstacle"",""contact_count"":4,""minimum_separation_m"":0.0002831071615219116}"
formal_baseline_v1__inflation_000mm__direction_101__024mm,formal_baseline_v1__inflation_000mm,formal_baseline_v1,0,direction_101,24.0,False,True,False,0.0004816800355911255,-0.0006774142384529114,19,19,"{""actor0"":""/World/Franka/panda_link6"",""actor1"":""/World/FormalObstacle"",""collider0"":""/World/Franka/panda_link6/geometry/panda_link6"",""collider1"":""/World/FormalObstacle"",""contact_count"":4,""minimum_separation_m"":-0.0006774142384529114}"
formal_baseline_v1__inflation_000mm__direction_102__022mm,formal_baseline_v1__inflation_000mm,formal_baseline_v1,0,direction_102,22.0,True,False,False,-5.3126364946365356e-05,0.0004854723811149597,18,19,"{""actor0"":""/World/Franka/panda_link6"",""actor1"":""/World/FormalObstacle"",""collider0"":""/World/Franka/panda_link6/geometry/panda_link6"",""collider1"":""/World/FormalObstacle"",""contact_count"":3,""minimum_separation_m"":0.0004854723811149597}"
formal_baseline_v1__inflation_000mm__direction_103__026mm,formal_baseline_v1__inflation_000mm,formal_baseline_v1,0,direction_103,26.0,True,False,False,-0.0004479028284549713,0.00012977421283721924,20,20,"{""actor0"":""/World/Franka/panda_link6"",""actor1"":""/World/FormalObstacle"",""collider0"":""/World/Franka/panda_link6/geometry/panda_link6"",""collider1"":""/World/FormalObstacle"",""contact_count"":3,""minimum_separation_m"":0.00012977421283721924}"
formal_baseline_v1__inflation_000mm__direction_105__024mm,formal_baseline_v1__inflation_000mm,formal_baseline_v1,0,direction_105,24.0,True,False,False,-0.0009719729423522949,9.016692638397217e-05,19,20,"{""actor0"":""/World/Franka/panda_link6"",""actor1"":""/World/FormalObstacle"",""collider0"":""/World/Franka/panda_link6/geometry/panda_link6"",""collider1"":""/World/FormalObstacle"",""contact_count"":4,""minimum_separation_m"":9.016692638397217e-05}"
formal_baseline_v1__inflation_000mm__direction_107__018mm,formal_baseline_v1__inflation_000mm,formal_baseline_v1,0,direction_107,18.0,True,False,False,-2.6144087314605713e-05,0.0011206567287445068,18,19,"{""actor0"":""/World/Franka/panda_link6"",""actor1"":""/World/FormalObstacle"",""collider0"":""/World/Franka/panda_link6/geometry/panda_link6"",""collider1"":""/World/FormalObstacle"",""contact_count"":4,""minimum_separation_m"":0.0011206567287445068}"
formal_baseline_v1__inflation_000mm__direction_111__020mm,formal_baseline_v1__inflation_000mm,formal_baseline_v1,0,direction_111,20.0,True,False,False,-0.0007451474666595459,0.0005050152540206909,19,20,"{""actor0"":""/World/Franka/panda_link6"",""actor1"":""/World/FormalObstacle"",""collider0"":""/World/Franka/panda_link6/geometry/panda_link6"",""collider1"":""/World/FormalObstacle"",""contact_count"":4,""minimum_separation_m"":0.0005050152540206909}"
formal_baseline_v1__inflation_000mm__direction_113__020mm,formal_baseline_v1__inflation_000mm,formal_baseline_v1,0,direction_113,20.0,True,False,False,-0.0009865984320640564,0.00013539940118789673,19,20,"{""actor0"":""/World/Franka/panda_link6"",""actor1"":""/World/FormalObstacle"",""collider0"":""/World/Franka/panda_link6/geometry/panda_link6"",""collider1"":""/World/FormalObstacle"",""contact_count"":4,""minimum_separation_m"":0.00013539940118789673}"
formal_baseline_v1__inflation_000mm__direction_116__018mm,formal_baseline_v1__inflation_000mm,formal_baseline_v1,0,direction_116,18.0,True,False,False,-0.000506572425365448,0.0007292330265045166,19,20,"{""actor0"":""/World/Franka/panda_link6"",""actor1"":""/World/FormalObstacle"",""collider0"":""/World/Franka/panda_link6/geometry/panda_link6"",""collider1"":""/World/FormalObstacle"",""contact_count"":4,""minimum_separation_m"":0.0007292330265045166}"
formal_baseline_v1__inflation_000mm__direction_117__016mm,formal_baseline_v1__inflation_000mm,formal_baseline_v1,0,direction_117,16.0,True,False,False,-0.00039215385913848877,8.090585470199585e-05,18,19,"{""actor0"":""/World/Franka/panda_link6"",""actor1"":""/World/FormalObstacle"",""collider0"":""/World/Franka/panda_link6/geometry/panda_link6"",""collider1"":""/World/FormalObstacle"",""contact_count"":4,""minimum_separation_m"":8.090585470199585e-05}"
formal_baseline_v1__inflation_000mm__direction_119__016mm,formal_baseline_v1__inflation_000mm,formal_baseline_v1,0,direction_119,16.0,True,False,False,-0.00022909045219421387,0.0002978965640068054,19,19,"{""actor0"":""/World/Franka/panda_link6"",""actor1"":""/World/FormalObstacle"",""collider0"":""/World/Franka/panda_link6/geometry/panda_link6"",""collider1"":""/World/FormalObstacle"",""contact_count"":3,""minimum_separation_m"":0.0002978965640068054}"
formal_baseline_v1__inflation_000mm__direction_121__016mm,formal_baseline_v1__inflation_000mm,formal_baseline_v1,0,direction_121,16.0,True,False,False,-0.0004879757761955261,0.0008709654211997986,19,20,"{""actor0"":""/World/Franka/panda_link6"",""actor1"":""/World/FormalObstacle"",""collider0"":""/World/Franka/panda_link6/geometry/panda_link6"",""collider1"":""/World/FormalObstacle"",""contact_count"":4,""minimum_separation_m"":0.0008709654211997986}"
formal_baseline_v1__inflation_000mm__direction_126__014mm,formal_baseline_v1__inflation_000mm,formal_baseline_v1,0,direction_126,14.0,True,False,False,-2.596154808998108e-05,0.000493362545967102,19,19,"{""actor0"":""/World/Franka/panda_link6"",""actor1"":""/World/FormalObstacle"",""collider0"":""/World/Franka/panda_link6/geometry/panda_link6"",""collider1"":""/World/FormalObstacle"",""contact_count"":3,""minimum_separation_m"":0.000493362545967102}"
formal_baseline_v1__inflation_000mm__direction_127__014mm,formal_baseline_v1__inflation_000mm,formal_baseline_v1,0,direction_127,14.0,True,False,False,-0.00024471059441566467,0.00011908262968063354,19,19,"{""actor0"":""/World/Franka/panda_link6"",""actor1"":""/World/FormalObstacle"",""collider0"":""/World/Franka/panda_link6/geometry/panda_link6"",""collider1"":""/World/FormalObstacle"",""contact_count"":3,""minimum_separation_m"":0.00011908262968063354}"
formal_baseline_v1__inflation_005mm__direction_078__050mm,formal_baseline_v1__inflation_005mm,formal_baseline_v1,5,direction_078,50.0,False,True,False,0.001217573881149292,-0.00034749507904052734,17,16,"{""actor0"":""/World/Franka/panda_link6"",""actor1"":""/World/FormalObstacle"",""collider0"":""/World/Franka/panda_link6/geometry/panda_link6"",""collider1"":""/World/FormalObstacle"",""contact_count"":4,""minimum_separation_m"":-0.00034749507904052734}"
formal_baseline_v1__inflation_005mm__direction_078__052mm,formal_baseline_v1__inflation_005mm,formal_baseline_v1,5,direction_078,52.0,False,True,False,0.0007372945547103882,-0.0008561871945858002,17,16,"{""actor0"":""/World/Franka/panda_link6"",""actor1"":""/World/FormalObstacle"",""collider0"":""/World/Franka/panda_link6/geometry/panda_link6"",""collider1"":""/World/FormalObstacle"",""contact_count"":3,""minimum_separation_m"":-0.0008561871945858002}"
formal_baseline_v1__inflation_005mm__direction_078__054mm,formal_baseline_v1__inflation_005mm,formal_baseline_v1,5,direction_078,54.0,False,True,False,0.00015716254711151123,-0.0013307146728038788,16,16,"{""actor0"":""/World/Franka/panda_link6"",""actor1"":""/World/FormalObstacle"",""collider0"":""/World/Franka/panda_link6/geometry/panda_link6"",""collider1"":""/World/FormalObstacle"",""contact_count"":3,""minimum_separation_m"":-0.0013307146728038788}"
formal_baseline_v1__inflation_005mm__direction_083__042mm,formal_baseline_v1__inflation_005mm,formal_baseline_v1,5,direction_083,42.0,False,True,False,0.0033288970589637756,-0.0002336464822292328,19,17,"{""actor0"":""/World/Franka/panda_link6"",""actor1"":""/World/FormalObstacle"",""collider0"":""/World/Franka/panda_link6/geometry/panda_link6"",""collider1"":""/World/FormalObstacle"",""contact_count"":3,""minimum_separation_m"":-0.0002336464822292328}"
formal_baseline_v1__inflation_005mm__direction_083__044mm,formal_baseline_v1__inflation_005mm,formal_baseline_v1,5,direction_083,44.0,False,True,False,0.002779364585876465,-0.0008106902241706848,19,17,"{""actor0"":""/World/Franka/panda_link6"",""actor1"":""/World/FormalObstacle"",""collider0"":""/World/Franka/panda_link6/geometry/panda_link6"",""collider1"":""/World/FormalObstacle"",""contact_count"":4,""minimum_separation_m"":-0.0008106902241706848}"
formal_baseline_v1__inflation_005mm__direction_083__046mm,formal_baseline_v1__inflation_005mm,formal_baseline_v1,5,direction_083,46.0,False,True,False,0.0022378191351890564,-0.0011130347847938538,19,17,"{""actor0"":""/World/Franka/panda_link6"",""actor1"":""/World/FormalObstacle"",""collider0"":""/World/Franka/panda_link6/geometry/panda_link6"",""collider1"":""/World/FormalObstacle"",""contact_count"":4,""minimum_separation_m"":-0.0011130347847938538}"
formal_baseline_v1__inflation_005mm__direction_083__048mm,formal_baseline_v1__inflation_005mm,formal_baseline_v1,5,direction_083,48.0,False,True,False,0.0017044171690940857,-0.0014154426753520966,19,17,"{""actor0"":""/World/Franka/panda_link6"",""actor1"":""/World/FormalObstacle"",""collider0"":""/World/Franka/panda_link6/geometry/panda_link6"",""collider1"":""/World/FormalObstacle"",""contact_count"":4,""minimum_separation_m"":-0.0014154426753520966}"
formal_baseline_v1__inflation_005mm__direction_083__050mm,formal_baseline_v1__inflation_005mm,formal_baseline_v1,5,direction_083,50.0,False,True,False,0.0011795014142990112,-0.0017178356647491455,19,17,"{""actor0"":""/World/Franka/panda_link6"",""actor1"":""/World/FormalObstacle"",""collider0"":""/World/Franka/panda_link6/geometry/panda_link6"",""collider1"":""/World/FormalObstacle"",""contact_count"":4,""minimum_separation_m"":-0.0017178356647491455}"
formal_baseline_v1__inflation_005mm__direction_083__052mm,formal_baseline_v1__inflation_005mm,formal_baseline_v1,5,direction_083,52.0,False,True,False,0.0006634294986724854,-0.0021026208996772766,19,18,"{""actor0"":""/World/Franka/panda_link6"",""actor1"":""/World/FormalObstacle"",""collider0"":""/World/Franka/panda_link6/geometry/panda_link6"",""collider1"":""/World/FormalObstacle"",""contact_count"":3,""minimum_separation_m"":-0.0021026208996772766}"
formal_baseline_v1__inflation_005mm__direction_083__054mm,formal_baseline_v1__inflation_005mm,formal_baseline_v1,5,direction_083,54.0,False,True,False,0.00015637651085853577,-0.00267111137509346,19,18,"{""actor0"":""/World/Franka/panda_link6"",""actor1"":""/World/FormalObstacle"",""collider0"":""/World/Franka/panda_link6/geometry/panda_link6"",""collider1"":""/World/FormalObstacle"",""contact_count"":3,""minimum_separation_m"":-0.00267111137509346}"
formal_baseline_v1__inflation_005mm__direction_084__060mm,formal_baseline_v1__inflation_005mm,formal_baseline_v1,5,direction_084,60.0,True,False,False,-0.0003260001540184021,0.0008604750037193298,20,21,"{""actor0"":""/World/Franka/panda_link6"",""actor1"":""/World/FormalObstacle"",""collider0"":""/World/Franka/panda_link6/geometry/panda_link6"",""collider1"":""/World/FormalObstacle"",""contact_count"":4,""minimum_separation_m"":0.0008604750037193298}"
formal_baseline_v1__inflation_005mm__direction_085__058mm,formal_baseline_v1__inflation_005mm,formal_baseline_v1,5,direction_085,58.0,False,True,False,0.002811841666698456,-2.9258430004119873e-05,22,21,"{""actor0"":""/World/Franka/panda_link6"",""actor1"":""/World/FormalObstacle"",""collider0"":""/World/Franka/panda_link6/geometry/panda_link6"",""collider1"":""/World/FormalObstacle"",""contact_count"":3,""minimum_separation_m"":-2.9258430004119873e-05}"
formal_baseline_v1__inflation_005mm__direction_085__060mm,formal_baseline_v1__inflation_005mm,formal_baseline_v1,5,direction_085,60.0,False,True,False,0.002356860786676407,-0.00046032294631004333,22,21,"{""actor0"":""/World/Franka/panda_link6"",""actor1"":""/World/FormalObstacle"",""collider0"":""/World/Franka/panda_link6/geometry/panda_link6"",""collider1"":""/World/FormalObstacle"",""contact_count"":3,""minimum_separation_m"":-0.00046032294631004333}"
formal_baseline_v1__inflation_005mm__direction_088__042mm,formal_baseline_v1__inflation_005mm,formal_baseline_v1,5,direction_088,42.0,False,True,False,0.002694185823202133,-0.00029559433460235596,20,19,"{""actor0"":""/World/Franka/panda_link6"",""actor1"":""/World/FormalObstacle"",""collider0"":""/World/Franka/panda_link6/geometry/panda_link6"",""collider1"":""/World/FormalObstacle"",""contact_count"":3,""minimum_separation_m"":-0.00029559433460235596}"
formal_baseline_v1__inflation_005mm__direction_088__044mm,formal_baseline_v1__inflation_005mm,formal_baseline_v1,5,direction_088,44.0,False,True,False,0.0022452808916568756,-0.0009278729557991028,20,19,"{""actor0"":""/World/Franka/panda_link6"",""actor1"":""/World/FormalObstacle"",""collider0"":""/World/Franka/panda_link6/geometry/panda_link6"",""collider1"":""/World/FormalObstacle"",""contact_count"":3,""minimum_separation_m"":-0.0009278729557991028}"
formal_baseline_v1__inflation_005mm__direction_088__046mm,formal_baseline_v1__inflation_005mm,formal_baseline_v1,5,direction_088,46.0,False,True,False,0.0018465220928192139,-0.0015601366758346558,20,19,"{""actor0"":""/World/Franka/panda_link6"",""actor1"":""/World/FormalObstacle"",""collider0"":""/World/Franka/panda_link6/geometry/panda_link6"",""collider1"":""/World/FormalObstacle"",""contact_count"":3,""minimum_separation_m"":-0.0015601366758346558}"
formal_baseline_v1__inflation_005mm__direction_088__048mm,formal_baseline_v1__inflation_005mm,formal_baseline_v1,5,direction_088,48.0,False,True,False,0.0014991909265518188,-0.0021924003958702087,20,19,"{""actor0"":""/World/Franka/panda_link6"",""actor1"":""/World/FormalObstacle"",""collider0"":""/World/Franka/panda_link6/geometry/panda_link6"",""collider1"":""/World/FormalObstacle"",""contact_count"":3,""minimum_separation_m"":-0.0021924003958702087}"
formal_baseline_v1__inflation_005mm__direction_088__050mm,formal_baseline_v1__inflation_005mm,formal_baseline_v1,5,direction_088,50.0,False,True,False,0.0007640048861503601,-0.002831842750310898,21,19,"{""actor0"":""/World/Franka/panda_link6"",""actor1"":""/World/FormalObstacle"",""collider0"":""/World/Franka/panda_link6/geometry/panda_link6"",""collider1"":""/World/FormalObstacle"",""contact_count"":4,""minimum_separation_m"":-0.002831842750310898}"
formal_baseline_v1__inflation_005mm__direction_088__052mm,formal_baseline_v1__inflation_005mm,formal_baseline_v1,5,direction_088,52.0,False,True,False,5.1587820053100586e-05,-0.002859819680452347,21,19,"{""actor0"":""/World/Franka/panda_link6"",""actor1"":""/World/FormalObstacle"",""collider0"":""/World/Franka/panda_link6/geometry/panda_link6"",""collider1"":""/World/FormalObstacle"",""contact_count"":4,""minimum_separation_m"":-0.002859819680452347}"
formal_baseline_v1__inflation_005mm__direction_089__040mm,formal_baseline_v1__inflation_005mm,formal_baseline_v1,5,direction_089,40.0,True,False,False,-3.6094337701797485e-05,8.203089237213135e-05,19,19,"{""actor0"":""/World/Franka/panda_link6"",""actor1"":""/World/FormalObstacle"",""collider0"":""/World/Franka/panda_link6/geometry/panda_link6"",""collider1"":""/World/FormalObstacle"",""contact_count"":3,""minimum_separation_m"":8.203089237213135e-05}"
formal_baseline_v1__inflation_005mm__direction_091__032mm,formal_baseline_v1__inflation_005mm,formal_baseline_v1,5,direction_091,32.0,False,True,False,0.0004887320101261139,-0.0008452460169792175,18,17,"{""actor0"":""/World/Franka/panda_link6"",""actor1"":""/World/FormalObstacle"",""collider0"":""/World/Franka/panda_link6/geometry/panda_link6"",""collider1"":""/World/FormalObstacle"",""contact_count"":4,""minimum_separation_m"":-0.0008452460169792175}"
formal_baseline_v1__inflation_005mm__direction_092__044mm,formal_baseline_v1__inflation_005mm,formal_baseline_v1,5,direction_092,44.0,True,False,False,-0.000336524099111557,0.0006041303277015686,20,21,"{""actor0"":""/World/Franka/panda_link6"",""actor1"":""/World/FormalObstacle"",""collider0"":""/World/Franka/panda_link6/geometry/panda_link6"",""collider1"":""/World/FormalObstacle"",""contact_count"":4,""minimum_separation_m"":0.0006041303277015686}"
formal_baseline_v1__inflation_005mm__direction_093__036mm,formal_baseline_v1__inflation_005mm,formal_baseline_v1,5,direction_093,36.0,False,True,False,0.0026761144399642944,-0.0006022714078426361,20,19,"{""actor0"":""/World/Franka/panda_link6"",""actor1"":""/World/FormalObstacle"",""collider0"":""/World/Franka/panda_link6/geometry/panda_link6"",""collider1"":""/World/FormalObstacle"",""contact_count"":3,""minimum_separation_m"":-0.0006022714078426361}"
formal_baseline_v1__inflation_005mm__direction_093__038mm,formal_baseline_v1__inflation_005mm,formal_baseline_v1,5,direction_093,38.0,False,True,False,0.0022497065365314484,-0.0013569928705692291,20,19,"{""actor0"":""/World/Franka/panda_link6"",""actor1"":""/World/FormalObstacle"",""collider0"":""/World/Franka/panda_link6/geometry/panda_link6"",""collider1"":""/World/FormalObstacle"",""contact_count"":3,""minimum_separation_m"":-0.0013569928705692291}"
formal_baseline_v1__inflation_005mm__direction_093__040mm,formal_baseline_v1__inflation_005mm,formal_baseline_v1,5,direction_093,40.0,False,True,False,0.0014693662524223328,-0.0021455027163028717,21,19,"{""actor0"":""/World/Franka/panda_link6"",""actor1"":""/World/FormalObstacle"",""collider0"":""/World/Franka/panda_link6/geometry/panda_link6"",""collider1"":""/World/FormalObstacle"",""contact_count"":4,""minimum_separation_m"":-0.0021455027163028717}"
formal_baseline_v1__inflation_005mm__direction_093__042mm,formal_baseline_v1__inflation_005mm,formal_baseline_v1,5,direction_093,42.0,False,True,False,0.0006242506206035614,-0.0022496916353702545,21,20,"{""actor0"":""/World/Franka/panda_link6"",""actor1"":""/World/FormalObstacle"",""collider0"":""/World/Franka/panda_link6/geometry/panda_link6"",""collider1"":""/World/FormalObstacle"",""contact_count"":3,""minimum_separation_m"":-0.0022496916353702545}"
formal_baseline_v1__inflation_005mm__direction_094__030mm,formal_baseline_v1__inflation_005mm,formal_baseline_v1,5,direction_094,30.0,True,False,False,-0.00018498674035072327,2.0116567611694336e-06,18,18,"{""actor0"":""/World/Franka/panda_link6"",""actor1"":""/World/FormalObstacle"",""collider0"":""/World/Franka/panda_link6/geometry/panda_link6"",""collider1"":""/World/FormalObstacle"",""contact_count"":3,""minimum_separation_m"":2.0116567611694336e-06}"
formal_baseline_v1__inflation_005mm__direction_095__042mm,formal_baseline_v1__inflation_005mm,formal_baseline_v1,5,direction_095,42.0,True,False,False,-0.0007770657539367676,0.0001477077603340149,21,21,"{""actor0"":""/World/Franka/panda_link6"",""actor1"":""/World/FormalObstacle"",""collider0"":""/World/Franka/panda_link6/geometry/panda_link6"",""collider1"":""/World/FormalObstacle"",""contact_count"":3,""minimum_separation_m"":0.0001477077603340149}"
formal_baseline_v1__inflation_005mm__direction_096__028mm,formal_baseline_v1__inflation_005mm,formal_baseline_v1,5,direction_096,28.0,False,True,False,0.0019328929483890533,-0.00021447241306304932,19,18,"{""actor0"":""/World/Franka/panda_link6"",""actor1"":""/World/FormalObstacle"",""collider0"":""/World/Franka/panda_link6/geometry/panda_link6"",""collider1"":""/World/FormalObstacle"",""contact_count"":4,""minimum_separation_m"":-0.00021447241306304932}"
formal_baseline_v1__inflation_005mm__direction_096__030mm,formal_baseline_v1__inflation_005mm,formal_baseline_v1,5,direction_096,30.0,False,True,False,0.0010191239416599274,-0.0013016313314437866,19,18,"{""actor0"":""/World/Franka/panda_link6"",""actor1"":""/World/FormalObstacle"",""collider0"":""/World/Franka/panda_link6/geometry/panda_link6"",""collider1"":""/World/FormalObstacle"",""contact_count"":4,""minimum_separation_m"":-0.0013016313314437866}"
formal_baseline_v1__inflation_005mm__direction_096__032mm,formal_baseline_v1__inflation_005mm,formal_baseline_v1,5,direction_096,32.0,False,True,False,0.00012548640370368958,-0.0023887380957603455,19,18,"{""actor0"":""/World/Franka/panda_link6"",""actor1"":""/World/FormalObstacle"",""collider0"":""/World/Franka/panda_link6/geometry/panda_link6"",""collider1"":""/World/FormalObstacle"",""contact_count"":4,""minimum_separation_m"":-0.0023887380957603455}"
formal_baseline_v1__inflation_005mm__direction_097__032mm,formal_baseline_v1__inflation_005mm,formal_baseline_v1,5,direction_097,32.0,True,False,False,-0.0004450269043445587,0.0007013082504272461,19,20,"{""actor0"":""/World/Franka/panda_link6"",""actor1"":""/World/FormalObstacle"",""collider0"":""/World/Franka/panda_link6/geometry/panda_link6"",""collider1"":""/World/FormalObstacle"",""contact_count"":4,""minimum_separation_m"":0.0007013082504272461}"
formal_baseline_v1__inflation_005mm__direction_100__032mm,formal_baseline_v1__inflation_005mm,formal_baseline_v1,5,direction_100,32.0,True,False,False,-7.805600762367249e-05,0.001297585666179657,20,21,"{""actor0"":""/World/Franka/panda_link6"",""actor1"":""/World/FormalObstacle"",""collider0"":""/World/Franka/panda_link6/geometry/panda_link6"",""collider1"":""/World/FormalObstacle"",""contact_count"":4,""minimum_separation_m"":0.001297585666179657}"
formal_baseline_v1__inflation_005mm__direction_100__034mm,formal_baseline_v1__inflation_005mm,formal_baseline_v1,5,direction_100,34.0,True,False,False,-0.000987231731414795,0.0003396719694137573,20,21,"{""actor0"":""/World/Franka/panda_link6"",""actor1"":""/World/FormalObstacle"",""collider0"":""/World/Franka/panda_link6/geometry/panda_link6"",""collider1"":""/World/FormalObstacle"",""contact_count"":4,""minimum_separation_m"":0.0003396719694137573}"
formal_baseline_v1__inflation_005mm__direction_101__028mm,formal_baseline_v1__inflation_005mm,formal_baseline_v1,5,direction_101,28.0,False,True,False,0.001364685595035553,-0.001306980848312378,19,18,"{""actor0"":""/World/Franka/panda_link6"",""actor1"":""/World/FormalObstacle"",""collider0"":""/World/Franka/panda_link6/geometry/panda_link6"",""collider1"":""/World/FormalObstacle"",""contact_count"":4,""minimum_separation_m"":-0.001306980848312378}"
formal_baseline_v1__inflation_005mm__direction_101__030mm,formal_baseline_v1__inflation_005mm,formal_baseline_v1,5,direction_101,30.0,False,True,False,0.0002749413251876831,-0.002659544348716736,20,18,"{""actor0"":""/World/Franka/panda_link6"",""actor1"":""/World/FormalObstacle"",""collider0"":""/World/Franka/panda_link6/geometry/panda_link6"",""collider1"":""/World/FormalObstacle"",""contact_count"":4,""minimum_separation_m"":-0.002659544348716736}"
formal_baseline_v1__inflation_005mm__direction_102__026mm,formal_baseline_v1__inflation_005mm,formal_baseline_v1,5,direction_102,26.0,True,False,False,-0.00046026334166526794,0.00011152029037475586,18,19,"{""actor0"":""/World/Franka/panda_link6"",""actor1"":""/World/FormalObstacle"",""collider0"":""/World/Franka/panda_link6/geometry/panda_link6"",""collider1"":""/World/FormalObstacle"",""contact_count"":3,""minimum_separation_m"":0.00011152029037475586}"
formal_baseline_v1__inflation_005mm__direction_106__026mm,formal_baseline_v1__inflation_005mm,formal_baseline_v1,5,direction_106,26.0,False,True,False,0.0003744475543498993,-0.0010695680975914001,19,19,"{""actor0"":""/World/Franka/panda_link6"",""actor1"":""/World/FormalObstacle"",""collider0"":""/World/Franka/panda_link6/geometry/panda_link6"",""collider1"":""/World/FormalObstacle"",""contact_count"":3,""minimum_separation_m"":-0.0010695680975914001}"
formal_baseline_v1__inflation_005mm__direction_108__026mm,formal_baseline_v1__inflation_005mm,formal_baseline_v1,5,direction_108,26.0,True,False,False,-0.0002471543848514557,0.00028643757104873657,20,20,"{""actor0"":""/World/Franka/panda_link6"",""actor1"":""/World/FormalObstacle"",""collider0"":""/World/Franka/panda_link6/geometry/panda_link6"",""collider1"":""/World/FormalObstacle"",""contact_count"":3,""minimum_separation_m"":0.00028643757104873657}"
formal_baseline_v1__inflation_005mm__direction_109__022mm,formal_baseline_v1__inflation_005mm,formal_baseline_v1,5,direction_109,22.0,False,True,False,0.0003835037350654602,-0.0008590966463088989,19,18,"{""actor0"":""/World/Franka/panda_link6"",""actor1"":""/World/FormalObstacle"",""collider0"":""/World/Franka/panda_link6/geometry/panda_link6"",""collider1"":""/World/FormalObstacle"",""contact_count"":4,""minimum_separation_m"":-0.0008590966463088989}"
formal_baseline_v1__inflation_005mm__direction_110__022mm,formal_baseline_v1__inflation_005mm,formal_baseline_v1,5,direction_110,22.0,True,False,False,-8.294358849525452e-05,0.0002181902527809143,19,19,"{""actor0"":""/World/Franka/panda_link6"",""actor1"":""/World/FormalObstacle"",""collider0"":""/World/Franka/panda_link6/geometry/panda_link6"",""collider1"":""/World/FormalObstacle"",""contact_count"":3,""minimum_separation_m"":0.0002181902527809143}"
formal_baseline_v1__inflation_005mm__direction_113__022mm,formal_baseline_v1__inflation_005mm,formal_baseline_v1,5,direction_113,22.0,True,False,False,-0.0001360177993774414,0.0007352307438850403,19,20,"{""actor0"":""/World/Franka/panda_link6"",""actor1"":""/World/FormalObstacle"",""collider0"":""/World/Franka/panda_link6/geometry/panda_link6"",""collider1"":""/World/FormalObstacle"",""contact_count"":4,""minimum_separation_m"":0.0007352307438850403}"
formal_baseline_v1__inflation_010mm__direction_086__050mm,formal_baseline_v1__inflation_010mm,formal_baseline_v1,10,direction_086,50.0,False,True,False,0.0003270842134952545,-4.603341221809387e-05,16,17,"{""actor0"":""/World/Franka/panda_link6"",""actor1"":""/World/FormalObstacle"",""collider0"":""/World/Franka/panda_link6/geometry/panda_link6"",""collider1"":""/World/FormalObstacle"",""contact_count"":3,""minimum_separation_m"":-4.603341221809387e-05}"
formal_baseline_v1__inflation_010mm__direction_089__054mm,formal_baseline_v1__inflation_010mm,formal_baseline_v1,10,direction_089,54.0,False,True,False,7.889419794082642e-05,-0.00020958483219146729,18,19,"{""actor0"":""/World/Franka/panda_link6"",""actor1"":""/World/FormalObstacle"",""collider0"":""/World/Franka/panda_link6/geometry/panda_link6"",""collider1"":""/World/FormalObstacle"",""contact_count"":3,""minimum_separation_m"":-0.00020958483219146729}"
formal_baseline_v1__inflation_010mm__direction_091__042mm,formal_baseline_v1__inflation_010mm,formal_baseline_v1,10,direction_091,42.0,False,True,False,0.0021412335336208344,-0.0005104169249534607,18,17,"{""actor0"":""/World/Franka/panda_link6"",""actor1"":""/World/FormalObstacle"",""collider0"":""/World/Franka/panda_link6/geometry/panda_link6"",""collider1"":""/World/FormalObstacle"",""contact_count"":4,""minimum_separation_m"":-0.0005104169249534607}"
formal_baseline_v1__inflation_010mm__direction_091__044mm,formal_baseline_v1__inflation_010mm,formal_baseline_v1,10,direction_091,44.0,False,True,False,0.0012759752571582794,-0.0014183521270751953,18,17,"{""actor0"":""/World/Franka/panda_link6"",""actor1"":""/World/FormalObstacle"",""collider0"":""/World/Franka/panda_link6/geometry/panda_link6"",""collider1"":""/World/FormalObstacle"",""contact_count"":4,""minimum_separation_m"":-0.0014183521270751953}"
formal_baseline_v1__inflation_010mm__direction_091__046mm,formal_baseline_v1__inflation_010mm,formal_baseline_v1,10,direction_091,46.0,False,True,False,0.0004107169806957245,-0.0023263022303581238,18,17,"{""actor0"":""/World/Franka/panda_link6"",""actor1"":""/World/FormalObstacle"",""collider0"":""/World/Franka/panda_link6/geometry/panda_link6"",""collider1"":""/World/FormalObstacle"",""contact_count"":4,""minimum_separation_m"":-0.0023263022303581238}"
formal_baseline_v1__inflation_010mm__direction_092__058mm,formal_baseline_v1__inflation_010mm,formal_baseline_v1,10,direction_092,58.0,True,False,False,-0.00022378936409950256,0.0006115883588790894,21,23,"{""actor0"":""/World/Franka/panda_link6"",""actor1"":""/World/FormalObstacle"",""collider0"":""/World/Franka/panda_link6/geometry/panda_link6"",""collider1"":""/World/FormalObstacle"",""contact_count"":4,""minimum_separation_m"":0.0006115883588790894}"
formal_baseline_v1__inflation_010mm__direction_093__052mm,formal_baseline_v1__inflation_010mm,formal_baseline_v1,10,direction_093,52.0,False,True,False,0.0033937953412532806,-5.4176896810531616e-05,22,20,"{""actor0"":""/World/Franka/panda_link6"",""actor1"":""/World/FormalObstacle"",""collider0"":""/World/Franka/panda_link6/geometry/panda_link6"",""collider1"":""/World/FormalObstacle"",""contact_count"":4,""minimum_separation_m"":-5.4176896810531616e-05}"
formal_baseline_v1__inflation_010mm__direction_093__054mm,formal_baseline_v1__inflation_010mm,formal_baseline_v1,10,direction_093,54.0,False,True,False,0.0024908147752285004,-0.0005652531981468201,22,21,"{""actor0"":""/World/Franka/panda_link6"",""actor1"":""/World/FormalObstacle"",""collider0"":""/World/Franka/panda_link6/geometry/panda_link6"",""collider1"":""/World/FormalObstacle"",""contact_count"":3,""minimum_separation_m"":-0.0005652531981468201}"
formal_baseline_v1__inflation_010mm__direction_093__056mm,formal_baseline_v1__inflation_010mm,formal_baseline_v1,10,direction_093,56.0,False,True,False,0.0016529709100723267,-0.001262720674276352,22,21,"{""actor0"":""/World/Franka/panda_link6"",""actor1"":""/World/FormalObstacle"",""collider0"":""/World/Franka/panda_link6/geometry/panda_link6"",""collider1"":""/World/FormalObstacle"",""contact_count"":3,""minimum_separation_m"":-0.001262720674276352}"
formal_baseline_v1__inflation_010mm__direction_093__058mm,formal_baseline_v1__inflation_010mm,formal_baseline_v1,10,direction_093,58.0,False,True,False,0.0008855909109115601,-0.0020016804337501526,22,22,"{""actor0"":""/World/Franka/panda_link6"",""actor1"":""/World/FormalObstacle"",""collider0"":""/World/Franka/panda_link6/geometry/panda_link6"",""collider1"":""/World/FormalObstacle"",""contact_count"":4,""minimum_separation_m"":-0.0020016804337501526}"
formal_baseline_v1__inflation_010mm__direction_093__060mm,formal_baseline_v1__inflation_010mm,formal_baseline_v1,10,direction_093,60.0,False,True,False,0.00019238516688346863,-0.0028008557856082916,22,22,"{""actor0"":""/World/Franka/panda_link6"",""actor1"":""/World/FormalObstacle"",""collider0"":""/World/Franka/panda_link6/geometry/panda_link6"",""collider1"":""/World/FormalObstacle"",""contact_count"":3,""minimum_separation_m"":-0.0028008557856082916}"
formal_baseline_v1__inflation_010mm__direction_095__054mm,formal_baseline_v1__inflation_010mm,formal_baseline_v1,10,direction_095,54.0,True,False,False,-0.000109843909740448,0.0005742907524108887,21,23,"{""actor0"":""/World/Franka/panda_link6"",""actor1"":""/World/FormalObstacle"",""collider0"":""/World/Franka/panda_link6/geometry/panda_link6"",""collider1"":""/World/FormalObstacle"",""contact_count"":4,""minimum_separation_m"":0.0005742907524108887}"
formal_baseline_v1__inflation_010mm__direction_096__040mm,formal_baseline_v1__inflation_010mm,formal_baseline_v1,10,direction_096,40.0,False,True,False,0.0031108558177948,-0.0007735118269920349,19,18,"{""actor0"":""/World/Franka/panda_link6"",""actor1"":""/World/FormalObstacle"",""collider0"":""/World/Franka/panda_link6/geometry/panda_link6"",""collider1"":""/World/FormalObstacle"",""contact_count"":3,""minimum_separation_m"":-0.0007735118269920349}"
formal_baseline_v1__inflation_010mm__direction_096__042mm,formal_baseline_v1__inflation_010mm,formal_baseline_v1,10,direction_096,42.0,False,True,False,0.00218857079744339,-0.0017294324934482574,20,18,"{""actor0"":""/World/Franka/panda_link6"",""actor1"":""/World/FormalObstacle"",""collider0"":""/World/Franka/panda_link6/geometry/panda_link6"",""collider1"":""/World/FormalObstacle"",""contact_count"":3,""minimum_separation_m"":-0.0017294324934482574}"
formal_baseline_v1__inflation_010mm__direction_096__044mm,formal_baseline_v1__inflation_010mm,formal_baseline_v1,10,direction_096,44.0,False,True,False,0.0011938586831092834,-0.002685319632291794,20,18,"{""actor0"":""/World/Franka/panda_link6"",""actor1"":""/World/FormalObstacle"",""collider0"":""/World/Franka/panda_link6/geometry/panda_link6"",""collider1"":""/World/FormalObstacle"",""contact_count"":3,""minimum_separation_m"":-0.002685319632291794}"
formal_baseline_v1__inflation_010mm__direction_096__046mm,formal_baseline_v1__inflation_010mm,formal_baseline_v1,10,direction_096,46.0,False,True,False,0.00021575391292572021,-0.0034893937408924103,20,18,"{""actor0"":""/World/Franka/panda_link6"",""actor1"":""/World/FormalObstacle"",""collider0"":""/World/Franka/panda_link6/geometry/panda_link6"",""collider1"":""/World/FormalObstacle"",""contact_count"":4,""minimum_separation_m"":-0.0034893937408924103}"
formal_baseline_v1__inflation_010mm__direction_098__044mm,formal_baseline_v1__inflation_010mm,formal_baseline_v1,10,direction_098,44.0,False,True,False,0.0017764344811439514,-0.000441625714302063,21,20,"{""actor0"":""/World/Franka/panda_link6"",""actor1"":""/World/FormalObstacle"",""collider0"":""/World/Franka/panda_link6/geometry/panda_link6"",""collider1"":""/World/FormalObstacle"",""contact_count"":4,""minimum_separation_m"":-0.000441625714302063}"
formal_baseline_v1__inflation_010mm__direction_098__046mm,formal_baseline_v1__inflation_010mm,formal_baseline_v1,10,direction_098,46.0,False,True,False,0.0008170865476131439,-0.0014563649892807007,21,20,"{""actor0"":""/World/Franka/panda_link6"",""actor1"":""/World/FormalObstacle"",""collider0"":""/World/Franka/panda_link6/geometry/panda_link6"",""collider1"":""/World/FormalObstacle"",""contact_count"":4,""minimum_separation_m"":-0.0014563649892807007}"
formal_baseline_v1__inflation_010mm__direction_099__034mm,formal_baseline_v1__inflation_010mm,formal_baseline_v1,10,direction_099,34.0,False,True,False,0.00019792839884757996,-9.511411190032959e-05,17,17,"{""actor0"":""/World/Franka/panda_link6"",""actor1"":""/World/FormalObstacle"",""collider0"":""/World/Franka/panda_link6/geometry/panda_link6"",""collider1"":""/World/FormalObstacle"",""contact_count"":4,""minimum_separation_m"":-9.511411190032959e-05}"
formal_baseline_v1__inflation_010mm__direction_101__038mm,formal_baseline_v1__inflation_010mm,formal_baseline_v1,10,direction_101,38.0,False,True,False,0.0023471713066101074,-0.0009641200304031372,20,19,"{""actor0"":""/World/Franka/panda_link6"",""actor1"":""/World/FormalObstacle"",""collider0"":""/World/Franka/panda_link6/geometry/panda_link6"",""collider1"":""/World/FormalObstacle"",""contact_count"":3,""minimum_separation_m"":-0.0009641200304031372}"
formal_baseline_v1__inflation_010mm__direction_101__040mm,formal_baseline_v1__inflation_010mm,formal_baseline_v1,10,direction_101,40.0,False,True,False,0.0015377067029476166,-0.00200454518198967,20,19,"{""actor0"":""/World/Franka/panda_link6"",""actor1"":""/World/FormalObstacle"",""collider0"":""/World/Franka/panda_link6/geometry/panda_link6"",""collider1"":""/World/FormalObstacle"",""contact_count"":3,""minimum_separation_m"":-0.00200454518198967}"
formal_baseline_v1__inflation_010mm__direction_101__042mm,formal_baseline_v1__inflation_010mm,formal_baseline_v1,10,direction_101,42.0,False,True,False,0.0007884502410888672,-0.0030449852347373962,20,19,"{""actor0"":""/World/Franka/panda_link6"",""actor1"":""/World/FormalObstacle"",""collider0"":""/World/Franka/panda_link6/geometry/panda_link6"",""collider1"":""/World/FormalObstacle"",""contact_count"":3,""minimum_separation_m"":-0.0030449852347373962}"
formal_baseline_v1__inflation_010mm__direction_102__034mm,formal_baseline_v1__inflation_010mm,formal_baseline_v1,10,direction_102,34.0,True,False,False,-1.9825994968414307e-05,0.0005178749561309814,18,19,"{""actor0"":""/World/Franka/panda_link6"",""actor1"":""/World/FormalObstacle"",""collider0"":""/World/Franka/panda_link6/geometry/panda_link6"",""collider1"":""/World/FormalObstacle"",""contact_count"":4,""minimum_separation_m"":0.0005178749561309814}"
formal_baseline_v1__inflation_010mm__direction_103__040mm,formal_baseline_v1__inflation_010mm,formal_baseline_v1,10,direction_103,40.0,True,False,False,-0.0007365569472312927,4.521012306213379e-05,20,22,"{""actor0"":""/World/Franka/panda_link6"",""actor1"":""/World/FormalObstacle"",""collider0"":""/World/Franka/panda_link6/geometry/panda_link6"",""collider1"":""/World/FormalObstacle"",""contact_count"":3,""minimum_separation_m"":4.521012306213379e-05}"
formal_baseline_v1__inflation_010mm__direction_104__032mm,formal_baseline_v1__inflation_010mm,formal_baseline_v1,10,direction_104,32.0,False,True,False,0.0011543594300746918,-0.0010958202183246613,18,18,"{""actor0"":""/World/Franka/panda_link6"",""actor1"":""/World/FormalObstacle"",""collider0"":""/World/Franka/panda_link6/geometry/panda_link6"",""collider1"":""/World/FormalObstacle"",""contact_count"":4,""minimum_separation_m"":-0.0010958202183246613}"
formal_baseline_v1__inflation_010mm__direction_104__034mm,formal_baseline_v1__inflation_010mm,formal_baseline_v1,10,direction_104,34.0,False,True,False,4.0978193283081055e-07,-0.002587825059890747,18,17,"{""actor0"":""/World/Franka/panda_link6"",""actor1"":""/World/FormalObstacle"",""collider0"":""/World/Franka/panda_link6/geometry/panda_link6"",""collider1"":""/World/FormalObstacle"",""contact_count"":4,""minimum_separation_m"":-0.002587825059890747}"
formal_baseline_v1__inflation_010mm__direction_106__034mm,formal_baseline_v1__inflation_010mm,formal_baseline_v1,10,direction_106,34.0,False,True,False,0.0016930997371673584,-0.001047678291797638,20,19,"{""actor0"":""/World/Franka/panda_link6"",""actor1"":""/World/FormalObstacle"",""collider0"":""/World/Franka/panda_link6/geometry/panda_link6"",""collider1"":""/World/FormalObstacle"",""contact_count"":4,""minimum_separation_m"":-0.001047678291797638}"
formal_baseline_v1__inflation_010mm__direction_106__036mm,formal_baseline_v1__inflation_010mm,formal_baseline_v1,10,direction_106,36.0,False,True,False,0.0006864368915557861,-0.002367742359638214,20,19,"{""actor0"":""/World/Franka/panda_link6"",""actor1"":""/World/FormalObstacle"",""collider0"":""/World/Franka/panda_link6/geometry/panda_link6"",""collider1"":""/World/FormalObstacle"",""contact_count"":4,""minimum_separation_m"":-0.002367742359638214}"
formal_baseline_v1__inflation_010mm__direction_109__028mm,formal_baseline_v1__inflation_010mm,formal_baseline_v1,10,direction_109,28.0,False,True,False,0.002637084573507309,-0.0003089047968387604,19,18,"{""actor0"":""/World/Franka/panda_link6"",""actor1"":""/World/FormalObstacle"",""collider0"":""/World/Franka/panda_link6/geometry/panda_link6"",""collider1"":""/World/FormalObstacle"",""contact_count"":4,""minimum_separation_m"":-0.0003089047968387604}"
formal_baseline_v1__inflation_010mm__direction_109__030mm,formal_baseline_v1__inflation_010mm,formal_baseline_v1,10,direction_109,30.0,False,True,False,0.0014379657804965973,-0.0017785541713237762,19,18,"{""actor0"":""/World/Franka/panda_link6"",""actor1"":""/World/FormalObstacle"",""collider0"":""/World/Franka/panda_link6/geometry/panda_link6"",""collider1"":""/World/FormalObstacle"",""contact_count"":4,""minimum_separation_m"":-0.0017785541713237762}"
formal_baseline_v1__inflation_010mm__direction_109__032mm,formal_baseline_v1__inflation_010mm,formal_baseline_v1,10,direction_109,32.0,False,True,False,0.0002710595726966858,-0.0032481923699378967,19,18,"{""actor0"":""/World/Franka/panda_link6"",""actor1"":""/World/FormalObstacle"",""collider0"":""/World/Franka/panda_link6/geometry/panda_link6"",""collider1"":""/World/FormalObstacle"",""contact_count"":4,""minimum_separation_m"":-0.0032481923699378967}"
formal_baseline_v1__inflation_010mm__direction_112__026mm,formal_baseline_v1__inflation_010mm,formal_baseline_v1,10,direction_112,26.0,False,True,False,0.0003705807030200958,-0.00019429996609687805,18,18,"{""actor0"":""/World/Franka/panda_link6"",""actor1"":""/World/FormalObstacle"",""collider0"":""/World/Franka/panda_link6/geometry/panda_link6"",""collider1"":""/World/FormalObstacle"",""contact_count"":3,""minimum_separation_m"":-0.00019429996609687805}"
formal_baseline_v1__inflation_010mm__direction_114__028mm,formal_baseline_v1__inflation_010mm,formal_baseline_v1,10,direction_114,28.0,False,True,False,0.0013161413371562958,-0.0009933561086654663,19,19,"{""actor0"":""/World/Franka/panda_link6"",""actor1"":""/World/FormalObstacle"",""collider0"":""/World/Franka/panda_link6/geometry/panda_link6"",""collider1"":""/World/FormalObstacle"",""contact_count"":4,""minimum_separation_m"":-0.0009933561086654663}"
formal_baseline_v1__inflation_010mm__direction_115__026mm,formal_baseline_v1__inflation_010mm,formal_baseline_v1,10,direction_115,26.0,True,False,False,-0.0005226880311965942,3.326684236526489e-05,18,19,"{""actor0"":""/World/Franka/panda_link6"",""actor1"":""/World/FormalObstacle"",""collider0"":""/World/Franka/panda_link6/geometry/panda_link6"",""collider1"":""/World/FormalObstacle"",""contact_count"":4,""minimum_separation_m"":3.326684236526489e-05}"
formal_baseline_v1__inflation_010mm__direction_117__024mm,formal_baseline_v1__inflation_010mm,formal_baseline_v1,10,direction_117,24.0,False,True,False,0.0015928931534290314,-0.00035303086042404175,19,18,"{""actor0"":""/World/Franka/panda_link6"",""actor1"":""/World/FormalObstacle"",""collider0"":""/World/Franka/panda_link6/geometry/panda_link6"",""collider1"":""/World/FormalObstacle"",""contact_count"":3,""minimum_separation_m"":-0.00035303086042404175}"
formal_baseline_v1__inflation_010mm__direction_125__022mm,formal_baseline_v1__inflation_010mm,formal_baseline_v1,10,direction_125,22.0,False,True,False,0.00015784427523612976,-0.00013117492198944092,18,19,"{""actor0"":""/World/Franka/panda_link6"",""actor1"":""/World/FormalObstacle"",""collider0"":""/World/Franka/panda_link6/geometry/panda_link6"",""collider1"":""/World/FormalObstacle"",""contact_count"":4,""minimum_separation_m"":-0.00013117492198944092}"
formal_baseline_v1__inflation_015mm__direction_086__060mm,formal_baseline_v1__inflation_015mm,formal_baseline_v1,15,direction_086,60.0,False,True,False,0.0005882643163204193,-0.0002975165843963623,16,16,"{""actor0"":""/World/Franka/panda_link6"",""actor1"":""/World/FormalObstacle"",""collider0"":""/World/Franka/panda_link6/geometry/panda_link6"",""collider1"":""/World/FormalObstacle"",""contact_count"":3,""minimum_separation_m"":-0.0002975165843963623}"
formal_baseline_v1__inflation_015mm__direction_091__052mm,formal_baseline_v1__inflation_015mm,formal_baseline_v1,15,direction_091,52.0,False,True,False,0.003716949373483658,-0.0006784908473491669,18,16,"{""actor0"":""/World/Franka/panda_link6"",""actor1"":""/World/FormalObstacle"",""collider0"":""/World/Franka/panda_link6/geometry/panda_link6"",""collider1"":""/World/FormalObstacle"",""contact_count"":3,""minimum_separation_m"":-0.0006784908473491669}"
formal_baseline_v1__inflation_015mm__direction_091__054mm,formal_baseline_v1__inflation_015mm,formal_baseline_v1,15,direction_091,54.0,False,True,False,0.0028530173003673553,-0.0015144534409046173,18,16,"{""actor0"":""/World/Franka/panda_link6"",""actor1"":""/World/FormalObstacle"",""collider0"":""/World/Franka/panda_link6/geometry/panda_link6"",""collider1"":""/World/FormalObstacle"",""contact_count"":4,""minimum_separation_m"":-0.0015144534409046173}"
formal_baseline_v1__inflation_015mm__direction_091__056mm,formal_baseline_v1__inflation_015mm,formal_baseline_v1,15,direction_091,56.0,False,True,False,0.0019891299307346344,-0.0023504309356212616,18,16,"{""actor0"":""/World/Franka/panda_link6"",""actor1"":""/World/FormalObstacle"",""collider0"":""/World/Franka/panda_link6/geometry/panda_link6"",""collider1"":""/World/FormalObstacle"",""contact_count"":4,""minimum_separation_m"":-0.0023504309356212616}"
formal_baseline_v1__inflation_015mm__direction_091__058mm,formal_baseline_v1__inflation_015mm,formal_baseline_v1,15,direction_091,58.0,False,True,False,0.0011252984404563904,-0.003186400979757309,18,16,"{""actor0"":""/World/Franka/panda_link6"",""actor1"":""/World/FormalObstacle"",""collider0"":""/World/Franka/panda_link6/geometry/panda_link6"",""collider1"":""/World/FormalObstacle"",""contact_count"":4,""minimum_separation_m"":-0.003186400979757309}"
formal_baseline_v1__inflation_015mm__direction_091__060mm,formal_baseline_v1__inflation_015mm,formal_baseline_v1,15,direction_091,60.0,False,True,False,0.0002615228295326233,-0.004022371023893356,18,16,"{""actor0"":""/World/Franka/panda_link6"",""actor1"":""/World/FormalObstacle"",""collider0"":""/World/Franka/panda_link6/geometry/panda_link6"",""collider1"":""/World/FormalObstacle"",""contact_count"":4,""minimum_separation_m"":-0.004022371023893356}"
formal_baseline_v1__inflation_015mm__direction_096__052mm,formal_baseline_v1__inflation_015mm,formal_baseline_v1,15,direction_096,52.0,False,True,False,0.0031326785683631897,-8.293241262435913e-05,20,19,"{""actor0"":""/World/Franka/panda_link6"",""actor1"":""/World/FormalObstacle"",""collider0"":""/World/Franka/panda_link6/geometry/panda_link6"",""collider1"":""/World/FormalObstacle"",""contact_count"":3,""minimum_separation_m"":-8.293241262435913e-05}"
formal_baseline_v1__inflation_015mm__direction_096__054mm,formal_baseline_v1__inflation_015mm,formal_baseline_v1,15,direction_096,54.0,False,True,False,0.0022777095437049866,-0.0010236911475658417,20,19,"{""actor0"":""/World/Franka/panda_link6"",""actor1"":""/World/FormalObstacle"",""collider0"":""/World/Franka/panda_link6/geometry/panda_link6"",""collider1"":""/World/FormalObstacle"",""contact_count"":3,""minimum_separation_m"":-0.0010236911475658417}"
formal_baseline_v1__inflation_015mm__direction_096__056mm,formal_baseline_v1__inflation_015mm,formal_baseline_v1,15,direction_096,56.0,False,True,False,0.0014445409178733826,-0.001964401453733444,20,19,"{""actor0"":""/World/Franka/panda_link6"",""actor1"":""/World/FormalObstacle"",""collider0"":""/World/Franka/panda_link6/geometry/panda_link6"",""collider1"":""/World/FormalObstacle"",""contact_count"":3,""minimum_separation_m"":-0.001964401453733444}"
formal_baseline_v1__inflation_015mm__direction_096__058mm,formal_baseline_v1__inflation_015mm,formal_baseline_v1,15,direction_096,58.0,False,True,False,0.0006342492997646332,-0.0029051639139652252,20,19,"{""actor0"":""/World/Franka/panda_link6"",""actor1"":""/World/FormalObstacle"",""collider0"":""/World/Franka/panda_link6/geometry/panda_link6"",""collider1"":""/World/FormalObstacle"",""contact_count"":3,""minimum_separation_m"":-0.0029051639139652252}"
formal_baseline_v1__inflation_015mm__direction_097__054mm,formal_baseline_v1__inflation_015mm,formal_baseline_v1,15,direction_097,54.0,False,True,False,0.000142756849527359,-7.157772779464722e-05,19,20,"{""actor0"":""/World/Franka/panda_link6"",""actor1"":""/World/FormalObstacle"",""collider0"":""/World/Franka/panda_link6/geometry/panda_link6"",""collider1"":""/World/FormalObstacle"",""contact_count"":4,""minimum_separation_m"":-7.157772779464722e-05}"
formal_baseline_v1__inflation_015mm__direction_098__054mm,formal_baseline_v1__inflation_015mm,formal_baseline_v1,15,direction_098,54.0,False,True,False,0.003193344920873642,-0.0003059767186641693,22,20,"{""actor0"":""/World/Franka/panda_link6"",""actor1"":""/World/FormalObstacle"",""collider0"":""/World/Franka/panda_link6/geometry/panda_link6"",""collider1"":""/World/FormalObstacle"",""contact_count"":3,""minimum_separation_m"":-0.0003059767186641693}"
formal_baseline_v1__inflation_015mm__direction_098__056mm,formal_baseline_v1__inflation_015mm,formal_baseline_v1,15,direction_098,56.0,False,True,False,0.0021152161061763763,-0.0010930821299552917,22,21,"{""actor0"":""/World/Franka/panda_link6"",""actor1"":""/World/FormalObstacle"",""collider0"":""/World/Franka/panda_link6/geometry/panda_link6"",""collider1"":""/World/FormalObstacle"",""contact_count"":3,""minimum_separation_m"":-0.0010930821299552917}"
formal_baseline_v1__inflation_015mm__direction_098__058mm,formal_baseline_v1__inflation_015mm,formal_baseline_v1,15,direction_098,58.0,False,True,False,0.0010510794818401337,-0.001979425549507141,22,21,"{""actor0"":""/World/Franka/panda_link6"",""actor1"":""/World/FormalObstacle"",""collider0"":""/World/Franka/panda_link6/geometry/panda_link6"",""collider1"":""/World/FormalObstacle"",""contact_count"":3,""minimum_separation_m"":-0.001979425549507141}"
formal_baseline_v1__inflation_015mm__direction_098__060mm,formal_baseline_v1__inflation_015mm,formal_baseline_v1,15,direction_098,60.0,False,True,False,3.824010491371155e-05,-0.0029166974127292633,22,22,"{""actor0"":""/World/Franka/panda_link6"",""actor1"":""/World/FormalObstacle"",""collider0"":""/World/Franka/panda_link6/geometry/panda_link6"",""collider1"":""/World/FormalObstacle"",""contact_count"":4,""minimum_separation_m"":-0.0029166974127292633}"
formal_baseline_v1__inflation_015mm__direction_099__042mm,formal_baseline_v1__inflation_015mm,formal_baseline_v1,15,direction_099,42.0,False,True,False,0.0008268840610980988,-0.0005219131708145142,17,17,"{""actor0"":""/World/Franka/panda_link6"",""actor1"":""/World/FormalObstacle"",""collider0"":""/World/Franka/panda_link6/geometry/panda_link6"",""collider1"":""/World/FormalObstacle"",""contact_count"":3,""minimum_separation_m"":-0.0005219131708145142}"
formal_baseline_v1__inflation_015mm__direction_101__048mm,formal_baseline_v1__inflation_015mm,formal_baseline_v1,15,direction_101,48.0,False,True,False,0.0028633028268814087,-0.0001070760190486908,21,21,"{""actor0"":""/World/Franka/panda_link6"",""actor1"":""/World/FormalObstacle"",""collider0"":""/World/Franka/panda_link6/geometry/panda_link6"",""collider1"":""/World/FormalObstacle"",""contact_count"":4,""minimum_separation_m"":-0.0001070760190486908}"
formal_baseline_v1__inflation_015mm__direction_101__050mm,formal_baseline_v1__inflation_015mm,formal_baseline_v1,15,direction_101,50.0,False,True,False,0.0019048266112804413,-0.001118343323469162,21,20,"{""actor0"":""/World/Franka/panda_link6"",""actor1"":""/World/FormalObstacle"",""collider0"":""/World/Franka/panda_link6/geometry/panda_link6"",""collider1"":""/World/FormalObstacle"",""contact_count"":3,""minimum_separation_m"":-0.001118343323469162}"
formal_baseline_v1__inflation_015mm__direction_101__052mm,formal_baseline_v1__inflation_015mm,formal_baseline_v1,15,direction_101,52.0,False,True,False,0.0010005496442317963,-0.002136263996362686,21,20,"{""actor0"":""/World/Franka/panda_link6"",""actor1"":""/World/FormalObstacle"",""collider0"":""/World/Franka/panda_link6/geometry/panda_link6"",""collider1"":""/World/FormalObstacle"",""contact_count"":3,""minimum_separation_m"":-0.002136263996362686}"
formal_baseline_v1__inflation_015mm__direction_101__054mm,formal_baseline_v1__inflation_015mm,formal_baseline_v1,15,direction_101,54.0,False,True,False,0.00015372410416603088,-0.003154207020998001,21,20,"{""actor0"":""/World/Franka/panda_link6"",""actor1"":""/World/FormalObstacle"",""collider0"":""/World/Franka/panda_link6/geometry/panda_link6"",""collider1"":""/World/FormalObstacle"",""contact_count"":3,""minimum_separation_m"":-0.003154207020998001}"
formal_baseline_v1__inflation_015mm__direction_104__038mm,formal_baseline_v1__inflation_015mm,formal_baseline_v1,15,direction_104,38.0,False,True,False,0.003247886896133423,-0.0011909976601600647,19,17,"{""actor0"":""/World/Franka/panda_link6"",""actor1"":""/World/FormalObstacle"",""collider0"":""/World/Franka/panda_link6/geometry/panda_link6"",""collider1"":""/World/FormalObstacle"",""contact_count"":3,""minimum_separation_m"":-0.0011909976601600647}"
formal_baseline_v1__inflation_015mm__direction_104__040mm,formal_baseline_v1__inflation_015mm,formal_baseline_v1,15,direction_104,40.0,False,True,False,0.0020066574215888977,-0.002369184046983719,19,17,"{""actor0"":""/World/Franka/panda_link6"",""actor1"":""/World/FormalObstacle"",""collider0"":""/World/Franka/panda_link6/geometry/panda_link6"",""collider1"":""/World/FormalObstacle"",""contact_count"":4,""minimum_separation_m"":-0.002369184046983719}"
formal_baseline_v1__inflation_015mm__direction_104__042mm,formal_baseline_v1__inflation_015mm,formal_baseline_v1,15,direction_104,42.0,False,True,False,0.0007680468261241913,-0.003430616110563278,19,17,"{""actor0"":""/World/Franka/panda_link6"",""actor1"":""/World/FormalObstacle"",""collider0"":""/World/Franka/panda_link6/geometry/panda_link6"",""collider1"":""/World/FormalObstacle"",""contact_count"":4,""minimum_separation_m"":-0.003430616110563278}"
formal_baseline_v1__inflation_015mm__direction_106__042mm,formal_baseline_v1__inflation_015mm,formal_baseline_v1,15,direction_106,42.0,False,True,False,0.0028199516236782074,-0.00018256902694702148,21,20,"{""actor0"":""/World/Franka/panda_link6"",""actor1"":""/World/FormalObstacle"",""collider0"":""/World/Franka/panda_link6/geometry/panda_link6"",""collider1"":""/World/FormalObstacle"",""contact_count"":3,""minimum_separation_m"":-0.00018256902694702148}"
formal_baseline_v1__inflation_015mm__direction_106__044mm,formal_baseline_v1__inflation_015mm,formal_baseline_v1,15,direction_106,44.0,False,True,False,0.0016159601509571075,-0.0013498030602931976,21,20,"{""actor0"":""/World/Franka/panda_link6"",""actor1"":""/World/FormalObstacle"",""collider0"":""/World/Franka/panda_link6/geometry/panda_link6"",""collider1"":""/World/FormalObstacle"",""contact_count"":3,""minimum_separation_m"":-0.0013498030602931976}"
formal_baseline_v1__inflation_015mm__direction_106__046mm,formal_baseline_v1__inflation_015mm,formal_baseline_v1,15,direction_106,46.0,False,True,False,0.00046777352690696716,-0.0025289878249168396,21,21,"{""actor0"":""/World/Franka/panda_link6"",""actor1"":""/World/FormalObstacle"",""collider0"":""/World/Franka/panda_link6/geometry/panda_link6"",""collider1"":""/World/FormalObstacle"",""contact_count"":4,""minimum_separation_m"":-0.0025289878249168396}"
formal_baseline_v1__inflation_015mm__direction_109__036mm,formal_baseline_v1__inflation_015mm,formal_baseline_v1,15,direction_109,36.0,False,True,False,0.003384564071893692,-0.00036098435521125793,20,18,"{""actor0"":""/World/Franka/panda_link6"",""actor1"":""/World/FormalObstacle"",""collider0"":""/World/Franka/panda_link6/geometry/panda_link6"",""collider1"":""/World/FormalObstacle"",""contact_count"":4,""minimum_separation_m"":-0.00036098435521125793}"
formal_baseline_v1__inflation_015mm__direction_109__038mm,formal_baseline_v1__inflation_015mm,formal_baseline_v1,15,direction_109,38.0,False,True,False,0.00202907994389534,-0.001264270395040512,20,18,"{""actor0"":""/World/Franka/panda_link6"",""actor1"":""/World/FormalObstacle"",""collider0"":""/World/Franka/panda_link6/geometry/panda_link6"",""collider1"":""/World/FormalObstacle"",""contact_count"":4,""minimum_separation_m"":-0.001264270395040512}"
formal_baseline_v1__inflation_015mm__direction_109__040mm,formal_baseline_v1__inflation_015mm,formal_baseline_v1,15,direction_109,40.0,False,True,False,0.0006967633962631226,-0.0023984722793102264,20,19,"{""actor0"":""/World/Franka/panda_link6"",""actor1"":""/World/FormalObstacle"",""collider0"":""/World/Franka/panda_link6/geometry/panda_link6"",""collider1"":""/World/FormalObstacle"",""contact_count"":3,""minimum_separation_m"":-0.0023984722793102264}"
formal_baseline_v1__inflation_015mm__direction_112__034mm,formal_baseline_v1__inflation_015mm,formal_baseline_v1,15,direction_112,34.0,False,True,False,8.840486407279968e-05,-0.0013246163725852966,18,18,"{""actor0"":""/World/Franka/panda_link6"",""actor1"":""/World/FormalObstacle"",""collider0"":""/World/Franka/panda_link6/geometry/panda_link6"",""collider1"":""/World/FormalObstacle"",""contact_count"":4,""minimum_separation_m"":-0.0013246163725852966}"
formal_baseline_v1__inflation_015mm__direction_114__034mm,formal_baseline_v1__inflation_015mm,formal_baseline_v1,15,direction_114,34.0,False,True,False,0.0024545080959796906,-0.0006651803851127625,20,19,"{""actor0"":""/World/Franka/panda_link6"",""actor1"":""/World/FormalObstacle"",""collider0"":""/World/Franka/panda_link6/geometry/panda_link6"",""collider1"":""/World/FormalObstacle"",""contact_count"":3,""minimum_separation_m"":-0.0006651803851127625}"
formal_baseline_v1__inflation_015mm__direction_114__036mm,formal_baseline_v1__inflation_015mm,formal_baseline_v1,15,direction_114,36.0,False,True,False,0.001059267669916153,-0.0021381936967372894,20,19,"{""actor0"":""/World/Franka/panda_link6"",""actor1"":""/World/FormalObstacle"",""collider0"":""/World/Franka/panda_link6/geometry/panda_link6"",""collider1"":""/World/FormalObstacle"",""contact_count"":3,""minimum_separation_m"":-0.0021381936967372894}"
formal_baseline_v1__inflation_015mm__direction_117__030mm,formal_baseline_v1__inflation_015mm,formal_baseline_v1,15,direction_117,30.0,False,True,False,0.002347242087125778,-0.0003569275140762329,19,18,"{""actor0"":""/World/Franka/panda_link6"",""actor1"":""/World/FormalObstacle"",""collider0"":""/World/Franka/panda_link6/geometry/panda_link6"",""collider1"":""/World/FormalObstacle"",""contact_count"":4,""minimum_separation_m"":-0.0003569275140762329}"
formal_baseline_v1__inflation_015mm__direction_117__032mm,formal_baseline_v1__inflation_015mm,formal_baseline_v1,15,direction_117,32.0,False,True,False,0.0007324367761611938,-0.0020730048418045044,19,18,"{""actor0"":""/World/Franka/panda_link6"",""actor1"":""/World/FormalObstacle"",""collider0"":""/World/Franka/panda_link6/geometry/panda_link6"",""collider1"":""/World/FormalObstacle"",""contact_count"":4,""minimum_separation_m"":-0.0020730048418045044}"
formal_baseline_v1__inflation_015mm__direction_119__032mm,formal_baseline_v1__inflation_015mm,formal_baseline_v1,15,direction_119,32.0,False,True,False,0.0011655762791633606,-0.0009398125112056732,20,19,"{""actor0"":""/World/Franka/panda_link6"",""actor1"":""/World/FormalObstacle"",""collider0"":""/World/Franka/panda_link6/geometry/panda_link6"",""collider1"":""/World/FormalObstacle"",""contact_count"":3,""minimum_separation_m"":-0.0009398125112056732}"
formal_baseline_v1__inflation_015mm__direction_122__030mm,formal_baseline_v1__inflation_015mm,formal_baseline_v1,15,direction_122,30.0,False,True,False,0.0006043240427970886,-0.0013497881591320038,19,19,"{""actor0"":""/World/Franka/panda_link6"",""actor1"":""/World/FormalObstacle"",""collider0"":""/World/Franka/panda_link6/geometry/panda_link6"",""collider1"":""/World/FormalObstacle"",""contact_count"":4,""minimum_separation_m"":-0.0013497881591320038}"
formal_baseline_v1__inflation_015mm__direction_125__028mm,formal_baseline_v1__inflation_015mm,formal_baseline_v1,15,direction_125,28.0,False,True,False,0.00023748353123664856,-0.000872291624546051,18,19,"{""actor0"":""/World/Franka/panda_link6"",""actor1"":""/World/FormalObstacle"",""collider0"":""/World/Franka/panda_link6/geometry/panda_link6"",""collider1"":""/World/FormalObstacle"",""contact_count"":4,""minimum_separation_m"":-0.000872291624546051}"
formal_baseline_v1__inflation_020mm__direction_094__060mm,formal_baseline_v1__inflation_020mm,formal_baseline_v1,20,direction_094,60.0,False,True,False,0.00027801841497421265,-0.0007014051079750061,17,17,"{""actor0"":""/World/Franka/panda_link6"",""actor1"":""/World/FormalObstacle"",""collider0"":""/World/Franka/panda_link6/geometry/panda_link6"",""collider1"":""/World/FormalObstacle"",""contact_count"":3,""minimum_separation_m"":-0.0007014051079750061}"
formal_baseline_v1__inflation_020mm__direction_099__050mm,formal_baseline_v1__inflation_020mm,formal_baseline_v1,20,direction_099,50.0,False,True,False,0.001820877194404602,-3.6578625440597534e-05,17,17,"{""actor0"":""/World/Franka/panda_link6"",""actor1"":""/World/FormalObstacle"",""collider0"":""/World/Franka/panda_link6/geometry/panda_link6"",""collider1"":""/World/FormalObstacle"",""contact_count"":4,""minimum_separation_m"":-3.6578625440597534e-05}"
formal_baseline_v1__inflation_020mm__direction_099__052mm,formal_baseline_v1__inflation_020mm,formal_baseline_v1,20,direction_099,52.0,False,True,False,0.0006168298423290253,-0.0012535825371742249,17,16,"{""actor0"":""/World/Franka/panda_link6"",""actor1"":""/World/FormalObstacle"",""collider0"":""/World/Franka/panda_link6/geometry/panda_link6"",""collider1"":""/World/FormalObstacle"",""contact_count"":4,""minimum_separation_m"":-0.0012535825371742249}"
formal_baseline_v1__inflation_020mm__direction_101__060mm,formal_baseline_v1__inflation_020mm,formal_baseline_v1,20,direction_101,60.0,False,True,False,0.0022519975900650024,-0.0009147189557552338,22,22,"{""actor0"":""/World/Franka/panda_link6"",""actor1"":""/World/FormalObstacle"",""collider0"":""/World/Franka/panda_link6/geometry/panda_link6"",""collider1"":""/World/FormalObstacle"",""contact_count"":4,""minimum_separation_m"":-0.0009147189557552338}"
formal_baseline_v1__inflation_020mm__direction_103__058mm,formal_baseline_v1__inflation_020mm,formal_baseline_v1,20,direction_103,58.0,False,True,False,0.00012508779764175415,-0.0004353523254394531,21,23,"{""actor0"":""/World/Franka/panda_link6"",""actor1"":""/World/FormalObstacle"",""collider0"":""/World/Franka/panda_link6/geometry/panda_link6"",""collider1"":""/World/FormalObstacle"",""contact_count"":3,""minimum_separation_m"":-0.0004353523254394531}"
formal_baseline_v1__inflation_020mm__direction_104__048mm,formal_baseline_v1__inflation_020mm,formal_baseline_v1,20,direction_104,48.0,False,True,False,0.0029878951609134674,-0.0006900019943714142,19,18,"{""actor0"":""/World/Franka/panda_link6"",""actor1"":""/World/FormalObstacle"",""collider0"":""/World/Franka/panda_link6/geometry/panda_link6"",""collider1"":""/World/FormalObstacle"",""contact_count"":3,""minimum_separation_m"":-0.0006900019943714142}"
formal_baseline_v1__inflation_020mm__direction_104__050mm,formal_baseline_v1__inflation_020mm,formal_baseline_v1,20,direction_104,50.0,False,True,False,0.0017828568816184998,-0.0019397586584091187,19,18,"{""actor0"":""/World/Franka/panda_link6"",""actor1"":""/World/FormalObstacle"",""collider0"":""/World/Franka/panda_link6/geometry/panda_link6"",""collider1"":""/World/FormalObstacle"",""contact_count"":3,""minimum_separation_m"":-0.0019397586584091187}"
formal_baseline_v1__inflation_020mm__direction_104__052mm,formal_baseline_v1__inflation_020mm,formal_baseline_v1,20,direction_104,52.0,False,True,False,0.0005825087428092957,-0.0031894706189632416,19,18,"{""actor0"":""/World/Franka/panda_link6"",""actor1"":""/World/FormalObstacle"",""collider0"":""/World/Franka/panda_link6/geometry/panda_link6"",""collider1"":""/World/FormalObstacle"",""contact_count"":3,""minimum_separation_m"":-0.0031894706189632416}"
formal_baseline_v1__inflation_020mm__direction_106__052mm,formal_baseline_v1__inflation_020mm,formal_baseline_v1,20,direction_106,52.0,False,True,False,0.002829398959875107,-0.0005253665149211884,22,21,"{""actor0"":""/World/Franka/panda_link6"",""actor1"":""/World/FormalObstacle"",""collider0"":""/World/Franka/panda_link6/geometry/panda_link6"",""collider1"":""/World/FormalObstacle"",""contact_count"":3,""minimum_separation_m"":-0.0005253665149211884}"
formal_baseline_v1__inflation_020mm__direction_106__054mm,formal_baseline_v1__inflation_020mm,formal_baseline_v1,20,direction_106,54.0,False,True,False,0.0015012286603450775,-0.0016719624400138855,22,21,"{""actor0"":""/World/Franka/panda_link6"",""actor1"":""/World/FormalObstacle"",""collider0"":""/World/Franka/panda_link6/geometry/panda_link6"",""collider1"":""/World/FormalObstacle"",""contact_count"":3,""minimum_separation_m"":-0.0016719624400138855}"
formal_baseline_v1__inflation_020mm__direction_106__056mm,formal_baseline_v1__inflation_020mm,formal_baseline_v1,20,direction_106,56.0,False,True,False,0.0001856200397014618,-0.002945978194475174,22,22,"{""actor0"":""/World/Franka/panda_link6"",""actor1"":""/World/FormalObstacle"",""collider0"":""/World/Franka/panda_link6/geometry/panda_link6"",""collider1"":""/World/FormalObstacle"",""contact_count"":4,""minimum_separation_m"":-0.002945978194475174}"
formal_baseline_v1__inflation_020mm__direction_109__046mm,formal_baseline_v1__inflation_020mm,formal_baseline_v1,20,direction_109,46.0,False,True,False,0.002798784524202347,-0.0008756592869758606,20,19,"{""actor0"":""/World/Franka/panda_link6"",""actor1"":""/World/FormalObstacle"",""collider0"":""/World/Franka/panda_link6/geometry/panda_link6"",""collider1"":""/World/FormalObstacle"",""contact_count"":3,""minimum_separation_m"":-0.0008756592869758606}"
formal_baseline_v1__inflation_020mm__direction_109__048mm,formal_baseline_v1__inflation_020mm,formal_baseline_v1,20,direction_109,48.0,False,True,False,0.0016287267208099365,-0.0022175125777721405,20,19,"{""actor0"":""/World/Franka/panda_link6"",""actor1"":""/World/FormalObstacle"",""collider0"":""/World/Franka/panda_link6/geometry/panda_link6"",""collider1"":""/World/FormalObstacle"",""contact_count"":3,""minimum_separation_m"":-0.0022175125777721405}"
formal_baseline_v1__inflation_020mm__direction_109__050mm,formal_baseline_v1__inflation_020mm,formal_baseline_v1,20,direction_109,50.0,False,True,False,0.0003683827817440033,-0.003559388220310211,21,19,"{""actor0"":""/World/Franka/panda_link6"",""actor1"":""/World/FormalObstacle"",""collider0"":""/World/Franka/panda_link6/geometry/panda_link6"",""collider1"":""/World/FormalObstacle"",""contact_count"":3,""minimum_separation_m"":-0.003559388220310211}"
formal_baseline_v1__inflation_020mm__direction_110__044mm,formal_baseline_v1__inflation_020mm,formal_baseline_v1,20,direction_110,44.0,False,True,False,0.0007321499288082123,-8.888170123100281e-05,19,19,"{""actor0"":""/World/Franka/panda_link6"",""actor1"":""/World/FormalObstacle"",""collider0"":""/World/Franka/panda_link6/geometry/panda_link6"",""collider1"":""/World/FormalObstacle"",""contact_count"":3,""minimum_separation_m"":-8.888170123100281e-05}"
formal_baseline_v1__inflation_020mm__direction_111__046mm,formal_baseline_v1__inflation_020mm,formal_baseline_v1,20,direction_111,46.0,False,True,False,0.0017746351659297943,-0.000547654926776886,21,20,"{""actor0"":""/World/Franka/panda_link6"",""actor1"":""/World/FormalObstacle"",""collider0"":""/World/Franka/panda_link6/geometry/panda_link6"",""collider1"":""/World/FormalObstacle"",""contact_count"":4,""minimum_separation_m"":-0.000547654926776886}"
formal_baseline_v1__inflation_020mm__direction_111__048mm,formal_baseline_v1__inflation_020mm,formal_baseline_v1,20,direction_111,48.0,False,True,False,0.00029180198907852173,-0.001965470612049103,21,20,"{""actor0"":""/World/Franka/panda_link6"",""actor1"":""/World/FormalObstacle"",""collider0"":""/World/Franka/panda_link6/geometry/panda_link6"",""collider1"":""/World/FormalObstacle"",""contact_count"":4,""minimum_separation_m"":-0.001965470612049103}"
formal_baseline_v1__inflation_020mm__direction_112__040mm,formal_baseline_v1__inflation_020mm,formal_baseline_v1,20,direction_112,40.0,False,True,False,0.0014407746493816376,-0.00166427344083786,18,17,"{""actor0"":""/World/Franka/panda_link6"",""actor1"":""/World/FormalObstacle"",""collider0"":""/World/Franka/panda_link6/geometry/panda_link6"",""collider1"":""/World/FormalObstacle"",""contact_count"":4,""minimum_separation_m"":-0.00166427344083786}"
formal_baseline_v1__inflation_020mm__direction_114__042mm,formal_baseline_v1__inflation_020mm,formal_baseline_v1,20,direction_114,42.0,False,True,False,0.002774622291326523,-0.001010153442621231,21,19,"{""actor0"":""/World/Franka/panda_link6"",""actor1"":""/World/FormalObstacle"",""collider0"":""/World/Franka/panda_link6/geometry/panda_link6"",""collider1"":""/World/FormalObstacle"",""contact_count"":4,""minimum_separation_m"":-0.001010153442621231}"
formal_baseline_v1__inflation_020mm__direction_114__044mm,formal_baseline_v1__inflation_020mm,formal_baseline_v1,20,direction_114,44.0,False,True,False,0.0011998452246189117,-0.002034272998571396,21,20,"{""actor0"":""/World/Franka/panda_link6"",""actor1"":""/World/FormalObstacle"",""collider0"":""/World/Franka/panda_link6/geometry/panda_link6"",""collider1"":""/World/FormalObstacle"",""contact_count"":3,""minimum_separation_m"":-0.002034272998571396}"
formal_baseline_v1__inflation_020mm__direction_115__038mm,formal_baseline_v1__inflation_020mm,formal_baseline_v1,20,direction_115,38.0,False,True,False,0.000392325222492218,-0.0004743337631225586,18,18,"{""actor0"":""/World/Franka/panda_link6"",""actor1"":""/World/FormalObstacle"",""collider0"":""/World/Franka/panda_link6/geometry/panda_link6"",""collider1"":""/World/FormalObstacle"",""contact_count"":3,""minimum_separation_m"":-0.0004743337631225586}"
formal_baseline_v1__inflation_020mm__direction_117__036mm,formal_baseline_v1__inflation_020mm,formal_baseline_v1,20,direction_117,36.0,False,True,False,0.0035025402903556824,-0.00032312050461769104,19,18,"{""actor0"":""/World/Franka/panda_link6"",""actor1"":""/World/FormalObstacle"",""collider0"":""/World/Franka/panda_link6/geometry/panda_link6"",""collider1"":""/World/FormalObstacle"",""contact_count"":3,""minimum_separation_m"":-0.00032312050461769104}"
formal_baseline_v1__inflation_020mm__direction_117__038mm,formal_baseline_v1__inflation_020mm,formal_baseline_v1,20,direction_117,38.0,False,True,False,0.0019442066550254822,-0.0019690990447998047,19,18,"{""actor0"":""/World/Franka/panda_link6"",""actor1"":""/World/FormalObstacle"",""collider0"":""/World/Franka/panda_link6/geometry/panda_link6"",""collider1"":""/World/FormalObstacle"",""contact_count"":3,""minimum_separation_m"":-0.0019690990447998047}"
formal_baseline_v1__inflation_020mm__direction_117__040mm,formal_baseline_v1__inflation_020mm,formal_baseline_v1,20,direction_117,40.0,False,True,False,0.0003976114094257355,-0.003615017980337143,19,18,"{""actor0"":""/World/Franka/panda_link6"",""actor1"":""/World/FormalObstacle"",""collider0"":""/World/Franka/panda_link6/geometry/panda_link6"",""collider1"":""/World/FormalObstacle"",""contact_count"":3,""minimum_separation_m"":-0.003615017980337143}"
formal_baseline_v1__inflation_020mm__direction_119__038mm,formal_baseline_v1__inflation_020mm,formal_baseline_v1,20,direction_119,38.0,False,True,False,0.001938462257385254,-0.0009328871965408325,20,19,"{""actor0"":""/World/Franka/panda_link6"",""actor1"":""/World/FormalObstacle"",""collider0"":""/World/Franka/panda_link6/geometry/panda_link6"",""collider1"":""/World/FormalObstacle"",""contact_count"":4,""minimum_separation_m"":-0.0009328871965408325}"
formal_baseline_v1__inflation_020mm__direction_119__040mm,formal_baseline_v1__inflation_020mm,formal_baseline_v1,20,direction_119,40.0,False,True,False,0.00038109347224235535,-0.0026500336825847626,20,19,"{""actor0"":""/World/Franka/panda_link6"",""actor1"":""/World/FormalObstacle"",""collider0"":""/World/Franka/panda_link6/geometry/panda_link6"",""collider1"":""/World/FormalObstacle"",""contact_count"":4,""minimum_separation_m"":-0.0026500336825847626}"
formal_baseline_v1__inflation_020mm__direction_120__034mm,formal_baseline_v1__inflation_020mm,formal_baseline_v1,20,direction_120,34.0,False,True,False,0.001210629940032959,-5.904585123062134e-05,18,18,"{""actor0"":""/World/Franka/panda_link6"",""actor1"":""/World/FormalObstacle"",""collider0"":""/World/Franka/panda_link6/geometry/panda_link6"",""collider1"":""/World/FormalObstacle"",""contact_count"":3,""minimum_separation_m"":-5.904585123062134e-05}"
formal_baseline_v1__inflation_020mm__direction_121__038mm,formal_baseline_v1__inflation_020mm,formal_baseline_v1,20,direction_121,38.0,False,True,False,0.00016837939620018005,-0.0007284283638000488,19,21,"{""actor0"":""/World/Franka/panda_link6"",""actor1"":""/World/FormalObstacle"",""collider0"":""/World/Franka/panda_link6/geometry/panda_link6"",""collider1"":""/World/FormalObstacle"",""contact_count"":4,""minimum_separation_m"":-0.0007284283638000488}"
formal_baseline_v1__inflation_020mm__direction_122__034mm,formal_baseline_v1__inflation_020mm,formal_baseline_v1,20,direction_122,34.0,False,True,False,0.003292348235845566,-0.00027704983949661255,20,18,"{""actor0"":""/World/Franka/panda_link6"",""actor1"":""/World/FormalObstacle"",""collider0"":""/World/Franka/panda_link6/geometry/panda_link6"",""collider1"":""/World/FormalObstacle"",""contact_count"":4,""minimum_separation_m"":-0.00027704983949661255}"
formal_baseline_v1__inflation_020mm__direction_122__036mm,formal_baseline_v1__inflation_020mm,formal_baseline_v1,20,direction_122,36.0,False,True,False,0.0014689303934574127,-0.002152077853679657,20,18,"{""actor0"":""/World/Franka/panda_link6"",""actor1"":""/World/FormalObstacle"",""collider0"":""/World/Franka/panda_link6/geometry/panda_link6"",""collider1"":""/World/FormalObstacle"",""contact_count"":4,""minimum_separation_m"":-0.002152077853679657}"
formal_baseline_v1__inflation_020mm__direction_123__034mm,formal_baseline_v1__inflation_020mm,formal_baseline_v1,20,direction_123,34.0,False,True,False,0.0008035264909267426,-2.9690563678741455e-06,18,19,"{""actor0"":""/World/Franka/panda_link6"",""actor1"":""/World/FormalObstacle"",""collider0"":""/World/Franka/panda_link6/geometry/panda_link6"",""collider1"":""/World/FormalObstacle"",""contact_count"":4,""minimum_separation_m"":-2.9690563678741455e-06}"
formal_baseline_v1__inflation_020mm__direction_125__032mm,formal_baseline_v1__inflation_020mm,formal_baseline_v1,20,direction_125,32.0,False,True,False,0.0020043961703777313,-0.0002533644437789917,19,18,"{""actor0"":""/World/Franka/panda_link6"",""actor1"":""/World/FormalObstacle"",""collider0"":""/World/Franka/panda_link6/geometry/panda_link6"",""collider1"":""/World/FormalObstacle"",""contact_count"":4,""minimum_separation_m"":-0.0002533644437789917}"
formal_baseline_v1__inflation_020mm__direction_125__034mm,formal_baseline_v1__inflation_020mm,formal_baseline_v1,20,direction_125,34.0,False,True,False,8.558109402656555e-05,-0.00224410742521286,19,18,"{""actor0"":""/World/Franka/panda_link6"",""actor1"":""/World/FormalObstacle"",""collider0"":""/World/Franka/panda_link6/geometry/panda_link6"",""collider1"":""/World/FormalObstacle"",""contact_count"":4,""minimum_separation_m"":-0.00224410742521286}"
formal_baseline_v1__inflation_020mm__direction_127__032mm,formal_baseline_v1__inflation_020mm,formal_baseline_v1,20,direction_127,32.0,False,True,False,0.001339748501777649,-7.179751992225647e-05,19,19,"{""actor0"":""/World/Franka/panda_link6"",""actor1"":""/World/FormalObstacle"",""collider0"":""/World/Franka/panda_link6/geometry/panda_link6"",""collider1"":""/World/FormalObstacle"",""contact_count"":4,""minimum_separation_m"":-7.179751992225647e-05}"
multiscene_candidate_001__inflation_000mm__direction_004__012mm,multiscene_candidate_001__inflation_000mm,multiscene_candidate_001,0,direction_004,12.0,False,True,False,0.000509217381477356,-2.3361295461654663e-05,20,20,"{""actor0"":""/World/Franka/panda_rightfinger"",""actor1"":""/World/FormalObstacle"",""collider0"":""/World/Franka/panda_rightfinger/geometry/panda_rightfinger"",""collider1"":""/World/FormalObstacle"",""contact_count"":4,""minimum_separation_m"":-2.3361295461654663e-05}"
multiscene_candidate_001__inflation_000mm__direction_007__014mm,multiscene_candidate_001__inflation_000mm,multiscene_candidate_001,0,direction_007,14.0,False,True,False,0.0002429969608783722,-0.00017572566866874695,19,19,"{""actor0"":""/World/Franka/panda_rightfinger"",""actor1"":""/World/FormalObstacle"",""collider0"":""/World/Franka/panda_rightfinger/geometry/panda_rightfinger"",""collider1"":""/World/FormalObstacle"",""contact_count"":4,""minimum_separation_m"":-0.00017572566866874695}"
multiscene_candidate_001__inflation_000mm__direction_016__014mm,multiscene_candidate_001__inflation_000mm,multiscene_candidate_001,0,direction_016,14.0,False,True,False,0.000159580260515213,-0.0001931620790855959,20,20,"{""actor0"":""/World/Franka/panda_rightfinger"",""actor1"":""/World/FormalObstacle"",""collider0"":""/World/Franka/panda_rightfinger/geometry/panda_rightfinger"",""collider1"":""/World/FormalObstacle"",""contact_count"":4,""minimum_separation_m"":-0.0001931620790855959}"
multiscene_candidate_001__inflation_000mm__direction_021__018mm,multiscene_candidate_001__inflation_000mm,multiscene_candidate_001,0,direction_021,18.0,False,True,False,0.0005107810720801353,-0.0003729984164237976,20,20,"{""actor0"":""/World/Franka/panda_rightfinger"",""actor1"":""/World/FormalObstacle"",""collider0"":""/World/Franka/panda_rightfinger/geometry/panda_rightfinger"",""collider1"":""/World/FormalObstacle"",""contact_count"":4,""minimum_separation_m"":-0.0003729984164237976}"
multiscene_candidate_001__inflation_000mm__direction_022__016mm,multiscene_candidate_001__inflation_000mm,multiscene_candidate_001,0,direction_022,16.0,False,True,False,0.00017519667744636536,-0.00028809159994125366,20,20,"{""actor0"":""/World/Franka/panda_rightfinger"",""actor1"":""/World/FormalObstacle"",""collider0"":""/World/Franka/panda_rightfinger/geometry/panda_rightfinger"",""collider1"":""/World/FormalObstacle"",""contact_count"":4,""minimum_separation_m"":-0.00028809159994125366}"
multiscene_candidate_001__inflation_000mm__direction_023__022mm,multiscene_candidate_001__inflation_000mm,multiscene_candidate_001,0,direction_023,22.0,False,True,False,0.000612456351518631,-8.159130811691284e-05,18,19,"{""actor0"":""/World/Franka/panda_rightfinger"",""actor1"":""/World/FormalObstacle"",""collider0"":""/World/Franka/panda_rightfinger/geometry/panda_rightfinger"",""collider1"":""/World/FormalObstacle"",""contact_count"":4,""minimum_separation_m"":-8.159130811691284e-05}"
multiscene_candidate_001__inflation_000mm__direction_027__016mm,multiscene_candidate_001__inflation_000mm,multiscene_candidate_001,0,direction_027,16.0,False,True,False,0.00011533498764038086,-1.527741551399231e-05,21,21,"{""actor0"":""/World/Franka/panda_rightfinger"",""actor1"":""/World/FormalObstacle"",""collider0"":""/World/Franka/panda_rightfinger/geometry/panda_rightfinger"",""collider1"":""/World/FormalObstacle"",""contact_count"":4,""minimum_separation_m"":-1.527741551399231e-05}"
multiscene_candidate_001__inflation_000mm__direction_028__026mm,multiscene_candidate_001__inflation_000mm,multiscene_candidate_001,0,direction_028,26.0,False,True,False,0.00011243298649787903,-0.00022342056035995483,18,18,"{""actor0"":""/World/Franka/panda_rightfinger"",""actor1"":""/World/FormalObstacle"",""collider0"":""/World/Franka/panda_rightfinger/geometry/panda_rightfinger"",""collider1"":""/World/FormalObstacle"",""contact_count"":4,""minimum_separation_m"":-0.00022342056035995483}"
multiscene_candidate_001__inflation_000mm__direction_030__020mm,multiscene_candidate_001__inflation_000mm,multiscene_candidate_001,0,direction_030,20.0,False,True,False,8.14385712146759e-05,-0.000287570059299469,20,20,"{""actor0"":""/World/Franka/panda_rightfinger"",""actor1"":""/World/FormalObstacle"",""collider0"":""/World/Franka/panda_rightfinger/geometry/panda_rightfinger"",""collider1"":""/World/FormalObstacle"",""contact_count"":3,""minimum_separation_m"":-0.000287570059299469}"
multiscene_candidate_001__inflation_000mm__direction_031__028mm,multiscene_candidate_001__inflation_000mm,multiscene_candidate_001,0,direction_031,28.0,False,True,False,0.0003155656158924103,-2.2396445274353027e-05,18,18,"{""actor0"":""/World/Franka/panda_rightfinger"",""actor1"":""/World/FormalObstacle"",""collider0"":""/World/Franka/panda_rightfinger/geometry/panda_rightfinger"",""collider1"":""/World/FormalObstacle"",""contact_count"":4,""minimum_separation_m"":-2.2396445274353027e-05}"
multiscene_candidate_001__inflation_000mm__direction_032__020mm,multiscene_candidate_001__inflation_000mm,multiscene_candidate_001,0,direction_032,20.0,False,True,False,0.000706452876329422,-0.00020305439829826355,20,21,"{""actor0"":""/World/Franka/panda_rightfinger"",""actor1"":""/World/FormalObstacle"",""collider0"":""/World/Franka/panda_rightfinger/geometry/panda_rightfinger"",""collider1"":""/World/FormalObstacle"",""contact_count"":4,""minimum_separation_m"":-0.00020305439829826355}"
multiscene_candidate_001__inflation_000mm__direction_033__030mm,multiscene_candidate_001__inflation_000mm,multiscene_candidate_001,0,direction_033,30.0,False,True,False,0.00023745372891426086,-0.0005465038120746613,18,19,"{""actor0"":""/World/Franka/panda_rightfinger"",""actor1"":""/World/FormalObstacle"",""collider0"":""/World/Franka/panda_rightfinger/geometry/panda_rightfinger"",""collider1"":""/World/FormalObstacle"",""contact_count"":4,""minimum_separation_m"":-0.0005465038120746613}"
multiscene_candidate_001__inflation_000mm__direction_034__030mm,multiscene_candidate_001__inflation_000mm,multiscene_candidate_001,0,direction_034,30.0,False,True,False,0.0007061846554279327,-0.00029561668634414673,18,19,"{""actor0"":""/World/Franka/panda_rightfinger"",""actor1"":""/World/FormalObstacle"",""collider0"":""/World/Franka/panda_rightfinger/geometry/panda_rightfinger"",""collider1"":""/World/FormalObstacle"",""contact_count"":4,""minimum_separation_m"":-0.00029561668634414673}"
multiscene_candidate_001__inflation_000mm__direction_036__038mm,multiscene_candidate_001__inflation_000mm,multiscene_candidate_001,0,direction_036,38.0,False,True,False,7.886439561843872e-06,-0.00027771666646003723,17,17,"{""actor0"":""/World/Franka/panda_rightfinger"",""actor1"":""/World/FormalObstacle"",""collider0"":""/World/Franka/panda_rightfinger/geometry/panda_rightfinger"",""collider1"":""/World/FormalObstacle"",""contact_count"":4,""minimum_separation_m"":-0.00027771666646003723}"
multiscene_candidate_001__inflation_000mm__direction_037__030mm,multiscene_candidate_001__inflation_000mm,multiscene_candidate_001,0,direction_037,30.0,False,True,False,0.00018050149083137512,-0.00029182061553001404,19,19,"{""actor0"":""/World/Franka/panda_rightfinger"",""actor1"":""/World/FormalObstacle"",""collider0"":""/World/Franka/panda_rightfinger/geometry/panda_rightfinger"",""collider1"":""/World/FormalObstacle"",""contact_count"":4,""minimum_separation_m"":-0.00029182061553001404}"
multiscene_candidate_001__inflation_000mm__direction_038__030mm,multiscene_candidate_001__inflation_000mm,multiscene_candidate_001,0,direction_038,30.0,False,True,False,0.0006492622196674347,-0.00039128586649894714,19,20,"{""actor0"":""/World/Franka/panda_rightfinger"",""actor1"":""/World/FormalObstacle"",""collider0"":""/World/Franka/panda_rightfinger/geometry/panda_rightfinger"",""collider1"":""/World/FormalObstacle"",""contact_count"":4,""minimum_separation_m"":-0.00039128586649894714}"
multiscene_candidate_001__inflation_000mm__direction_040__022mm,multiscene_candidate_001__inflation_000mm,multiscene_candidate_001,0,direction_040,22.0,False,True,False,0.0003974316641688347,-0.00023298710584640503,21,21,"{""actor0"":""/World/Franka/panda_rightfinger"",""actor1"":""/World/FormalObstacle"",""collider0"":""/World/Franka/panda_rightfinger/geometry/panda_rightfinger"",""collider1"":""/World/FormalObstacle"",""contact_count"":4,""minimum_separation_m"":-0.00023298710584640503}"
multiscene_candidate_001__inflation_000mm__direction_042__048mm,multiscene_candidate_001__inflation_000mm,multiscene_candidate_001,0,direction_042,48.0,False,True,False,0.0006003333255648613,-0.00015811994671821594,17,17,"{""actor0"":""/World/Franka/panda_rightfinger"",""actor1"":""/World/FormalObstacle"",""collider0"":""/World/Franka/panda_rightfinger/geometry/panda_rightfinger"",""collider1"":""/World/FormalObstacle"",""contact_count"":4,""minimum_separation_m"":-0.00015811994671821594}"
multiscene_candidate_001__inflation_000mm__direction_042__050mm,multiscene_candidate_001__inflation_000mm,multiscene_candidate_001,0,direction_042,50.0,False,True,False,0.0005794437602162361,-0.00030549243092536926,17,17,"{""actor0"":""/World/Franka/panda_rightfinger"",""actor1"":""/World/FormalObstacle"",""collider0"":""/World/Franka/panda_rightfinger/geometry/panda_rightfinger"",""collider1"":""/World/FormalObstacle"",""contact_count"":3,""minimum_separation_m"":-0.00030549243092536926}"
multiscene_candidate_001__inflation_000mm__direction_042__052mm,multiscene_candidate_001__inflation_000mm,multiscene_candidate_001,0,direction_042,52.0,False,True,False,0.0005311854183673859,-0.0004621148109436035,16,17,"{""actor0"":""/World/Franka/panda_rightfinger"",""actor1"":""/World/FormalObstacle"",""collider0"":""/World/Franka/panda_rightfinger/geometry/panda_rightfinger"",""collider1"":""/World/FormalObstacle"",""contact_count"":4,""minimum_separation_m"":-0.0004621148109436035}"
multiscene_candidate_001__inflation_000mm__direction_043__028mm,multiscene_candidate_001__inflation_000mm,multiscene_candidate_001,0,direction_043,28.0,False,True,False,0.00026490818709135056,-0.00019591301679611206,21,21,"{""actor0"":""/World/Franka/panda_rightfinger"",""actor1"":""/World/FormalObstacle"",""collider0"":""/World/Franka/panda_rightfinger/geometry/panda_rightfinger"",""collider1"":""/World/FormalObstacle"",""contact_count"":4,""minimum_separation_m"":-0.00019591301679611206}"
multiscene_candidate_001__inflation_000mm__direction_045__040mm,multiscene_candidate_001__inflation_000mm,multiscene_candidate_001,0,direction_045,40.0,False,True,False,0.0010398812592029572,-0.00019278377294540405,19,20,"{""actor0"":""/World/Franka/panda_rightfinger"",""actor1"":""/World/FormalObstacle"",""collider0"":""/World/Franka/panda_rightfinger/geometry/panda_rightfinger"",""collider1"":""/World/FormalObstacle"",""contact_count"":4,""minimum_separation_m"":-0.00019278377294540405}"
multiscene_candidate_001__inflation_000mm__direction_045__042mm,multiscene_candidate_001__inflation_000mm,multiscene_candidate_001,0,direction_045,42.0,False,True,False,0.0004617460072040558,-0.0004485882818698883,19,20,"{""actor0"":""/World/Franka/panda_rightfinger"",""actor1"":""/World/FormalObstacle"",""collider0"":""/World/Franka/panda_rightfinger/geometry/panda_rightfinger"",""collider1"":""/World/FormalObstacle"",""contact_count"":4,""minimum_separation_m"":-0.0004485882818698883}"
multiscene_candidate_001__inflation_000mm__direction_048__030mm,multiscene_candidate_001__inflation_000mm,multiscene_candidate_001,0,direction_048,30.0,True,False,False,-0.0002063428983092308,0.0005551204085350037,22,21,"{""actor0"":""/World/Franka/panda_rightfinger"",""actor1"":""/World/FormalObstacle"",""collider0"":""/World/Franka/panda_rightfinger/geometry/panda_rightfinger"",""collider1"":""/World/FormalObstacle"",""contact_count"":3,""minimum_separation_m"":0.0005551204085350037}"
multiscene_candidate_001__inflation_000mm__direction_051__052mm,multiscene_candidate_001__inflation_000mm,multiscene_candidate_001,0,direction_051,52.0,False,True,False,0.00039394572377204895,-4.589930176734924e-05,20,20,"{""actor0"":""/World/Franka/panda_rightfinger"",""actor1"":""/World/FormalObstacle"",""collider0"":""/World/Franka/panda_rightfinger/geometry/panda_rightfinger"",""collider1"":""/World/FormalObstacle"",""contact_count"":4,""minimum_separation_m"":-4.589930176734924e-05}"
multiscene_candidate_001__inflation_000mm__direction_051__054mm,multiscene_candidate_001__inflation_000mm,multiscene_candidate_001,0,direction_051,54.0,False,True,False,3.3266842365264893e-06,-0.00044527649879455566,20,20,"{""actor0"":""/World/Franka/panda_rightfinger"",""actor1"":""/World/FormalObstacle"",""collider0"":""/World/Franka/panda_rightfinger/geometry/panda_rightfinger"",""collider1"":""/World/FormalObstacle"",""contact_count"":4,""minimum_separation_m"":-0.00044527649879455566}"
multiscene_candidate_001__inflation_000mm__direction_053__058mm,multiscene_candidate_001__inflation_000mm,multiscene_candidate_001,0,direction_053,58.0,False,True,False,0.0010345764458179474,-0.0002313069999217987,20,21,"{""actor0"":""/World/Franka/panda_rightfinger"",""actor1"":""/World/FormalObstacle"",""collider0"":""/World/Franka/panda_rightfinger/geometry/panda_rightfinger"",""collider1"":""/World/FormalObstacle"",""contact_count"":4,""minimum_separation_m"":-0.0002313069999217987}"
multiscene_candidate_001__inflation_000mm__direction_053__060mm,multiscene_candidate_001__inflation_000mm,multiscene_candidate_001,0,direction_053,60.0,False,True,False,0.000706452876329422,-0.0005073584616184235,20,21,"{""actor0"":""/World/Franka/panda_rightfinger"",""actor1"":""/World/FormalObstacle"",""collider0"":""/World/Franka/panda_rightfinger/geometry/panda_rightfinger"",""collider1"":""/World/FormalObstacle"",""contact_count"":4,""minimum_separation_m"":-0.0005073584616184235}"
multiscene_candidate_001__inflation_000mm__direction_056__048mm,multiscene_candidate_001__inflation_000mm,multiscene_candidate_001,0,direction_056,48.0,False,True,False,0.0005139894783496857,-0.0002841278910636902,22,23,"{""actor0"":""/World/Franka/panda_rightfinger"",""actor1"":""/World/FormalObstacle"",""collider0"":""/World/Franka/panda_rightfinger/geometry/panda_rightfinger"",""collider1"":""/World/FormalObstacle"",""contact_count"":4,""minimum_separation_m"":-0.0002841278910636902}"
multiscene_candidate_001__inflation_000mm__direction_056__050mm,multiscene_candidate_001__inflation_000mm,multiscene_candidate_001,0,direction_056,50.0,False,True,False,0.00027962401509284973,-0.0009065568447113037,22,23,"{""actor0"":""/World/Franka/panda_rightfinger"",""actor1"":""/World/FormalObstacle"",""collider0"":""/World/Franka/panda_rightfinger/geometry/panda_rightfinger"",""collider1"":""/World/FormalObstacle"",""contact_count"":4,""minimum_separation_m"":-0.0009065568447113037}"
multiscene_candidate_001__inflation_005mm__direction_000__016mm,multiscene_candidate_001__inflation_005mm,multiscene_candidate_001,5,direction_000,16.0,False,True,False,0.00042993947863578796,-0.00023446232080459595,20,20,"{""actor0"":""/World/Franka/panda_rightfinger"",""actor1"":""/World/FormalObstacle"",""collider0"":""/World/Franka/panda_rightfinger/geometry/panda_rightfinger"",""collider1"":""/World/FormalObstacle"",""contact_count"":4,""minimum_separation_m"":-0.00023446232080459595}"
multiscene_candidate_001__inflation_005mm__direction_004__018mm,multiscene_candidate_001__inflation_005mm,multiscene_candidate_001,5,direction_004,18.0,False,True,False,0.00028428155928850174,-0.0008073113858699799,20,20,"{""actor0"":""/World/Franka/panda_rightfinger"",""actor1"":""/World/FormalObstacle"",""collider0"":""/World/Franka/panda_rightfinger/geometry/panda_rightfinger"",""collider1"":""/World/FormalObstacle"",""contact_count"":4,""minimum_separation_m"":-0.0008073113858699799}"
multiscene_candidate_001__inflation_005mm__direction_008__018mm,multiscene_candidate_001__inflation_005mm,multiscene_candidate_001,5,direction_008,18.0,True,False,False,-0.0003258008509874344,0.0007242225110530853,20,20,"{""actor0"":""/World/Franka/panda_rightfinger"",""actor1"":""/World/FormalObstacle"",""collider0"":""/World/Franka/panda_rightfinger/geometry/panda_rightfinger"",""collider1"":""/World/FormalObstacle"",""contact_count"":4,""minimum_separation_m"":0.0007242225110530853}"
multiscene_candidate_001__inflation_005mm__direction_011__018mm,multiscene_candidate_001__inflation_005mm,multiscene_candidate_001,5,direction_011,18.0,False,True,False,0.00027136877179145813,-0.00019237026572227478,20,20,"{""actor0"":""/World/Franka/panda_rightfinger"",""actor1"":""/World/FormalObstacle"",""collider0"":""/World/Franka/panda_rightfinger/geometry/panda_rightfinger"",""collider1"":""/World/FormalObstacle"",""contact_count"":4,""minimum_separation_m"":-0.00019237026572227478}"
multiscene_candidate_001__inflation_005mm__direction_016__020mm,multiscene_candidate_001__inflation_005mm,multiscene_candidate_001,5,direction_016,20.0,False,True,False,0.0004846034571528435,-0.00012223060184624046,20,20,"{""actor0"":""/World/Franka/panda_rightfinger"",""actor1"":""/World/FormalObstacle"",""collider0"":""/World/Franka/panda_rightfinger/geometry/panda_rightfinger"",""collider1"":""/World/FormalObstacle"",""contact_count"":4,""minimum_separation_m"":-0.00012223060184624046}"
multiscene_candidate_001__inflation_005mm__direction_017__022mm,multiscene_candidate_001__inflation_005mm,multiscene_candidate_001,5,direction_017,22.0,False,True,False,5.833432078361511e-05,-0.0004852078855037689,20,20,"{""actor0"":""/World/Franka/panda_rightfinger"",""actor1"":""/World/FormalObstacle"",""collider0"":""/World/Franka/panda_rightfinger/geometry/panda_rightfinger"",""collider1"":""/World/FormalObstacle"",""contact_count"":4,""minimum_separation_m"":-0.0004852078855037689}"
multiscene_candidate_001__inflation_005mm__direction_022__022mm,multiscene_candidate_001__inflation_005mm,multiscene_candidate_001,5,direction_022,22.0,False,True,False,0.0007713623344898224,-0.00013310089707374573,20,21,"{""actor0"":""/World/Franka/panda_rightfinger"",""actor1"":""/World/FormalObstacle"",""collider0"":""/World/Franka/panda_rightfinger/geometry/panda_rightfinger"",""collider1"":""/World/FormalObstacle"",""contact_count"":4,""minimum_separation_m"":-0.00013310089707374573}"
multiscene_candidate_001__inflation_005mm__direction_024__024mm,multiscene_candidate_001__inflation_005mm,multiscene_candidate_001,5,direction_024,24.0,False,True,False,0.00035396404564380646,-0.0002392493188381195,20,20,"{""actor0"":""/World/Franka/panda_rightfinger"",""actor1"":""/World/FormalObstacle"",""collider0"":""/World/Franka/panda_rightfinger/geometry/panda_rightfinger"",""collider1"":""/World/FormalObstacle"",""contact_count"":4,""minimum_separation_m"":-0.0002392493188381195}"
multiscene_candidate_001__inflation_005mm__direction_025__028mm,multiscene_candidate_001__inflation_005mm,multiscene_candidate_001,5,direction_025,28.0,False,True,False,0.0002016313374042511,-0.0001781657338142395,19,19,"{""actor0"":""/World/Franka/panda_rightfinger"",""actor1"":""/World/FormalObstacle"",""collider0"":""/World/Franka/panda_rightfinger/geometry/panda_rightfinger"",""collider1"":""/World/FormalObstacle"",""contact_count"":4,""minimum_separation_m"":-0.0001781657338142395}"
multiscene_candidate_001__inflation_005mm__direction_028__036mm,multiscene_candidate_001__inflation_005mm,multiscene_candidate_001,5,direction_028,36.0,False,True,False,0.000496257096529007,-0.0001722276210784912,17,18,"{""actor0"":""/World/Franka/panda_rightfinger"",""actor1"":""/World/FormalObstacle"",""collider0"":""/World/Franka/panda_rightfinger/geometry/panda_rightfinger"",""collider1"":""/World/FormalObstacle"",""contact_count"":4,""minimum_separation_m"":-0.0001722276210784912}"
multiscene_candidate_001__inflation_005mm__direction_029__032mm,multiscene_candidate_001__inflation_005mm,multiscene_candidate_001,5,direction_029,32.0,False,True,False,0.0006130710244178772,-0.00017602741718292236,19,19,"{""actor0"":""/World/Franka/panda_rightfinger"",""actor1"":""/World/FormalObstacle"",""collider0"":""/World/Franka/panda_rightfinger/geometry/panda_rightfinger"",""collider1"":""/World/FormalObstacle"",""contact_count"":3,""minimum_separation_m"":-0.00017602741718292236}"
multiscene_candidate_001__inflation_005mm__direction_029__034mm,multiscene_candidate_001__inflation_005mm,multiscene_candidate_001,5,direction_029,34.0,False,True,False,0.0003021005541086197,-0.0009070634841918945,19,19,"{""actor0"":""/World/Franka/panda_rightfinger"",""actor1"":""/World/FormalObstacle"",""collider0"":""/World/Franka/panda_rightfinger/geometry/panda_rightfinger"",""collider1"":""/World/FormalObstacle"",""contact_count"":4,""minimum_separation_m"":-0.0009070634841918945}"
multiscene_candidate_001__inflation_005mm__direction_030__028mm,multiscene_candidate_001__inflation_005mm,multiscene_candidate_001,5,direction_030,28.0,False,True,False,0.0003807432949542999,-3.30805778503418e-05,20,20,"{""actor0"":""/World/Franka/panda_rightfinger"",""actor1"":""/World/FormalObstacle"",""collider0"":""/World/Franka/panda_rightfinger/geometry/panda_rightfinger"",""collider1"":""/World/FormalObstacle"",""contact_count"":4,""minimum_separation_m"":-3.30805778503418e-05}"
multiscene_candidate_001__inflation_005mm__direction_031__040mm,multiscene_candidate_001__inflation_005mm,multiscene_candidate_001,5,direction_031,40.0,False,True,False,0.00015251711010932922,-0.0003631189465522766,17,18,"{""actor0"":""/World/Franka/panda_rightfinger"",""actor1"":""/World/FormalObstacle"",""collider0"":""/World/Franka/panda_rightfinger/geometry/panda_rightfinger"",""collider1"":""/World/FormalObstacle"",""contact_count"":4,""minimum_separation_m"":-0.0003631189465522766}"
multiscene_candidate_001__inflation_005mm__direction_032__030mm,multiscene_candidate_001__inflation_005mm,multiscene_candidate_001,5,direction_032,30.0,False,True,False,0.00027136877179145813,-0.00019236654043197632,20,20,"{""actor0"":""/World/Franka/panda_rightfinger"",""actor1"":""/World/FormalObstacle"",""collider0"":""/World/Franka/panda_rightfinger/geometry/panda_rightfinger"",""collider1"":""/World/FormalObstacle"",""contact_count"":4,""minimum_separation_m"":-0.00019236654043197632}"
multiscene_candidate_001__inflation_005mm__direction_034__044mm,multiscene_candidate_001__inflation_005mm,multiscene_candidate_001,5,direction_034,44.0,False,True,False,0.0001837499439716339,-0.00013048574328422546,17,17,"{""actor0"":""/World/Franka/panda_rightfinger"",""actor1"":""/World/FormalObstacle"",""collider0"":""/World/Franka/panda_rightfinger/geometry/panda_rightfinger"",""collider1"":""/World/FormalObstacle"",""contact_count"":4,""minimum_separation_m"":-0.00013048574328422546}"
multiscene_candidate_001__inflation_005mm__direction_035__028mm,multiscene_candidate_001__inflation_005mm,multiscene_candidate_001,5,direction_035,28.0,False,True,False,0.0003651566803455353,-8.276477456092834e-05,21,21,"{""actor0"":""/World/Franka/panda_rightfinger"",""actor1"":""/World/FormalObstacle"",""collider0"":""/World/Franka/panda_rightfinger/geometry/panda_rightfinger"",""collider1"":""/World/FormalObstacle"",""contact_count"":4,""minimum_separation_m"":-8.276477456092834e-05}"
multiscene_candidate_001__inflation_005mm__direction_037__044mm,multiscene_candidate_001__inflation_005mm,multiscene_candidate_001,5,direction_037,44.0,False,True,False,0.0006357021629810333,-0.00020191073417663574,18,19,"{""actor0"":""/World/Franka/panda_rightfinger"",""actor1"":""/World/FormalObstacle"",""collider0"":""/World/Franka/panda_rightfinger/geometry/panda_rightfinger"",""collider1"":""/World/FormalObstacle"",""contact_count"":4,""minimum_separation_m"":-0.00020191073417663574}"
multiscene_candidate_001__inflation_005mm__direction_038__042mm,multiscene_candidate_001__inflation_005mm,multiscene_candidate_001,5,direction_038,42.0,False,True,False,0.0003110058605670929,-0.0002540983259677887,19,20,"{""actor0"":""/World/Franka/panda_rightfinger"",""actor1"":""/World/FormalObstacle"",""collider0"":""/World/Franka/panda_rightfinger/geometry/panda_rightfinger"",""collider1"":""/World/FormalObstacle"",""contact_count"":4,""minimum_separation_m"":-0.0002540983259677887}"
multiscene_candidate_001__inflation_005mm__direction_040__034mm,multiscene_candidate_001__inflation_005mm,multiscene_candidate_001,5,direction_040,34.0,False,True,False,0.00034954026341438293,-0.00016302242875099182,21,21,"{""actor0"":""/World/Franka/panda_rightfinger"",""actor1"":""/World/FormalObstacle"",""collider0"":""/World/Franka/panda_rightfinger/geometry/panda_rightfinger"",""collider1"":""/World/FormalObstacle"",""contact_count"":4,""minimum_separation_m"":-0.00016302242875099182}"
multiscene_candidate_001__inflation_005mm__direction_043__040mm,multiscene_candidate_001__inflation_005mm,multiscene_candidate_001,5,direction_043,40.0,False,True,False,2.3424625396728516e-05,-0.00040656328201293945,21,21,"{""actor0"":""/World/Franka/panda_rightfinger"",""actor1"":""/World/FormalObstacle"",""collider0"":""/World/Franka/panda_rightfinger/geometry/panda_rightfinger"",""collider1"":""/World/FormalObstacle"",""contact_count"":3,""minimum_separation_m"":-0.00040656328201293945}"
multiscene_candidate_001__inflation_005mm__direction_045__058mm,multiscene_candidate_001__inflation_005mm,multiscene_candidate_001,5,direction_045,58.0,False,True,False,0.0003611277788877487,-0.00013437122106552124,19,19,"{""actor0"":""/World/Franka/panda_rightfinger"",""actor1"":""/World/FormalObstacle"",""collider0"":""/World/Franka/panda_rightfinger/geometry/panda_rightfinger"",""collider1"":""/World/FormalObstacle"",""contact_count"":4,""minimum_separation_m"":-0.00013437122106552124}"
multiscene_candidate_001__inflation_005mm__direction_048__042mm,multiscene_candidate_001__inflation_005mm,multiscene_candidate_001,5,direction_048,42.0,False,True,False,0.0002844221889972687,-0.00027615204453468323,22,22,"{""actor0"":""/World/Franka/panda_rightfinger"",""actor1"":""/World/FormalObstacle"",""collider0"":""/World/Franka/panda_rightfinger/geometry/panda_rightfinger"",""collider1"":""/World/FormalObstacle"",""contact_count"":4,""minimum_separation_m"":-0.00027615204453468323}"
multiscene_candidate_001__inflation_010mm__direction_000__022mm,multiscene_candidate_001__inflation_010mm,multiscene_candidate_001,10,direction_000,22.0,False,True,False,0.0008832132443785667,-0.0001507401466369629,20,20,"{""actor0"":""/World/Franka/panda_rightfinger"",""actor1"":""/World/FormalObstacle"",""collider0"":""/World/Franka/panda_rightfinger/geometry/panda_rightfinger"",""collider1"":""/World/FormalObstacle"",""contact_count"":4,""minimum_separation_m"":-0.0001507401466369629}"
multiscene_candidate_001__inflation_010mm__direction_003__022mm,multiscene_candidate_001__inflation_010mm,multiscene_candidate_001,10,direction_003,22.0,False,True,False,0.00010360777378082275,-0.0001993962359847501,20,20,"{""actor0"":""/World/Franka/panda_rightfinger"",""actor1"":""/World/FormalObstacle"",""collider0"":""/World/Franka/panda_rightfinger/geometry/panda_rightfinger"",""collider1"":""/World/FormalObstacle"",""contact_count"":3,""minimum_separation_m"":-0.0001993962359847501}"
multiscene_candidate_001__inflation_010mm__direction_004__024mm,multiscene_candidate_001__inflation_010mm,multiscene_candidate_001,10,direction_004,24.0,False,True,False,0.0005204863846302032,-0.0002706274390220642,19,20,"{""actor0"":""/World/Franka/panda_rightfinger"",""actor1"":""/World/FormalObstacle"",""collider0"":""/World/Franka/panda_rightfinger/geometry/panda_rightfinger"",""collider1"":""/World/FormalObstacle"",""contact_count"":4,""minimum_separation_m"":-0.0002706274390220642}"
multiscene_candidate_001__inflation_010mm__direction_015__032mm,multiscene_candidate_001__inflation_010mm,multiscene_candidate_001,10,direction_015,32.0,False,True,False,0.0002373950555920601,-0.00012644752860069275,18,18,"{""actor0"":""/World/Franka/panda_rightfinger"",""actor1"":""/World/FormalObstacle"",""collider0"":""/World/Franka/panda_rightfinger/geometry/panda_rightfinger"",""collider1"":""/World/FormalObstacle"",""contact_count"":4,""minimum_separation_m"":-0.00012644752860069275}"
multiscene_candidate_001__inflation_010mm__direction_016__030mm,multiscene_candidate_001__inflation_010mm,multiscene_candidate_001,10,direction_016,30.0,False,True,False,0.000567365437746048,-0.00022674724459648132,19,20,"{""actor0"":""/World/Franka/panda_rightfinger"",""actor1"":""/World/FormalObstacle"",""collider0"":""/World/Franka/panda_rightfinger/geometry/panda_rightfinger"",""collider1"":""/World/FormalObstacle"",""contact_count"":4,""minimum_separation_m"":-0.00022674724459648132}"
multiscene_candidate_001__inflation_010mm__direction_017__030mm,multiscene_candidate_001__inflation_010mm,multiscene_candidate_001,10,direction_017,30.0,False,True,False,0.00047930702567100525,-0.0003158673644065857,20,20,"{""actor0"":""/World/Franka/panda_rightfinger"",""actor1"":""/World/FormalObstacle"",""collider0"":""/World/Franka/panda_rightfinger/geometry/panda_rightfinger"",""collider1"":""/World/FormalObstacle"",""contact_count"":4,""minimum_separation_m"":-0.0003158673644065857}"
multiscene_candidate_001__inflation_010mm__direction_018__034mm,multiscene_candidate_001__inflation_010mm,multiscene_candidate_001,10,direction_018,34.0,False,True,False,0.0003091283142566681,-0.00010546669363975525,18,18,"{""actor0"":""/World/Franka/panda_rightfinger"",""actor1"":""/World/FormalObstacle"",""collider0"":""/World/Franka/panda_rightfinger/geometry/panda_rightfinger"",""collider1"":""/World/FormalObstacle"",""contact_count"":4,""minimum_separation_m"":-0.00010546669363975525}"
multiscene_candidate_001__inflation_010mm__direction_020__036mm,multiscene_candidate_001__inflation_010mm,multiscene_candidate_001,10,direction_020,36.0,False,True,False,1.2237578630447388e-05,-0.00040235742926597595,18,18,"{""actor0"":""/World/Franka/panda_rightfinger"",""actor1"":""/World/FormalObstacle"",""collider0"":""/World/Franka/panda_rightfinger/geometry/panda_rightfinger"",""collider1"":""/World/FormalObstacle"",""contact_count"":3,""minimum_separation_m"":-0.00040235742926597595}"
multiscene_candidate_001__inflation_010mm__direction_021__036mm,multiscene_candidate_001__inflation_010mm,multiscene_candidate_001,10,direction_021,36.0,False,True,False,0.0005747266113758087,-0.00020726770162582397,18,19,"{""actor0"":""/World/Franka/panda_rightfinger"",""actor1"":""/World/FormalObstacle"",""collider0"":""/World/Franka/panda_rightfinger/geometry/panda_rightfinger"",""collider1"":""/World/FormalObstacle"",""contact_count"":4,""minimum_separation_m"":-0.00020726770162582397}"
multiscene_candidate_001__inflation_010mm__direction_022__030mm,multiscene_candidate_001__inflation_010mm,multiscene_candidate_001,10,direction_022,30.0,False,True,False,0.0006295889616012573,-0.00019896402955055237,21,21,"{""actor0"":""/World/Franka/panda_rightfinger"",""actor1"":""/World/FormalObstacle"",""collider0"":""/World/Franka/panda_rightfinger/geometry/panda_rightfinger"",""collider1"":""/World/FormalObstacle"",""contact_count"":4,""minimum_separation_m"":-0.00019896402955055237}"
multiscene_candidate_001__inflation_010mm__direction_024__036mm,multiscene_candidate_001__inflation_010mm,multiscene_candidate_001,10,direction_024,36.0,False,True,False,0.0005905069410800934,-0.0006780922412872314,20,20,"{""actor0"":""/World/Franka/panda_rightfinger"",""actor1"":""/World/FormalObstacle"",""collider0"":""/World/Franka/panda_rightfinger/geometry/panda_rightfinger"",""collider1"":""/World/FormalObstacle"",""contact_count"":4,""minimum_separation_m"":-0.0006780922412872314}"
multiscene_candidate_001__inflation_010mm__direction_025__038mm,multiscene_candidate_001__inflation_010mm,multiscene_candidate_001,10,direction_025,38.0,False,True,False,0.00025832001119852066,-5.3200870752334595e-05,19,19,"{""actor0"":""/World/Franka/panda_rightfinger"",""actor1"":""/World/FormalObstacle"",""collider0"":""/World/Franka/panda_rightfinger/geometry/panda_rightfinger"",""collider1"":""/World/FormalObstacle"",""contact_count"":4,""minimum_separation_m"":-5.3200870752334595e-05}"
multiscene_candidate_001__inflation_010mm__direction_027__032mm,multiscene_candidate_001__inflation_010mm,multiscene_candidate_001,10,direction_027,32.0,False,True,False,0.0003725476562976837,-0.00011213868856430054,21,21,"{""actor0"":""/World/Franka/panda_rightfinger"",""actor1"":""/World/FormalObstacle"",""collider0"":""/World/Franka/panda_rightfinger/geometry/panda_rightfinger"",""collider1"":""/World/FormalObstacle"",""contact_count"":4,""minimum_separation_m"":-0.00011213868856430054}"
multiscene_candidate_001__inflation_010mm__direction_029__046mm,multiscene_candidate_001__inflation_010mm,multiscene_candidate_001,10,direction_029,46.0,False,True,False,0.00022491812705993652,-0.0005224943161010742,18,18,"{""actor0"":""/World/Franka/panda_rightfinger"",""actor1"":""/World/FormalObstacle"",""collider0"":""/World/Franka/panda_rightfinger/geometry/panda_rightfinger"",""collider1"":""/World/FormalObstacle"",""contact_count"":3,""minimum_separation_m"":-0.0005224943161010742}"
multiscene_candidate_001__inflation_010mm__direction_032__042mm,multiscene_candidate_001__inflation_010mm,multiscene_candidate_001,10,direction_032,42.0,False,True,False,0.00021012499928474426,-0.0002196095883846283,20,20,"{""actor0"":""/World/Franka/panda_rightfinger"",""actor1"":""/World/FormalObstacle"",""collider0"":""/World/Franka/panda_rightfinger/geometry/panda_rightfinger"",""collider1"":""/World/FormalObstacle"",""contact_count"":4,""minimum_separation_m"":-0.0002196095883846283}"
multiscene_candidate_001__inflation_010mm__direction_033__054mm,multiscene_candidate_001__inflation_010mm,multiscene_candidate_001,10,direction_033,54.0,False,True,False,0.0001075156033039093,-0.00027063116431236267,17,17,"{""actor0"":""/World/Franka/panda_rightfinger"",""actor1"":""/World/FormalObstacle"",""collider0"":""/World/Franka/panda_rightfinger/geometry/panda_rightfinger"",""collider1"":""/World/FormalObstacle"",""contact_count"":3,""minimum_separation_m"":-0.00027063116431236267}"
multiscene_candidate_001__inflation_010mm__direction_034__058mm,multiscene_candidate_001__inflation_010mm,multiscene_candidate_001,10,direction_034,58.0,False,True,False,0.00021606218069791794,-4.2244791984558105e-05,16,16,"{""actor0"":""/World/Franka/panda_rightfinger"",""actor1"":""/World/FormalObstacle"",""collider0"":""/World/Franka/panda_rightfinger/geometry/panda_rightfinger"",""collider1"":""/World/FormalObstacle"",""contact_count"":4,""minimum_separation_m"":-4.2244791984558105e-05}"
multiscene_candidate_001__inflation_010mm__direction_035__038mm,multiscene_candidate_001__inflation_010mm,multiscene_candidate_001,10,direction_035,38.0,False,True,False,0.00044168345630168915,-0.0003230459988117218,22,22,"{""actor0"":""/World/Franka/panda_rightfinger"",""actor1"":""/World/FormalObstacle"",""collider0"":""/World/Franka/panda_rightfinger/geometry/panda_rightfinger"",""collider1"":""/World/FormalObstacle"",""contact_count"":4,""minimum_separation_m"":-0.0003230459988117218}"
multiscene_candidate_001__inflation_010mm__direction_040__050mm,multiscene_candidate_001__inflation_010mm,multiscene_candidate_001,10,direction_040,50.0,False,True,False,0.0002631731331348419,-0.00021075084805488586,21,21,"{""actor0"":""/World/Franka/panda_rightfinger"",""actor1"":""/World/FormalObstacle"",""collider0"":""/World/Franka/panda_rightfinger/geometry/panda_rightfinger"",""collider1"":""/World/FormalObstacle"",""contact_count"":4,""minimum_separation_m"":-0.00021075084805488586}"
multiscene_candidate_001__inflation_010mm__direction_043__054mm,multiscene_candidate_001__inflation_010mm,multiscene_candidate_001,10,direction_043,54.0,False,True,False,0.0009630667045712471,-0.00022718682885169983,22,22,"{""actor0"":""/World/Franka/panda_rightfinger"",""actor1"":""/World/FormalObstacle"",""collider0"":""/World/Franka/panda_rightfinger/geometry/panda_rightfinger"",""collider1"":""/World/FormalObstacle"",""contact_count"":4,""minimum_separation_m"":-0.00022718682885169983}"
multiscene_candidate_001__inflation_010mm__direction_048__056mm,multiscene_candidate_001__inflation_010mm,multiscene_candidate_001,10,direction_048,56.0,False,True,False,0.0005763741210103035,-0.0002362579107284546,23,23,"{""actor0"":""/World/Franka/panda_rightfinger"",""actor1"":""/World/FormalObstacle"",""collider0"":""/World/Franka/panda_rightfinger/geometry/panda_rightfinger"",""collider1"":""/World/FormalObstacle"",""contact_count"":3,""minimum_separation_m"":-0.0002362579107284546}"
multiscene_candidate_001__inflation_015mm__direction_000__028mm,multiscene_candidate_001__inflation_015mm,multiscene_candidate_001,15,direction_000,28.0,False,True,False,0.00055699422955513,-0.0002086646854877472,19,20,"{""actor0"":""/World/Franka/panda_rightfinger"",""actor1"":""/World/FormalObstacle"",""collider0"":""/World/Franka/panda_rightfinger/geometry/panda_rightfinger"",""collider1"":""/World/FormalObstacle"",""contact_count"":4,""minimum_separation_m"":-0.0002086646854877472}"
multiscene_candidate_001__inflation_015mm__direction_003__028mm,multiscene_candidate_001__inflation_015mm,multiscene_candidate_001,15,direction_003,28.0,False,True,False,4.944298416376114e-05,-0.0004224333679303527,20,20,"{""actor0"":""/World/Franka/panda_rightfinger"",""actor1"":""/World/FormalObstacle"",""collider0"":""/World/Franka/panda_rightfinger/geometry/panda_rightfinger"",""collider1"":""/World/FormalObstacle"",""contact_count"":1,""minimum_separation_m"":-0.0004224333679303527}"
multiscene_candidate_001__inflation_015mm__direction_004__030mm,multiscene_candidate_001__inflation_015mm,multiscene_candidate_001,15,direction_004,30.0,False,True,False,0.0004476197063922882,-7.311254739761353e-05,19,19,"{""actor0"":""/World/Franka/panda_rightfinger"",""actor1"":""/World/FormalObstacle"",""collider0"":""/World/Franka/panda_rightfinger/geometry/panda_rightfinger"",""collider1"":""/World/FormalObstacle"",""contact_count"":4,""minimum_separation_m"":-7.311254739761353e-05}"
multiscene_candidate_001__inflation_015mm__direction_008__032mm,multiscene_candidate_001__inflation_015mm,multiscene_candidate_001,15,direction_008,32.0,False,True,False,0.0005882568657398224,-7.249042391777039e-05,19,20,"{""actor0"":""/World/Franka/panda_rightfinger"",""actor1"":""/World/FormalObstacle"",""collider0"":""/World/Franka/panda_rightfinger/geometry/panda_rightfinger"",""collider1"":""/World/FormalObstacle"",""contact_count"":4,""minimum_separation_m"":-7.249042391777039e-05}"
multiscene_candidate_001__inflation_015mm__direction_011__032mm,multiscene_candidate_001__inflation_015mm,multiscene_candidate_001,15,direction_011,32.0,False,True,False,0.00025587156414985657,-0.00020608305931091309,20,20,"{""actor0"":""/World/Franka/panda_rightfinger"",""actor1"":""/World/FormalObstacle"",""collider0"":""/World/Franka/panda_rightfinger/geometry/panda_rightfinger"",""collider1"":""/World/FormalObstacle"",""contact_count"":4,""minimum_separation_m"":-0.00020608305931091309}"
multiscene_candidate_001__inflation_015mm__direction_012__036mm,multiscene_candidate_001__inflation_015mm,multiscene_candidate_001,15,direction_012,36.0,False,True,False,0.0006534475833177567,-0.0001333579421043396,19,19,"{""actor0"":""/World/Franka/panda_rightfinger"",""actor1"":""/World/FormalObstacle"",""collider0"":""/World/Franka/panda_rightfinger/geometry/panda_rightfinger"",""collider1"":""/World/FormalObstacle"",""contact_count"":4,""minimum_separation_m"":-0.0001333579421043396}"
multiscene_candidate_001__inflation_015mm__direction_014__032mm,multiscene_candidate_001__inflation_015mm,multiscene_candidate_001,15,direction_014,32.0,False,True,False,0.00012259278446435928,-0.0004336237907409668,21,21,"{""actor0"":""/World/Franka/panda_rightfinger"",""actor1"":""/World/FormalObstacle"",""collider0"":""/World/Franka/panda_rightfinger/geometry/panda_rightfinger"",""collider1"":""/World/FormalObstacle"",""contact_count"":4,""minimum_separation_m"":-0.0004336237907409668}"
multiscene_candidate_001__inflation_015mm__direction_016__038mm,multiscene_candidate_001__inflation_015mm,multiscene_candidate_001,15,direction_016,38.0,False,True,False,0.00013511255383491516,-0.00023417547345161438,19,19,"{""actor0"":""/World/Franka/panda_rightfinger"",""actor1"":""/World/FormalObstacle"",""collider0"":""/World/Franka/panda_rightfinger/geometry/panda_rightfinger"",""collider1"":""/World/FormalObstacle"",""contact_count"":4,""minimum_separation_m"":-0.00023417547345161438}"
multiscene_candidate_001__inflation_015mm__direction_017__038mm,multiscene_candidate_001__inflation_015mm,multiscene_candidate_001,15,direction_017,38.0,False,True,False,0.0007288642227649689,-0.0002870112657546997,19,20,"{""actor0"":""/World/Franka/panda_rightfinger"",""actor1"":""/World/FormalObstacle"",""collider0"":""/World/Franka/panda_rightfinger/geometry/panda_rightfinger"",""collider1"":""/World/FormalObstacle"",""contact_count"":4,""minimum_separation_m"":-0.0002870112657546997}"
multiscene_candidate_001__inflation_015mm__direction_018__042mm,multiscene_candidate_001__inflation_015mm,multiscene_candidate_001,15,direction_018,42.0,False,True,False,5.128607153892517e-05,-0.00025052204728126526,18,18,"{""actor0"":""/World/Franka/panda_rightfinger"",""actor1"":""/World/FormalObstacle"",""collider0"":""/World/Franka/panda_rightfinger/geometry/panda_rightfinger"",""collider1"":""/World/FormalObstacle"",""contact_count"":4,""minimum_separation_m"":-0.00025052204728126526}"
multiscene_candidate_001__inflation_015mm__direction_022__038mm,multiscene_candidate_001__inflation_015mm,multiscene_candidate_001,15,direction_022,38.0,False,True,False,0.00024940725415945053,-0.00030862167477607727,21,21,"{""actor0"":""/World/Franka/panda_rightfinger"",""actor1"":""/World/FormalObstacle"",""collider0"":""/World/Franka/panda_rightfinger/geometry/panda_rightfinger"",""collider1"":""/World/FormalObstacle"",""contact_count"":4,""minimum_separation_m"":-0.00030862167477607727}"
multiscene_candidate_001__inflation_015mm__direction_027__040mm,multiscene_candidate_001__inflation_015mm,multiscene_candidate_001,15,direction_027,40.0,False,True,False,0.0003483705222606659,-0.000755086075514555,22,22,"{""actor0"":""/World/Franka/panda_rightfinger"",""actor1"":""/World/FormalObstacle"",""collider0"":""/World/Franka/panda_rightfinger/geometry/panda_rightfinger"",""collider1"":""/World/FormalObstacle"",""contact_count"":1,""minimum_separation_m"":-0.000755086075514555}"
multiscene_candidate_001__inflation_015mm__direction_028__056mm,multiscene_candidate_001__inflation_015mm,multiscene_candidate_001,15,direction_028,56.0,False,True,False,0.0004470124840736389,-0.0006750347092747688,10,9,"{""actor0"":""/World/Franka/panda_rightfinger"",""actor1"":""/World/FormalObstacle"",""collider0"":""/World/Franka/panda_rightfinger/geometry/panda_rightfinger"",""collider1"":""/World/FormalObstacle"",""contact_count"":1,""minimum_separation_m"":-0.0006750347092747688}"
multiscene_candidate_001__inflation_015mm__direction_030__050mm,multiscene_candidate_001__inflation_015mm,multiscene_candidate_001,15,direction_030,50.0,False,True,False,0.0003340132534503937,-0.00036085397005081177,20,21,"{""actor0"":""/World/Franka/panda_rightfinger"",""actor1"":""/World/FormalObstacle"",""collider0"":""/World/Franka/panda_rightfinger/geometry/panda_rightfinger"",""collider1"":""/World/FormalObstacle"",""contact_count"":4,""minimum_separation_m"":-0.00036085397005081177}"
multiscene_candidate_001__inflation_015mm__direction_035__048mm,multiscene_candidate_001__inflation_015mm,multiscene_candidate_001,15,direction_035,48.0,False,True,False,0.00026199687272310257,-0.00038595497608184814,22,23,"{""actor0"":""/World/Franka/panda_rightfinger"",""actor1"":""/World/FormalObstacle"",""collider0"":""/World/Franka/panda_rightfinger/geometry/panda_rightfinger"",""collider1"":""/World/FormalObstacle"",""contact_count"":4,""minimum_separation_m"":-0.00038595497608184814}"
multiscene_candidate_001__inflation_020mm__direction_000__034mm,multiscene_candidate_001__inflation_020mm,multiscene_candidate_001,20,direction_000,34.0,False,True,False,0.00010346248745918274,-0.0004889816045761108,19,19,"{""actor0"":""/World/Franka/panda_rightfinger"",""actor1"":""/World/FormalObstacle"",""collider0"":""/World/Franka/panda_rightfinger/geometry/panda_rightfinger"",""collider1"":""/World/FormalObstacle"",""contact_count"":4,""minimum_separation_m"":-0.0004889816045761108}"
multiscene_candidate_001__inflation_020mm__direction_002__036mm,multiscene_candidate_001__inflation_020mm,multiscene_candidate_001,20,direction_002,36.0,False,True,False,0.0003022439777851105,-0.00026277080178260803,12,19,"{""actor0"":""/World/Franka/panda_rightfinger"",""actor1"":""/World/FormalObstacle"",""collider0"":""/World/Franka/panda_rightfinger/geometry/panda_rightfinger"",""collider1"":""/World/FormalObstacle"",""contact_count"":4,""minimum_separation_m"":-0.00026277080178260803}"
multiscene_candidate_001__inflation_020mm__direction_004__036mm,multiscene_candidate_001__inflation_020mm,multiscene_candidate_001,20,direction_004,36.0,False,True,False,0.00036909058690071106,-0.00022335350513458252,19,19,"{""actor0"":""/World/Franka/panda_rightfinger"",""actor1"":""/World/FormalObstacle"",""collider0"":""/World/Franka/panda_rightfinger/geometry/panda_rightfinger"",""collider1"":""/World/FormalObstacle"",""contact_count"":4,""minimum_separation_m"":-0.00022335350513458252}"
multiscene_candidate_001__inflation_020mm__direction_013__044mm,multiscene_candidate_001__inflation_020mm,multiscene_candidate_001,20,direction_013,44.0,False,True,False,0.00017725303769111633,-0.00016693025827407837,12,18,"{""actor0"":""/World/Franka/panda_rightfinger"",""actor1"":""/World/FormalObstacle"",""collider0"":""/World/Franka/panda_rightfinger/geometry/panda_rightfinger"",""collider1"":""/World/FormalObstacle"",""contact_count"":4,""minimum_separation_m"":-0.00016693025827407837}"
multiscene_candidate_001__inflation_020mm__direction_016__046mm,multiscene_candidate_001__inflation_020mm,multiscene_candidate_001,20,direction_016,46.0,False,True,False,0.00027212128043174744,-0.0004015825688838959,19,19,"{""actor0"":""/World/Franka/panda_rightfinger"",""actor1"":""/World/FormalObstacle"",""collider0"":""/World/Franka/panda_rightfinger/geometry/panda_rightfinger"",""collider1"":""/World/FormalObstacle"",""contact_count"":3,""minimum_separation_m"":-0.0004015825688838959}"
multiscene_candidate_001__inflation_020mm__direction_017__046mm,multiscene_candidate_001__inflation_020mm,multiscene_candidate_001,20,direction_017,46.0,False,True,False,0.0004159696400165558,-0.00032920390367507935,19,20,"{""actor0"":""/World/Franka/panda_rightfinger"",""actor1"":""/World/FormalObstacle"",""collider0"":""/World/Franka/panda_rightfinger/geometry/panda_rightfinger"",""collider1"":""/World/FormalObstacle"",""contact_count"":4,""minimum_separation_m"":-0.00032920390367507935}"
multiscene_candidate_001__inflation_020mm__direction_020__052mm,multiscene_candidate_001__inflation_020mm,multiscene_candidate_001,20,direction_020,52.0,False,True,False,0.00025265663862228394,-0.0006636865437030792,12,12,"{""actor0"":""/World/Franka/panda_rightfinger"",""actor1"":""/World/FormalObstacle"",""collider0"":""/World/Franka/panda_rightfinger/geometry/panda_rightfinger"",""collider1"":""/World/FormalObstacle"",""contact_count"":3,""minimum_separation_m"":-0.0006636865437030792}"
multiscene_candidate_001__inflation_020mm__direction_022__046mm,multiscene_candidate_001__inflation_020mm,multiscene_candidate_001,20,direction_022,46.0,False,True,False,0.00016491953283548355,-0.0004950910806655884,21,21,"{""actor0"":""/World/Franka/panda_rightfinger"",""actor1"":""/World/FormalObstacle"",""collider0"":""/World/Franka/panda_rightfinger/geometry/panda_rightfinger"",""collider1"":""/World/FormalObstacle"",""contact_count"":4,""minimum_separation_m"":-0.0004950910806655884}"
multiscene_candidate_001__inflation_020mm__direction_025__058mm,multiscene_candidate_001__inflation_020mm,multiscene_candidate_001,20,direction_025,58.0,False,True,False,0.0001914985477924347,-0.00036377087235450745,18,18,"{""actor0"":""/World/Franka/panda_rightfinger"",""actor1"":""/World/FormalObstacle"",""collider0"":""/World/Franka/panda_rightfinger/geometry/panda_rightfinger"",""collider1"":""/World/FormalObstacle"",""contact_count"":4,""minimum_separation_m"":-0.00036377087235450745}"
multiscene_candidate_001__inflation_020mm__direction_026__058mm,multiscene_candidate_001__inflation_020mm,multiscene_candidate_001,20,direction_026,58.0,False,True,False,3.0267983675003052e-05,-0.00012081488966941833,11,11,"{""actor0"":""/World/Franka/panda_rightfinger"",""actor1"":""/World/FormalObstacle"",""collider0"":""/World/Franka/panda_rightfinger/geometry/panda_rightfinger"",""collider1"":""/World/FormalObstacle"",""contact_count"":3,""minimum_separation_m"":-0.00012081488966941833}"
multiscene_candidate_001__inflation_020mm__direction_027__048mm,multiscene_candidate_001__inflation_020mm,multiscene_candidate_001,20,direction_027,48.0,False,True,False,0.00024235248565673828,-0.0001416243612766266,22,22,"{""actor0"":""/World/Franka/panda_rightfinger"",""actor1"":""/World/FormalObstacle"",""collider0"":""/World/Franka/panda_rightfinger/geometry/panda_rightfinger"",""collider1"":""/World/FormalObstacle"",""contact_count"":4,""minimum_separation_m"":-0.0001416243612766266}"
multiscene_candidate_001__inflation_020mm__direction_028__060mm,multiscene_candidate_001__inflation_020mm,multiscene_candidate_001,20,direction_028,60.0,False,True,False,0.0007407777011394501,-0.00132759939879179,10,9,"{""actor0"":""/World/Franka/panda_rightfinger"",""actor1"":""/World/FormalObstacle"",""collider0"":""/World/Franka/panda_rightfinger/geometry/panda_rightfinger"",""collider1"":""/World/FormalObstacle"",""contact_count"":1,""minimum_separation_m"":-0.00132759939879179}"
multiscene_candidate_001__inflation_020mm__direction_030__060mm,multiscene_candidate_001__inflation_020mm,multiscene_candidate_001,20,direction_030,60.0,False,True,False,0.0007136352360248566,-0.00026819854974746704,20,21,"{""actor0"":""/World/Franka/panda_rightfinger"",""actor1"":""/World/FormalObstacle"",""collider0"":""/World/Franka/panda_rightfinger/geometry/panda_rightfinger"",""collider1"":""/World/FormalObstacle"",""contact_count"":4,""minimum_separation_m"":-0.00026819854974746704}"
multiscene_candidate_005__inflation_000mm__direction_000__010mm,multiscene_candidate_005__inflation_000mm,multiscene_candidate_005,0,direction_000,10.0,False,True,False,0.00045924168080091476,-0.00031685829162597656,30,30,"{""actor0"":""/World/Franka/panda_rightfinger"",""actor1"":""/World/FormalObstacle"",""collider0"":""/World/Franka/panda_rightfinger/geometry/panda_rightfinger"",""collider1"":""/World/FormalObstacle"",""contact_count"":3,""minimum_separation_m"":-0.00031685829162597656}"
multiscene_candidate_005__inflation_000mm__direction_001__010mm,multiscene_candidate_005__inflation_000mm,multiscene_candidate_005,0,direction_001,10.0,False,True,False,0.0001142602413892746,-0.0007710084319114685,30,30,"{""actor0"":""/World/Franka/panda_rightfinger"",""actor1"":""/World/FormalObstacle"",""collider0"":""/World/Franka/panda_rightfinger/geometry/panda_rightfinger"",""collider1"":""/World/FormalObstacle"",""contact_count"":3,""minimum_separation_m"":-0.0007710084319114685}"
multiscene_candidate_005__inflation_000mm__direction_002__010mm,multiscene_candidate_005__inflation_000mm,multiscene_candidate_005,0,direction_002,10.0,False,True,False,0.0005077393725514412,-0.00034410133957862854,30,30,"{""actor0"":""/World/Franka/panda_rightfinger"",""actor1"":""/World/FormalObstacle"",""collider0"":""/World/Franka/panda_rightfinger/geometry/panda_rightfinger"",""collider1"":""/World/FormalObstacle"",""contact_count"":4,""minimum_separation_m"":-0.00034410133957862854}"
multiscene_candidate_005__inflation_000mm__direction_004__010mm,multiscene_candidate_005__inflation_000mm,multiscene_candidate_005,0,direction_004,10.0,False,True,False,0.0005687065422534943,-0.0003022514283657074,30,30,"{""actor0"":""/World/Franka/panda_rightfinger"",""actor1"":""/World/FormalObstacle"",""collider0"":""/World/Franka/panda_rightfinger/geometry/panda_rightfinger"",""collider1"":""/World/FormalObstacle"",""contact_count"":3,""minimum_separation_m"":-0.0003022514283657074}"
multiscene_candidate_005__inflation_000mm__direction_005__012mm,multiscene_candidate_005__inflation_000mm,multiscene_candidate_005,0,direction_005,12.0,False,True,False,0.0007090717554092407,-0.0003575481823645532,30,30,"{""actor0"":""/World/Franka/panda_rightfinger"",""actor1"":""/World/FormalObstacle"",""collider0"":""/World/Franka/panda_rightfinger/geometry/panda_rightfinger"",""collider1"":""/World/FormalObstacle"",""contact_count"":1,""minimum_separation_m"":-0.0003575481823645532}"
multiscene_candidate_005__inflation_000mm__direction_012__012mm,multiscene_candidate_005__inflation_000mm,multiscene_candidate_005,0,direction_012,12.0,False,True,False,0.0002093203365802765,-0.0007604099810123444,30,31,"{""actor0"":""/World/Franka/panda_rightfinger"",""actor1"":""/World/FormalObstacle"",""collider0"":""/World/Franka/panda_rightfinger/geometry/panda_rightfinger"",""collider1"":""/World/FormalObstacle"",""contact_count"":4,""minimum_separation_m"":-0.0007604099810123444}"
multiscene_candidate_005__inflation_000mm__direction_014__012mm,multiscene_candidate_005__inflation_000mm,multiscene_candidate_005,0,direction_014,12.0,False,True,False,0.0005843229591846466,-0.00028662756085395813,30,30,"{""actor0"":""/World/Franka/panda_rightfinger"",""actor1"":""/World/FormalObstacle"",""collider0"":""/World/Franka/panda_rightfinger/geometry/panda_rightfinger"",""collider1"":""/World/FormalObstacle"",""contact_count"":3,""minimum_separation_m"":-0.00028662756085395813}"
multiscene_candidate_005__inflation_000mm__direction_015__012mm,multiscene_candidate_005__inflation_000mm,multiscene_candidate_005,0,direction_015,12.0,False,True,False,0.0008273683488368988,-9.911879897117615e-05,30,30,"{""actor0"":""/World/Franka/panda_rightfinger"",""actor1"":""/World/FormalObstacle"",""collider0"":""/World/Franka/panda_rightfinger/geometry/panda_rightfinger"",""collider1"":""/World/FormalObstacle"",""contact_count"":3,""minimum_separation_m"":-9.911879897117615e-05}"
multiscene_candidate_005__inflation_000mm__direction_016__016mm,multiscene_candidate_005__inflation_000mm,multiscene_candidate_005,0,direction_016,16.0,False,True,False,0.0002562291920185089,-0.0005903877317905426,29,29,"{""actor0"":""/World/Franka/panda_rightfinger"",""actor1"":""/World/FormalObstacle"",""collider0"":""/World/Franka/panda_rightfinger/geometry/panda_rightfinger"",""collider1"":""/World/FormalObstacle"",""contact_count"":3,""minimum_separation_m"":-0.0005903877317905426}"
multiscene_candidate_005__inflation_000mm__direction_017__012mm,multiscene_candidate_005__inflation_000mm,multiscene_candidate_005,0,direction_017,12.0,False,True,False,0.00020427629351615906,-0.0006623119115829468,31,31,"{""actor0"":""/World/Franka/panda_rightfinger"",""actor1"":""/World/FormalObstacle"",""collider0"":""/World/Franka/panda_rightfinger/geometry/panda_rightfinger"",""collider1"":""/World/FormalObstacle"",""contact_count"":3,""minimum_separation_m"":-0.0006623119115829468}"
multiscene_candidate_005__inflation_000mm__direction_018__016mm,multiscene_candidate_005__inflation_000mm,multiscene_candidate_005,0,direction_018,16.0,False,True,False,0.0007562227547168732,-9.040161967277527e-05,29,29,"{""actor0"":""/World/Franka/panda_rightfinger"",""actor1"":""/World/FormalObstacle"",""collider0"":""/World/Franka/panda_rightfinger/geometry/panda_rightfinger"",""collider1"":""/World/FormalObstacle"",""contact_count"":3,""minimum_separation_m"":-9.040161967277527e-05}"
multiscene_candidate_005__inflation_000mm__direction_019__014mm,multiscene_candidate_005__inflation_000mm,multiscene_candidate_005,0,direction_019,14.0,False,True,False,0.0002581970766186714,-0.0006914585828781128,30,30,"{""actor0"":""/World/Franka/panda_rightfinger"",""actor1"":""/World/FormalObstacle"",""collider0"":""/World/Franka/panda_rightfinger/geometry/panda_rightfinger"",""collider1"":""/World/FormalObstacle"",""contact_count"":4,""minimum_separation_m"":-0.0006914585828781128}"
multiscene_candidate_005__inflation_000mm__direction_020__014mm,multiscene_candidate_005__inflation_000mm,multiscene_candidate_005,0,direction_020,14.0,False,True,False,0.00034995749592781067,-0.0007978379726409912,30,31,"{""actor0"":""/World/Franka/panda_rightfinger"",""actor1"":""/World/FormalObstacle"",""collider0"":""/World/Franka/panda_rightfinger/geometry/panda_rightfinger"",""collider1"":""/World/FormalObstacle"",""contact_count"":4,""minimum_separation_m"":-0.0007978379726409912}"
multiscene_candidate_005__inflation_000mm__direction_021__018mm,multiscene_candidate_005__inflation_000mm,multiscene_candidate_005,0,direction_021,18.0,False,True,False,0.0006890948861837387,-9.383633732795715e-05,29,29,"{""actor0"":""/World/Franka/panda_rightfinger"",""actor1"":""/World/FormalObstacle"",""collider0"":""/World/Franka/panda_rightfinger/geometry/panda_rightfinger"",""collider1"":""/World/FormalObstacle"",""contact_count"":3,""minimum_separation_m"":-9.383633732795715e-05}"
multiscene_candidate_005__inflation_000mm__direction_021__020mm,multiscene_candidate_005__inflation_000mm,multiscene_candidate_005,0,direction_021,20.0,False,True,False,1.5776604413986206e-06,-0.0008903518319129944,29,29,"{""actor0"":""/World/Franka/panda_rightfinger"",""actor1"":""/World/FormalObstacle"",""collider0"":""/World/Franka/panda_rightfinger/geometry/panda_rightfinger"",""collider1"":""/World/FormalObstacle"",""contact_count"":3,""minimum_separation_m"":-0.0008903518319129944}"
multiscene_candidate_005__inflation_000mm__direction_023__016mm,multiscene_candidate_005__inflation_000mm,multiscene_candidate_005,0,direction_023,16.0,False,True,False,0.0007931319996714592,-3.487616777420044e-05,30,30,"{""actor0"":""/World/Franka/panda_rightfinger"",""actor1"":""/World/FormalObstacle"",""collider0"":""/World/Franka/panda_rightfinger/geometry/panda_rightfinger"",""collider1"":""/World/FormalObstacle"",""contact_count"":3,""minimum_separation_m"":-3.487616777420044e-05}"
multiscene_candidate_005__inflation_000mm__direction_026__022mm,multiscene_candidate_005__inflation_000mm,multiscene_candidate_005,0,direction_026,22.0,False,True,False,0.0010046269744634628,-6.2049541156739e-05,29,29,"{""actor0"":""/World/Franka/panda_rightfinger"",""actor1"":""/World/FormalObstacle"",""collider0"":""/World/Franka/panda_rightfinger/geometry/panda_rightfinger"",""collider1"":""/World/FormalObstacle"",""contact_count"":1,""minimum_separation_m"":-6.2049541156739e-05}"
multiscene_candidate_005__inflation_000mm__direction_026__024mm,multiscene_candidate_005__inflation_000mm,multiscene_candidate_005,0,direction_026,24.0,False,True,False,0.0004253573715686798,-0.0005647726356983185,28,29,"{""actor0"":""/World/Franka/panda_rightfinger"",""actor1"":""/World/FormalObstacle"",""collider0"":""/World/Franka/panda_rightfinger/geometry/panda_rightfinger"",""collider1"":""/World/FormalObstacle"",""contact_count"":4,""minimum_separation_m"":-0.0005647726356983185}"
multiscene_candidate_005__inflation_000mm__direction_027__016mm,multiscene_candidate_005__inflation_000mm,multiscene_candidate_005,0,direction_027,16.0,False,True,False,0.0007405765354633331,-0.00013038143515586853,30,30,"{""actor0"":""/World/Franka/panda_rightfinger"",""actor1"":""/World/FormalObstacle"",""collider0"":""/World/Franka/panda_rightfinger/geometry/panda_rightfinger"",""collider1"":""/World/FormalObstacle"",""contact_count"":3,""minimum_separation_m"":-0.00013038143515586853}"
multiscene_candidate_005__inflation_000mm__direction_029__026mm,multiscene_candidate_005__inflation_000mm,multiscene_candidate_005,0,direction_029,26.0,False,True,False,0.00047223642468452454,-0.00034708157181739807,28,28,"{""actor0"":""/World/Franka/panda_rightfinger"",""actor1"":""/World/FormalObstacle"",""collider0"":""/World/Franka/panda_rightfinger/geometry/panda_rightfinger"",""collider1"":""/World/FormalObstacle"",""contact_count"":3,""minimum_separation_m"":-0.00034708157181739807}"
multiscene_candidate_005__inflation_000mm__direction_030__014mm,multiscene_candidate_005__inflation_000mm,multiscene_candidate_005,0,direction_030,14.0,False,True,False,0.0005302028730511665,-0.0004222691059112549,31,31,"{""actor0"":""/World/Franka/panda_rightfinger"",""actor1"":""/World/FormalObstacle"",""collider0"":""/World/Franka/panda_rightfinger/geometry/panda_rightfinger"",""collider1"":""/World/FormalObstacle"",""contact_count"":4,""minimum_separation_m"":-0.0004222691059112549}"
multiscene_candidate_005__inflation_000mm__direction_031__024mm,multiscene_candidate_005__inflation_000mm,multiscene_candidate_005,0,direction_031,24.0,False,True,False,1.6271136701107025e-05,-0.000902906060218811,29,29,"{""actor0"":""/World/Franka/panda_rightfinger"",""actor1"":""/World/FormalObstacle"",""collider0"":""/World/Franka/panda_rightfinger/geometry/panda_rightfinger"",""collider1"":""/World/FormalObstacle"",""contact_count"":3,""minimum_separation_m"":-0.000902906060218811}"
multiscene_candidate_005__inflation_000mm__direction_032__022mm,multiscene_candidate_005__inflation_000mm,multiscene_candidate_005,0,direction_032,22.0,False,True,False,0.00039529427886009216,-0.0005350597202777863,30,30,"{""actor0"":""/World/Franka/panda_rightfinger"",""actor1"":""/World/FormalObstacle"",""collider0"":""/World/Franka/panda_rightfinger/geometry/panda_rightfinger"",""collider1"":""/World/FormalObstacle"",""contact_count"":3,""minimum_separation_m"":-0.0005350597202777863}"
multiscene_candidate_005__inflation_000mm__direction_033__016mm,multiscene_candidate_005__inflation_000mm,multiscene_candidate_005,0,direction_033,16.0,False,True,False,0.00030839070677757263,-0.0005687102675437927,31,31,"{""actor0"":""/World/Franka/panda_rightfinger"",""actor1"":""/World/FormalObstacle"",""collider0"":""/World/Franka/panda_rightfinger/geometry/panda_rightfinger"",""collider1"":""/World/FormalObstacle"",""contact_count"":4,""minimum_separation_m"":-0.0005687102675437927}"
multiscene_candidate_005__inflation_000mm__direction_034__034mm,multiscene_candidate_005__inflation_000mm,multiscene_candidate_005,0,direction_034,34.0,False,True,False,0.001232285052537918,-6.165727972984314e-05,27,28,"{""actor0"":""/World/Franka/panda_rightfinger"",""actor1"":""/World/FormalObstacle"",""collider0"":""/World/Franka/panda_rightfinger/geometry/panda_rightfinger"",""collider1"":""/World/FormalObstacle"",""contact_count"":4,""minimum_separation_m"":-6.165727972984314e-05}"
multiscene_candidate_005__inflation_000mm__direction_034__036mm,multiscene_candidate_005__inflation_000mm,multiscene_candidate_005,0,direction_034,36.0,False,True,False,0.000310409814119339,-0.0004789493978023529,27,27,"{""actor0"":""/World/Franka/panda_rightfinger"",""actor1"":""/World/FormalObstacle"",""collider0"":""/World/Franka/panda_rightfinger/geometry/panda_rightfinger"",""collider1"":""/World/FormalObstacle"",""contact_count"":3,""minimum_separation_m"":-0.0004789493978023529}"
multiscene_candidate_005__inflation_000mm__direction_036__022mm,multiscene_candidate_005__inflation_000mm,multiscene_candidate_005,0,direction_036,22.0,False,True,False,0.0006317198276519775,-0.00024215131998062134,30,30,"{""actor0"":""/World/Franka/panda_rightfinger"",""actor1"":""/World/FormalObstacle"",""collider0"":""/World/Franka/panda_rightfinger/geometry/panda_rightfinger"",""collider1"":""/World/FormalObstacle"",""contact_count"":4,""minimum_separation_m"":-0.00024215131998062134}"
multiscene_candidate_005__inflation_000mm__direction_037__034mm,multiscene_candidate_005__inflation_000mm,multiscene_candidate_005,0,direction_037,34.0,False,True,False,0.00040974095463752747,-0.00040958821773529053,28,28,"{""actor0"":""/World/Franka/panda_rightfinger"",""actor1"":""/World/FormalObstacle"",""collider0"":""/World/Franka/panda_rightfinger/geometry/panda_rightfinger"",""collider1"":""/World/FormalObstacle"",""contact_count"":3,""minimum_separation_m"":-0.00040958821773529053}"
multiscene_candidate_005__inflation_000mm__direction_038__018mm,multiscene_candidate_005__inflation_000mm,multiscene_candidate_005,0,direction_038,18.0,False,True,False,0.0005540437996387482,-0.0003736242651939392,31,32,"{""actor0"":""/World/Franka/panda_rightfinger"",""actor1"":""/World/FormalObstacle"",""collider0"":""/World/Franka/panda_rightfinger/geometry/panda_rightfinger"",""collider1"":""/World/FormalObstacle"",""contact_count"":4,""minimum_separation_m"":-0.0003736242651939392}"
multiscene_candidate_005__inflation_000mm__direction_039__040mm,multiscene_candidate_005__inflation_000mm,multiscene_candidate_005,0,direction_039,40.0,False,True,False,0.0011774925515055656,-2.1354731870815158e-05,28,28,"{""actor0"":""/World/Franka/panda_rightfinger"",""actor1"":""/World/FormalObstacle"",""collider0"":""/World/Franka/panda_rightfinger/geometry/panda_rightfinger"",""collider1"":""/World/FormalObstacle"",""contact_count"":1,""minimum_separation_m"":-2.1354731870815158e-05}"
multiscene_candidate_005__inflation_000mm__direction_039__042mm,multiscene_candidate_005__inflation_000mm,multiscene_candidate_005,0,direction_039,42.0,False,True,False,0.0008260495960712433,-0.00010824203491210938,27,28,"{""actor0"":""/World/Franka/panda_rightfinger"",""actor1"":""/World/FormalObstacle"",""collider0"":""/World/Franka/panda_rightfinger/geometry/panda_rightfinger"",""collider1"":""/World/FormalObstacle"",""contact_count"":4,""minimum_separation_m"":-0.00010824203491210938}"
multiscene_candidate_005__inflation_000mm__direction_039__044mm,multiscene_candidate_005__inflation_000mm,multiscene_candidate_005,0,direction_039,44.0,False,True,False,6.042793393135071e-05,-0.0007289350032806396,27,27,"{""actor0"":""/World/Franka/panda_rightfinger"",""actor1"":""/World/FormalObstacle"",""collider0"":""/World/Franka/panda_rightfinger/geometry/panda_rightfinger"",""collider1"":""/World/FormalObstacle"",""contact_count"":3,""minimum_separation_m"":-0.0007289350032806396}"
multiscene_candidate_005__inflation_000mm__direction_040__026mm,multiscene_candidate_005__inflation_000mm,multiscene_candidate_005,0,direction_040,26.0,False,True,False,0.0003186948597431183,-0.0005522631108760834,30,30,"{""actor0"":""/World/Franka/panda_rightfinger"",""actor1"":""/World/FormalObstacle"",""collider0"":""/World/Franka/panda_rightfinger/geometry/panda_rightfinger"",""collider1"":""/World/FormalObstacle"",""contact_count"":3,""minimum_separation_m"":-0.0005522631108760834}"
multiscene_candidate_005__inflation_000mm__direction_041__022mm,multiscene_candidate_005__inflation_000mm,multiscene_candidate_005,0,direction_041,22.0,False,True,False,0.00023124460130929947,-0.0006228946149349213,31,31,"{""actor0"":""/World/Franka/panda_rightfinger"",""actor1"":""/World/FormalObstacle"",""collider0"":""/World/Franka/panda_rightfinger/geometry/panda_rightfinger"",""collider1"":""/World/FormalObstacle"",""contact_count"":3,""minimum_separation_m"":-0.0006228946149349213}"
multiscene_candidate_005__inflation_000mm__direction_042__056mm,multiscene_candidate_005__inflation_000mm,multiscene_candidate_005,0,direction_042,56.0,False,True,False,0.0005785766988992691,-0.00021879374980926514,26,26,"{""actor0"":""/World/Franka/panda_rightfinger"",""actor1"":""/World/FormalObstacle"",""collider0"":""/World/Franka/panda_rightfinger/geometry/panda_rightfinger"",""collider1"":""/World/FormalObstacle"",""contact_count"":3,""minimum_separation_m"":-0.00021879374980926514}"
multiscene_candidate_005__inflation_000mm__direction_042__058mm,multiscene_candidate_005__inflation_000mm,multiscene_candidate_005,0,direction_042,58.0,False,True,False,0.00021770410239696503,-0.0005998425185680389,26,26,"{""actor0"":""/World/Franka/panda_rightfinger"",""actor1"":""/World/FormalObstacle"",""collider0"":""/World/Franka/panda_rightfinger/geometry/panda_rightfinger"",""collider1"":""/World/FormalObstacle"",""contact_count"":4,""minimum_separation_m"":-0.0005998425185680389}"
multiscene_candidate_005__inflation_000mm__direction_042__060mm,multiscene_candidate_005__inflation_000mm,multiscene_candidate_005,0,direction_042,60.0,False,True,False,0.00018545985221862793,-0.0007009990513324738,26,26,"{""actor0"":""/World/Franka/panda_rightfinger"",""actor1"":""/World/FormalObstacle"",""collider0"":""/World/Franka/panda_rightfinger/geometry/panda_rightfinger"",""collider1"":""/World/FormalObstacle"",""contact_count"":3,""minimum_separation_m"":-0.0007009990513324738}"
multiscene_candidate_005__inflation_000mm__direction_045__044mm,multiscene_candidate_005__inflation_000mm,multiscene_candidate_005,0,direction_045,44.0,False,True,False,0.0009985314682126045,-1.6734004020690918e-05,29,29,"{""actor0"":""/World/Franka/panda_rightfinger"",""actor1"":""/World/FormalObstacle"",""collider0"":""/World/Franka/panda_rightfinger/geometry/panda_rightfinger"",""collider1"":""/World/FormalObstacle"",""contact_count"":3,""minimum_separation_m"":-1.6734004020690918e-05}"
multiscene_candidate_005__inflation_000mm__direction_045__046mm,multiscene_candidate_005__inflation_000mm,multiscene_candidate_005,0,direction_045,46.0,False,True,False,0.0008906824514269829,-0.000270155374892056,29,29,"{""actor0"":""/World/Franka/panda_rightfinger"",""actor1"":""/World/FormalObstacle"",""collider0"":""/World/Franka/panda_rightfinger/geometry/panda_rightfinger"",""collider1"":""/World/FormalObstacle"",""contact_count"":1,""minimum_separation_m"":-0.000270155374892056}"
multiscene_candidate_005__inflation_000mm__direction_045__048mm,multiscene_candidate_005__inflation_000mm,multiscene_candidate_005,0,direction_045,48.0,False,True,False,0.000612843781709671,-0.0005219727754592896,28,29,"{""actor0"":""/World/Franka/panda_rightfinger"",""actor1"":""/World/FormalObstacle"",""collider0"":""/World/Franka/panda_rightfinger/geometry/panda_rightfinger"",""collider1"":""/World/FormalObstacle"",""contact_count"":4,""minimum_separation_m"":-0.0005219727754592896}"
multiscene_candidate_005__inflation_000mm__direction_045__050mm,multiscene_candidate_005__inflation_000mm,multiscene_candidate_005,0,direction_045,50.0,False,True,False,3.473833203315735e-05,-0.0007845833897590637,28,28,"{""actor0"":""/World/Franka/panda_rightfinger"",""actor1"":""/World/FormalObstacle"",""collider0"":""/World/Franka/panda_rightfinger/geometry/panda_rightfinger"",""collider1"":""/World/FormalObstacle"",""contact_count"":3,""minimum_separation_m"":-0.0007845833897590637}"
multiscene_candidate_005__inflation_000mm__direction_046__022mm,multiscene_candidate_005__inflation_000mm,multiscene_candidate_005,0,direction_046,22.0,False,True,False,0.0005151005461812019,-0.0002456381916999817,32,32,"{""actor0"":""/World/Franka/panda_rightfinger"",""actor1"":""/World/FormalObstacle"",""collider0"":""/World/Franka/panda_rightfinger/geometry/panda_rightfinger"",""collider1"":""/World/FormalObstacle"",""contact_count"":3,""minimum_separation_m"":-0.0002456381916999817}"
multiscene_candidate_005__inflation_000mm__direction_048__030mm,multiscene_candidate_005__inflation_000mm,multiscene_candidate_005,0,direction_048,30.0,False,True,False,0.0004602856934070587,-0.00043246522545814514,31,31,"{""actor0"":""/World/Franka/panda_rightfinger"",""actor1"":""/World/FormalObstacle"",""collider0"":""/World/Franka/panda_rightfinger/geometry/panda_rightfinger"",""collider1"":""/World/FormalObstacle"",""contact_count"":3,""minimum_separation_m"":-0.00043246522545814514}"
multiscene_candidate_005__inflation_000mm__direction_051__026mm,multiscene_candidate_005__inflation_000mm,multiscene_candidate_005,0,direction_051,26.0,False,True,False,0.0006828494369983673,-0.00022869929671287537,32,32,"{""actor0"":""/World/Franka/panda_rightfinger"",""actor1"":""/World/FormalObstacle"",""collider0"":""/World/Franka/panda_rightfinger/geometry/panda_rightfinger"",""collider1"":""/World/FormalObstacle"",""contact_count"":3,""minimum_separation_m"":-0.00022869929671287537}"
multiscene_candidate_005__inflation_000mm__direction_056__036mm,multiscene_candidate_005__inflation_000mm,multiscene_candidate_005,0,direction_056,36.0,False,True,False,0.0006493618711829185,-0.00010824203491210938,33,33,"{""actor0"":""/World/Franka/panda_rightfinger"",""actor1"":""/World/FormalObstacle"",""collider0"":""/World/Franka/panda_rightfinger/geometry/panda_rightfinger"",""collider1"":""/World/FormalObstacle"",""contact_count"":3,""minimum_separation_m"":-0.00010824203491210938}"
multiscene_candidate_005__inflation_000mm__direction_059__038mm,multiscene_candidate_005__inflation_000mm,multiscene_candidate_005,0,direction_059,38.0,False,True,False,8.879508823156357e-05,-0.0007737986743450165,34,34,"{""actor0"":""/World/Franka/panda_rightfinger"",""actor1"":""/World/FormalObstacle"",""collider0"":""/World/Franka/panda_rightfinger/geometry/panda_rightfinger"",""collider1"":""/World/FormalObstacle"",""contact_count"":3,""minimum_separation_m"":-0.0007737986743450165}"
multiscene_candidate_005__inflation_000mm__direction_064__052mm,multiscene_candidate_005__inflation_000mm,multiscene_candidate_005,0,direction_064,52.0,False,True,False,0.0007029203698039055,-0.0002977102994918823,38,38,"{""actor0"":""/World/Franka/panda_rightfinger"",""actor1"":""/World/FormalObstacle"",""collider0"":""/World/Franka/panda_rightfinger/geometry/panda_rightfinger"",""collider1"":""/World/FormalObstacle"",""contact_count"":3,""minimum_separation_m"":-0.0002977102994918823}"
multiscene_candidate_005__inflation_000mm__direction_064__054mm,multiscene_candidate_005__inflation_000mm,multiscene_candidate_005,0,direction_064,54.0,False,True,False,0.0006775744259357452,-0.00028210505843162537,38,38,"{""actor0"":""/World/Franka/panda_rightfinger"",""actor1"":""/World/FormalObstacle"",""collider0"":""/World/Franka/panda_rightfinger/geometry/panda_rightfinger"",""collider1"":""/World/FormalObstacle"",""contact_count"":3,""minimum_separation_m"":-0.00028210505843162537}"
multiscene_candidate_005__inflation_000mm__direction_064__056mm,multiscene_candidate_005__inflation_000mm,multiscene_candidate_005,0,direction_064,56.0,False,True,False,0.0006931908428668976,-0.0002664811909198761,38,38,"{""actor0"":""/World/Franka/panda_rightfinger"",""actor1"":""/World/FormalObstacle"",""collider0"":""/World/Franka/panda_rightfinger/geometry/panda_rightfinger"",""collider1"":""/World/FormalObstacle"",""contact_count"":3,""minimum_separation_m"":-0.0002664811909198761}"
multiscene_candidate_005__inflation_000mm__direction_064__058mm,multiscene_candidate_005__inflation_000mm,multiscene_candidate_005,0,direction_064,58.0,False,True,False,0.0007088072597980499,-0.00025086477398872375,38,38,"{""actor0"":""/World/Franka/panda_rightfinger"",""actor1"":""/World/FormalObstacle"",""collider0"":""/World/Franka/panda_rightfinger/geometry/panda_rightfinger"",""collider1"":""/World/FormalObstacle"",""contact_count"":3,""minimum_separation_m"":-0.00025086477398872375}"
multiscene_candidate_005__inflation_000mm__direction_064__060mm,multiscene_candidate_005__inflation_000mm,multiscene_candidate_005,0,direction_064,60.0,False,True,False,0.00072445347905159,-0.00023522600531578064,38,38,"{""actor0"":""/World/Franka/panda_rightfinger"",""actor1"":""/World/FormalObstacle"",""collider0"":""/World/Franka/panda_rightfinger/geometry/panda_rightfinger"",""collider1"":""/World/FormalObstacle"",""contact_count"":3,""minimum_separation_m"":-0.00023522600531578064}"
multiscene_candidate_005__inflation_005mm__direction_001__016mm,multiscene_candidate_005__inflation_005mm,multiscene_candidate_005,5,direction_001,16.0,False,True,False,0.0003511812537908554,-0.000490281730890274,30,30,"{""actor0"":""/World/Franka/panda_rightfinger"",""actor1"":""/World/FormalObstacle"",""collider0"":""/World/Franka/panda_rightfinger/geometry/panda_rightfinger"",""collider1"":""/World/FormalObstacle"",""contact_count"":3,""minimum_separation_m"":-0.000490281730890274}"
multiscene_candidate_005__inflation_005mm__direction_004__016mm,multiscene_candidate_005__inflation_005mm,multiscene_candidate_005,5,direction_004,16.0,False,True,False,0.0010616965591907501,-0.00019142404198646545,30,31,"{""actor0"":""/World/Franka/panda_rightfinger"",""actor1"":""/World/FormalObstacle"",""collider0"":""/World/Franka/panda_rightfinger/geometry/panda_rightfinger"",""collider1"":""/World/FormalObstacle"",""contact_count"":4,""minimum_separation_m"":-0.00019142404198646545}"
multiscene_candidate_005__inflation_005mm__direction_005__020mm,multiscene_candidate_005__inflation_005mm,multiscene_candidate_005,5,direction_005,20.0,False,True,False,0.0007087774574756622,-5.8941543102264404e-05,29,29,"{""actor0"":""/World/Franka/panda_rightfinger"",""actor1"":""/World/FormalObstacle"",""collider0"":""/World/Franka/panda_rightfinger/geometry/panda_rightfinger"",""collider1"":""/World/FormalObstacle"",""contact_count"":3,""minimum_separation_m"":-5.8941543102264404e-05}"
multiscene_candidate_005__inflation_005mm__direction_007__018mm,multiscene_candidate_005__inflation_005mm,multiscene_candidate_005,5,direction_007,18.0,False,True,False,4.606321454048157e-05,-0.0007559023797512054,30,30,"{""actor0"":""/World/Franka/panda_rightfinger"",""actor1"":""/World/FormalObstacle"",""collider0"":""/World/Franka/panda_rightfinger/geometry/panda_rightfinger"",""collider1"":""/World/FormalObstacle"",""contact_count"":3,""minimum_separation_m"":-0.0007559023797512054}"
multiscene_candidate_005__inflation_005mm__direction_008__022mm,multiscene_candidate_005__inflation_005mm,multiscene_candidate_005,5,direction_008,22.0,False,True,False,5.472265183925629e-05,-0.0008283704519271851,29,29,"{""actor0"":""/World/Franka/panda_rightfinger"",""actor1"":""/World/FormalObstacle"",""collider0"":""/World/Franka/panda_rightfinger/geometry/panda_rightfinger"",""collider1"":""/World/FormalObstacle"",""contact_count"":4,""minimum_separation_m"":-0.0008283704519271851}"
multiscene_candidate_005__inflation_005mm__direction_010__022mm,multiscene_candidate_005__inflation_005mm,multiscene_candidate_005,5,direction_010,22.0,False,True,False,0.0005994029343128204,-0.0006321482360363007,29,30,"{""actor0"":""/World/Franka/panda_rightfinger"",""actor1"":""/World/FormalObstacle"",""collider0"":""/World/Franka/panda_rightfinger/geometry/panda_rightfinger"",""collider1"":""/World/FormalObstacle"",""contact_count"":4,""minimum_separation_m"":-0.0006321482360363007}"
multiscene_candidate_005__inflation_005mm__direction_011__022mm,multiscene_candidate_005__inflation_005mm,multiscene_candidate_005,5,direction_011,22.0,False,True,False,0.0004719160497188568,-0.000855080783367157,30,30,"{""actor0"":""/World/Franka/panda_rightfinger"",""actor1"":""/World/FormalObstacle"",""collider0"":""/World/Franka/panda_rightfinger/geometry/panda_rightfinger"",""collider1"":""/World/FormalObstacle"",""contact_count"":4,""minimum_separation_m"":-0.000855080783367157}"
multiscene_candidate_005__inflation_005mm__direction_013__026mm,multiscene_candidate_005__inflation_005mm,multiscene_candidate_005,5,direction_013,26.0,False,True,False,0.0008275760337710381,-0.00040175020694732666,29,29,"{""actor0"":""/World/Franka/panda_rightfinger"",""actor1"":""/World/FormalObstacle"",""collider0"":""/World/Franka/panda_rightfinger/geometry/panda_rightfinger"",""collider1"":""/World/FormalObstacle"",""contact_count"":4,""minimum_separation_m"":-0.00040175020694732666}"
multiscene_candidate_005__inflation_005mm__direction_014__020mm,multiscene_candidate_005__inflation_005mm,multiscene_candidate_005,5,direction_014,20.0,False,True,False,2.987496554851532e-05,-0.0013450495898723602,31,31,"{""actor0"":""/World/Franka/panda_rightfinger"",""actor1"":""/World/FormalObstacle"",""collider0"":""/World/Franka/panda_rightfinger/geometry/panda_rightfinger"",""collider1"":""/World/FormalObstacle"",""contact_count"":4,""minimum_separation_m"":-0.0013450495898723602}"
multiscene_candidate_005__inflation_005mm__direction_016__026mm,multiscene_candidate_005__inflation_005mm,multiscene_candidate_005,5,direction_016,26.0,False,True,False,0.000722893513739109,-6.206706166267395e-05,29,29,"{""actor0"":""/World/Franka/panda_rightfinger"",""actor1"":""/World/FormalObstacle"",""collider0"":""/World/Franka/panda_rightfinger/geometry/panda_rightfinger"",""collider1"":""/World/FormalObstacle"",""contact_count"":3,""minimum_separation_m"":-6.206706166267395e-05}"
multiscene_candidate_005__inflation_005mm__direction_018__028mm,multiscene_candidate_005__inflation_005mm,multiscene_candidate_005,5,direction_018,28.0,False,True,False,0.00045668892562389374,-0.0004400685429573059,29,29,"{""actor0"":""/World/Franka/panda_rightfinger"",""actor1"":""/World/FormalObstacle"",""collider0"":""/World/Franka/panda_rightfinger/geometry/panda_rightfinger"",""collider1"":""/World/FormalObstacle"",""contact_count"":3,""minimum_separation_m"":-0.0004400685429573059}"
multiscene_candidate_005__inflation_005mm__direction_020__020mm,multiscene_candidate_005__inflation_005mm,multiscene_candidate_005,5,direction_020,20.0,False,True,False,0.0004334840923547745,-0.0003815963864326477,31,31,"{""actor0"":""/World/Franka/panda_rightfinger"",""actor1"":""/World/FormalObstacle"",""collider0"":""/World/Franka/panda_rightfinger/geometry/panda_rightfinger"",""collider1"":""/World/FormalObstacle"",""contact_count"":3,""minimum_separation_m"":-0.0003815963864326477}"
multiscene_candidate_005__inflation_005mm__direction_021__034mm,multiscene_candidate_005__inflation_005mm,multiscene_candidate_005,5,direction_021,34.0,False,True,False,8.093006908893585e-05,-0.000664394348859787,28,28,"{""actor0"":""/World/Franka/panda_rightfinger"",""actor1"":""/World/FormalObstacle"",""collider0"":""/World/Franka/panda_rightfinger/geometry/panda_rightfinger"",""collider1"":""/World/FormalObstacle"",""contact_count"":3,""minimum_separation_m"":-0.000664394348859787}"
multiscene_candidate_005__inflation_005mm__direction_022__020mm,multiscene_candidate_005__inflation_005mm,multiscene_candidate_005,5,direction_022,20.0,False,True,False,4.872400313615799e-05,-0.0008139908313751221,31,31,"{""actor0"":""/World/Franka/panda_rightfinger"",""actor1"":""/World/FormalObstacle"",""collider0"":""/World/Franka/panda_rightfinger/geometry/panda_rightfinger"",""collider1"":""/World/FormalObstacle"",""contact_count"":4,""minimum_separation_m"":-0.0008139908313751221}"
multiscene_candidate_005__inflation_005mm__direction_023__028mm,multiscene_candidate_005__inflation_005mm,multiscene_candidate_005,5,direction_023,28.0,False,True,False,0.0012712962925434113,-0.0001514032483100891,29,30,"{""actor0"":""/World/Franka/panda_rightfinger"",""actor1"":""/World/FormalObstacle"",""collider0"":""/World/Franka/panda_rightfinger/geometry/panda_rightfinger"",""collider1"":""/World/FormalObstacle"",""contact_count"":4,""minimum_separation_m"":-0.0001514032483100891}"
multiscene_candidate_005__inflation_005mm__direction_023__030mm,multiscene_candidate_005__inflation_005mm,multiscene_candidate_005,5,direction_023,30.0,False,True,False,5.651265382766724e-06,-0.0011920593678951263,29,30,"{""actor0"":""/World/Franka/panda_rightfinger"",""actor1"":""/World/FormalObstacle"",""collider0"":""/World/Franka/panda_rightfinger/geometry/panda_rightfinger"",""collider1"":""/World/FormalObstacle"",""contact_count"":4,""minimum_separation_m"":-0.0011920593678951263}"
multiscene_candidate_005__inflation_005mm__direction_025__020mm,multiscene_candidate_005__inflation_005mm,multiscene_candidate_005,5,direction_025,20.0,False,True,False,0.000808078795671463,-0.0001974441111087799,31,32,"{""actor0"":""/World/Franka/panda_rightfinger"",""actor1"":""/World/FormalObstacle"",""collider0"":""/World/Franka/panda_rightfinger/geometry/panda_rightfinger"",""collider1"":""/World/FormalObstacle"",""contact_count"":4,""minimum_separation_m"":-0.0001974441111087799}"
multiscene_candidate_005__inflation_005mm__direction_026__042mm,multiscene_candidate_005__inflation_005mm,multiscene_candidate_005,5,direction_026,42.0,False,True,False,0.00024952366948127747,-0.0004875287413597107,27,28,"{""actor0"":""/World/Franka/panda_rightfinger"",""actor1"":""/World/FormalObstacle"",""collider0"":""/World/Franka/panda_rightfinger/geometry/panda_rightfinger"",""collider1"":""/World/FormalObstacle"",""contact_count"":4,""minimum_separation_m"":-0.0004875287413597107}"
multiscene_candidate_005__inflation_005mm__direction_028__026mm,multiscene_candidate_005__inflation_005mm,multiscene_candidate_005,5,direction_028,26.0,False,True,False,0.0008253529667854309,-0.0003846362233161926,31,31,"{""actor0"":""/World/Franka/panda_rightfinger"",""actor1"":""/World/FormalObstacle"",""collider0"":""/World/Franka/panda_rightfinger/geometry/panda_rightfinger"",""collider1"":""/World/FormalObstacle"",""contact_count"":4,""minimum_separation_m"":-0.0003846362233161926}"
multiscene_candidate_005__inflation_005mm__direction_029__046mm,multiscene_candidate_005__inflation_005mm,multiscene_candidate_005,5,direction_029,46.0,False,True,False,6.200745701789856e-05,-0.0006339475512504578,27,27,"{""actor0"":""/World/Franka/panda_rightfinger"",""actor1"":""/World/FormalObstacle"",""collider0"":""/World/Franka/panda_rightfinger/geometry/panda_rightfinger"",""collider1"":""/World/FormalObstacle"",""contact_count"":4,""minimum_separation_m"":-0.0006339475512504578}"
multiscene_candidate_005__inflation_005mm__direction_030__022mm,multiscene_candidate_005__inflation_005mm,multiscene_candidate_005,5,direction_030,22.0,False,True,False,0.000131143257021904,-0.000890395836904645,32,32,"{""actor0"":""/World/Franka/panda_rightfinger"",""actor1"":""/World/FormalObstacle"",""collider0"":""/World/Franka/panda_rightfinger/geometry/panda_rightfinger"",""collider1"":""/World/FormalObstacle"",""contact_count"":1,""minimum_separation_m"":-0.000890395836904645}"
multiscene_candidate_005__inflation_005mm__direction_031__042mm,multiscene_candidate_005__inflation_005mm,multiscene_candidate_005,5,direction_031,42.0,False,True,False,0.0006404407322406769,-8.934363722801208e-05,28,28,"{""actor0"":""/World/Franka/panda_rightfinger"",""actor1"":""/World/FormalObstacle"",""collider0"":""/World/Franka/panda_rightfinger/geometry/panda_rightfinger"",""collider1"":""/World/FormalObstacle"",""contact_count"":4,""minimum_separation_m"":-8.934363722801208e-05}"
multiscene_candidate_005__inflation_005mm__direction_032__038mm,multiscene_candidate_005__inflation_005mm,multiscene_candidate_005,5,direction_032,38.0,False,True,False,0.0002868957817554474,-0.000728067010641098,29,30,"{""actor0"":""/World/Franka/panda_rightfinger"",""actor1"":""/World/FormalObstacle"",""collider0"":""/World/Franka/panda_rightfinger/geometry/panda_rightfinger"",""collider1"":""/World/FormalObstacle"",""contact_count"":4,""minimum_separation_m"":-0.000728067010641098}"
multiscene_candidate_005__inflation_005mm__direction_033__024mm,multiscene_candidate_005__inflation_005mm,multiscene_candidate_005,5,direction_033,24.0,False,True,False,0.0010485025122761726,-0.00024157389998435974,32,32,"{""actor0"":""/World/Franka/panda_rightfinger"",""actor1"":""/World/FormalObstacle"",""collider0"":""/World/Franka/panda_rightfinger/geometry/panda_rightfinger"",""collider1"":""/World/FormalObstacle"",""contact_count"":4,""minimum_separation_m"":-0.00024157389998435974}"
multiscene_candidate_005__inflation_005mm__direction_035__026mm,multiscene_candidate_005__inflation_005mm,multiscene_candidate_005,5,direction_035,26.0,False,True,False,0.0012612231075763702,-1.6383826732635498e-05,31,32,"{""actor0"":""/World/Franka/panda_rightfinger"",""actor1"":""/World/FormalObstacle"",""collider0"":""/World/Franka/panda_rightfinger/geometry/panda_rightfinger"",""collider1"":""/World/FormalObstacle"",""contact_count"":4,""minimum_separation_m"":-1.6383826732635498e-05}"
multiscene_candidate_005__inflation_005mm__direction_035__028mm,multiscene_candidate_005__inflation_005mm,multiscene_candidate_005,5,direction_035,28.0,False,True,False,3.7503428757190704e-05,-0.001338966190814972,32,32,"{""actor0"":""/World/Franka/panda_rightfinger"",""actor1"":""/World/FormalObstacle"",""collider0"":""/World/Franka/panda_rightfinger/geometry/panda_rightfinger"",""collider1"":""/World/FormalObstacle"",""contact_count"":4,""minimum_separation_m"":-0.001338966190814972}"
multiscene_candidate_005__inflation_005mm__direction_037__060mm,multiscene_candidate_005__inflation_005mm,multiscene_candidate_005,5,direction_037,60.0,False,True,False,0.0001795310527086258,-0.0006808266043663025,27,27,"{""actor0"":""/World/Franka/panda_rightfinger"",""actor1"":""/World/FormalObstacle"",""collider0"":""/World/Franka/panda_rightfinger/geometry/panda_rightfinger"",""collider1"":""/World/FormalObstacle"",""contact_count"":4,""minimum_separation_m"":-0.0006808266043663025}"
multiscene_candidate_005__inflation_005mm__direction_038__024mm,multiscene_candidate_005__inflation_005mm,multiscene_candidate_005,5,direction_038,24.0,False,True,False,0.0004832511767745018,-0.00034583359956741333,32,32,"{""actor0"":""/World/Franka/panda_rightfinger"",""actor1"":""/World/FormalObstacle"",""collider0"":""/World/Franka/panda_rightfinger/geometry/panda_rightfinger"",""collider1"":""/World/FormalObstacle"",""contact_count"":3,""minimum_separation_m"":-0.00034583359956741333}"
multiscene_candidate_005__inflation_005mm__direction_040__040mm,multiscene_candidate_005__inflation_005mm,multiscene_candidate_005,5,direction_040,40.0,False,True,False,0.0010343091562390327,-0.00036339089274406433,31,31,"{""actor0"":""/World/Franka/panda_rightfinger"",""actor1"":""/World/FormalObstacle"",""collider0"":""/World/Franka/panda_rightfinger/geometry/panda_rightfinger"",""collider1"":""/World/FormalObstacle"",""contact_count"":4,""minimum_separation_m"":-0.00036339089274406433}"
multiscene_candidate_005__inflation_005mm__direction_040__042mm,multiscene_candidate_005__inflation_005mm,multiscene_candidate_005,5,direction_040,42.0,False,True,False,0.0002618497237563133,-0.0011805370450019836,31,31,"{""actor0"":""/World/Franka/panda_rightfinger"",""actor1"":""/World/FormalObstacle"",""collider0"":""/World/Franka/panda_rightfinger/geometry/panda_rightfinger"",""collider1"":""/World/FormalObstacle"",""contact_count"":4,""minimum_separation_m"":-0.0011805370450019836}"
multiscene_candidate_005__inflation_005mm__direction_041__038mm,multiscene_candidate_005__inflation_005mm,multiscene_candidate_005,5,direction_041,38.0,False,True,False,0.00197590421885252,-7.059425115585327e-06,31,32,"{""actor0"":""/World/Franka/panda_rightfinger"",""actor1"":""/World/FormalObstacle"",""collider0"":""/World/Franka/panda_rightfinger/geometry/panda_rightfinger"",""collider1"":""/World/FormalObstacle"",""contact_count"":4,""minimum_separation_m"":-7.059425115585327e-06}"
multiscene_candidate_005__inflation_005mm__direction_043__028mm,multiscene_candidate_005__inflation_005mm,multiscene_candidate_005,5,direction_043,28.0,False,True,False,0.0008543431758880615,-3.074482083320618e-05,32,32,"{""actor0"":""/World/Franka/panda_rightfinger"",""actor1"":""/World/FormalObstacle"",""collider0"":""/World/Franka/panda_rightfinger/geometry/panda_rightfinger"",""collider1"":""/World/FormalObstacle"",""contact_count"":3,""minimum_separation_m"":-3.074482083320618e-05}"
multiscene_candidate_005__inflation_005mm__direction_043__030mm,multiscene_candidate_005__inflation_005mm,multiscene_candidate_005,5,direction_043,30.0,False,True,False,0.00015174131840467453,-0.0012488849461078644,33,33,"{""actor0"":""/World/Franka/panda_rightfinger"",""actor1"":""/World/FormalObstacle"",""collider0"":""/World/Franka/panda_rightfinger/geometry/panda_rightfinger"",""collider1"":""/World/FormalObstacle"",""contact_count"":4,""minimum_separation_m"":-0.0012488849461078644}"
multiscene_candidate_005__inflation_005mm__direction_046__030mm,multiscene_candidate_005__inflation_005mm,multiscene_candidate_005,5,direction_046,30.0,False,True,False,0.0007779868319630623,-0.0002655750431586057,33,33,"{""actor0"":""/World/Franka/panda_rightfinger"",""actor1"":""/World/FormalObstacle"",""collider0"":""/World/Franka/panda_rightfinger/geometry/panda_rightfinger"",""collider1"":""/World/FormalObstacle"",""contact_count"":1,""minimum_separation_m"":-0.0002655750431586057}"
multiscene_candidate_005__inflation_005mm__direction_048__042mm,multiscene_candidate_005__inflation_005mm,multiscene_candidate_005,5,direction_048,42.0,False,True,False,0.00024362746626138687,-0.00048346444964408875,32,32,"{""actor0"":""/World/Franka/panda_rightfinger"",""actor1"":""/World/FormalObstacle"",""collider0"":""/World/Franka/panda_rightfinger/geometry/panda_rightfinger"",""collider1"":""/World/FormalObstacle"",""contact_count"":3,""minimum_separation_m"":-0.00048346444964408875}"
multiscene_candidate_005__inflation_005mm__direction_051__032mm,multiscene_candidate_005__inflation_005mm,multiscene_candidate_005,5,direction_051,32.0,False,True,False,0.000805993564426899,-0.00018977373838424683,33,33,"{""actor0"":""/World/Franka/panda_rightfinger"",""actor1"":""/World/FormalObstacle"",""collider0"":""/World/Franka/panda_rightfinger/geometry/panda_rightfinger"",""collider1"":""/World/FormalObstacle"",""contact_count"":3,""minimum_separation_m"":-0.00018977373838424683}"
multiscene_candidate_005__inflation_005mm__direction_056__044mm,multiscene_candidate_005__inflation_005mm,multiscene_candidate_005,5,direction_056,44.0,False,True,False,0.0008564349263906479,-6.01448118686676e-05,34,34,"{""actor0"":""/World/Franka/panda_rightfinger"",""actor1"":""/World/FormalObstacle"",""collider0"":""/World/Franka/panda_rightfinger/geometry/panda_rightfinger"",""collider1"":""/World/FormalObstacle"",""contact_count"":3,""minimum_separation_m"":-6.01448118686676e-05}"
multiscene_candidate_005__inflation_005mm__direction_059__042mm,multiscene_candidate_005__inflation_005mm,multiscene_candidate_005,5,direction_059,42.0,False,True,False,0.0001664813607931137,-0.0005780048668384552,35,36,"{""actor0"":""/World/Franka/panda_rightfinger"",""actor1"":""/World/FormalObstacle"",""collider0"":""/World/Franka/panda_rightfinger/geometry/panda_rightfinger"",""collider1"":""/World/FormalObstacle"",""contact_count"":4,""minimum_separation_m"":-0.0005780048668384552}"
multiscene_candidate_005__inflation_005mm__direction_064__052mm,multiscene_candidate_005__inflation_005mm,multiscene_candidate_005,5,direction_064,52.0,False,True,False,0.0007029203698039055,-0.0002977102994918823,38,38,"{""actor0"":""/World/Franka/panda_rightfinger"",""actor1"":""/World/FormalObstacle"",""collider0"":""/World/Franka/panda_rightfinger/geometry/panda_rightfinger"",""collider1"":""/World/FormalObstacle"",""contact_count"":3,""minimum_separation_m"":-0.0002977102994918823}"
multiscene_candidate_005__inflation_005mm__direction_064__054mm,multiscene_candidate_005__inflation_005mm,multiscene_candidate_005,5,direction_064,54.0,False,True,False,0.0006775744259357452,-0.00028210505843162537,38,38,"{""actor0"":""/World/Franka/panda_rightfinger"",""actor1"":""/World/FormalObstacle"",""collider0"":""/World/Franka/panda_rightfinger/geometry/panda_rightfinger"",""collider1"":""/World/FormalObstacle"",""contact_count"":3,""minimum_separation_m"":-0.00028210505843162537}"
multiscene_candidate_005__inflation_005mm__direction_064__056mm,multiscene_candidate_005__inflation_005mm,multiscene_candidate_005,5,direction_064,56.0,False,True,False,0.0006931908428668976,-0.0002664811909198761,38,38,"{""actor0"":""/World/Franka/panda_rightfinger"",""actor1"":""/World/FormalObstacle"",""collider0"":""/World/Franka/panda_rightfinger/geometry/panda_rightfinger"",""collider1"":""/World/FormalObstacle"",""contact_count"":3,""minimum_separation_m"":-0.0002664811909198761}"
multiscene_candidate_005__inflation_005mm__direction_064__058mm,multiscene_candidate_005__inflation_005mm,multiscene_candidate_005,5,direction_064,58.0,False,True,False,0.0007088072597980499,-0.00025086477398872375,38,38,"{""actor0"":""/World/Franka/panda_rightfinger"",""actor1"":""/World/FormalObstacle"",""collider0"":""/World/Franka/panda_rightfinger/geometry/panda_rightfinger"",""collider1"":""/World/FormalObstacle"",""contact_count"":3,""minimum_separation_m"":-0.00025086477398872375}"
multiscene_candidate_005__inflation_005mm__direction_064__060mm,multiscene_candidate_005__inflation_005mm,multiscene_candidate_005,5,direction_064,60.0,False,True,False,0.00072445347905159,-0.00023522600531578064,38,38,"{""actor0"":""/World/Franka/panda_rightfinger"",""actor1"":""/World/FormalObstacle"",""collider0"":""/World/Franka/panda_rightfinger/geometry/panda_rightfinger"",""collider1"":""/World/FormalObstacle"",""contact_count"":3,""minimum_separation_m"":-0.00023522600531578064}"
multiscene_candidate_005__inflation_010mm__direction_000__026mm,multiscene_candidate_005__inflation_010mm,multiscene_candidate_005,10,direction_000,26.0,False,True,False,0.0003809817135334015,-0.0011251382529735565,29,30,"{""actor0"":""/World/Franka/panda_rightfinger"",""actor1"":""/World/FormalObstacle"",""collider0"":""/World/Franka/panda_rightfinger/geometry/panda_rightfinger"",""collider1"":""/World/FormalObstacle"",""contact_count"":3,""minimum_separation_m"":-0.0011251382529735565}"
multiscene_candidate_005__inflation_010mm__direction_004__022mm,multiscene_candidate_005__inflation_010mm,multiscene_candidate_005,10,direction_004,22.0,False,True,False,0.0016199611127376556,-7.314234972000122e-05,31,31,"{""actor0"":""/World/Franka/panda_rightfinger"",""actor1"":""/World/FormalObstacle"",""collider0"":""/World/Franka/panda_rightfinger/geometry/panda_rightfinger"",""collider1"":""/World/FormalObstacle"",""contact_count"":3,""minimum_separation_m"":-7.314234972000122e-05}"
multiscene_candidate_005__inflation_010mm__direction_008__034mm,multiscene_candidate_005__inflation_010mm,multiscene_candidate_005,10,direction_008,34.0,False,True,False,0.0002435334026813507,-0.0007247403264045715,28,29,"{""actor0"":""/World/Franka/panda_rightfinger"",""actor1"":""/World/FormalObstacle"",""collider0"":""/World/Franka/panda_rightfinger/geometry/panda_rightfinger"",""collider1"":""/World/FormalObstacle"",""contact_count"":3,""minimum_separation_m"":-0.0007247403264045715}"
multiscene_candidate_005__inflation_010mm__direction_012__024mm,multiscene_candidate_005__inflation_010mm,multiscene_candidate_005,10,direction_012,24.0,False,True,False,6.413180381059647e-05,-0.0006607770919799805,31,31,"{""actor0"":""/World/Franka/panda_rightfinger"",""actor1"":""/World/FormalObstacle"",""collider0"":""/World/Franka/panda_rightfinger/geometry/panda_rightfinger"",""collider1"":""/World/FormalObstacle"",""contact_count"":3,""minimum_separation_m"":-0.0006607770919799805}"
multiscene_candidate_005__inflation_010mm__direction_013__038mm,multiscene_candidate_005__inflation_010mm,multiscene_candidate_005,10,direction_013,38.0,False,True,False,0.0006364565342664719,-6.473064422607422e-05,28,28,"{""actor0"":""/World/Franka/panda_rightfinger"",""actor1"":""/World/FormalObstacle"",""collider0"":""/World/Franka/panda_rightfinger/geometry/panda_rightfinger"",""collider1"":""/World/FormalObstacle"",""contact_count"":4,""minimum_separation_m"":-6.473064422607422e-05}"
multiscene_candidate_005__inflation_010mm__direction_014__026mm,multiscene_candidate_005__inflation_010mm,multiscene_candidate_005,10,direction_014,26.0,False,True,False,0.0008776672184467316,-0.0003588870167732239,31,31,"{""actor0"":""/World/Franka/panda_rightfinger"",""actor1"":""/World/FormalObstacle"",""collider0"":""/World/Franka/panda_rightfinger/geometry/panda_rightfinger"",""collider1"":""/World/FormalObstacle"",""contact_count"":3,""minimum_separation_m"":-0.0003588870167732239}"
multiscene_candidate_005__inflation_010mm__direction_015__030mm,multiscene_candidate_005__inflation_010mm,multiscene_candidate_005,10,direction_015,30.0,False,True,False,0.00028205569833517075,-0.00039366260170936584,30,30,"{""actor0"":""/World/Franka/panda_rightfinger"",""actor1"":""/World/FormalObstacle"",""collider0"":""/World/Franka/panda_rightfinger/geometry/panda_rightfinger"",""collider1"":""/World/FormalObstacle"",""contact_count"":4,""minimum_separation_m"":-0.00039366260170936584}"
multiscene_candidate_005__inflation_010mm__direction_016__040mm,multiscene_candidate_005__inflation_010mm,multiscene_candidate_005,10,direction_016,40.0,False,True,False,0.0002515241503715515,-0.0005168803036212921,28,28,"{""actor0"":""/World/Franka/panda_rightfinger"",""actor1"":""/World/FormalObstacle"",""collider0"":""/World/Franka/panda_rightfinger/geometry/panda_rightfinger"",""collider1"":""/World/FormalObstacle"",""contact_count"":4,""minimum_separation_m"":-0.0005168803036212921}"
multiscene_candidate_005__inflation_010mm__direction_017__024mm,multiscene_candidate_005__inflation_010mm,multiscene_candidate_005,10,direction_017,24.0,False,True,False,0.0009637782350182533,-0.0007039792835712433,31,32,"{""actor0"":""/World/Franka/panda_rightfinger"",""actor1"":""/World/FormalObstacle"",""collider0"":""/World/Franka/panda_rightfinger/geometry/panda_rightfinger"",""collider1"":""/World/FormalObstacle"",""contact_count"":3,""minimum_separation_m"":-0.0007039792835712433}"
multiscene_candidate_005__inflation_010mm__direction_018__042mm,multiscene_candidate_005__inflation_010mm,multiscene_candidate_005,10,direction_018,42.0,False,True,False,0.00017692521214485168,-0.0005412362515926361,28,28,"{""actor0"":""/World/Franka/panda_rightfinger"",""actor1"":""/World/FormalObstacle"",""collider0"":""/World/Franka/panda_rightfinger/geometry/panda_rightfinger"",""collider1"":""/World/FormalObstacle"",""contact_count"":4,""minimum_separation_m"":-0.0005412362515926361}"
multiscene_candidate_005__inflation_010mm__direction_020__028mm,multiscene_candidate_005__inflation_010mm,multiscene_candidate_005,10,direction_020,28.0,False,True,False,1.283641904592514e-05,-0.0008340813219547272,31,32,"{""actor0"":""/World/Franka/panda_rightfinger"",""actor1"":""/World/FormalObstacle"",""collider0"":""/World/Franka/panda_rightfinger/geometry/panda_rightfinger"",""collider1"":""/World/FormalObstacle"",""contact_count"":3,""minimum_separation_m"":-0.0008340813219547272}"
multiscene_candidate_005__inflation_010mm__direction_021__052mm,multiscene_candidate_005__inflation_010mm,multiscene_candidate_005,10,direction_021,52.0,False,True,False,0.0006781406700611115,-0.0004654380027204752,27,27,"{""actor0"":""/World/Franka/panda_rightfinger"",""actor1"":""/World/FormalObstacle"",""collider0"":""/World/Franka/panda_rightfinger/geometry/panda_rightfinger"",""collider1"":""/World/FormalObstacle"",""contact_count"":1,""minimum_separation_m"":-0.0004654380027204752}"
multiscene_candidate_005__inflation_010mm__direction_021__054mm,multiscene_candidate_005__inflation_010mm,multiscene_candidate_005,10,direction_021,54.0,False,True,False,0.00027449801564216614,-0.001135062426328659,26,27,"{""actor0"":""/World/Franka/panda_rightfinger"",""actor1"":""/World/FormalObstacle"",""collider0"":""/World/Franka/panda_rightfinger/geometry/panda_rightfinger"",""collider1"":""/World/FormalObstacle"",""contact_count"":4,""minimum_separation_m"":-0.001135062426328659}"
multiscene_candidate_005__inflation_010mm__direction_022__026mm,multiscene_candidate_005__inflation_010mm,multiscene_candidate_005,10,direction_022,26.0,False,True,False,0.0015511326491832733,-7.361546158790588e-05,31,32,"{""actor0"":""/World/Franka/panda_rightfinger"",""actor1"":""/World/FormalObstacle"",""collider0"":""/World/Franka/panda_rightfinger/geometry/panda_rightfinger"",""collider1"":""/World/FormalObstacle"",""contact_count"":3,""minimum_separation_m"":-7.361546158790588e-05}"
multiscene_candidate_005__inflation_010mm__direction_022__028mm,multiscene_candidate_005__inflation_010mm,multiscene_candidate_005,10,direction_022,28.0,False,True,False,0.00023799017071723938,-0.0017873011529445648,31,32,"{""actor0"":""/World/Franka/panda_rightfinger"",""actor1"":""/World/FormalObstacle"",""collider0"":""/World/Franka/panda_rightfinger/geometry/panda_rightfinger"",""collider1"":""/World/FormalObstacle"",""contact_count"":3,""minimum_separation_m"":-0.0017873011529445648}"
multiscene_candidate_005__inflation_010mm__direction_023__046mm,multiscene_candidate_005__inflation_010mm,multiscene_candidate_005,10,direction_023,46.0,False,True,False,0.00024036038666963577,-0.001274988055229187,29,29,"{""actor0"":""/World/Franka/panda_rightfinger"",""actor1"":""/World/FormalObstacle"",""collider0"":""/World/Franka/panda_rightfinger/geometry/panda_rightfinger"",""collider1"":""/World/FormalObstacle"",""contact_count"":4,""minimum_separation_m"":-0.001274988055229187}"
multiscene_candidate_005__inflation_010mm__direction_023__048mm,multiscene_candidate_005__inflation_010mm,multiscene_candidate_005,10,direction_023,48.0,False,True,False,0.000201384536921978,-0.0015912801027297974,28,29,"{""actor0"":""/World/Franka/panda_rightfinger"",""actor1"":""/World/FormalObstacle"",""collider0"":""/World/Franka/panda_rightfinger/geometry/panda_rightfinger"",""collider1"":""/World/FormalObstacle"",""contact_count"":3,""minimum_separation_m"":-0.0015912801027297974}"
multiscene_candidate_005__inflation_010mm__direction_024__048mm,multiscene_candidate_005__inflation_010mm,multiscene_candidate_005,10,direction_024,48.0,False,True,False,0.00011193379759788513,-0.0005357936024665833,28,28,"{""actor0"":""/World/Franka/panda_rightfinger"",""actor1"":""/World/FormalObstacle"",""collider0"":""/World/Franka/panda_rightfinger/geometry/panda_rightfinger"",""collider1"":""/World/FormalObstacle"",""contact_count"":4,""minimum_separation_m"":-0.0005357936024665833}"
multiscene_candidate_005__inflation_010mm__direction_025__026mm,multiscene_candidate_005__inflation_010mm,multiscene_candidate_005,10,direction_025,26.0,False,True,False,0.000626368448138237,-0.0003770184121094644,32,32,"{""actor0"":""/World/Franka/panda_rightfinger"",""actor1"":""/World/FormalObstacle"",""collider0"":""/World/Franka/panda_rightfinger/geometry/panda_rightfinger"",""collider1"":""/World/FormalObstacle"",""contact_count"":1,""minimum_separation_m"":-0.0003770184121094644}"
multiscene_candidate_005__inflation_010mm__direction_027__034mm,multiscene_candidate_005__inflation_010mm,multiscene_candidate_005,10,direction_027,34.0,False,True,False,0.000718776136636734,-0.00021384062711149454,31,31,"{""actor0"":""/World/Franka/panda_rightfinger"",""actor1"":""/World/FormalObstacle"",""collider0"":""/World/Franka/panda_rightfinger/geometry/panda_rightfinger"",""collider1"":""/World/FormalObstacle"",""contact_count"":1,""minimum_separation_m"":-0.00021384062711149454}"
multiscene_candidate_005__inflation_010mm__direction_028__060mm,multiscene_candidate_005__inflation_010mm,multiscene_candidate_005,10,direction_028,60.0,False,True,False,0.002337593585252762,-0.00046620890498161316,38,38,"{""actor0"":""/World/Franka/panda_leftfinger"",""actor1"":""/World/FormalObstacle"",""collider0"":""/World/Franka/panda_leftfinger/geometry/panda_leftfinger"",""collider1"":""/World/FormalObstacle"",""contact_count"":4,""minimum_separation_m"":-0.00046620890498161316}"
multiscene_candidate_005__inflation_010mm__direction_030__028mm,multiscene_candidate_005__inflation_010mm,multiscene_candidate_005,10,direction_030,28.0,False,True,False,0.00011183321475982666,-0.0012961998581886292,32,33,"{""actor0"":""/World/Franka/panda_rightfinger"",""actor1"":""/World/FormalObstacle"",""collider0"":""/World/Franka/panda_rightfinger/geometry/panda_rightfinger"",""collider1"":""/World/FormalObstacle"",""contact_count"":3,""minimum_separation_m"":-0.0012961998581886292}"
multiscene_candidate_005__inflation_010mm__direction_032__052mm,multiscene_candidate_005__inflation_010mm,multiscene_candidate_005,10,direction_032,52.0,False,True,False,0.0007674805819988251,-3.7692487239837646e-05,29,29,"{""actor0"":""/World/Franka/panda_rightfinger"",""actor1"":""/World/FormalObstacle"",""collider0"":""/World/Franka/panda_rightfinger/geometry/panda_rightfinger"",""collider1"":""/World/FormalObstacle"",""contact_count"":4,""minimum_separation_m"":-3.7692487239837646e-05}"
multiscene_candidate_005__inflation_010mm__direction_033__030mm,multiscene_candidate_005__inflation_010mm,multiscene_candidate_005,10,direction_033,30.0,False,True,False,0.001259644515812397,-5.3375959396362305e-05,32,33,"{""actor0"":""/World/Franka/panda_rightfinger"",""actor1"":""/World/FormalObstacle"",""collider0"":""/World/Franka/panda_rightfinger/geometry/panda_rightfinger"",""collider1"":""/World/FormalObstacle"",""contact_count"":3,""minimum_separation_m"":-5.3375959396362305e-05}"
multiscene_candidate_005__inflation_010mm__direction_035__034mm,multiscene_candidate_005__inflation_010mm,multiscene_candidate_005,10,direction_035,34.0,False,True,False,0.0005933614447712898,-0.0007520749932155013,32,33,"{""actor0"":""/World/Franka/panda_rightfinger"",""actor1"":""/World/FormalObstacle"",""collider0"":""/World/Franka/panda_rightfinger/geometry/panda_rightfinger"",""collider1"":""/World/FormalObstacle"",""contact_count"":1,""minimum_separation_m"":-0.0007520749932155013}"
multiscene_candidate_005__inflation_010mm__direction_038__030mm,multiscene_candidate_005__inflation_010mm,multiscene_candidate_005,10,direction_038,30.0,False,True,False,0.0005323616787791252,-0.0012327022850513458,33,34,"{""actor0"":""/World/Franka/panda_rightfinger"",""actor1"":""/World/FormalObstacle"",""collider0"":""/World/Franka/panda_rightfinger/geometry/panda_rightfinger"",""collider1"":""/World/FormalObstacle"",""contact_count"":3,""minimum_separation_m"":-0.0012327022850513458}"
multiscene_candidate_005__inflation_010mm__direction_040__056mm,multiscene_candidate_005__inflation_010mm,multiscene_candidate_005,10,direction_040,56.0,False,True,False,0.0006275195628404617,-0.0007175654172897339,31,31,"{""actor0"":""/World/Franka/panda_rightfinger"",""actor1"":""/World/FormalObstacle"",""collider0"":""/World/Franka/panda_rightfinger/geometry/panda_rightfinger"",""collider1"":""/World/FormalObstacle"",""contact_count"":3,""minimum_separation_m"":-0.0007175654172897339}"
multiscene_candidate_005__inflation_010mm__direction_043__034mm,multiscene_candidate_005__inflation_010mm,multiscene_candidate_005,10,direction_043,34.0,False,True,False,0.0007675765082240105,-0.0008966289460659027,33,34,"{""actor0"":""/World/Franka/panda_rightfinger"",""actor1"":""/World/FormalObstacle"",""collider0"":""/World/Franka/panda_rightfinger/geometry/panda_rightfinger"",""collider1"":""/World/FormalObstacle"",""contact_count"":3,""minimum_separation_m"":-0.0008966289460659027}"
multiscene_candidate_005__inflation_010mm__direction_046__036mm,multiscene_candidate_005__inflation_010mm,multiscene_candidate_005,10,direction_046,36.0,False,True,False,0.0007961839437484741,-0.001013379544019699,33,34,"{""actor0"":""/World/Franka/panda_rightfinger"",""actor1"":""/World/FormalObstacle"",""collider0"":""/World/Franka/panda_rightfinger/geometry/panda_rightfinger"",""collider1"":""/World/FormalObstacle"",""contact_count"":3,""minimum_separation_m"":-0.001013379544019699}"
multiscene_candidate_005__inflation_010mm__direction_048__052mm,multiscene_candidate_005__inflation_010mm,multiscene_candidate_005,10,direction_048,52.0,False,True,False,0.001273537054657936,-0.000382397323846817,33,33,"{""actor0"":""/World/Franka/panda_rightfinger"",""actor1"":""/World/FormalObstacle"",""collider0"":""/World/Franka/panda_rightfinger/geometry/panda_rightfinger"",""collider1"":""/World/FormalObstacle"",""contact_count"":3,""minimum_separation_m"":-0.000382397323846817}"
multiscene_candidate_005__inflation_010mm__direction_048__054mm,multiscene_candidate_005__inflation_010mm,multiscene_candidate_005,10,direction_048,54.0,False,True,False,0.00024312548339366913,-0.0012342147529125214,33,33,"{""actor0"":""/World/Franka/panda_rightfinger"",""actor1"":""/World/FormalObstacle"",""collider0"":""/World/Franka/panda_rightfinger/geometry/panda_rightfinger"",""collider1"":""/World/FormalObstacle"",""contact_count"":3,""minimum_separation_m"":-0.0012342147529125214}"
multiscene_candidate_005__inflation_010mm__direction_051__036mm,multiscene_candidate_005__inflation_010mm,multiscene_candidate_005,10,direction_051,36.0,False,True,False,0.0009115822613239288,-0.0008827857673168182,34,36,"{""actor0"":""/World/Franka/panda_rightfinger"",""actor1"":""/World/FormalObstacle"",""collider0"":""/World/Franka/panda_rightfinger/geometry/panda_rightfinger"",""collider1"":""/World/FormalObstacle"",""contact_count"":3,""minimum_separation_m"":-0.0008827857673168182}"
multiscene_candidate_005__inflation_010mm__direction_056__046mm,multiscene_candidate_005__inflation_010mm,multiscene_candidate_005,10,direction_056,46.0,False,True,False,0.0023083658888936043,-0.00011426210403442383,34,36,"{""actor0"":""/World/Franka/panda_rightfinger"",""actor1"":""/World/FormalObstacle"",""collider0"":""/World/Franka/panda_rightfinger/geometry/panda_rightfinger"",""collider1"":""/World/FormalObstacle"",""contact_count"":4,""minimum_separation_m"":-0.00011426210403442383}"
multiscene_candidate_005__inflation_010mm__direction_056__048mm,multiscene_candidate_005__inflation_010mm,multiscene_candidate_005,10,direction_056,48.0,False,True,False,0.0013953428715467453,-0.00125928595662117,35,37,"{""actor0"":""/World/Franka/panda_rightfinger"",""actor1"":""/World/FormalObstacle"",""collider0"":""/World/Franka/panda_rightfinger/geometry/panda_rightfinger"",""collider1"":""/World/FormalObstacle"",""contact_count"":4,""minimum_separation_m"":-0.00125928595662117}"
multiscene_candidate_005__inflation_010mm__direction_056__050mm,multiscene_candidate_005__inflation_010mm,multiscene_candidate_005,10,direction_056,50.0,False,True,False,0.00018524564802646637,-0.0021547041833400726,35,38,"{""actor0"":""/World/Franka/panda_rightfinger"",""actor1"":""/World/FormalObstacle"",""collider0"":""/World/Franka/panda_rightfinger/geometry/panda_rightfinger"",""collider1"":""/World/FormalObstacle"",""contact_count"":4,""minimum_separation_m"":-0.0021547041833400726}"
multiscene_candidate_005__inflation_010mm__direction_059__042mm,multiscene_candidate_005__inflation_010mm,multiscene_candidate_005,10,direction_059,42.0,False,True,False,0.001112552359700203,-0.0005262605845928192,36,38,"{""actor0"":""/World/Franka/panda_rightfinger"",""actor1"":""/World/FormalObstacle"",""collider0"":""/World/Franka/panda_rightfinger/geometry/panda_rightfinger"",""collider1"":""/World/FormalObstacle"",""contact_count"":4,""minimum_separation_m"":-0.0005262605845928192}"
multiscene_candidate_005__inflation_010mm__direction_064__052mm,multiscene_candidate_005__inflation_010mm,multiscene_candidate_005,10,direction_064,52.0,False,True,False,0.0007029203698039055,-0.0002977102994918823,38,38,"{""actor0"":""/World/Franka/panda_rightfinger"",""actor1"":""/World/FormalObstacle"",""collider0"":""/World/Franka/panda_rightfinger/geometry/panda_rightfinger"",""collider1"":""/World/FormalObstacle"",""contact_count"":3,""minimum_separation_m"":-0.0002977102994918823}"
multiscene_candidate_005__inflation_010mm__direction_064__054mm,multiscene_candidate_005__inflation_010mm,multiscene_candidate_005,10,direction_064,54.0,False,True,False,0.0006775744259357452,-0.00028210505843162537,38,38,"{""actor0"":""/World/Franka/panda_rightfinger"",""actor1"":""/World/FormalObstacle"",""collider0"":""/World/Franka/panda_rightfinger/geometry/panda_rightfinger"",""collider1"":""/World/FormalObstacle"",""contact_count"":3,""minimum_separation_m"":-0.00028210505843162537}"
multiscene_candidate_005__inflation_010mm__direction_064__056mm,multiscene_candidate_005__inflation_010mm,multiscene_candidate_005,10,direction_064,56.0,False,True,False,0.0006931908428668976,-0.0002664811909198761,38,38,"{""actor0"":""/World/Franka/panda_rightfinger"",""actor1"":""/World/FormalObstacle"",""collider0"":""/World/Franka/panda_rightfinger/geometry/panda_rightfinger"",""collider1"":""/World/FormalObstacle"",""contact_count"":3,""minimum_separation_m"":-0.0002664811909198761}"
multiscene_candidate_005__inflation_010mm__direction_064__058mm,multiscene_candidate_005__inflation_010mm,multiscene_candidate_005,10,direction_064,58.0,False,True,False,0.0007088072597980499,-0.00025086477398872375,38,38,"{""actor0"":""/World/Franka/panda_rightfinger"",""actor1"":""/World/FormalObstacle"",""collider0"":""/World/Franka/panda_rightfinger/geometry/panda_rightfinger"",""collider1"":""/World/FormalObstacle"",""contact_count"":3,""minimum_separation_m"":-0.00025086477398872375}"
multiscene_candidate_005__inflation_010mm__direction_064__060mm,multiscene_candidate_005__inflation_010mm,multiscene_candidate_005,10,direction_064,60.0,False,True,False,0.00072445347905159,-0.00023522600531578064,38,38,"{""actor0"":""/World/Franka/panda_rightfinger"",""actor1"":""/World/FormalObstacle"",""collider0"":""/World/Franka/panda_rightfinger/geometry/panda_rightfinger"",""collider1"":""/World/FormalObstacle"",""contact_count"":3,""minimum_separation_m"":-0.00023522600531578064}"
multiscene_candidate_005__inflation_015mm__direction_000__034mm,multiscene_candidate_005__inflation_015mm,multiscene_candidate_005,15,direction_000,34.0,False,True,False,0.00014305021613836288,-0.0009820684790611267,29,38,"{""actor0"":""/World/Franka/panda_leftfinger"",""actor1"":""/World/FormalObstacle"",""collider0"":""/World/Franka/panda_leftfinger/geometry/panda_leftfinger"",""collider1"":""/World/FormalObstacle"",""contact_count"":3,""minimum_separation_m"":-0.0009820684790611267}"
multiscene_candidate_005__inflation_015mm__direction_002__034mm,multiscene_candidate_005__inflation_015mm,multiscene_candidate_005,15,direction_002,34.0,False,True,False,0.0005792919546365738,-0.0006167329847812653,29,30,"{""actor0"":""/World/Franka/panda_rightfinger"",""actor1"":""/World/FormalObstacle"",""collider0"":""/World/Franka/panda_rightfinger/geometry/panda_rightfinger"",""collider1"":""/World/FormalObstacle"",""contact_count"":3,""minimum_separation_m"":-0.0006167329847812653}"
multiscene_candidate_005__inflation_015mm__direction_003__036mm,multiscene_candidate_005__inflation_015mm,multiscene_candidate_005,15,direction_003,36.0,False,True,False,0.0011602900922298431,-0.0012789331376552582,29,38,"{""actor0"":""/World/Franka/panda_leftfinger"",""actor1"":""/World/FormalObstacle"",""collider0"":""/World/Franka/panda_leftfinger/geometry/panda_leftfinger"",""collider1"":""/World/FormalObstacle"",""contact_count"":3,""minimum_separation_m"":-0.0012789331376552582}"
multiscene_candidate_005__inflation_015mm__direction_004__030mm,multiscene_candidate_005__inflation_015mm,multiscene_candidate_005,15,direction_004,30.0,False,True,False,0.0008986489847302437,-0.0012608282268047333,30,31,"{""actor0"":""/World/Franka/panda_rightfinger"",""actor1"":""/World/FormalObstacle"",""collider0"":""/World/Franka/panda_rightfinger/geometry/panda_rightfinger"",""collider1"":""/World/FormalObstacle"",""contact_count"":3,""minimum_separation_m"":-0.0012608282268047333}"
multiscene_candidate_005__inflation_015mm__direction_005__036mm,multiscene_candidate_005__inflation_015mm,multiscene_candidate_005,15,direction_005,36.0,False,True,False,0.002712596207857132,-0.0001539289951324463,38,38,"{""actor0"":""/World/Franka/panda_leftfinger"",""actor1"":""/World/FormalObstacle"",""collider0"":""/World/Franka/panda_leftfinger/geometry/panda_leftfinger"",""collider1"":""/World/FormalObstacle"",""contact_count"":3,""minimum_separation_m"":-0.0001539289951324463}"
multiscene_candidate_005__inflation_015mm__direction_005__038mm,multiscene_candidate_005__inflation_015mm,multiscene_candidate_005,15,direction_005,38.0,False,True,False,0.0008844621479511261,-0.0019820593297481537,38,38,"{""actor0"":""/World/Franka/panda_leftfinger"",""actor1"":""/World/FormalObstacle"",""collider0"":""/World/Franka/panda_leftfinger/geometry/panda_leftfinger"",""collider1"":""/World/FormalObstacle"",""contact_count"":3,""minimum_separation_m"":-0.0019820593297481537}"
multiscene_candidate_005__inflation_015mm__direction_006__034mm,multiscene_candidate_005__inflation_015mm,multiscene_candidate_005,15,direction_006,34.0,False,True,False,0.0006001954898238182,-0.0005096308887004852,30,30,"{""actor0"":""/World/Franka/panda_rightfinger"",""actor1"":""/World/FormalObstacle"",""collider0"":""/World/Franka/panda_rightfinger/geometry/panda_rightfinger"",""collider1"":""/World/FormalObstacle"",""contact_count"":3,""minimum_separation_m"":-0.0005096308887004852}"
multiscene_candidate_005__inflation_015mm__direction_008__038mm,multiscene_candidate_005__inflation_015mm,multiscene_candidate_005,15,direction_008,38.0,False,True,False,0.0026657171547412872,-0.00020081177353858948,38,38,"{""actor0"":""/World/Franka/panda_leftfinger"",""actor1"":""/World/FormalObstacle"",""collider0"":""/World/Franka/panda_leftfinger/geometry/panda_leftfinger"",""collider1"":""/World/FormalObstacle"",""contact_count"":3,""minimum_separation_m"":-0.00020081177353858948}"
multiscene_candidate_005__inflation_015mm__direction_008__040mm,multiscene_candidate_005__inflation_015mm,multiscene_candidate_005,15,direction_008,40.0,False,True,False,0.0009313412010669708,-0.001935180276632309,38,38,"{""actor0"":""/World/Franka/panda_leftfinger"",""actor1"":""/World/FormalObstacle"",""collider0"":""/World/Franka/panda_leftfinger/geometry/panda_leftfinger"",""collider1"":""/World/FormalObstacle"",""contact_count"":3,""minimum_separation_m"":-0.001935180276632309}"
multiscene_candidate_005__inflation_015mm__direction_009__030mm,multiscene_candidate_005__inflation_015mm,multiscene_candidate_005,15,direction_009,30.0,False,True,False,0.00043365079909563065,-0.0005465123686008155,31,31,"{""actor0"":""/World/Franka/panda_rightfinger"",""actor1"":""/World/FormalObstacle"",""collider0"":""/World/Franka/panda_rightfinger/geometry/panda_rightfinger"",""collider1"":""/World/FormalObstacle"",""contact_count"":1,""minimum_separation_m"":-0.0005465123686008155}"
multiscene_candidate_005__inflation_015mm__direction_010__040mm,multiscene_candidate_005__inflation_015mm,multiscene_candidate_005,15,direction_010,40.0,False,True,False,0.0021813400089740753,-0.0006851814687252045,38,38,"{""actor0"":""/World/Franka/panda_leftfinger"",""actor1"":""/World/FormalObstacle"",""collider0"":""/World/Franka/panda_leftfinger/geometry/panda_leftfinger"",""collider1"":""/World/FormalObstacle"",""contact_count"":3,""minimum_separation_m"":-0.0006851814687252045}"
multiscene_candidate_005__inflation_015mm__direction_010__042mm,multiscene_candidate_005__inflation_015mm,multiscene_candidate_005,15,direction_010,42.0,False,True,False,0.000509459525346756,-0.0023570582270622253,38,38,"{""actor0"":""/World/Franka/panda_leftfinger"",""actor1"":""/World/FormalObstacle"",""collider0"":""/World/Franka/panda_leftfinger/geometry/panda_leftfinger"",""collider1"":""/World/FormalObstacle"",""contact_count"":3,""minimum_separation_m"":-0.0023570582270622253}"
multiscene_candidate_005__inflation_015mm__direction_011__040mm,multiscene_candidate_005__inflation_015mm,multiscene_candidate_005,15,direction_011,40.0,False,True,False,0.0020546307787299156,-6.019696593284607e-05,29,38,"{""actor0"":""/World/Franka/panda_leftfinger"",""actor1"":""/World/FormalObstacle"",""collider0"":""/World/Franka/panda_leftfinger/geometry/panda_leftfinger"",""collider1"":""/World/FormalObstacle"",""contact_count"":3,""minimum_separation_m"":-6.019696593284607e-05}"
multiscene_candidate_005__inflation_015mm__direction_011__042mm,multiscene_candidate_005__inflation_015mm,multiscene_candidate_005,15,direction_011,42.0,False,True,False,0.0008330559358000755,-0.00170082226395607,29,38,"{""actor0"":""/World/Franka/panda_leftfinger"",""actor1"":""/World/FormalObstacle"",""collider0"":""/World/Franka/panda_leftfinger/geometry/panda_leftfinger"",""collider1"":""/World/FormalObstacle"",""contact_count"":3,""minimum_separation_m"":-0.00170082226395607}"
multiscene_candidate_005__inflation_015mm__direction_012__030mm,multiscene_candidate_005__inflation_015mm,multiscene_candidate_005,15,direction_012,30.0,False,True,False,0.0011919224634766579,-0.0002062879502773285,31,32,"{""actor0"":""/World/Franka/panda_rightfinger"",""actor1"":""/World/FormalObstacle"",""collider0"":""/World/Franka/panda_rightfinger/geometry/panda_rightfinger"",""collider1"":""/World/FormalObstacle"",""contact_count"":3,""minimum_separation_m"":-0.0002062879502773285}"
multiscene_candidate_005__inflation_015mm__direction_013__042mm,multiscene_candidate_005__inflation_015mm,multiscene_candidate_005,15,direction_013,42.0,False,True,False,0.0024782009422779083,-0.00038832053542137146,38,38,"{""actor0"":""/World/Franka/panda_leftfinger"",""actor1"":""/World/FormalObstacle"",""collider0"":""/World/Franka/panda_leftfinger/geometry/panda_leftfinger"",""collider1"":""/World/FormalObstacle"",""contact_count"":3,""minimum_separation_m"":-0.00038832053542137146}"
multiscene_candidate_005__inflation_015mm__direction_013__044mm,multiscene_candidate_005__inflation_015mm,multiscene_candidate_005,15,direction_013,44.0,False,True,False,0.0009000785648822784,-0.0019664429128170013,38,38,"{""actor0"":""/World/Franka/panda_leftfinger"",""actor1"":""/World/FormalObstacle"",""collider0"":""/World/Franka/panda_leftfinger/geometry/panda_leftfinger"",""collider1"":""/World/FormalObstacle"",""contact_count"":3,""minimum_separation_m"":-0.0019664429128170013}"
multiscene_candidate_005__inflation_015mm__direction_014__034mm,multiscene_candidate_005__inflation_015mm,multiscene_candidate_005,15,direction_014,34.0,False,True,False,0.0012285346165299416,-0.0003888644278049469,31,31,"{""actor0"":""/World/Franka/panda_rightfinger"",""actor1"":""/World/FormalObstacle"",""collider0"":""/World/Franka/panda_rightfinger/geometry/panda_rightfinger"",""collider1"":""/World/FormalObstacle"",""contact_count"":3,""minimum_separation_m"":-0.0003888644278049469}"
multiscene_candidate_005__inflation_015mm__direction_015__042mm,multiscene_candidate_005__inflation_015mm,multiscene_candidate_005,15,direction_015,42.0,False,True,False,0.001554061658680439,-0.0015428109327331185,30,30,"{""actor0"":""/World/Franka/panda_rightfinger"",""actor1"":""/World/FormalObstacle"",""collider0"":""/World/Franka/panda_rightfinger/geometry/panda_rightfinger"",""collider1"":""/World/FormalObstacle"",""contact_count"":1,""minimum_separation_m"":-0.0015428109327331185}"
multiscene_candidate_005__inflation_015mm__direction_015__044mm,multiscene_candidate_005__inflation_015mm,multiscene_candidate_005,15,direction_015,44.0,False,True,False,0.0006854981184005737,-0.001050509512424469,29,30,"{""actor0"":""/World/Franka/panda_rightfinger"",""actor1"":""/World/FormalObstacle"",""collider0"":""/World/Franka/panda_rightfinger/geometry/panda_rightfinger"",""collider1"":""/World/FormalObstacle"",""contact_count"":3,""minimum_separation_m"":-0.001050509512424469}"
multiscene_candidate_005__inflation_015mm__direction_016__046mm,multiscene_candidate_005__inflation_015mm,multiscene_candidate_005,15,direction_016,46.0,False,True,False,0.0014782138168811798,-0.0013883076608181,38,38,"{""actor0"":""/World/Franka/panda_leftfinger"",""actor1"":""/World/FormalObstacle"",""collider0"":""/World/Franka/panda_leftfinger/geometry/panda_leftfinger"",""collider1"":""/World/FormalObstacle"",""contact_count"":3,""minimum_separation_m"":-0.0013883076608181}"
multiscene_candidate_005__inflation_015mm__direction_017__030mm,multiscene_candidate_005__inflation_015mm,multiscene_candidate_005,15,direction_017,30.0,False,True,False,0.0011642994359135628,-0.000735938549041748,32,32,"{""actor0"":""/World/Franka/panda_rightfinger"",""actor1"":""/World/FormalObstacle"",""collider0"":""/World/Franka/panda_rightfinger/geometry/panda_rightfinger"",""collider1"":""/World/FormalObstacle"",""contact_count"":3,""minimum_separation_m"":-0.000735938549041748}"
multiscene_candidate_005__inflation_015mm__direction_018__048mm,multiscene_candidate_005__inflation_015mm,multiscene_candidate_005,15,direction_018,48.0,False,True,False,0.0014938302338123322,-0.0013726912438869476,38,38,"{""actor0"":""/World/Franka/panda_leftfinger"",""actor1"":""/World/FormalObstacle"",""collider0"":""/World/Franka/panda_leftfinger/geometry/panda_leftfinger"",""collider1"":""/World/FormalObstacle"",""contact_count"":3,""minimum_separation_m"":-0.0013726912438869476}"
multiscene_candidate_005__inflation_015mm__direction_018__050mm,multiscene_candidate_005__inflation_015mm,multiscene_candidate_005,15,direction_018,50.0,False,True,False,7.19614326953888e-05,-0.002794560045003891,38,38,"{""actor0"":""/World/Franka/panda_leftfinger"",""actor1"":""/World/FormalObstacle"",""collider0"":""/World/Franka/panda_leftfinger/geometry/panda_leftfinger"",""collider1"":""/World/FormalObstacle"",""contact_count"":3,""minimum_separation_m"":-0.002794560045003891}"
multiscene_candidate_005__inflation_015mm__direction_019__046mm,multiscene_candidate_005__inflation_015mm,multiscene_candidate_005,15,direction_019,46.0,False,True,False,0.0011862218379974365,-0.000912003219127655,30,30,"{""actor0"":""/World/Franka/panda_rightfinger"",""actor1"":""/World/FormalObstacle"",""collider0"":""/World/Franka/panda_rightfinger/geometry/panda_rightfinger"",""collider1"":""/World/FormalObstacle"",""contact_count"":3,""minimum_separation_m"":-0.000912003219127655}"
multiscene_candidate_005__inflation_015mm__direction_021__054mm,multiscene_candidate_005__inflation_015mm,multiscene_candidate_005,15,direction_021,54.0,False,True,False,0.00039585400372743607,-0.0003885701298713684,38,38,"{""actor0"":""/World/Franka/panda_leftfinger"",""actor1"":""/World/FormalObstacle"",""collider0"":""/World/Franka/panda_leftfinger/geometry/panda_leftfinger"",""collider1"":""/World/FormalObstacle"",""contact_count"":4,""minimum_separation_m"":-0.0003885701298713684}"
multiscene_candidate_005__inflation_015mm__direction_022__034mm,multiscene_candidate_005__inflation_015mm,multiscene_candidate_005,15,direction_022,34.0,False,True,False,0.0005144765600562096,-0.0012313984334468842,32,32,"{""actor0"":""/World/Franka/panda_rightfinger"",""actor1"":""/World/FormalObstacle"",""collider0"":""/World/Franka/panda_rightfinger/geometry/panda_rightfinger"",""collider1"":""/World/FormalObstacle"",""contact_count"":3,""minimum_separation_m"":-0.0012313984334468842}"
multiscene_candidate_005__inflation_015mm__direction_023__052mm,multiscene_candidate_005__inflation_015mm,multiscene_candidate_005,15,direction_023,52.0,False,True,False,0.002712596207857132,-0.0001539289951324463,38,38,"{""actor0"":""/World/Franka/panda_leftfinger"",""actor1"":""/World/FormalObstacle"",""collider0"":""/World/Franka/panda_leftfinger/geometry/panda_leftfinger"",""collider1"":""/World/FormalObstacle"",""contact_count"":3,""minimum_separation_m"":-0.0001539289951324463}"
multiscene_candidate_005__inflation_015mm__direction_023__054mm,multiscene_candidate_005__inflation_015mm,multiscene_candidate_005,15,direction_023,54.0,False,True,False,0.0014469511806964874,-0.0014195702970027924,38,38,"{""actor0"":""/World/Franka/panda_leftfinger"",""actor1"":""/World/FormalObstacle"",""collider0"":""/World/Franka/panda_leftfinger/geometry/panda_leftfinger"",""collider1"":""/World/FormalObstacle"",""contact_count"":3,""minimum_separation_m"":-0.0014195702970027924}"
multiscene_candidate_005__inflation_015mm__direction_023__056mm,multiscene_candidate_005__inflation_015mm,multiscene_candidate_005,15,direction_023,56.0,False,True,False,0.0001813359558582306,-0.0026851780712604523,38,38,"{""actor0"":""/World/Franka/panda_leftfinger"",""actor1"":""/World/FormalObstacle"",""collider0"":""/World/Franka/panda_leftfinger/geometry/panda_leftfinger"",""collider1"":""/World/FormalObstacle"",""contact_count"":3,""minimum_separation_m"":-0.0026851780712604523}"
multiscene_candidate_005__inflation_015mm__direction_024__054mm,multiscene_candidate_005__inflation_015mm,multiscene_candidate_005,15,direction_024,54.0,False,True,False,0.002290714532136917,-0.0005758069455623627,38,38,"{""actor0"":""/World/Franka/panda_leftfinger"",""actor1"":""/World/FormalObstacle"",""collider0"":""/World/Franka/panda_leftfinger/geometry/panda_leftfinger"",""collider1"":""/World/FormalObstacle"",""contact_count"":3,""minimum_separation_m"":-0.0005758069455623627}"
multiscene_candidate_005__inflation_015mm__direction_024__056mm,multiscene_candidate_005__inflation_015mm,multiscene_candidate_005,15,direction_024,56.0,False,True,False,0.001056332141160965,-0.0018101930618286133,38,38,"{""actor0"":""/World/Franka/panda_leftfinger"",""actor1"":""/World/FormalObstacle"",""collider0"":""/World/Franka/panda_leftfinger/geometry/panda_leftfinger"",""collider1"":""/World/FormalObstacle"",""contact_count"":3,""minimum_separation_m"":-0.0018101930618286133}"
multiscene_candidate_005__inflation_015mm__direction_025__032mm,multiscene_candidate_005__inflation_015mm,multiscene_candidate_005,15,direction_025,32.0,False,True,False,0.0008946694433689117,-0.0018067322671413422,32,33,"{""actor0"":""/World/Franka/panda_rightfinger"",""actor1"":""/World/FormalObstacle"",""collider0"":""/World/Franka/panda_rightfinger/geometry/panda_rightfinger"",""collider1"":""/World/FormalObstacle"",""contact_count"":3,""minimum_separation_m"":-0.0018067322671413422}"
multiscene_candidate_005__inflation_015mm__direction_028__060mm,multiscene_candidate_005__inflation_015mm,multiscene_candidate_005,15,direction_028,60.0,False,True,False,0.002337593585252762,-0.00046620890498161316,38,38,"{""actor0"":""/World/Franka/panda_leftfinger"",""actor1"":""/World/FormalObstacle"",""collider0"":""/World/Franka/panda_leftfinger/geometry/panda_leftfinger"",""collider1"":""/World/FormalObstacle"",""contact_count"":4,""minimum_separation_m"":-0.00046620890498161316}"
multiscene_candidate_005__inflation_015mm__direction_030__032mm,multiscene_candidate_005__inflation_015mm,multiscene_candidate_005,15,direction_030,32.0,False,True,False,0.002096894197165966,-0.00031201913952827454,33,33,"{""actor0"":""/World/Franka/panda_rightfinger"",""actor1"":""/World/FormalObstacle"",""collider0"":""/World/Franka/panda_rightfinger/geometry/panda_rightfinger"",""collider1"":""/World/FormalObstacle"",""contact_count"":3,""minimum_separation_m"":-0.00031201913952827454}"
multiscene_candidate_005__inflation_015mm__direction_030__034mm,multiscene_candidate_005__inflation_015mm,multiscene_candidate_005,15,direction_030,34.0,False,True,False,0.00015354063361883163,-0.0019552744925022125,33,33,"{""actor0"":""/World/Franka/panda_rightfinger"",""actor1"":""/World/FormalObstacle"",""collider0"":""/World/Franka/panda_rightfinger/geometry/panda_rightfinger"",""collider1"":""/World/FormalObstacle"",""contact_count"":3,""minimum_separation_m"":-0.0019552744925022125}"
multiscene_candidate_005__inflation_015mm__direction_033__038mm,multiscene_candidate_005__inflation_015mm,multiscene_candidate_005,15,direction_033,38.0,False,True,False,0.0017648609355092049,-0.0015710183652117848,32,33,"{""actor0"":""/World/Franka/panda_rightfinger"",""actor1"":""/World/FormalObstacle"",""collider0"":""/World/Franka/panda_rightfinger/geometry/panda_rightfinger"",""collider1"":""/World/FormalObstacle"",""contact_count"":1,""minimum_separation_m"":-0.0015710183652117848}"
multiscene_candidate_005__inflation_015mm__direction_033__040mm,multiscene_candidate_005__inflation_015mm,multiscene_candidate_005,15,direction_033,40.0,False,True,False,0.000972844660282135,-0.001954310340806842,32,33,"{""actor0"":""/World/Franka/panda_rightfinger"",""actor1"":""/World/FormalObstacle"",""collider0"":""/World/Franka/panda_rightfinger/geometry/panda_rightfinger"",""collider1"":""/World/FormalObstacle"",""contact_count"":4,""minimum_separation_m"":-0.001954310340806842}"
multiscene_candidate_005__inflation_015mm__direction_033__042mm,multiscene_candidate_005__inflation_015mm,multiscene_candidate_005,15,direction_033,42.0,False,True,False,0.00016527436673641205,-0.00292384997010231,33,33,"{""actor0"":""/World/Franka/panda_rightfinger"",""actor1"":""/World/FormalObstacle"",""collider0"":""/World/Franka/panda_rightfinger/geometry/panda_rightfinger"",""collider1"":""/World/FormalObstacle"",""contact_count"":4,""minimum_separation_m"":-0.00292384997010231}"
multiscene_candidate_005__inflation_015mm__direction_033__050mm,multiscene_candidate_005__inflation_015mm,multiscene_candidate_005,15,direction_033,50.0,False,True,False,0.0002527739852666855,-0.0020908787846565247,33,33,"{""actor0"":""/World/Franka/panda_rightfinger"",""actor1"":""/World/FormalObstacle"",""collider0"":""/World/Franka/panda_rightfinger/geometry/panda_rightfinger"",""collider1"":""/World/FormalObstacle"",""contact_count"":3,""minimum_separation_m"":-0.0020908787846565247}"
multiscene_candidate_005__inflation_015mm__direction_033__052mm,multiscene_candidate_005__inflation_015mm,multiscene_candidate_005,15,direction_033,52.0,False,True,False,0.0011289594694972038,-0.0010881117777898908,33,32,"{""actor0"":""/World/Franka/panda_rightfinger"",""actor1"":""/World/FormalObstacle"",""collider0"":""/World/Franka/panda_rightfinger/geometry/panda_rightfinger"",""collider1"":""/World/FormalObstacle"",""contact_count"":1,""minimum_separation_m"":-0.0010881117777898908}"
multiscene_candidate_005__inflation_015mm__direction_033__054mm,multiscene_candidate_005__inflation_015mm,multiscene_candidate_005,15,direction_033,54.0,False,True,False,0.001982525922358036,-0.0006658472120761871,32,32,"{""actor0"":""/World/Franka/panda_rightfinger"",""actor1"":""/World/FormalObstacle"",""collider0"":""/World/Franka/panda_rightfinger/geometry/panda_rightfinger"",""collider1"":""/World/FormalObstacle"",""contact_count"":4,""minimum_separation_m"":-0.0006658472120761871}"
multiscene_candidate_005__inflation_015mm__direction_035__040mm,multiscene_candidate_005__inflation_015mm,multiscene_candidate_005,15,direction_035,40.0,False,True,False,0.002208499237895012,-0.0004615709185600281,32,33,"{""actor0"":""/World/Franka/panda_rightfinger"",""actor1"":""/World/FormalObstacle"",""collider0"":""/World/Franka/panda_rightfinger/geometry/panda_rightfinger"",""collider1"":""/World/FormalObstacle"",""contact_count"":3,""minimum_separation_m"":-0.0004615709185600281}"
multiscene_candidate_005__inflation_015mm__direction_035__042mm,multiscene_candidate_005__inflation_015mm,multiscene_candidate_005,15,direction_035,42.0,False,True,False,0.0009245723485946655,-0.001783672720193863,32,33,"{""actor0"":""/World/Franka/panda_rightfinger"",""actor1"":""/World/FormalObstacle"",""collider0"":""/World/Franka/panda_rightfinger/geometry/panda_rightfinger"",""collider1"":""/World/FormalObstacle"",""contact_count"":3,""minimum_separation_m"":-0.001783672720193863}"
multiscene_candidate_005__inflation_015mm__direction_038__032mm,multiscene_candidate_005__inflation_015mm,multiscene_candidate_005,15,direction_038,32.0,False,True,False,0.0031427517533302307,-6.254762411117554e-05,33,34,"{""actor0"":""/World/Franka/panda_rightfinger"",""actor1"":""/World/FormalObstacle"",""collider0"":""/World/Franka/panda_rightfinger/geometry/panda_rightfinger"",""collider1"":""/World/FormalObstacle"",""contact_count"":3,""minimum_separation_m"":-6.254762411117554e-05}"
multiscene_candidate_005__inflation_015mm__direction_038__034mm,multiscene_candidate_005__inflation_015mm,multiscene_candidate_005,15,direction_038,34.0,False,True,False,0.001545548439025879,-0.0015526190400123596,33,34,"{""actor0"":""/World/Franka/panda_rightfinger"",""actor1"":""/World/FormalObstacle"",""collider0"":""/World/Franka/panda_rightfinger/geometry/panda_rightfinger"",""collider1"":""/World/FormalObstacle"",""contact_count"":3,""minimum_separation_m"":-0.0015526190400123596}"
multiscene_candidate_005__inflation_015mm__direction_043__038mm,multiscene_candidate_005__inflation_015mm,multiscene_candidate_005,15,direction_043,38.0,False,True,False,0.0017950693145394325,-0.0006801560521125793,34,34,"{""actor0"":""/World/Franka/panda_rightfinger"",""actor1"":""/World/FormalObstacle"",""collider0"":""/World/Franka/panda_rightfinger/geometry/panda_rightfinger"",""collider1"":""/World/FormalObstacle"",""contact_count"":3,""minimum_separation_m"":-0.0006801560521125793}"
multiscene_candidate_005__inflation_015mm__direction_043__040mm,multiscene_candidate_005__inflation_015mm,multiscene_candidate_005,15,direction_043,40.0,False,True,False,7.061287760734558e-05,-0.0019674599170684814,34,34,"{""actor0"":""/World/Franka/panda_rightfinger"",""actor1"":""/World/FormalObstacle"",""collider0"":""/World/Franka/panda_rightfinger/geometry/panda_rightfinger"",""collider1"":""/World/FormalObstacle"",""contact_count"":3,""minimum_separation_m"":-0.0019674599170684814}"
multiscene_candidate_005__inflation_015mm__direction_046__040mm,multiscene_candidate_005__inflation_015mm,multiscene_candidate_005,15,direction_046,40.0,False,True,False,0.000667814165353775,-0.0023570542689412832,34,35,"{""actor0"":""/World/Franka/panda_rightfinger"",""actor1"":""/World/FormalObstacle"",""collider0"":""/World/Franka/panda_rightfinger/geometry/panda_rightfinger"",""collider1"":""/World/FormalObstacle"",""contact_count"":3,""minimum_separation_m"":-0.0023570542689412832}"
multiscene_candidate_005__inflation_015mm__direction_048__058mm,multiscene_candidate_005__inflation_015mm,multiscene_candidate_005,15,direction_048,58.0,False,True,False,0.002523389644920826,-0.0006186403334140778,33,34,"{""actor0"":""/World/Franka/panda_rightfinger"",""actor1"":""/World/FormalObstacle"",""collider0"":""/World/Franka/panda_rightfinger/geometry/panda_rightfinger"",""collider1"":""/World/FormalObstacle"",""contact_count"":3,""minimum_separation_m"":-0.0006186403334140778}"
multiscene_candidate_005__inflation_015mm__direction_048__060mm,multiscene_candidate_005__inflation_015mm,multiscene_candidate_005,15,direction_048,60.0,False,True,False,0.001547602005302906,-0.001599777489900589,33,34,"{""actor0"":""/World/Franka/panda_rightfinger"",""actor1"":""/World/FormalObstacle"",""collider0"":""/World/Franka/panda_rightfinger/geometry/panda_rightfinger"",""collider1"":""/World/FormalObstacle"",""contact_count"":3,""minimum_separation_m"":-0.001599777489900589}"
multiscene_candidate_005__inflation_015mm__direction_051__036mm,multiscene_candidate_005__inflation_015mm,multiscene_candidate_005,15,direction_051,36.0,False,True,False,0.003171786665916443,-0.0006113983690738678,35,36,"{""actor0"":""/World/Franka/panda_rightfinger"",""actor1"":""/World/FormalObstacle"",""collider0"":""/World/Franka/panda_rightfinger/geometry/panda_rightfinger"",""collider1"":""/World/FormalObstacle"",""contact_count"":3,""minimum_separation_m"":-0.0006113983690738678}"
multiscene_candidate_005__inflation_015mm__direction_051__038mm,multiscene_candidate_005__inflation_015mm,multiscene_candidate_005,15,direction_051,38.0,False,True,False,0.001410466618835926,-0.002275090664625168,35,36,"{""actor0"":""/World/Franka/panda_rightfinger"",""actor1"":""/World/FormalObstacle"",""collider0"":""/World/Franka/panda_rightfinger/geometry/panda_rightfinger"",""collider1"":""/World/FormalObstacle"",""contact_count"":4,""minimum_separation_m"":-0.002275090664625168}"
multiscene_candidate_005__inflation_015mm__direction_056__048mm,multiscene_candidate_005__inflation_015mm,multiscene_candidate_005,15,direction_056,48.0,False,True,False,0.0028157373890280724,-0.0012027956545352936,35,37,"{""actor0"":""/World/Franka/panda_rightfinger"",""actor1"":""/World/FormalObstacle"",""collider0"":""/World/Franka/panda_rightfinger/geometry/panda_rightfinger"",""collider1"":""/World/FormalObstacle"",""contact_count"":4,""minimum_separation_m"":-0.0012027956545352936}"
multiscene_candidate_005__inflation_015mm__direction_056__050mm,multiscene_candidate_005__inflation_015mm,multiscene_candidate_005,15,direction_056,50.0,False,True,False,0.0015604142099618912,-0.0021547041833400726,36,38,"{""actor0"":""/World/Franka/panda_rightfinger"",""actor1"":""/World/FormalObstacle"",""collider0"":""/World/Franka/panda_rightfinger/geometry/panda_rightfinger"",""collider1"":""/World/FormalObstacle"",""contact_count"":4,""minimum_separation_m"":-0.0021547041833400726}"
multiscene_candidate_005__inflation_015mm__direction_056__052mm,multiscene_candidate_005__inflation_015mm,multiscene_candidate_005,15,direction_056,52.0,False,True,False,0.0001607406884431839,-0.0030088163912296295,36,38,"{""actor0"":""/World/Franka/panda_rightfinger"",""actor1"":""/World/FormalObstacle"",""collider0"":""/World/Franka/panda_rightfinger/geometry/panda_rightfinger"",""collider1"":""/World/FormalObstacle"",""contact_count"":4,""minimum_separation_m"":-0.0030088163912296295}"
multiscene_candidate_005__inflation_015mm__direction_059__042mm,multiscene_candidate_005__inflation_015mm,multiscene_candidate_005,15,direction_059,42.0,False,True,False,0.0013658003881573677,-0.0005262605845928192,38,38,"{""actor0"":""/World/Franka/panda_rightfinger"",""actor1"":""/World/FormalObstacle"",""collider0"":""/World/Franka/panda_rightfinger/geometry/panda_rightfinger"",""collider1"":""/World/FormalObstacle"",""contact_count"":4,""minimum_separation_m"":-0.0005262605845928192}"
multiscene_candidate_005__inflation_015mm__direction_064__052mm,multiscene_candidate_005__inflation_015mm,multiscene_candidate_005,15,direction_064,52.0,False,True,False,0.0007029203698039055,-0.0002977102994918823,38,38,"{""actor0"":""/World/Franka/panda_rightfinger"",""actor1"":""/World/FormalObstacle"",""collider0"":""/World/Franka/panda_rightfinger/geometry/panda_rightfinger"",""collider1"":""/World/FormalObstacle"",""contact_count"":3,""minimum_separation_m"":-0.0002977102994918823}"
multiscene_candidate_005__inflation_015mm__direction_064__054mm,multiscene_candidate_005__inflation_015mm,multiscene_candidate_005,15,direction_064,54.0,False,True,False,0.0006775744259357452,-0.00028210505843162537,38,38,"{""actor0"":""/World/Franka/panda_rightfinger"",""actor1"":""/World/FormalObstacle"",""collider0"":""/World/Franka/panda_rightfinger/geometry/panda_rightfinger"",""collider1"":""/World/FormalObstacle"",""contact_count"":3,""minimum_separation_m"":-0.00028210505843162537}"
multiscene_candidate_005__inflation_015mm__direction_064__056mm,multiscene_candidate_005__inflation_015mm,multiscene_candidate_005,15,direction_064,56.0,False,True,False,0.0006931908428668976,-0.0002664811909198761,38,38,"{""actor0"":""/World/Franka/panda_rightfinger"",""actor1"":""/World/FormalObstacle"",""collider0"":""/World/Franka/panda_rightfinger/geometry/panda_rightfinger"",""collider1"":""/World/FormalObstacle"",""contact_count"":3,""minimum_separation_m"":-0.0002664811909198761}"
multiscene_candidate_005__inflation_015mm__direction_064__058mm,multiscene_candidate_005__inflation_015mm,multiscene_candidate_005,15,direction_064,58.0,False,True,False,0.0007088072597980499,-0.00025086477398872375,38,38,"{""actor0"":""/World/Franka/panda_rightfinger"",""actor1"":""/World/FormalObstacle"",""collider0"":""/World/Franka/panda_rightfinger/geometry/panda_rightfinger"",""collider1"":""/World/FormalObstacle"",""contact_count"":3,""minimum_separation_m"":-0.00025086477398872375}"
multiscene_candidate_005__inflation_015mm__direction_064__060mm,multiscene_candidate_005__inflation_015mm,multiscene_candidate_005,15,direction_064,60.0,False,True,False,0.00072445347905159,-0.00023522600531578064,38,38,"{""actor0"":""/World/Franka/panda_rightfinger"",""actor1"":""/World/FormalObstacle"",""collider0"":""/World/Franka/panda_rightfinger/geometry/panda_rightfinger"",""collider1"":""/World/FormalObstacle"",""contact_count"":3,""minimum_separation_m"":-0.00023522600531578064}"
multiscene_candidate_005__inflation_020mm__direction_000__034mm,multiscene_candidate_005__inflation_020mm,multiscene_candidate_005,20,direction_000,34.0,False,True,False,0.0018844492733478546,-0.0009820684790611267,38,38,"{""actor0"":""/World/Franka/panda_leftfinger"",""actor1"":""/World/FormalObstacle"",""collider0"":""/World/Franka/panda_leftfinger/geometry/panda_leftfinger"",""collider1"":""/World/FormalObstacle"",""contact_count"":3,""minimum_separation_m"":-0.0009820684790611267}"
multiscene_candidate_005__inflation_020mm__direction_001__034mm,multiscene_candidate_005__inflation_020mm,multiscene_candidate_005,20,direction_001,34.0,False,True,False,0.0024157054722309113,-0.00045081228017807007,38,38,"{""actor0"":""/World/Franka/panda_leftfinger"",""actor1"":""/World/FormalObstacle"",""collider0"":""/World/Franka/panda_leftfinger/geometry/panda_leftfinger"",""collider1"":""/World/FormalObstacle"",""contact_count"":3,""minimum_separation_m"":-0.00045081228017807007}"
multiscene_candidate_005__inflation_020mm__direction_001__036mm,multiscene_candidate_005__inflation_020mm,multiscene_candidate_005,20,direction_001,36.0,False,True,False,0.00046258047223091125,-0.00240393728017807,38,38,"{""actor0"":""/World/Franka/panda_leftfinger"",""actor1"":""/World/FormalObstacle"",""collider0"":""/World/Franka/panda_leftfinger/geometry/panda_leftfinger"",""collider1"":""/World/FormalObstacle"",""contact_count"":3,""minimum_separation_m"":-0.00240393728017807}"
multiscene_candidate_005__inflation_020mm__direction_002__036mm,multiscene_candidate_005__inflation_020mm,multiscene_candidate_005,20,direction_002,36.0,False,True,False,0.0010250695049762726,-0.0018414482474327087,38,38,"{""actor0"":""/World/Franka/panda_leftfinger"",""actor1"":""/World/FormalObstacle"",""collider0"":""/World/Franka/panda_leftfinger/geometry/panda_leftfinger"",""collider1"":""/World/FormalObstacle"",""contact_count"":3,""minimum_separation_m"":-0.0018414482474327087}"
multiscene_candidate_005__inflation_020mm__direction_003__036mm,multiscene_candidate_005__inflation_020mm,multiscene_candidate_005,20,direction_003,36.0,False,True,False,0.0015875883400440216,-0.0012789331376552582,38,38,"{""actor0"":""/World/Franka/panda_leftfinger"",""actor1"":""/World/FormalObstacle"",""collider0"":""/World/Franka/panda_leftfinger/geometry/panda_leftfinger"",""collider1"":""/World/FormalObstacle"",""contact_count"":3,""minimum_separation_m"":-0.0012789331376552582}"
multiscene_candidate_005__inflation_020mm__direction_004__036mm,multiscene_candidate_005__inflation_020mm,multiscene_candidate_005,20,direction_004,36.0,False,True,False,0.0017200009897351265,-0.0007164515554904938,30,38,"{""actor0"":""/World/Franka/panda_leftfinger"",""actor1"":""/World/FormalObstacle"",""collider0"":""/World/Franka/panda_leftfinger/geometry/panda_leftfinger"",""collider1"":""/World/FormalObstacle"",""contact_count"":3,""minimum_separation_m"":-0.0007164515554904938}"
multiscene_candidate_005__inflation_020mm__direction_005__036mm,multiscene_candidate_005__inflation_020mm,multiscene_candidate_005,20,direction_005,36.0,False,True,False,0.002712596207857132,-0.0001539289951324463,38,38,"{""actor0"":""/World/Franka/panda_leftfinger"",""actor1"":""/World/FormalObstacle"",""collider0"":""/World/Franka/panda_leftfinger/geometry/panda_leftfinger"",""collider1"":""/World/FormalObstacle"",""contact_count"":3,""minimum_separation_m"":-0.0001539289951324463}"
multiscene_candidate_005__inflation_020mm__direction_005__038mm,multiscene_candidate_005__inflation_020mm,multiscene_candidate_005,20,direction_005,38.0,False,True,False,0.0008844621479511261,-0.0019820593297481537,38,38,"{""actor0"":""/World/Franka/panda_leftfinger"",""actor1"":""/World/FormalObstacle"",""collider0"":""/World/Franka/panda_leftfinger/geometry/panda_leftfinger"",""collider1"":""/World/FormalObstacle"",""contact_count"":3,""minimum_separation_m"":-0.0019820593297481537}"
multiscene_candidate_005__inflation_020mm__direction_006__038mm,multiscene_candidate_005__inflation_020mm,multiscene_candidate_005,20,direction_006,38.0,False,True,False,0.0014782138168811798,-0.0013883076608181,38,38,"{""actor0"":""/World/Franka/panda_leftfinger"",""actor1"":""/World/FormalObstacle"",""collider0"":""/World/Franka/panda_leftfinger/geometry/panda_leftfinger"",""collider1"":""/World/FormalObstacle"",""contact_count"":3,""minimum_separation_m"":-0.0013883076608181}"
multiscene_candidate_005__inflation_020mm__direction_007__038mm,multiscene_candidate_005__inflation_020mm,multiscene_candidate_005,20,direction_007,38.0,False,True,False,0.0020719654858112335,-0.0007945559918880463,38,38,"{""actor0"":""/World/Franka/panda_leftfinger"",""actor1"":""/World/FormalObstacle"",""collider0"":""/World/Franka/panda_leftfinger/geometry/panda_leftfinger"",""collider1"":""/World/FormalObstacle"",""contact_count"":3,""minimum_separation_m"":-0.0007945559918880463}"
multiscene_candidate_005__inflation_020mm__direction_007__040mm,multiscene_candidate_005__inflation_020mm,multiscene_candidate_005,20,direction_007,40.0,False,True,False,0.00030632689595222473,-0.002560194581747055,38,38,"{""actor0"":""/World/Franka/panda_leftfinger"",""actor1"":""/World/FormalObstacle"",""collider0"":""/World/Franka/panda_leftfinger/geometry/panda_leftfinger"",""collider1"":""/World/FormalObstacle"",""contact_count"":3,""minimum_separation_m"":-0.002560194581747055}"
multiscene_candidate_005__inflation_020mm__direction_008__038mm,multiscene_candidate_005__inflation_020mm,multiscene_candidate_005,20,direction_008,38.0,False,True,False,0.0026657171547412872,-0.00020081177353858948,38,38,"{""actor0"":""/World/Franka/panda_leftfinger"",""actor1"":""/World/FormalObstacle"",""collider0"":""/World/Franka/panda_leftfinger/geometry/panda_leftfinger"",""collider1"":""/World/FormalObstacle"",""contact_count"":3,""minimum_separation_m"":-0.00020081177353858948}"
multiscene_candidate_005__inflation_020mm__direction_008__040mm,multiscene_candidate_005__inflation_020mm,multiscene_candidate_005,20,direction_008,40.0,False,True,False,0.0009313412010669708,-0.001935180276632309,38,38,"{""actor0"":""/World/Franka/panda_leftfinger"",""actor1"":""/World/FormalObstacle"",""collider0"":""/World/Franka/panda_leftfinger/geometry/panda_leftfinger"",""collider1"":""/World/FormalObstacle"",""contact_count"":3,""minimum_separation_m"":-0.001935180276632309}"
multiscene_candidate_005__inflation_020mm__direction_009__038mm,multiscene_candidate_005__inflation_020mm,multiscene_candidate_005,20,direction_009,38.0,False,True,False,0.0006331708282232285,-0.001484215259552002,31,31,"{""actor0"":""/World/Franka/panda_rightfinger"",""actor1"":""/World/FormalObstacle"",""collider0"":""/World/Franka/panda_rightfinger/geometry/panda_rightfinger"",""collider1"":""/World/FormalObstacle"",""contact_count"":3,""minimum_separation_m"":-0.001484215259552002}"
multiscene_candidate_005__inflation_020mm__direction_010__040mm,multiscene_candidate_005__inflation_020mm,multiscene_candidate_005,20,direction_010,40.0,False,True,False,0.0021813400089740753,-0.0006851814687252045,38,38,"{""actor0"":""/World/Franka/panda_leftfinger"",""actor1"":""/World/FormalObstacle"",""collider0"":""/World/Franka/panda_leftfinger/geometry/panda_leftfinger"",""collider1"":""/World/FormalObstacle"",""contact_count"":3,""minimum_separation_m"":-0.0006851814687252045}"
multiscene_candidate_005__inflation_020mm__direction_010__042mm,multiscene_candidate_005__inflation_020mm,multiscene_candidate_005,20,direction_010,42.0,False,True,False,0.000509459525346756,-0.0023570582270622253,38,38,"{""actor0"":""/World/Franka/panda_leftfinger"",""actor1"":""/World/FormalObstacle"",""collider0"":""/World/Franka/panda_leftfinger/geometry/panda_leftfinger"",""collider1"":""/World/FormalObstacle"",""contact_count"":3,""minimum_separation_m"":-0.0023570582270622253}"
multiscene_candidate_005__inflation_020mm__direction_011__040mm,multiscene_candidate_005__inflation_020mm,multiscene_candidate_005,20,direction_011,40.0,False,True,False,0.0028063245117664337,-6.019696593284607e-05,38,38,"{""actor0"":""/World/Franka/panda_leftfinger"",""actor1"":""/World/FormalObstacle"",""collider0"":""/World/Franka/panda_leftfinger/geometry/panda_leftfinger"",""collider1"":""/World/FormalObstacle"",""contact_count"":3,""minimum_separation_m"":-6.019696593284607e-05}"
multiscene_candidate_005__inflation_020mm__direction_011__042mm,multiscene_candidate_005__inflation_020mm,multiscene_candidate_005,20,direction_011,42.0,False,True,False,0.0011657066643238068,-0.00170082226395607,38,38,"{""actor0"":""/World/Franka/panda_leftfinger"",""actor1"":""/World/FormalObstacle"",""collider0"":""/World/Franka/panda_leftfinger/geometry/panda_leftfinger"",""collider1"":""/World/FormalObstacle"",""contact_count"":3,""minimum_separation_m"":-0.00170082226395607}"
multiscene_candidate_005__inflation_020mm__direction_012__038mm,multiscene_candidate_005__inflation_020mm,multiscene_candidate_005,20,direction_012,38.0,False,True,False,0.0010529253631830215,-0.0002732574939727783,31,31,"{""actor0"":""/World/Franka/panda_rightfinger"",""actor1"":""/World/FormalObstacle"",""collider0"":""/World/Franka/panda_rightfinger/geometry/panda_rightfinger"",""collider1"":""/World/FormalObstacle"",""contact_count"":3,""minimum_separation_m"":-0.0002732574939727783}"
multiscene_candidate_005__inflation_020mm__direction_013__042mm,multiscene_candidate_005__inflation_020mm,multiscene_candidate_005,20,direction_013,42.0,False,True,False,0.0024782009422779083,-0.00038832053542137146,38,38,"{""actor0"":""/World/Franka/panda_leftfinger"",""actor1"":""/World/FormalObstacle"",""collider0"":""/World/Franka/panda_leftfinger/geometry/panda_leftfinger"",""collider1"":""/World/FormalObstacle"",""contact_count"":3,""minimum_separation_m"":-0.00038832053542137146}"
multiscene_candidate_005__inflation_020mm__direction_013__044mm,multiscene_candidate_005__inflation_020mm,multiscene_candidate_005,20,direction_013,44.0,False,True,False,0.0009000785648822784,-0.0019664429128170013,38,38,"{""actor0"":""/World/Franka/panda_leftfinger"",""actor1"":""/World/FormalObstacle"",""collider0"":""/World/Franka/panda_leftfinger/geometry/panda_leftfinger"",""collider1"":""/World/FormalObstacle"",""contact_count"":3,""minimum_separation_m"":-0.0019664429128170013}"
multiscene_candidate_005__inflation_020mm__direction_014__042mm,multiscene_candidate_005__inflation_020mm,multiscene_candidate_005,20,direction_014,42.0,False,True,False,0.0019285492599010468,-0.00036467239260673523,30,31,"{""actor0"":""/World/Franka/panda_rightfinger"",""actor1"":""/World/FormalObstacle"",""collider0"":""/World/Franka/panda_rightfinger/geometry/panda_rightfinger"",""collider1"":""/World/FormalObstacle"",""contact_count"":3,""minimum_separation_m"":-0.00036467239260673523}"
multiscene_candidate_005__inflation_020mm__direction_014__044mm,multiscene_candidate_005__inflation_020mm,multiscene_candidate_005,20,direction_014,44.0,False,True,False,0.00026120617985725403,-0.0020886771380901337,30,31,"{""actor0"":""/World/Franka/panda_rightfinger"",""actor1"":""/World/FormalObstacle"",""collider0"":""/World/Franka/panda_rightfinger/geometry/panda_rightfinger"",""collider1"":""/World/FormalObstacle"",""contact_count"":3,""minimum_separation_m"":-0.0020886771380901337}"
multiscene_candidate_005__inflation_020mm__direction_015__044mm,multiscene_candidate_005__inflation_020mm,multiscene_candidate_005,20,direction_015,44.0,False,True,False,0.0022750981152057648,-0.000591423362493515,38,38,"{""actor0"":""/World/Franka/panda_leftfinger"",""actor1"":""/World/FormalObstacle"",""collider0"":""/World/Franka/panda_leftfinger/geometry/panda_leftfinger"",""collider1"":""/World/FormalObstacle"",""contact_count"":3,""minimum_separation_m"":-0.000591423362493515}"
multiscene_candidate_005__inflation_020mm__direction_015__046mm,multiscene_candidate_005__inflation_020mm,multiscene_candidate_005,20,direction_015,46.0,False,True,False,0.000759471207857132,-0.002107050269842148,38,38,"{""actor0"":""/World/Franka/panda_leftfinger"",""actor1"":""/World/FormalObstacle"",""collider0"":""/World/Franka/panda_leftfinger/geometry/panda_leftfinger"",""collider1"":""/World/FormalObstacle"",""contact_count"":3,""minimum_separation_m"":-0.002107050269842148}"
multiscene_candidate_005__inflation_020mm__direction_016__046mm,multiscene_candidate_005__inflation_020mm,multiscene_candidate_005,20,direction_016,46.0,False,True,False,0.0014782138168811798,-0.0013883076608181,38,38,"{""actor0"":""/World/Franka/panda_leftfinger"",""actor1"":""/World/FormalObstacle"",""collider0"":""/World/Franka/panda_leftfinger/geometry/panda_leftfinger"",""collider1"":""/World/FormalObstacle"",""contact_count"":3,""minimum_separation_m"":-0.0013883076608181}"
multiscene_candidate_005__inflation_020mm__direction_017__036mm,multiscene_candidate_005__inflation_020mm,multiscene_candidate_005,20,direction_017,36.0,False,True,False,0.0018141521140933037,-0.0006888322532176971,32,32,"{""actor0"":""/World/Franka/panda_rightfinger"",""actor1"":""/World/FormalObstacle"",""collider0"":""/World/Franka/panda_rightfinger/geometry/panda_rightfinger"",""collider1"":""/World/FormalObstacle"",""contact_count"":3,""minimum_separation_m"":-0.0006888322532176971}"
multiscene_candidate_005__inflation_020mm__direction_018__048mm,multiscene_candidate_005__inflation_020mm,multiscene_candidate_005,20,direction_018,48.0,False,True,False,0.0014938302338123322,-0.0013726912438869476,38,38,"{""actor0"":""/World/Franka/panda_leftfinger"",""actor1"":""/World/FormalObstacle"",""collider0"":""/World/Franka/panda_leftfinger/geometry/panda_leftfinger"",""collider1"":""/World/FormalObstacle"",""contact_count"":3,""minimum_separation_m"":-0.0013726912438869476}"
multiscene_candidate_005__inflation_020mm__direction_018__050mm,multiscene_candidate_005__inflation_020mm,multiscene_candidate_005,20,direction_018,50.0,False,True,False,7.19614326953888e-05,-0.002794560045003891,38,38,"{""actor0"":""/World/Franka/panda_leftfinger"",""actor1"":""/World/FormalObstacle"",""collider0"":""/World/Franka/panda_leftfinger/geometry/panda_leftfinger"",""collider1"":""/World/FormalObstacle"",""contact_count"":3,""minimum_separation_m"":-0.002794560045003891}"
multiscene_candidate_005__inflation_020mm__direction_019__048mm,multiscene_candidate_005__inflation_020mm,multiscene_candidate_005,20,direction_019,48.0,False,True,False,0.0022438354790210724,-0.0006226859986782074,38,38,"{""actor0"":""/World/Franka/panda_leftfinger"",""actor1"":""/World/FormalObstacle"",""collider0"":""/World/Franka/panda_leftfinger/geometry/panda_leftfinger"",""collider1"":""/World/FormalObstacle"",""contact_count"":3,""minimum_separation_m"":-0.0006226859986782074}"
multiscene_candidate_005__inflation_020mm__direction_019__050mm,multiscene_candidate_005__inflation_020mm,multiscene_candidate_005,20,direction_019,50.0,False,True,False,0.0008531995117664337,-0.0020133256912231445,38,38,"{""actor0"":""/World/Franka/panda_leftfinger"",""actor1"":""/World/FormalObstacle"",""collider0"":""/World/Franka/panda_leftfinger/geometry/panda_leftfinger"",""collider1"":""/World/FormalObstacle"",""contact_count"":3,""minimum_separation_m"":-0.0020133256912231445}"
multiscene_candidate_005__inflation_020mm__direction_020__050mm,multiscene_candidate_005__inflation_020mm,multiscene_candidate_005,20,direction_020,50.0,False,True,False,0.0016344673931598663,-0.001232057809829712,38,38,"{""actor0"":""/World/Franka/panda_leftfinger"",""actor1"":""/World/FormalObstacle"",""collider0"":""/World/Franka/panda_leftfinger/geometry/panda_leftfinger"",""collider1"":""/World/FormalObstacle"",""contact_count"":3,""minimum_separation_m"":-0.001232057809829712}"
multiscene_candidate_005__inflation_020mm__direction_020__052mm,multiscene_candidate_005__inflation_020mm,multiscene_candidate_005,20,direction_020,52.0,False,True,False,0.00027509406208992004,-0.002591431140899658,38,38,"{""actor0"":""/World/Franka/panda_leftfinger"",""actor1"":""/World/FormalObstacle"",""collider0"":""/World/Franka/panda_leftfinger/geometry/panda_leftfinger"",""collider1"":""/World/FormalObstacle"",""contact_count"":3,""minimum_separation_m"":-0.002591431140899658}"
multiscene_candidate_005__inflation_020mm__direction_021__054mm,multiscene_candidate_005__inflation_020mm,multiscene_candidate_005,20,direction_021,54.0,False,True,False,0.00039585400372743607,-0.0003885701298713684,38,38,"{""actor0"":""/World/Franka/panda_leftfinger"",""actor1"":""/World/FormalObstacle"",""collider0"":""/World/Franka/panda_leftfinger/geometry/panda_leftfinger"",""collider1"":""/World/FormalObstacle"",""contact_count"":4,""minimum_separation_m"":-0.0003885701298713684}"
multiscene_candidate_005__inflation_020mm__direction_022__040mm,multiscene_candidate_005__inflation_020mm,multiscene_candidate_005,20,direction_022,40.0,False,True,False,0.001720069907605648,-0.0005994588136672974,32,32,"{""actor0"":""/World/Franka/panda_rightfinger"",""actor1"":""/World/FormalObstacle"",""collider0"":""/World/Franka/panda_rightfinger/geometry/panda_rightfinger"",""collider1"":""/World/FormalObstacle"",""contact_count"":3,""minimum_separation_m"":-0.0005994588136672974}"
multiscene_candidate_005__inflation_020mm__direction_023__052mm,multiscene_candidate_005__inflation_020mm,multiscene_candidate_005,20,direction_023,52.0,False,True,False,0.002712596207857132,-0.0001539289951324463,38,38,"{""actor0"":""/World/Franka/panda_leftfinger"",""actor1"":""/World/FormalObstacle"",""collider0"":""/World/Franka/panda_leftfinger/geometry/panda_leftfinger"",""collider1"":""/World/FormalObstacle"",""contact_count"":3,""minimum_separation_m"":-0.0001539289951324463}"
multiscene_candidate_005__inflation_020mm__direction_023__054mm,multiscene_candidate_005__inflation_020mm,multiscene_candidate_005,20,direction_023,54.0,False,True,False,0.0014469511806964874,-0.0014195702970027924,38,38,"{""actor0"":""/World/Franka/panda_leftfinger"",""actor1"":""/World/FormalObstacle"",""collider0"":""/World/Franka/panda_leftfinger/geometry/panda_leftfinger"",""collider1"":""/World/FormalObstacle"",""contact_count"":3,""minimum_separation_m"":-0.0014195702970027924}"
multiscene_candidate_005__inflation_020mm__direction_023__056mm,multiscene_candidate_005__inflation_020mm,multiscene_candidate_005,20,direction_023,56.0,False,True,False,0.0001813359558582306,-0.0026851780712604523,38,38,"{""actor0"":""/World/Franka/panda_leftfinger"",""actor1"":""/World/FormalObstacle"",""collider0"":""/World/Franka/panda_leftfinger/geometry/panda_leftfinger"",""collider1"":""/World/FormalObstacle"",""contact_count"":3,""minimum_separation_m"":-0.0026851780712604523}"
multiscene_candidate_005__inflation_020mm__direction_024__054mm,multiscene_candidate_005__inflation_020mm,multiscene_candidate_005,20,direction_024,54.0,False,True,False,0.002290714532136917,-0.0005758069455623627,38,38,"{""actor0"":""/World/Franka/panda_leftfinger"",""actor1"":""/World/FormalObstacle"",""collider0"":""/World/Franka/panda_leftfinger/geometry/panda_leftfinger"",""collider1"":""/World/FormalObstacle"",""contact_count"":3,""minimum_separation_m"":-0.0005758069455623627}"
multiscene_candidate_005__inflation_020mm__direction_024__056mm,multiscene_candidate_005__inflation_020mm,multiscene_candidate_005,20,direction_024,56.0,False,True,False,0.001056332141160965,-0.0018101930618286133,38,38,"{""actor0"":""/World/Franka/panda_leftfinger"",""actor1"":""/World/FormalObstacle"",""collider0"":""/World/Franka/panda_leftfinger/geometry/panda_leftfinger"",""collider1"":""/World/FormalObstacle"",""contact_count"":3,""minimum_separation_m"":-0.0018101930618286133}"
multiscene_candidate_005__inflation_020mm__direction_025__036mm,multiscene_candidate_005__inflation_020mm,multiscene_candidate_005,20,direction_025,36.0,False,True,False,0.003279765136539936,-0.0009384863078594208,32,33,"{""actor0"":""/World/Franka/panda_rightfinger"",""actor1"":""/World/FormalObstacle"",""collider0"":""/World/Franka/panda_rightfinger/geometry/panda_rightfinger"",""collider1"":""/World/FormalObstacle"",""contact_count"":3,""minimum_separation_m"":-0.0009384863078594208}"
multiscene_candidate_005__inflation_020mm__direction_025__038mm,multiscene_candidate_005__inflation_020mm,multiscene_candidate_005,20,direction_025,38.0,False,True,False,0.0014631925150752068,-0.0025983303785324097,32,33,"{""actor0"":""/World/Franka/panda_rightfinger"",""actor1"":""/World/FormalObstacle"",""collider0"":""/World/Franka/panda_rightfinger/geometry/panda_rightfinger"",""collider1"":""/World/FormalObstacle"",""contact_count"":3,""minimum_separation_m"":-0.0025983303785324097}"
multiscene_candidate_005__inflation_020mm__direction_027__056mm,multiscene_candidate_005__inflation_020mm,multiscene_candidate_005,20,direction_027,56.0,False,True,False,0.0014093443751335144,-0.0008321776986122131,31,31,"{""actor0"":""/World/Franka/panda_rightfinger"",""actor1"":""/World/FormalObstacle"",""collider0"":""/World/Franka/panda_rightfinger/geometry/panda_rightfinger"",""collider1"":""/World/FormalObstacle"",""contact_count"":3,""minimum_separation_m"":-0.0008321776986122131}"
multiscene_candidate_005__inflation_020mm__direction_027__058mm,multiscene_candidate_005__inflation_020mm,multiscene_candidate_005,20,direction_027,58.0,False,True,False,0.0002188514918088913,-0.002141885459423065,31,31,"{""actor0"":""/World/Franka/panda_rightfinger"",""actor1"":""/World/FormalObstacle"",""collider0"":""/World/Franka/panda_rightfinger/geometry/panda_rightfinger"",""collider1"":""/World/FormalObstacle"",""contact_count"":3,""minimum_separation_m"":-0.002141885459423065}"
multiscene_candidate_005__inflation_020mm__direction_028__060mm,multiscene_candidate_005__inflation_020mm,multiscene_candidate_005,20,direction_028,60.0,False,True,False,0.002337593585252762,-0.00046620890498161316,38,38,"{""actor0"":""/World/Franka/panda_leftfinger"",""actor1"":""/World/FormalObstacle"",""collider0"":""/World/Franka/panda_leftfinger/geometry/panda_leftfinger"",""collider1"":""/World/FormalObstacle"",""contact_count"":4,""minimum_separation_m"":-0.00046620890498161316}"
multiscene_candidate_005__inflation_020mm__direction_030__038mm,multiscene_candidate_005__inflation_020mm,multiscene_candidate_005,20,direction_030,38.0,False,True,False,0.0012320280075073242,-0.0008947029709815979,33,33,"{""actor0"":""/World/Franka/panda_rightfinger"",""actor1"":""/World/FormalObstacle"",""collider0"":""/World/Franka/panda_rightfinger/geometry/panda_rightfinger"",""collider1"":""/World/FormalObstacle"",""contact_count"":3,""minimum_separation_m"":-0.0008947029709815979}"
multiscene_candidate_005__inflation_020mm__direction_033__046mm,multiscene_candidate_005__inflation_020mm,multiscene_candidate_005,20,direction_033,46.0,False,True,False,0.0037672584876418114,-0.0008939206600189209,33,33,"{""actor0"":""/World/Franka/panda_rightfinger"",""actor1"":""/World/FormalObstacle"",""collider0"":""/World/Franka/panda_rightfinger/geometry/panda_rightfinger"",""collider1"":""/World/FormalObstacle"",""contact_count"":4,""minimum_separation_m"":-0.0008939206600189209}"
multiscene_candidate_005__inflation_020mm__direction_033__048mm,multiscene_candidate_005__inflation_020mm,multiscene_candidate_005,20,direction_033,48.0,False,True,False,0.0034582894295454025,-0.0008251368999481201,33,33,"{""actor0"":""/World/Franka/panda_rightfinger"",""actor1"":""/World/FormalObstacle"",""collider0"":""/World/Franka/panda_rightfinger/geometry/panda_rightfinger"",""collider1"":""/World/FormalObstacle"",""contact_count"":4,""minimum_separation_m"":-0.0008251368999481201}"
multiscene_candidate_005__inflation_020mm__direction_035__046mm,multiscene_candidate_005__inflation_020mm,multiscene_candidate_005,20,direction_035,46.0,False,True,False,0.0036789365112781525,-8.641183376312256e-05,33,33,"{""actor0"":""/World/Franka/panda_rightfinger"",""actor1"":""/World/FormalObstacle"",""collider0"":""/World/Franka/panda_rightfinger/geometry/panda_rightfinger"",""collider1"":""/World/FormalObstacle"",""contact_count"":3,""minimum_separation_m"":-8.641183376312256e-05}"
multiscene_candidate_005__inflation_020mm__direction_035__048mm,multiscene_candidate_005__inflation_020mm,multiscene_candidate_005,20,direction_035,48.0,False,True,False,0.002185099758207798,-0.0014052540063858032,33,33,"{""actor0"":""/World/Franka/panda_rightfinger"",""actor1"":""/World/FormalObstacle"",""collider0"":""/World/Franka/panda_rightfinger/geometry/panda_rightfinger"",""collider1"":""/World/FormalObstacle"",""contact_count"":3,""minimum_separation_m"":-0.0014052540063858032}"
multiscene_candidate_005__inflation_020mm__direction_035__050mm,multiscene_candidate_005__inflation_020mm,multiscene_candidate_005,20,direction_035,50.0,False,True,False,0.0006947387009859085,-0.0027240626513957977,33,33,"{""actor0"":""/World/Franka/panda_rightfinger"",""actor1"":""/World/FormalObstacle"",""collider0"":""/World/Franka/panda_rightfinger/geometry/panda_rightfinger"",""collider1"":""/World/FormalObstacle"",""contact_count"":3,""minimum_separation_m"":-0.0027240626513957977}"
multiscene_candidate_005__inflation_020mm__direction_038__036mm,multiscene_candidate_005__inflation_020mm,multiscene_candidate_005,20,direction_038,36.0,False,True,False,0.0031205937266349792,-0.0001970529556274414,34,34,"{""actor0"":""/World/Franka/panda_rightfinger"",""actor1"":""/World/FormalObstacle"",""collider0"":""/World/Franka/panda_rightfinger/geometry/panda_rightfinger"",""collider1"":""/World/FormalObstacle"",""contact_count"":3,""minimum_separation_m"":-0.0001970529556274414}"
multiscene_candidate_005__inflation_020mm__direction_038__038mm,multiscene_candidate_005__inflation_020mm,multiscene_candidate_005,20,direction_038,38.0,False,True,False,0.0011487491428852081,-0.0016842670738697052,34,34,"{""actor0"":""/World/Franka/panda_rightfinger"",""actor1"":""/World/FormalObstacle"",""collider0"":""/World/Franka/panda_rightfinger/geometry/panda_rightfinger"",""collider1"":""/World/FormalObstacle"",""contact_count"":3,""minimum_separation_m"":-0.0016842670738697052}"
multiscene_candidate_005__inflation_020mm__direction_043__040mm,multiscene_candidate_005__inflation_020mm,multiscene_candidate_005,20,direction_043,40.0,False,True,False,0.0033091921359300613,-0.0004569143056869507,34,35,"{""actor0"":""/World/Franka/panda_rightfinger"",""actor1"":""/World/FormalObstacle"",""collider0"":""/World/Franka/panda_rightfinger/geometry/panda_rightfinger"",""collider1"":""/World/FormalObstacle"",""contact_count"":3,""minimum_separation_m"":-0.0004569143056869507}"
multiscene_candidate_005__inflation_020mm__direction_043__042mm,multiscene_candidate_005__inflation_020mm,multiscene_candidate_005,20,direction_043,42.0,False,True,False,0.0016007162630558014,-0.002142544835805893,34,35,"{""actor0"":""/World/Franka/panda_rightfinger"",""actor1"":""/World/FormalObstacle"",""collider0"":""/World/Franka/panda_rightfinger/geometry/panda_rightfinger"",""collider1"":""/World/FormalObstacle"",""contact_count"":3,""minimum_separation_m"":-0.002142544835805893}"
multiscene_candidate_005__inflation_020mm__direction_046__040mm,multiscene_candidate_005__inflation_020mm,multiscene_candidate_005,20,direction_046,40.0,False,True,False,0.003166838549077511,-0.0008211393724195659,35,35,"{""actor0"":""/World/Franka/panda_rightfinger"",""actor1"":""/World/FormalObstacle"",""collider0"":""/World/Franka/panda_rightfinger/geometry/panda_rightfinger"",""collider1"":""/World/FormalObstacle"",""contact_count"":3,""minimum_separation_m"":-0.0008211393724195659}"
multiscene_candidate_005__inflation_020mm__direction_046__042mm,multiscene_candidate_005__inflation_020mm,multiscene_candidate_005,20,direction_046,42.0,False,True,False,0.0014887694269418716,-0.0008104328881017864,35,36,"{""actor0"":""/World/Franka/panda_rightfinger"",""actor1"":""/World/FormalObstacle"",""collider0"":""/World/Franka/panda_rightfinger/geometry/panda_rightfinger"",""collider1"":""/World/FormalObstacle"",""contact_count"":3,""minimum_separation_m"":-0.0008104328881017864}"
multiscene_candidate_005__inflation_020mm__direction_051__036mm,multiscene_candidate_005__inflation_020mm,multiscene_candidate_005,20,direction_051,36.0,False,True,False,0.004430037923157215,-0.00018486753106117249,36,36,"{""actor0"":""/World/Franka/panda_rightfinger"",""actor1"":""/World/FormalObstacle"",""collider0"":""/World/Franka/panda_rightfinger/geometry/panda_rightfinger"",""collider1"":""/World/FormalObstacle"",""contact_count"":3,""minimum_separation_m"":-0.00018486753106117249}"
multiscene_candidate_005__inflation_020mm__direction_051__038mm,multiscene_candidate_005__inflation_020mm,multiscene_candidate_005,20,direction_051,38.0,False,True,False,0.0024871118366718292,-0.0018125809729099274,36,36,"{""actor0"":""/World/Franka/panda_rightfinger"",""actor1"":""/World/FormalObstacle"",""collider0"":""/World/Franka/panda_rightfinger/geometry/panda_rightfinger"",""collider1"":""/World/FormalObstacle"",""contact_count"":4,""minimum_separation_m"":-0.0018125809729099274}"
multiscene_candidate_005__inflation_020mm__direction_051__040mm,multiscene_candidate_005__inflation_020mm,multiscene_candidate_005,20,direction_051,40.0,False,True,False,0.0005585756152868271,-0.0034660883247852325,36,37,"{""actor0"":""/World/Franka/panda_rightfinger"",""actor1"":""/World/FormalObstacle"",""collider0"":""/World/Franka/panda_rightfinger/geometry/panda_rightfinger"",""collider1"":""/World/FormalObstacle"",""contact_count"":3,""minimum_separation_m"":-0.0034660883247852325}"
multiscene_candidate_005__inflation_020mm__direction_056__048mm,multiscene_candidate_005__inflation_020mm,multiscene_candidate_005,20,direction_056,48.0,False,True,False,0.003392142243683338,-0.0011984966695308685,38,38,"{""actor0"":""/World/Franka/panda_rightfinger"",""actor1"":""/World/FormalObstacle"",""collider0"":""/World/Franka/panda_rightfinger/geometry/panda_rightfinger"",""collider1"":""/World/FormalObstacle"",""contact_count"":3,""minimum_separation_m"":-0.0011984966695308685}"
multiscene_candidate_005__inflation_020mm__direction_056__050mm,multiscene_candidate_005__inflation_020mm,multiscene_candidate_005,20,direction_056,50.0,False,True,False,0.001897021196782589,-0.0021547041833400726,38,38,"{""actor0"":""/World/Franka/panda_rightfinger"",""actor1"":""/World/FormalObstacle"",""collider0"":""/World/Franka/panda_rightfinger/geometry/panda_rightfinger"",""collider1"":""/World/FormalObstacle"",""contact_count"":4,""minimum_separation_m"":-0.0021547041833400726}"
multiscene_candidate_005__inflation_020mm__direction_056__052mm,multiscene_candidate_005__inflation_020mm,multiscene_candidate_005,20,direction_056,52.0,False,True,False,0.0004162779077887535,-0.0030088163912296295,38,38,"{""actor0"":""/World/Franka/panda_rightfinger"",""actor1"":""/World/FormalObstacle"",""collider0"":""/World/Franka/panda_rightfinger/geometry/panda_rightfinger"",""collider1"":""/World/FormalObstacle"",""contact_count"":4,""minimum_separation_m"":-0.0030088163912296295}"
multiscene_candidate_005__inflation_020mm__direction_059__042mm,multiscene_candidate_005__inflation_020mm,multiscene_candidate_005,20,direction_059,42.0,False,True,False,0.0013658003881573677,-0.0005262605845928192,38,38,"{""actor0"":""/World/Franka/panda_rightfinger"",""actor1"":""/World/FormalObstacle"",""collider0"":""/World/Franka/panda_rightfinger/geometry/panda_rightfinger"",""collider1"":""/World/FormalObstacle"",""contact_count"":4,""minimum_separation_m"":-0.0005262605845928192}"
multiscene_candidate_005__inflation_020mm__direction_064__052mm,multiscene_candidate_005__inflation_020mm,multiscene_candidate_005,20,direction_064,52.0,False,True,False,0.0007029203698039055,-0.0002977102994918823,38,38,"{""actor0"":""/World/Franka/panda_rightfinger"",""actor1"":""/World/FormalObstacle"",""collider0"":""/World/Franka/panda_rightfinger/geometry/panda_rightfinger"",""collider1"":""/World/FormalObstacle"",""contact_count"":3,""minimum_separation_m"":-0.0002977102994918823}"
multiscene_candidate_005__inflation_020mm__direction_064__054mm,multiscene_candidate_005__inflation_020mm,multiscene_candidate_005,20,direction_064,54.0,False,True,False,0.0006775744259357452,-0.00028210505843162537,38,38,"{""actor0"":""/World/Franka/panda_rightfinger"",""actor1"":""/World/FormalObstacle"",""collider0"":""/World/Franka/panda_rightfinger/geometry/panda_rightfinger"",""collider1"":""/World/FormalObstacle"",""contact_count"":3,""minimum_separation_m"":-0.00028210505843162537}"
multiscene_candidate_005__inflation_020mm__direction_064__056mm,multiscene_candidate_005__inflation_020mm,multiscene_candidate_005,20,direction_064,56.0,False,True,False,0.0006931908428668976,-0.0002664811909198761,38,38,"{""actor0"":""/World/Franka/panda_rightfinger"",""actor1"":""/World/FormalObstacle"",""collider0"":""/World/Franka/panda_rightfinger/geometry/panda_rightfinger"",""collider1"":""/World/FormalObstacle"",""contact_count"":3,""minimum_separation_m"":-0.0002664811909198761}"
multiscene_candidate_005__inflation_020mm__direction_064__058mm,multiscene_candidate_005__inflation_020mm,multiscene_candidate_005,20,direction_064,58.0,False,True,False,0.0007088072597980499,-0.00025086477398872375,38,38,"{""actor0"":""/World/Franka/panda_rightfinger"",""actor1"":""/World/FormalObstacle"",""collider0"":""/World/Franka/panda_rightfinger/geometry/panda_rightfinger"",""collider1"":""/World/FormalObstacle"",""contact_count"":3,""minimum_separation_m"":-0.00025086477398872375}"
multiscene_candidate_005__inflation_020mm__direction_064__060mm,multiscene_candidate_005__inflation_020mm,multiscene_candidate_005,20,direction_064,60.0,False,True,False,0.00072445347905159,-0.00023522600531578064,38,38,"{""actor0"":""/World/Franka/panda_rightfinger"",""actor1"":""/World/FormalObstacle"",""collider0"":""/World/Franka/panda_rightfinger/geometry/panda_rightfinger"",""collider1"":""/World/FormalObstacle"",""contact_count"":3,""minimum_separation_m"":-0.00023522600531578064}"
multiscene_candidate_006__inflation_000mm__direction_068__056mm,multiscene_candidate_006__inflation_000mm,multiscene_candidate_006,0,direction_068,56.0,True,False,False,-3.5740435123443604e-05,0.0014037340879440308,22,23,"{""actor0"":""/World/Franka/panda_link6"",""actor1"":""/World/FormalObstacle"",""collider0"":""/World/Franka/panda_link6/geometry/panda_link6"",""collider1"":""/World/FormalObstacle"",""contact_count"":4,""minimum_separation_m"":0.0014037340879440308}"
multiscene_candidate_006__inflation_000mm__direction_068__058mm,multiscene_candidate_006__inflation_000mm,multiscene_candidate_006,0,direction_068,58.0,True,False,False,-0.0002274550497531891,0.0012237802147865295,22,23,"{""actor0"":""/World/Franka/panda_link6"",""actor1"":""/World/FormalObstacle"",""collider0"":""/World/Franka/panda_link6/geometry/panda_link6"",""collider1"":""/World/FormalObstacle"",""contact_count"":4,""minimum_separation_m"":0.0012237802147865295}"
multiscene_candidate_006__inflation_000mm__direction_068__060mm,multiscene_candidate_006__inflation_000mm,multiscene_candidate_006,0,direction_068,60.0,True,False,False,-0.00041713565587997437,0.0010437965393066406,22,23,"{""actor0"":""/World/Franka/panda_link6"",""actor1"":""/World/FormalObstacle"",""collider0"":""/World/Franka/panda_link6/geometry/panda_link6"",""collider1"":""/World/FormalObstacle"",""contact_count"":4,""minimum_separation_m"":0.0010437965393066406}"
multiscene_candidate_006__inflation_000mm__direction_073__030mm,multiscene_candidate_006__inflation_000mm,multiscene_candidate_006,0,direction_073,30.0,False,True,False,0.0022586509585380554,-0.00037217140197753906,23,22,"{""actor0"":""/World/Franka/panda_link6"",""actor1"":""/World/FormalObstacle"",""collider0"":""/World/Franka/panda_link6/geometry/panda_link6"",""collider1"":""/World/FormalObstacle"",""contact_count"":4,""minimum_separation_m"":-0.00037217140197753906}"
multiscene_candidate_006__inflation_000mm__direction_073__032mm,multiscene_candidate_006__inflation_000mm,multiscene_candidate_006,0,direction_073,32.0,False,True,False,0.0016846507787704468,-0.0008523464202880859,23,22,"{""actor0"":""/World/Franka/panda_link6"",""actor1"":""/World/FormalObstacle"",""collider0"":""/World/Franka/panda_link6/geometry/panda_link6"",""collider1"":""/World/FormalObstacle"",""contact_count"":4,""minimum_separation_m"":-0.0008523464202880859}"
multiscene_candidate_006__inflation_000mm__direction_073__034mm,multiscene_candidate_006__inflation_000mm,multiscene_candidate_006,0,direction_073,34.0,False,True,False,0.0011522918939590454,-0.0013325735926628113,23,22,"{""actor0"":""/World/Franka/panda_link6"",""actor1"":""/World/FormalObstacle"",""collider0"":""/World/Franka/panda_link6/geometry/panda_link6"",""collider1"":""/World/FormalObstacle"",""contact_count"":4,""minimum_separation_m"":-0.0013325735926628113}"
multiscene_candidate_006__inflation_000mm__direction_073__036mm,multiscene_candidate_006__inflation_000mm,multiscene_candidate_006,0,direction_073,36.0,False,True,False,0.0006630867719650269,-0.0018128007650375366,23,22,"{""actor0"":""/World/Franka/panda_link6"",""actor1"":""/World/FormalObstacle"",""collider0"":""/World/Franka/panda_link6/geometry/panda_link6"",""collider1"":""/World/FormalObstacle"",""contact_count"":4,""minimum_separation_m"":-0.0018128007650375366}"
multiscene_candidate_006__inflation_000mm__direction_073__038mm,multiscene_candidate_006__inflation_000mm,multiscene_candidate_006,0,direction_073,38.0,False,True,False,0.0002184361219406128,-0.002293035387992859,23,22,"{""actor0"":""/World/Franka/panda_link6"",""actor1"":""/World/FormalObstacle"",""collider0"":""/World/Franka/panda_link6/geometry/panda_link6"",""collider1"":""/World/FormalObstacle"",""contact_count"":4,""minimum_separation_m"":-0.002293035387992859}"
multiscene_candidate_006__inflation_000mm__direction_076__034mm,multiscene_candidate_006__inflation_000mm,multiscene_candidate_006,0,direction_076,34.0,True,False,False,-0.00010429695248603821,0.0011555179953575134,23,24,"{""actor0"":""/World/Franka/panda_link6"",""actor1"":""/World/FormalObstacle"",""collider0"":""/World/Franka/panda_link6/geometry/panda_link6"",""collider1"":""/World/FormalObstacle"",""contact_count"":4,""minimum_separation_m"":0.0011555179953575134}"
multiscene_candidate_006__inflation_000mm__direction_076__036mm,multiscene_candidate_006__inflation_000mm,multiscene_candidate_006,0,direction_076,36.0,True,False,False,-0.0004159286618232727,0.0008116737008094788,23,24,"{""actor0"":""/World/Franka/panda_link6"",""actor1"":""/World/FormalObstacle"",""collider0"":""/World/Franka/panda_link6/geometry/panda_link6"",""collider1"":""/World/FormalObstacle"",""contact_count"":4,""minimum_separation_m"":0.0008116737008094788}"
multiscene_candidate_006__inflation_000mm__direction_076__038mm,multiscene_candidate_006__inflation_000mm,multiscene_candidate_006,0,direction_076,38.0,True,False,False,-0.0007234290242195129,0.0004677996039390564,23,24,"{""actor0"":""/World/Franka/panda_link6"",""actor1"":""/World/FormalObstacle"",""collider0"":""/World/Franka/panda_link6/geometry/panda_link6"",""collider1"":""/World/FormalObstacle"",""contact_count"":4,""minimum_separation_m"":0.0004677996039390564}"
multiscene_candidate_006__inflation_000mm__direction_076__040mm,multiscene_candidate_006__inflation_000mm,multiscene_candidate_006,0,direction_076,40.0,True,False,False,-0.0010266490280628204,0.00012391060590744019,23,24,"{""actor0"":""/World/Franka/panda_link6"",""actor1"":""/World/FormalObstacle"",""collider0"":""/World/Franka/panda_link6/geometry/panda_link6"",""collider1"":""/World/FormalObstacle"",""contact_count"":4,""minimum_separation_m"":0.00012391060590744019}"
multiscene_candidate_006__inflation_000mm__direction_078__028mm,multiscene_candidate_006__inflation_000mm,multiscene_candidate_006,0,direction_078,28.0,False,True,False,0.002601534128189087,-0.00038719549775123596,24,24,"{""actor0"":""/World/Franka/panda_link6"",""actor1"":""/World/FormalObstacle"",""collider0"":""/World/Franka/panda_link6/geometry/panda_link6"",""collider1"":""/World/FormalObstacle"",""contact_count"":3,""minimum_separation_m"":-0.00038719549775123596}"
multiscene_candidate_006__inflation_000mm__direction_078__030mm,multiscene_candidate_006__inflation_000mm,multiscene_candidate_006,0,direction_078,30.0,False,True,False,0.0020647570490837097,-0.0009307824075222015,24,24,"{""actor0"":""/World/Franka/panda_link6"",""actor1"":""/World/FormalObstacle"",""collider0"":""/World/Franka/panda_link6/geometry/panda_link6"",""collider1"":""/World/FormalObstacle"",""contact_count"":3,""minimum_separation_m"":-0.0009307824075222015}"
multiscene_candidate_006__inflation_000mm__direction_078__032mm,multiscene_candidate_006__inflation_000mm,multiscene_candidate_006,0,direction_078,32.0,False,True,False,0.0015321038663387299,-0.0014743544161319733,24,24,"{""actor0"":""/World/Franka/panda_link6"",""actor1"":""/World/FormalObstacle"",""collider0"":""/World/Franka/panda_link6/geometry/panda_link6"",""collider1"":""/World/FormalObstacle"",""contact_count"":3,""minimum_separation_m"":-0.0014743544161319733}"
multiscene_candidate_006__inflation_000mm__direction_078__034mm,multiscene_candidate_006__inflation_000mm,multiscene_candidate_006,0,direction_078,34.0,False,True,False,0.0010036565363407135,-0.002018023282289505,24,24,"{""actor0"":""/World/Franka/panda_link6"",""actor1"":""/World/FormalObstacle"",""collider0"":""/World/Franka/panda_link6/geometry/panda_link6"",""collider1"":""/World/FormalObstacle"",""contact_count"":3,""minimum_separation_m"":-0.002018023282289505}"
multiscene_candidate_006__inflation_000mm__direction_078__036mm,multiscene_candidate_006__inflation_000mm,multiscene_candidate_006,0,direction_078,36.0,False,True,False,0.00047967955470085144,-0.0025615915656089783,24,24,"{""actor0"":""/World/Franka/panda_link6"",""actor1"":""/World/FormalObstacle"",""collider0"":""/World/Franka/panda_link6/geometry/panda_link6"",""collider1"":""/World/FormalObstacle"",""contact_count"":3,""minimum_separation_m"":-0.0025615915656089783}"
multiscene_candidate_006__inflation_000mm__direction_080__058mm,multiscene_candidate_006__inflation_000mm,multiscene_candidate_006,0,direction_080,58.0,False,True,False,0.003656867891550064,-0.0001541823148727417,28,28,"{""actor0"":""/World/Franka/panda_link6"",""actor1"":""/World/FormalObstacle"",""collider0"":""/World/Franka/panda_link6/geometry/panda_link6"",""collider1"":""/World/FormalObstacle"",""contact_count"":3,""minimum_separation_m"":-0.0001541823148727417}"
multiscene_candidate_006__inflation_000mm__direction_080__060mm,multiscene_candidate_006__inflation_000mm,multiscene_candidate_006,0,direction_080,60.0,False,True,False,0.003278180956840515,-0.0002826601266860962,28,28,"{""actor0"":""/World/Franka/panda_link6"",""actor1"":""/World/FormalObstacle"",""collider0"":""/World/Franka/panda_link6/geometry/panda_link6"",""collider1"":""/World/FormalObstacle"",""contact_count"":3,""minimum_separation_m"":-0.0002826601266860962}"
multiscene_candidate_006__inflation_000mm__direction_081__024mm,multiscene_candidate_006__inflation_000mm,multiscene_candidate_006,0,direction_081,24.0,False,True,False,0.0003409646451473236,-0.0005930662155151367,23,23,"{""actor0"":""/World/Franka/panda_link6"",""actor1"":""/World/FormalObstacle"",""collider0"":""/World/Franka/panda_link6/geometry/panda_link6"",""collider1"":""/World/FormalObstacle"",""contact_count"":4,""minimum_separation_m"":-0.0005930662155151367}"
multiscene_candidate_006__inflation_000mm__direction_082__058mm,multiscene_candidate_006__inflation_000mm,multiscene_candidate_006,0,direction_082,58.0,True,False,False,-8.477643132209778e-05,0.0007743313908576965,27,28,"{""actor0"":""/World/Franka/panda_link6"",""actor1"":""/World/FormalObstacle"",""collider0"":""/World/Franka/panda_link6/geometry/panda_link6"",""collider1"":""/World/FormalObstacle"",""contact_count"":3,""minimum_separation_m"":0.0007743313908576965}"
multiscene_candidate_006__inflation_000mm__direction_082__060mm,multiscene_candidate_006__inflation_000mm,multiscene_candidate_006,0,direction_082,60.0,True,False,False,-0.0003099590539932251,0.00041553378105163574,27,28,"{""actor0"":""/World/Franka/panda_link6"",""actor1"":""/World/FormalObstacle"",""collider0"":""/World/Franka/panda_link6/geometry/panda_link6"",""collider1"":""/World/FormalObstacle"",""contact_count"":3,""minimum_separation_m"":0.00041553378105163574}"
multiscene_candidate_006__inflation_000mm__direction_083__028mm,multiscene_candidate_006__inflation_000mm,multiscene_candidate_006,0,direction_083,28.0,False,True,False,0.0027572326362133026,-0.00034847110509872437,25,25,"{""actor0"":""/World/Franka/panda_link6"",""actor1"":""/World/FormalObstacle"",""collider0"":""/World/Franka/panda_link6/geometry/panda_link6"",""collider1"":""/World/FormalObstacle"",""contact_count"":3,""minimum_separation_m"":-0.00034847110509872437}"
multiscene_candidate_006__inflation_000mm__direction_083__030mm,multiscene_candidate_006__inflation_000mm,multiscene_candidate_006,0,direction_083,30.0,False,True,False,0.002241000533103943,-0.0008561350405216217,25,25,"{""actor0"":""/World/Franka/panda_link6"",""actor1"":""/World/FormalObstacle"",""collider0"":""/World/Franka/panda_link6/geometry/panda_link6"",""collider1"":""/World/FormalObstacle"",""contact_count"":3,""minimum_separation_m"":-0.0008561350405216217}"
multiscene_candidate_006__inflation_000mm__direction_083__032mm,multiscene_candidate_006__inflation_000mm,multiscene_candidate_006,0,direction_083,32.0,False,True,False,0.0017336085438728333,-0.0013637207448482513,25,25,"{""actor0"":""/World/Franka/panda_link6"",""actor1"":""/World/FormalObstacle"",""collider0"":""/World/Franka/panda_link6/geometry/panda_link6"",""collider1"":""/World/FormalObstacle"",""contact_count"":3,""minimum_separation_m"":-0.0013637207448482513}"
multiscene_candidate_006__inflation_000mm__direction_083__034mm,multiscene_candidate_006__inflation_000mm,multiscene_candidate_006,0,direction_083,34.0,False,True,False,0.0012352168560028076,-0.0018713697791099548,25,25,"{""actor0"":""/World/Franka/panda_link6"",""actor1"":""/World/FormalObstacle"",""collider0"":""/World/Franka/panda_link6/geometry/panda_link6"",""collider1"":""/World/FormalObstacle"",""contact_count"":3,""minimum_separation_m"":-0.0018713697791099548}"
multiscene_candidate_006__inflation_000mm__direction_083__036mm,multiscene_candidate_006__inflation_000mm,multiscene_candidate_006,0,direction_083,36.0,False,True,False,0.0007461793720722198,-0.0023790188133716583,25,25,"{""actor0"":""/World/Franka/panda_link6"",""actor1"":""/World/FormalObstacle"",""collider0"":""/World/Franka/panda_link6/geometry/panda_link6"",""collider1"":""/World/FormalObstacle"",""contact_count"":3,""minimum_separation_m"":-0.0023790188133716583}"
multiscene_candidate_006__inflation_000mm__direction_083__038mm,multiscene_candidate_006__inflation_000mm,multiscene_candidate_006,0,direction_083,38.0,False,True,False,0.00026686862111091614,-0.0028866343200206757,25,25,"{""actor0"":""/World/Franka/panda_link6"",""actor1"":""/World/FormalObstacle"",""collider0"":""/World/Franka/panda_link6/geometry/panda_link6"",""collider1"":""/World/FormalObstacle"",""contact_count"":3,""minimum_separation_m"":-0.0028866343200206757}"
multiscene_candidate_006__inflation_000mm__direction_084__026mm,multiscene_candidate_006__inflation_000mm,multiscene_candidate_006,0,direction_084,26.0,True,False,False,-8.486956357955933e-05,0.001054227352142334,24,25,"{""actor0"":""/World/Franka/panda_link6"",""actor1"":""/World/FormalObstacle"",""collider0"":""/World/Franka/panda_link6/geometry/panda_link6"",""collider1"":""/World/FormalObstacle"",""contact_count"":4,""minimum_separation_m"":0.001054227352142334}"
multiscene_candidate_006__inflation_000mm__direction_084__028mm,multiscene_candidate_006__inflation_000mm,multiscene_candidate_006,0,direction_084,28.0,True,False,False,-0.0006675794720649719,0.000536106526851654,24,25,"{""actor0"":""/World/Franka/panda_link6"",""actor1"":""/World/FormalObstacle"",""collider0"":""/World/Franka/panda_link6/geometry/panda_link6"",""collider1"":""/World/FormalObstacle"",""contact_count"":4,""minimum_separation_m"":0.000536106526851654}"
multiscene_candidate_006__inflation_000mm__direction_084__030mm,multiscene_candidate_006__inflation_000mm,multiscene_candidate_006,0,direction_084,30.0,True,False,False,-0.0012273453176021576,1.7978250980377197e-05,24,25,"{""actor0"":""/World/Franka/panda_link6"",""actor1"":""/World/FormalObstacle"",""collider0"":""/World/Franka/panda_link6/geometry/panda_link6"",""collider1"":""/World/FormalObstacle"",""contact_count"":4,""minimum_separation_m"":1.7978250980377197e-05}"
multiscene_candidate_006__inflation_000mm__direction_085__038mm,multiscene_candidate_006__inflation_000mm,multiscene_candidate_006,0,direction_085,38.0,False,True,False,0.00321824848651886,-0.0004527159035205841,27,27,"{""actor0"":""/World/Franka/panda_link6"",""actor1"":""/World/FormalObstacle"",""collider0"":""/World/Franka/panda_link6/geometry/panda_link6"",""collider1"":""/World/FormalObstacle"",""contact_count"":4,""minimum_separation_m"":-0.0004527159035205841}"
multiscene_candidate_006__inflation_000mm__direction_085__040mm,multiscene_candidate_006__inflation_000mm,multiscene_candidate_006,0,direction_085,40.0,False,True,False,0.002637237310409546,-0.0009994655847549438,27,27,"{""actor0"":""/World/Franka/panda_link6"",""actor1"":""/World/FormalObstacle"",""collider0"":""/World/Franka/panda_link6/geometry/panda_link6"",""collider1"":""/World/FormalObstacle"",""contact_count"":3,""minimum_separation_m"":-0.0009994655847549438}"
multiscene_candidate_006__inflation_000mm__direction_085__042mm,multiscene_candidate_006__inflation_000mm,multiscene_candidate_006,0,direction_085,42.0,False,True,False,0.002130761742591858,-0.0012937262654304504,27,27,"{""actor0"":""/World/Franka/panda_link6"",""actor1"":""/World/FormalObstacle"",""collider0"":""/World/Franka/panda_link6/geometry/panda_link6"",""collider1"":""/World/FormalObstacle"",""contact_count"":3,""minimum_separation_m"":-0.0012937262654304504}"
multiscene_candidate_006__inflation_000mm__direction_085__044mm,multiscene_candidate_006__inflation_000mm,multiscene_candidate_006,0,direction_085,44.0,False,True,False,0.0017013736069202423,-0.0015879198908805847,27,27,"{""actor0"":""/World/Franka/panda_link6"",""actor1"":""/World/FormalObstacle"",""collider0"":""/World/Franka/panda_link6/geometry/panda_link6"",""collider1"":""/World/FormalObstacle"",""contact_count"":3,""minimum_separation_m"":-0.0015879198908805847}"
multiscene_candidate_006__inflation_000mm__direction_085__046mm,multiscene_candidate_006__inflation_000mm,multiscene_candidate_006,0,direction_085,46.0,False,True,False,0.0013511478900909424,-0.0018821284174919128,27,27,"{""actor0"":""/World/Franka/panda_link6"",""actor1"":""/World/FormalObstacle"",""collider0"":""/World/Franka/panda_link6/geometry/panda_link6"",""collider1"":""/World/FormalObstacle"",""contact_count"":3,""minimum_separation_m"":-0.0018821284174919128}"
multiscene_candidate_006__inflation_000mm__direction_085__048mm,multiscene_candidate_006__inflation_000mm,multiscene_candidate_006,0,direction_085,48.0,False,True,False,0.0010818913578987122,-0.0021763108670711517,27,27,"{""actor0"":""/World/Franka/panda_link6"",""actor1"":""/World/FormalObstacle"",""collider0"":""/World/Franka/panda_link6/geometry/panda_link6"",""collider1"":""/World/FormalObstacle"",""contact_count"":3,""minimum_separation_m"":-0.0021763108670711517}"
multiscene_candidate_006__inflation_000mm__direction_085__050mm,multiscene_candidate_006__inflation_000mm,multiscene_candidate_006,0,direction_085,50.0,False,True,False,0.0008950270712375641,-0.002470538020133972,27,27,"{""actor0"":""/World/Franka/panda_link6"",""actor1"":""/World/FormalObstacle"",""collider0"":""/World/Franka/panda_link6/geometry/panda_link6"",""collider1"":""/World/FormalObstacle"",""contact_count"":3,""minimum_separation_m"":-0.002470538020133972}"
multiscene_candidate_006__inflation_000mm__direction_085__052mm,multiscene_candidate_006__inflation_000mm,multiscene_candidate_006,0,direction_085,52.0,False,True,False,0.0007915087044239044,-0.0028064511716365814,27,28,"{""actor0"":""/World/Franka/panda_link6"",""actor1"":""/World/FormalObstacle"",""collider0"":""/World/Franka/panda_link6/geometry/panda_link6"",""collider1"":""/World/FormalObstacle"",""contact_count"":4,""minimum_separation_m"":-0.0028064511716365814}"
multiscene_candidate_006__inflation_000mm__direction_085__054mm,multiscene_candidate_006__inflation_000mm,multiscene_candidate_006,0,direction_085,54.0,False,True,False,0.0003930330276489258,-0.0034783072769641876,28,28,"{""actor0"":""/World/Franka/panda_link6"",""actor1"":""/World/FormalObstacle"",""collider0"":""/World/Franka/panda_link6/geometry/panda_link6"",""collider1"":""/World/FormalObstacle"",""contact_count"":4,""minimum_separation_m"":-0.0034783072769641876}"
multiscene_candidate_006__inflation_000mm__direction_086__018mm,multiscene_candidate_006__inflation_000mm,multiscene_candidate_006,0,direction_086,18.0,False,True,False,0.0022396259009838104,-0.0008012689650058746,24,24,"{""actor0"":""/World/Franka/panda_link6"",""actor1"":""/World/FormalObstacle"",""collider0"":""/World/Franka/panda_link6/geometry/panda_link6"",""collider1"":""/World/FormalObstacle"",""contact_count"":3,""minimum_separation_m"":-0.0008012689650058746}"
multiscene_candidate_006__inflation_000mm__direction_086__020mm,multiscene_candidate_006__inflation_000mm,multiscene_candidate_006,0,direction_086,20.0,False,True,False,0.0014153942465782166,-0.0016928315162658691,24,24,"{""actor0"":""/World/Franka/panda_link6"",""actor1"":""/World/FormalObstacle"",""collider0"":""/World/Franka/panda_link6/geometry/panda_link6"",""collider1"":""/World/FormalObstacle"",""contact_count"":3,""minimum_separation_m"":-0.0016928315162658691}"
multiscene_candidate_006__inflation_000mm__direction_086__022mm,multiscene_candidate_006__inflation_000mm,multiscene_candidate_006,0,direction_086,22.0,False,True,False,0.0006131790578365326,-0.0024216845631599426,24,24,"{""actor0"":""/World/Franka/panda_link6"",""actor1"":""/World/FormalObstacle"",""collider0"":""/World/Franka/panda_link6/geometry/panda_link6"",""collider1"":""/World/FormalObstacle"",""contact_count"":4,""minimum_separation_m"":-0.0024216845631599426}"
multiscene_candidate_006__inflation_000mm__direction_087__032mm,multiscene_candidate_006__inflation_000mm,multiscene_candidate_006,0,direction_087,32.0,True,False,False,-0.00038073211908340454,0.0007401183247566223,25,26,"{""actor0"":""/World/Franka/panda_link6"",""actor1"":""/World/FormalObstacle"",""collider0"":""/World/Franka/panda_link6/geometry/panda_link6"",""collider1"":""/World/FormalObstacle"",""contact_count"":3,""minimum_separation_m"":0.0007401183247566223}"
multiscene_candidate_006__inflation_000mm__direction_087__034mm,multiscene_candidate_006__inflation_000mm,multiscene_candidate_006,0,direction_087,34.0,True,False,False,-0.0007576346397399902,0.00023803859949111938,25,26,"{""actor0"":""/World/Franka/panda_link6"",""actor1"":""/World/FormalObstacle"",""collider0"":""/World/Franka/panda_link6/geometry/panda_link6"",""collider1"":""/World/FormalObstacle"",""contact_count"":3,""minimum_separation_m"":0.00023803859949111938}"
multiscene_candidate_006__inflation_000mm__direction_088__026mm,multiscene_candidate_006__inflation_000mm,multiscene_candidate_006,0,direction_088,26.0,False,True,False,0.003417469561100006,-4.5709311962127686e-06,26,26,"{""actor0"":""/World/Franka/panda_link6"",""actor1"":""/World/FormalObstacle"",""collider0"":""/World/Franka/panda_link6/geometry/panda_link6"",""collider1"":""/World/FormalObstacle"",""contact_count"":4,""minimum_separation_m"":-4.5709311962127686e-06}"
multiscene_candidate_006__inflation_000mm__direction_088__028mm,multiscene_candidate_006__inflation_000mm,multiscene_candidate_006,0,direction_088,28.0,False,True,False,0.0027033276855945587,-0.0007702000439167023,26,26,"{""actor0"":""/World/Franka/panda_link6"",""actor1"":""/World/FormalObstacle"",""collider0"":""/World/Franka/panda_link6/geometry/panda_link6"",""collider1"":""/World/FormalObstacle"",""contact_count"":4,""minimum_separation_m"":-0.0007702000439167023}"
multiscene_candidate_006__inflation_000mm__direction_088__030mm,multiscene_candidate_006__inflation_000mm,multiscene_candidate_006,0,direction_088,30.0,False,True,False,0.002032563090324402,-0.0014239586889743805,26,26,"{""actor0"":""/World/Franka/panda_link6"",""actor1"":""/World/FormalObstacle"",""collider0"":""/World/Franka/panda_link6/geometry/panda_link6"",""collider1"":""/World/FormalObstacle"",""contact_count"":3,""minimum_separation_m"":-0.0014239586889743805}"
multiscene_candidate_006__inflation_000mm__direction_088__032mm,multiscene_candidate_006__inflation_000mm,multiscene_candidate_006,0,direction_088,32.0,False,True,False,0.0014070570468902588,-0.001916501671075821,26,26,"{""actor0"":""/World/Franka/panda_link6"",""actor1"":""/World/FormalObstacle"",""collider0"":""/World/Franka/panda_link6/geometry/panda_link6"",""collider1"":""/World/FormalObstacle"",""contact_count"":3,""minimum_separation_m"":-0.001916501671075821}"
multiscene_candidate_006__inflation_000mm__direction_088__034mm,multiscene_candidate_006__inflation_000mm,multiscene_candidate_006,0,direction_088,34.0,False,True,False,0.0008286088705062866,-0.002409089356660843,26,26,"{""actor0"":""/World/Franka/panda_link6"",""actor1"":""/World/FormalObstacle"",""collider0"":""/World/Franka/panda_link6/geometry/panda_link6"",""collider1"":""/World/FormalObstacle"",""contact_count"":3,""minimum_separation_m"":-0.002409089356660843}"
multiscene_candidate_006__inflation_000mm__direction_088__036mm,multiscene_candidate_006__inflation_000mm,multiscene_candidate_006,0,direction_088,36.0,False,True,False,0.00029913708567619324,-0.0029016099870204926,26,26,"{""actor0"":""/World/Franka/panda_link6"",""actor1"":""/World/FormalObstacle"",""collider0"":""/World/Franka/panda_link6/geometry/panda_link6"",""collider1"":""/World/FormalObstacle"",""contact_count"":3,""minimum_separation_m"":-0.0029016099870204926}"
multiscene_candidate_006__inflation_000mm__direction_090__028mm,multiscene_candidate_006__inflation_000mm,multiscene_candidate_006,0,direction_090,28.0,False,True,False,0.001777835190296173,-0.00022988766431808472,26,26,"{""actor0"":""/World/Franka/panda_link6"",""actor1"":""/World/FormalObstacle"",""collider0"":""/World/Franka/panda_link6/geometry/panda_link6"",""collider1"":""/World/FormalObstacle"",""contact_count"":4,""minimum_separation_m"":-0.00022988766431808472}"
multiscene_candidate_006__inflation_000mm__direction_090__030mm,multiscene_candidate_006__inflation_000mm,multiscene_candidate_006,0,direction_090,30.0,False,True,False,0.000998716801404953,-0.0007324740290641785,26,26,"{""actor0"":""/World/Franka/panda_link6"",""actor1"":""/World/FormalObstacle"",""collider0"":""/World/Franka/panda_link6/geometry/panda_link6"",""collider1"":""/World/FormalObstacle"",""contact_count"":4,""minimum_separation_m"":-0.0007324740290641785}"
multiscene_candidate_006__inflation_000mm__direction_090__032mm,multiscene_candidate_006__inflation_000mm,multiscene_candidate_006,0,direction_090,32.0,False,True,False,0.0002588629722595215,-0.0012350529432296753,26,26,"{""actor0"":""/World/Franka/panda_link6"",""actor1"":""/World/FormalObstacle"",""collider0"":""/World/Franka/panda_link6/geometry/panda_link6"",""collider1"":""/World/FormalObstacle"",""contact_count"":4,""minimum_separation_m"":-0.0012350529432296753}"
multiscene_candidate_006__inflation_000mm__direction_091__018mm,multiscene_candidate_006__inflation_000mm,multiscene_candidate_006,0,direction_091,18.0,False,True,False,0.0028253495693206787,-0.0006682537496089935,24,24,"{""actor0"":""/World/Franka/panda_link6"",""actor1"":""/World/FormalObstacle"",""collider0"":""/World/Franka/panda_link6/geometry/panda_link6"",""collider1"":""/World/FormalObstacle"",""contact_count"":3,""minimum_separation_m"":-0.0006682537496089935}"
multiscene_candidate_006__inflation_000mm__direction_091__020mm,multiscene_candidate_006__inflation_000mm,multiscene_candidate_006,0,direction_091,20.0,False,True,False,0.0019774362444877625,-0.0015450790524482727,24,24,"{""actor0"":""/World/Franka/panda_link6"",""actor1"":""/World/FormalObstacle"",""collider0"":""/World/Franka/panda_link6/geometry/panda_link6"",""collider1"":""/World/FormalObstacle"",""contact_count"":3,""minimum_separation_m"":-0.0015450790524482727}"
multiscene_candidate_006__inflation_000mm__direction_091__022mm,multiscene_candidate_006__inflation_000mm,multiscene_candidate_006,0,direction_091,22.0,False,True,False,0.0011301636695861816,-0.0024218857288360596,24,24,"{""actor0"":""/World/Franka/panda_link6"",""actor1"":""/World/FormalObstacle"",""collider0"":""/World/Franka/panda_link6/geometry/panda_link6"",""collider1"":""/World/FormalObstacle"",""contact_count"":3,""minimum_separation_m"":-0.0024218857288360596}"
multiscene_candidate_006__inflation_000mm__direction_091__024mm,multiscene_candidate_006__inflation_000mm,multiscene_candidate_006,0,direction_091,24.0,False,True,False,0.00028357282280921936,-0.0032987110316753387,24,24,"{""actor0"":""/World/Franka/panda_link6"",""actor1"":""/World/FormalObstacle"",""collider0"":""/World/Franka/panda_link6/geometry/panda_link6"",""collider1"":""/World/FormalObstacle"",""contact_count"":3,""minimum_separation_m"":-0.0032987110316753387}"
multiscene_candidate_006__inflation_000mm__direction_092__020mm,multiscene_candidate_006__inflation_000mm,multiscene_candidate_006,0,direction_092,20.0,True,False,False,-0.000359904021024704,0.0006398409605026245,24,25,"{""actor0"":""/World/Franka/panda_link6"",""actor1"":""/World/FormalObstacle"",""collider0"":""/World/Franka/panda_link6/geometry/panda_link6"",""collider1"":""/World/FormalObstacle"",""contact_count"":4,""minimum_separation_m"":0.0006398409605026245}"
multiscene_candidate_006__inflation_000mm__direction_093__022mm,multiscene_candidate_006__inflation_000mm,multiscene_candidate_006,0,direction_093,22.0,False,True,False,0.003266729414463043,-0.0001920945942401886,26,26,"{""actor0"":""/World/Franka/panda_link6"",""actor1"":""/World/FormalObstacle"",""collider0"":""/World/Franka/panda_link6/geometry/panda_link6"",""collider1"":""/World/FormalObstacle"",""contact_count"":4,""minimum_separation_m"":-0.0001920945942401886}"
multiscene_candidate_006__inflation_000mm__direction_093__024mm,multiscene_candidate_006__inflation_000mm,multiscene_candidate_006,0,direction_093,24.0,False,True,False,0.0024581030011177063,-0.0009899325668811798,26,26,"{""actor0"":""/World/Franka/panda_link6"",""actor1"":""/World/FormalObstacle"",""collider0"":""/World/Franka/panda_link6/geometry/panda_link6"",""collider1"":""/World/FormalObstacle"",""contact_count"":3,""minimum_separation_m"":-0.0009899325668811798}"
multiscene_candidate_006__inflation_000mm__direction_093__026mm,multiscene_candidate_006__inflation_000mm,multiscene_candidate_006,0,direction_093,26.0,False,True,False,0.001719832420349121,-0.0015693902969360352,26,26,"{""actor0"":""/World/Franka/panda_link6"",""actor1"":""/World/FormalObstacle"",""collider0"":""/World/Franka/panda_link6/geometry/panda_link6"",""collider1"":""/World/FormalObstacle"",""contact_count"":3,""minimum_separation_m"":-0.0015693902969360352}"
multiscene_candidate_006__inflation_000mm__direction_093__028mm,multiscene_candidate_006__inflation_000mm,multiscene_candidate_006,0,direction_093,28.0,False,True,False,0.0010551810264587402,-0.002148933708667755,26,26,"{""actor0"":""/World/Franka/panda_link6"",""actor1"":""/World/FormalObstacle"",""collider0"":""/World/Franka/panda_link6/geometry/panda_link6"",""collider1"":""/World/FormalObstacle"",""contact_count"":3,""minimum_separation_m"":-0.002148933708667755}"
multiscene_candidate_006__inflation_000mm__direction_093__030mm,multiscene_candidate_006__inflation_000mm,multiscene_candidate_006,0,direction_093,30.0,False,True,False,0.0004674941301345825,-0.0027283988893032074,26,26,"{""actor0"":""/World/Franka/panda_link6"",""actor1"":""/World/FormalObstacle"",""collider0"":""/World/Franka/panda_link6/geometry/panda_link6"",""collider1"":""/World/FormalObstacle"",""contact_count"":3,""minimum_separation_m"":-0.0027283988893032074}"
multiscene_candidate_006__inflation_000mm__direction_094__014mm,multiscene_candidate_006__inflation_000mm,multiscene_candidate_006,0,direction_094,14.0,False,True,False,0.0018560774624347687,-0.00022036582231521606,24,23,"{""actor0"":""/World/Franka/panda_link6"",""actor1"":""/World/FormalObstacle"",""collider0"":""/World/Franka/panda_link6/geometry/panda_link6"",""collider1"":""/World/FormalObstacle"",""contact_count"":4,""minimum_separation_m"":-0.00022036582231521606}"
multiscene_candidate_006__inflation_000mm__direction_094__016mm,multiscene_candidate_006__inflation_000mm,multiscene_candidate_006,0,direction_094,16.0,False,True,False,0.0007554367184638977,-0.0013445690274238586,24,24,"{""actor0"":""/World/Franka/panda_link6"",""actor1"":""/World/FormalObstacle"",""collider0"":""/World/Franka/panda_link6/geometry/panda_link6"",""collider1"":""/World/FormalObstacle"",""contact_count"":4,""minimum_separation_m"":-0.0013445690274238586}"
multiscene_candidate_006__inflation_000mm__direction_096__016mm,multiscene_candidate_006__inflation_000mm,multiscene_candidate_006,0,direction_096,16.0,False,True,False,0.003022175282239914,-0.00012582913041114807,25,25,"{""actor0"":""/World/Franka/panda_link6"",""actor1"":""/World/FormalObstacle"",""collider0"":""/World/Franka/panda_link6/geometry/panda_link6"",""collider1"":""/World/FormalObstacle"",""contact_count"":3,""minimum_separation_m"":-0.00012582913041114807}"
multiscene_candidate_006__inflation_000mm__direction_096__018mm,multiscene_candidate_006__inflation_000mm,multiscene_candidate_006,0,direction_096,18.0,False,True,False,0.0021316036581993103,-0.0009864233434200287,25,25,"{""actor0"":""/World/Franka/panda_link6"",""actor1"":""/World/FormalObstacle"",""collider0"":""/World/Franka/panda_link6/geometry/panda_link6"",""collider1"":""/World/FormalObstacle"",""contact_count"":3,""minimum_separation_m"":-0.0009864233434200287}"
multiscene_candidate_006__inflation_000mm__direction_096__020mm,multiscene_candidate_006__inflation_000mm,multiscene_candidate_006,0,direction_096,20.0,False,True,False,0.0012615732848644257,-0.0018469318747520447,25,25,"{""actor0"":""/World/Franka/panda_link6"",""actor1"":""/World/FormalObstacle"",""collider0"":""/World/Franka/panda_link6/geometry/panda_link6"",""collider1"":""/World/FormalObstacle"",""contact_count"":3,""minimum_separation_m"":-0.0018469318747520447}"
multiscene_candidate_006__inflation_000mm__direction_096__022mm,multiscene_candidate_006__inflation_000mm,multiscene_candidate_006,0,direction_096,22.0,False,True,False,0.00041314586997032166,-0.00270751491189003,25,25,"{""actor0"":""/World/Franka/panda_link6"",""actor1"":""/World/FormalObstacle"",""collider0"":""/World/Franka/panda_link6/geometry/panda_link6"",""collider1"":""/World/FormalObstacle"",""contact_count"":3,""minimum_separation_m"":-0.00270751491189003}"
multiscene_candidate_006__inflation_000mm__direction_098__018mm,multiscene_candidate_006__inflation_000mm,multiscene_candidate_006,0,direction_098,18.0,False,True,False,0.0029064789414405823,-0.0002492368221282959,25,25,"{""actor0"":""/World/Franka/panda_link6"",""actor1"":""/World/FormalObstacle"",""collider0"":""/World/Franka/panda_link6/geometry/panda_link6"",""collider1"":""/World/FormalObstacle"",""contact_count"":4,""minimum_separation_m"":-0.0002492368221282959}"
multiscene_candidate_006__inflation_000mm__direction_098__020mm,multiscene_candidate_006__inflation_000mm,multiscene_candidate_006,0,direction_098,20.0,False,True,False,0.0023261941969394684,-0.0011170879006385803,25,25,"{""actor0"":""/World/Franka/panda_link6"",""actor1"":""/World/FormalObstacle"",""collider0"":""/World/Franka/panda_link6/geometry/panda_link6"",""collider1"":""/World/FormalObstacle"",""contact_count"":4,""minimum_separation_m"":-0.0011170879006385803}"
multiscene_candidate_006__inflation_000mm__direction_098__022mm,multiscene_candidate_006__inflation_000mm,multiscene_candidate_006,0,direction_098,22.0,False,True,False,0.001499917358160019,-0.0019887425005435944,26,25,"{""actor0"":""/World/Franka/panda_link6"",""actor1"":""/World/FormalObstacle"",""collider0"":""/World/Franka/panda_link6/geometry/panda_link6"",""collider1"":""/World/FormalObstacle"",""contact_count"":3,""minimum_separation_m"":-0.0019887425005435944}"
multiscene_candidate_006__inflation_000mm__direction_098__024mm,multiscene_candidate_006__inflation_000mm,multiscene_candidate_006,0,direction_098,24.0,False,True,False,0.0004393383860588074,-0.0029889829456806183,26,26,"{""actor0"":""/World/Franka/panda_link6"",""actor1"":""/World/FormalObstacle"",""collider0"":""/World/Franka/panda_link6/geometry/panda_link6"",""collider1"":""/World/FormalObstacle"",""contact_count"":4,""minimum_separation_m"":-0.0029889829456806183}"
multiscene_candidate_006__inflation_000mm__direction_099__012mm,multiscene_candidate_006__inflation_000mm,multiscene_candidate_006,0,direction_099,12.0,False,True,False,0.0030150488018989563,-0.00011410191655158997,24,24,"{""actor0"":""/World/Franka/panda_link6"",""actor1"":""/World/FormalObstacle"",""collider0"":""/World/Franka/panda_link6/geometry/panda_link6"",""collider1"":""/World/FormalObstacle"",""contact_count"":3,""minimum_separation_m"":-0.00011410191655158997}"
multiscene_candidate_006__inflation_000mm__direction_099__014mm,multiscene_candidate_006__inflation_000mm,multiscene_candidate_006,0,direction_099,14.0,False,True,False,0.0017793625593185425,-0.0013369694352149963,24,24,"{""actor0"":""/World/Franka/panda_link6"",""actor1"":""/World/FormalObstacle"",""collider0"":""/World/Franka/panda_link6/geometry/panda_link6"",""collider1"":""/World/FormalObstacle"",""contact_count"":3,""minimum_separation_m"":-0.0013369694352149963}"
multiscene_candidate_006__inflation_000mm__direction_099__016mm,multiscene_candidate_006__inflation_000mm,multiscene_candidate_006,0,direction_099,16.0,False,True,False,0.0005466639995574951,-0.0025598108768463135,24,24,"{""actor0"":""/World/Franka/panda_link6"",""actor1"":""/World/FormalObstacle"",""collider0"":""/World/Franka/panda_link6/geometry/panda_link6"",""collider1"":""/World/FormalObstacle"",""contact_count"":3,""minimum_separation_m"":-0.0025598108768463135}"
multiscene_candidate_006__inflation_000mm__direction_101__016mm,multiscene_candidate_006__inflation_000mm,multiscene_candidate_006,0,direction_101,16.0,False,True,False,0.002620019018650055,-0.0005134940147399902,25,25,"{""actor0"":""/World/Franka/panda_link6"",""actor1"":""/World/FormalObstacle"",""collider0"":""/World/Franka/panda_link6/geometry/panda_link6"",""collider1"":""/World/FormalObstacle"",""contact_count"":3,""minimum_separation_m"":-0.0005134940147399902}"
multiscene_candidate_006__inflation_000mm__direction_101__018mm,multiscene_candidate_006__inflation_000mm,multiscene_candidate_006,0,direction_101,18.0,False,True,False,0.0018310584127902985,-0.001422494649887085,25,25,"{""actor0"":""/World/Franka/panda_link6"",""actor1"":""/World/FormalObstacle"",""collider0"":""/World/Franka/panda_link6/geometry/panda_link6"",""collider1"":""/World/FormalObstacle"",""contact_count"":3,""minimum_separation_m"":-0.001422494649887085}"
multiscene_candidate_006__inflation_000mm__direction_101__020mm,multiscene_candidate_006__inflation_000mm,multiscene_candidate_006,0,direction_101,20.0,False,True,False,0.0011026076972484589,-0.0023314878344535828,25,25,"{""actor0"":""/World/Franka/panda_link6"",""actor1"":""/World/FormalObstacle"",""collider0"":""/World/Franka/panda_link6/geometry/panda_link6"",""collider1"":""/World/FormalObstacle"",""contact_count"":3,""minimum_separation_m"":-0.0023314878344535828}"
multiscene_candidate_006__inflation_000mm__direction_101__022mm,multiscene_candidate_006__inflation_000mm,multiscene_candidate_006,0,direction_101,22.0,False,True,False,0.0004376322031021118,-0.003240421414375305,25,25,"{""actor0"":""/World/Franka/panda_link6"",""actor1"":""/World/FormalObstacle"",""collider0"":""/World/Franka/panda_link6/geometry/panda_link6"",""collider1"":""/World/FormalObstacle"",""contact_count"":3,""minimum_separation_m"":-0.003240421414375305}"
multiscene_candidate_006__inflation_000mm__direction_102__014mm,multiscene_candidate_006__inflation_000mm,multiscene_candidate_006,0,direction_102,14.0,False,True,False,4.0840357542037964e-05,-0.0012901946902275085,24,24,"{""actor0"":""/World/Franka/panda_link6"",""actor1"":""/World/FormalObstacle"",""collider0"":""/World/Franka/panda_link6/geometry/panda_link6"",""collider1"":""/World/FormalObstacle"",""contact_count"":4,""minimum_separation_m"":-0.0012901946902275085}"
multiscene_candidate_006__inflation_000mm__direction_103__016mm,multiscene_candidate_006__inflation_000mm,multiscene_candidate_006,0,direction_103,16.0,False,True,False,0.0013103410601615906,-4.804879426956177e-05,25,25,"{""actor0"":""/World/Franka/panda_link6"",""actor1"":""/World/FormalObstacle"",""collider0"":""/World/Franka/panda_link6/geometry/panda_link6"",""collider1"":""/World/FormalObstacle"",""contact_count"":4,""minimum_separation_m"":-4.804879426956177e-05}"
multiscene_candidate_006__inflation_000mm__direction_103__018mm,multiscene_candidate_006__inflation_000mm,multiscene_candidate_006,0,direction_103,18.0,False,True,False,0.0002160891890525818,-0.0009991899132728577,25,25,"{""actor0"":""/World/Franka/panda_link6"",""actor1"":""/World/FormalObstacle"",""collider0"":""/World/Franka/panda_link6/geometry/panda_link6"",""collider1"":""/World/FormalObstacle"",""contact_count"":4,""minimum_separation_m"":-0.0009991899132728577}"
multiscene_candidate_006__inflation_000mm__direction_104__012mm,multiscene_candidate_006__inflation_000mm,multiscene_candidate_006,0,direction_104,12.0,False,True,False,0.003171592950820923,-0.00011444464325904846,25,24,"{""actor0"":""/World/Franka/panda_link6"",""actor1"":""/World/FormalObstacle"",""collider0"":""/World/Franka/panda_link6/geometry/panda_link6"",""collider1"":""/World/FormalObstacle"",""contact_count"":3,""minimum_separation_m"":-0.00011444464325904846}"
multiscene_candidate_006__inflation_000mm__direction_104__014mm,multiscene_candidate_006__inflation_000mm,multiscene_candidate_006,0,direction_104,14.0,False,True,False,0.001911349594593048,-0.0013373196125030518,25,24,"{""actor0"":""/World/Franka/panda_link6"",""actor1"":""/World/FormalObstacle"",""collider0"":""/World/Franka/panda_link6/geometry/panda_link6"",""collider1"":""/World/FormalObstacle"",""contact_count"":3,""minimum_separation_m"":-0.0013373196125030518}"
multiscene_candidate_006__inflation_000mm__direction_104__016mm,multiscene_candidate_006__inflation_000mm,multiscene_candidate_006,0,direction_104,16.0,False,True,False,0.0006526820361614227,-0.0025602690875530243,25,24,"{""actor0"":""/World/Franka/panda_link6"",""actor1"":""/World/FormalObstacle"",""collider0"":""/World/Franka/panda_link6/geometry/panda_link6"",""collider1"":""/World/FormalObstacle"",""contact_count"":3,""minimum_separation_m"":-0.0025602690875530243}"
multiscene_candidate_006__inflation_000mm__direction_106__014mm,multiscene_candidate_006__inflation_000mm,multiscene_candidate_006,0,direction_106,14.0,False,True,False,0.002484560012817383,-0.0006154961884021759,25,25,"{""actor0"":""/World/Franka/panda_link6"",""actor1"":""/World/FormalObstacle"",""collider0"":""/World/Franka/panda_link6/geometry/panda_link6"",""collider1"":""/World/FormalObstacle"",""contact_count"":3,""minimum_separation_m"":-0.0006154961884021759}"
multiscene_candidate_006__inflation_000mm__direction_106__016mm,multiscene_candidate_006__inflation_000mm,multiscene_candidate_006,0,direction_106,16.0,False,True,False,0.0015253722667694092,-0.0016689039766788483,25,25,"{""actor0"":""/World/Franka/panda_link6"",""actor1"":""/World/FormalObstacle"",""collider0"":""/World/Franka/panda_link6/geometry/panda_link6"",""collider1"":""/World/FormalObstacle"",""contact_count"":3,""minimum_separation_m"":-0.0016689039766788483}"
multiscene_candidate_006__inflation_000mm__direction_106__018mm,multiscene_candidate_006__inflation_000mm,multiscene_candidate_006,0,direction_106,18.0,False,True,False,0.0006334073841571808,-0.002722363919019699,25,25,"{""actor0"":""/World/Franka/panda_link6"",""actor1"":""/World/FormalObstacle"",""collider0"":""/World/Franka/panda_link6/geometry/panda_link6"",""collider1"":""/World/FormalObstacle"",""contact_count"":3,""minimum_separation_m"":-0.002722363919019699}"
multiscene_candidate_006__inflation_000mm__direction_107__010mm,multiscene_candidate_006__inflation_000mm,multiscene_candidate_006,0,direction_107,10.0,False,True,False,0.002621512860059738,-3.419816493988037e-06,24,23,"{""actor0"":""/World/Franka/panda_link6"",""actor1"":""/World/FormalObstacle"",""collider0"":""/World/Franka/panda_link6/geometry/panda_link6"",""collider1"":""/World/FormalObstacle"",""contact_count"":4,""minimum_separation_m"":-3.419816493988037e-06}"
multiscene_candidate_006__inflation_000mm__direction_107__012mm,multiscene_candidate_006__inflation_000mm,multiscene_candidate_006,0,direction_107,12.0,False,True,False,0.0010750778019428253,-0.0015244483947753906,24,23,"{""actor0"":""/World/Franka/panda_link6"",""actor1"":""/World/FormalObstacle"",""collider0"":""/World/Franka/panda_link6/geometry/panda_link6"",""collider1"":""/World/FormalObstacle"",""contact_count"":4,""minimum_separation_m"":-0.0015244483947753906}"
multiscene_candidate_006__inflation_000mm__direction_108__014mm,multiscene_candidate_006__inflation_000mm,multiscene_candidate_006,0,direction_108,14.0,False,True,False,0.0010234974324703217,-0.0003291890025138855,25,25,"{""actor0"":""/World/Franka/panda_link6"",""actor1"":""/World/FormalObstacle"",""collider0"":""/World/Franka/panda_link6/geometry/panda_link6"",""collider1"":""/World/FormalObstacle"",""contact_count"":4,""minimum_separation_m"":-0.0003291890025138855}"
multiscene_candidate_006__inflation_000mm__direction_109__012mm,multiscene_candidate_006__inflation_000mm,multiscene_candidate_006,0,direction_109,12.0,False,True,False,0.0024879612028598785,-0.000739704817533493,25,25,"{""actor0"":""/World/Franka/panda_link6"",""actor1"":""/World/FormalObstacle"",""collider0"":""/World/Franka/panda_link6/geometry/panda_link6"",""collider1"":""/World/FormalObstacle"",""contact_count"":3,""minimum_separation_m"":-0.000739704817533493}"
multiscene_candidate_006__inflation_000mm__direction_109__014mm,multiscene_candidate_006__inflation_000mm,multiscene_candidate_006,0,direction_109,14.0,False,True,False,0.0011844523251056671,-0.0019893907010555267,25,25,"{""actor0"":""/World/Franka/panda_link6"",""actor1"":""/World/FormalObstacle"",""collider0"":""/World/Franka/panda_link6/geometry/panda_link6"",""collider1"":""/World/FormalObstacle"",""contact_count"":3,""minimum_separation_m"":-0.0019893907010555267}"
multiscene_candidate_006__inflation_000mm__direction_110__012mm,multiscene_candidate_006__inflation_000mm,multiscene_candidate_006,0,direction_110,12.0,False,True,False,0.00011278688907623291,-0.0009259805083274841,24,24,"{""actor0"":""/World/Franka/panda_link6"",""actor1"":""/World/FormalObstacle"",""collider0"":""/World/Franka/panda_link6/geometry/panda_link6"",""collider1"":""/World/FormalObstacle"",""contact_count"":4,""minimum_separation_m"":-0.0009259805083274841}"
multiscene_candidate_006__inflation_000mm__direction_111__012mm,multiscene_candidate_006__inflation_000mm,multiscene_candidate_006,0,direction_111,12.0,False,True,False,0.00221165269613266,-7.651001214981079e-05,25,25,"{""actor0"":""/World/Franka/panda_link6"",""actor1"":""/World/FormalObstacle"",""collider0"":""/World/Franka/panda_link6/geometry/panda_link6"",""collider1"":""/World/FormalObstacle"",""contact_count"":4,""minimum_separation_m"":-7.651001214981079e-05}"
multiscene_candidate_006__inflation_000mm__direction_111__014mm,multiscene_candidate_006__inflation_000mm,multiscene_candidate_006,0,direction_111,14.0,False,True,False,0.0008882544934749603,-0.0013494417071342468,25,25,"{""actor0"":""/World/Franka/panda_link6"",""actor1"":""/World/FormalObstacle"",""collider0"":""/World/Franka/panda_link6/geometry/panda_link6"",""collider1"":""/World/FormalObstacle"",""contact_count"":4,""minimum_separation_m"":-0.0013494417071342468}"
multiscene_candidate_006__inflation_000mm__direction_112__010mm,multiscene_candidate_006__inflation_000mm,multiscene_candidate_006,0,direction_112,10.0,False,True,False,0.002875380218029022,-0.0005674399435520172,24,24,"{""actor0"":""/World/Franka/panda_link6"",""actor1"":""/World/FormalObstacle"",""collider0"":""/World/Franka/panda_link6/geometry/panda_link6"",""collider1"":""/World/FormalObstacle"",""contact_count"":3,""minimum_separation_m"":-0.0005674399435520172}"
multiscene_candidate_006__inflation_000mm__direction_112__012mm,multiscene_candidate_006__inflation_000mm,multiscene_candidate_006,0,direction_112,12.0,False,True,False,0.00135716050863266,-0.002125535160303116,24,24,"{""actor0"":""/World/Franka/panda_link6"",""actor1"":""/World/FormalObstacle"",""collider0"":""/World/Franka/panda_link6/geometry/panda_link6"",""collider1"":""/World/FormalObstacle"",""contact_count"":3,""minimum_separation_m"":-0.002125535160303116}"
multiscene_candidate_006__inflation_000mm__direction_113__012mm,multiscene_candidate_006__inflation_000mm,multiscene_candidate_006,0,direction_113,12.0,False,True,False,0.0004641339182853699,-0.0006435737013816833,24,25,"{""actor0"":""/World/Franka/panda_link6"",""actor1"":""/World/FormalObstacle"",""collider0"":""/World/Franka/panda_link6/geometry/panda_link6"",""collider1"":""/World/FormalObstacle"",""contact_count"":4,""minimum_separation_m"":-0.0006435737013816833}"
multiscene_candidate_006__inflation_000mm__direction_114__010mm,multiscene_candidate_006__inflation_000mm,multiscene_candidate_006,0,direction_114,10.0,False,True,False,0.00315701961517334,-4.387274384498596e-05,25,25,"{""actor0"":""/World/Franka/panda_link6"",""actor1"":""/World/FormalObstacle"",""collider0"":""/World/Franka/panda_link6/geometry/panda_link6"",""collider1"":""/World/FormalObstacle"",""contact_count"":3,""minimum_separation_m"":-4.387274384498596e-05}"
multiscene_candidate_006__inflation_000mm__direction_114__012mm,multiscene_candidate_006__inflation_000mm,multiscene_candidate_006,0,direction_114,12.0,False,True,False,0.0017372332513332367,-0.0014043524861335754,25,25,"{""actor0"":""/World/Franka/panda_link6"",""actor1"":""/World/FormalObstacle"",""collider0"":""/World/Franka/panda_link6/geometry/panda_link6"",""collider1"":""/World/FormalObstacle"",""contact_count"":3,""minimum_separation_m"":-0.0014043524861335754}"
multiscene_candidate_006__inflation_000mm__direction_114__014mm,multiscene_candidate_006__inflation_000mm,multiscene_candidate_006,0,direction_114,14.0,False,True,False,0.00035877153277397156,-0.0027647726237773895,25,25,"{""actor0"":""/World/Franka/panda_link6"",""actor1"":""/World/FormalObstacle"",""collider0"":""/World/Franka/panda_link6/geometry/panda_link6"",""collider1"":""/World/FormalObstacle"",""contact_count"":3,""minimum_separation_m"":-0.0027647726237773895}"
multiscene_candidate_006__inflation_000mm__direction_115__010mm,multiscene_candidate_006__inflation_000mm,multiscene_candidate_006,0,direction_115,10.0,False,True,False,0.001341693103313446,-0.0007095709443092346,24,24,"{""actor0"":""/World/Franka/panda_link6"",""actor1"":""/World/FormalObstacle"",""collider0"":""/World/Franka/panda_link6/geometry/panda_link6"",""collider1"":""/World/FormalObstacle"",""contact_count"":4,""minimum_separation_m"":-0.0007095709443092346}"
multiscene_candidate_006__inflation_000mm__direction_116__012mm,multiscene_candidate_006__inflation_000mm,multiscene_candidate_006,0,direction_116,12.0,False,True,False,0.0009499751031398773,-0.0009320154786109924,25,25,"{""actor0"":""/World/Franka/panda_link6"",""actor1"":""/World/FormalObstacle"",""collider0"":""/World/Franka/panda_link6/geometry/panda_link6"",""collider1"":""/World/FormalObstacle"",""contact_count"":4,""minimum_separation_m"":-0.0009320154786109924}"
multiscene_candidate_006__inflation_000mm__direction_117__010mm,multiscene_candidate_006__inflation_000mm,multiscene_candidate_006,0,direction_117,10.0,False,True,False,0.002418719232082367,-0.0007876679301261902,25,24,"{""actor0"":""/World/Franka/panda_link6"",""actor1"":""/World/FormalObstacle"",""collider0"":""/World/Franka/panda_link6/geometry/panda_link6"",""collider1"":""/World/FormalObstacle"",""contact_count"":3,""minimum_separation_m"":-0.0007876679301261902}"
multiscene_candidate_006__inflation_000mm__direction_117__012mm,multiscene_candidate_006__inflation_000mm,multiscene_candidate_006,0,direction_117,12.0,False,True,False,0.0007616281509399414,-0.0024269558489322662,25,25,"{""actor0"":""/World/Franka/panda_link6"",""actor1"":""/World/FormalObstacle"",""collider0"":""/World/Franka/panda_link6/geometry/panda_link6"",""collider1"":""/World/FormalObstacle"",""contact_count"":4,""minimum_separation_m"":-0.0024269558489322662}"
multiscene_candidate_006__inflation_000mm__direction_118__010mm,multiscene_candidate_006__inflation_000mm,multiscene_candidate_006,0,direction_118,10.0,False,True,False,0.001023992896080017,-0.0003981664776802063,24,25,"{""actor0"":""/World/Franka/panda_link6"",""actor1"":""/World/FormalObstacle"",""collider0"":""/World/Franka/panda_link6/geometry/panda_link6"",""collider1"":""/World/FormalObstacle"",""contact_count"":4,""minimum_separation_m"":-0.0003981664776802063}"
multiscene_candidate_006__inflation_000mm__direction_119__010mm,multiscene_candidate_006__inflation_000mm,multiscene_candidate_006,0,direction_119,10.0,False,True,False,0.002267599105834961,-0.0004969686269760132,25,25,"{""actor0"":""/World/Franka/panda_link6"",""actor1"":""/World/FormalObstacle"",""collider0"":""/World/Franka/panda_link6/geometry/panda_link6"",""collider1"":""/World/FormalObstacle"",""contact_count"":4,""minimum_separation_m"":-0.0004969686269760132}"
multiscene_candidate_006__inflation_000mm__direction_119__012mm,multiscene_candidate_006__inflation_000mm,multiscene_candidate_006,0,direction_119,12.0,False,True,False,0.0006368085741996765,-0.002108633518218994,25,25,"{""actor0"":""/World/Franka/panda_link6"",""actor1"":""/World/FormalObstacle"",""collider0"":""/World/Franka/panda_link6/geometry/panda_link6"",""collider1"":""/World/FormalObstacle"",""contact_count"":4,""minimum_separation_m"":-0.002108633518218994}"
multiscene_candidate_006__inflation_000mm__direction_120__010mm,multiscene_candidate_006__inflation_000mm,multiscene_candidate_006,0,direction_120,10.0,False,True,False,0.0013308413326740265,-0.0016588494181632996,24,23,"{""actor0"":""/World/Franka/panda_link6"",""actor1"":""/World/FormalObstacle"",""collider0"":""/World/Franka/panda_link6/geometry/panda_link6"",""collider1"":""/World/FormalObstacle"",""contact_count"":4,""minimum_separation_m"":-0.0016588494181632996}"
multiscene_candidate_006__inflation_000mm__direction_121__010mm,multiscene_candidate_006__inflation_000mm,multiscene_candidate_006,0,direction_121,10.0,False,True,False,0.0016481801867485046,-0.0006078705191612244,24,25,"{""actor0"":""/World/Franka/panda_link6"",""actor1"":""/World/FormalObstacle"",""collider0"":""/World/Franka/panda_link6/geometry/panda_link6"",""collider1"":""/World/FormalObstacle"",""contact_count"":4,""minimum_separation_m"":-0.0006078705191612244}"
multiscene_candidate_006__inflation_000mm__direction_122__010mm,multiscene_candidate_006__inflation_000mm,multiscene_candidate_006,0,direction_122,10.0,False,True,False,0.0016924664378166199,-0.001536339521408081,25,25,"{""actor0"":""/World/Franka/panda_link6"",""actor1"":""/World/FormalObstacle"",""collider0"":""/World/Franka/panda_link6/geometry/panda_link6"",""collider1"":""/World/FormalObstacle"",""contact_count"":4,""minimum_separation_m"":-0.001536339521408081}"
multiscene_candidate_006__inflation_000mm__direction_123__010mm,multiscene_candidate_006__inflation_000mm,multiscene_candidate_006,0,direction_123,10.0,False,True,False,0.000535380095243454,-0.001532815396785736,24,24,"{""actor0"":""/World/Franka/panda_link6"",""actor1"":""/World/FormalObstacle"",""collider0"":""/World/Franka/panda_link6/geometry/panda_link6"",""collider1"":""/World/FormalObstacle"",""contact_count"":4,""minimum_separation_m"":-0.001532815396785736}"
multiscene_candidate_006__inflation_000mm__direction_124__010mm,multiscene_candidate_006__inflation_000mm,multiscene_candidate_006,0,direction_124,10.0,False,True,False,0.0013291537761688232,-0.0012248679995536804,25,25,"{""actor0"":""/World/Franka/panda_link6"",""actor1"":""/World/FormalObstacle"",""collider0"":""/World/Franka/panda_link6/geometry/panda_link6"",""collider1"":""/World/FormalObstacle"",""contact_count"":4,""minimum_separation_m"":-0.0012248679995536804}"
multiscene_candidate_006__inflation_000mm__direction_125__008mm,multiscene_candidate_006__inflation_000mm,multiscene_candidate_006,0,direction_125,8.0,False,True,False,0.003070380538702011,-9.372085332870483e-05,25,24,"{""actor0"":""/World/Franka/panda_link6"",""actor1"":""/World/FormalObstacle"",""collider0"":""/World/Franka/panda_link6/geometry/panda_link6"",""collider1"":""/World/FormalObstacle"",""contact_count"":4,""minimum_separation_m"":-9.372085332870483e-05}"
multiscene_candidate_006__inflation_000mm__direction_125__010mm,multiscene_candidate_006__inflation_000mm,multiscene_candidate_006,0,direction_125,10.0,False,True,False,0.0011484883725643158,-0.0020769014954566956,25,24,"{""actor0"":""/World/Franka/panda_link6"",""actor1"":""/World/FormalObstacle"",""collider0"":""/World/Franka/panda_link6/geometry/panda_link6"",""collider1"":""/World/FormalObstacle"",""contact_count"":4,""minimum_separation_m"":-0.0020769014954566956}"
multiscene_candidate_006__inflation_000mm__direction_126__010mm,multiscene_candidate_006__inflation_000mm,multiscene_candidate_006,0,direction_126,10.0,False,True,False,0.0007124282419681549,-0.001733243465423584,24,25,"{""actor0"":""/World/Franka/panda_link6"",""actor1"":""/World/FormalObstacle"",""collider0"":""/World/Franka/panda_link6/geometry/panda_link6"",""collider1"":""/World/FormalObstacle"",""contact_count"":4,""minimum_separation_m"":-0.001733243465423584}"
multiscene_candidate_006__inflation_000mm__direction_127__008mm,multiscene_candidate_006__inflation_000mm,multiscene_candidate_006,0,direction_127,8.0,False,True,False,0.00282171368598938,-0.00011313706636428833,25,25,"{""actor0"":""/World/Franka/panda_link6"",""actor1"":""/World/FormalObstacle"",""collider0"":""/World/Franka/panda_link6/geometry/panda_link6"",""collider1"":""/World/FormalObstacle"",""contact_count"":4,""minimum_separation_m"":-0.00011313706636428833}"
multiscene_candidate_006__inflation_000mm__direction_127__010mm,multiscene_candidate_006__inflation_000mm,multiscene_candidate_006,0,direction_127,10.0,False,True,False,0.0008400604128837585,-0.0020888298749923706,25,25,"{""actor0"":""/World/Franka/panda_link6"",""actor1"":""/World/FormalObstacle"",""collider0"":""/World/Franka/panda_link6/geometry/panda_link6"",""collider1"":""/World/FormalObstacle"",""contact_count"":4,""minimum_separation_m"":-0.0020888298749923706}"
multiscene_candidate_006__inflation_005mm__direction_073__050mm,multiscene_candidate_006__inflation_005mm,multiscene_candidate_006,5,direction_073,50.0,False,True,False,0.0033520422875881195,-0.00036045536398887634,22,21,"{""actor0"":""/World/Franka/panda_link6"",""actor1"":""/World/FormalObstacle"",""collider0"":""/World/Franka/panda_link6/geometry/panda_link6"",""collider1"":""/World/FormalObstacle"",""contact_count"":3,""minimum_separation_m"":-0.00036045536398887634}"
multiscene_candidate_006__inflation_005mm__direction_073__052mm,multiscene_candidate_006__inflation_005mm,multiscene_candidate_006,5,direction_073,52.0,False,True,False,0.0026771798729896545,-0.0008474662899971008,22,21,"{""actor0"":""/World/Franka/panda_link6"",""actor1"":""/World/FormalObstacle"",""collider0"":""/World/Franka/panda_link6/geometry/panda_link6"",""collider1"":""/World/FormalObstacle"",""contact_count"":3,""minimum_separation_m"":-0.0008474662899971008}"
multiscene_candidate_006__inflation_005mm__direction_073__054mm,multiscene_candidate_006__inflation_005mm,multiscene_candidate_006,5,direction_073,54.0,False,True,False,0.0020406097173690796,-0.00133441761136055,22,21,"{""actor0"":""/World/Franka/panda_link6"",""actor1"":""/World/FormalObstacle"",""collider0"":""/World/Franka/panda_link6/geometry/panda_link6"",""collider1"":""/World/FormalObstacle"",""contact_count"":3,""minimum_separation_m"":-0.00133441761136055}"
multiscene_candidate_006__inflation_005mm__direction_073__056mm,multiscene_candidate_006__inflation_005mm,multiscene_candidate_006,5,direction_073,56.0,False,True,False,0.0014437809586524963,-0.001821424812078476,22,21,"{""actor0"":""/World/Franka/panda_link6"",""actor1"":""/World/FormalObstacle"",""collider0"":""/World/Franka/panda_link6/geometry/panda_link6"",""collider1"":""/World/FormalObstacle"",""contact_count"":3,""minimum_separation_m"":-0.001821424812078476}"
multiscene_candidate_006__inflation_005mm__direction_073__058mm,multiscene_candidate_006__inflation_005mm,multiscene_candidate_006,5,direction_073,58.0,False,True,False,0.0008883029222488403,-0.002308409661054611,22,21,"{""actor0"":""/World/Franka/panda_link6"",""actor1"":""/World/FormalObstacle"",""collider0"":""/World/Franka/panda_link6/geometry/panda_link6"",""collider1"":""/World/FormalObstacle"",""contact_count"":3,""minimum_separation_m"":-0.002308409661054611}"
multiscene_candidate_006__inflation_005mm__direction_073__060mm,multiscene_candidate_006__inflation_005mm,multiscene_candidate_006,5,direction_073,60.0,False,True,False,0.0003757067024707794,-0.002795424312353134,22,21,"{""actor0"":""/World/Franka/panda_link6"",""actor1"":""/World/FormalObstacle"",""collider0"":""/World/Franka/panda_link6/geometry/panda_link6"",""collider1"":""/World/FormalObstacle"",""contact_count"":3,""minimum_separation_m"":-0.002795424312353134}"
multiscene_candidate_006__inflation_005mm__direction_078__048mm,multiscene_candidate_006__inflation_005mm,multiscene_candidate_006,5,direction_078,48.0,False,True,False,0.0030529461801052094,-0.0001918487250804901,24,24,"{""actor0"":""/World/Franka/panda_link6"",""actor1"":""/World/FormalObstacle"",""collider0"":""/World/Franka/panda_link6/geometry/panda_link6"",""collider1"":""/World/FormalObstacle"",""contact_count"":3,""minimum_separation_m"":-0.0001918487250804901}"
multiscene_candidate_006__inflation_005mm__direction_078__050mm,multiscene_candidate_006__inflation_005mm,multiscene_candidate_006,5,direction_078,50.0,False,True,False,0.0025413259863853455,-0.0007342919707298279,24,24,"{""actor0"":""/World/Franka/panda_link6"",""actor1"":""/World/FormalObstacle"",""collider0"":""/World/Franka/panda_link6/geometry/panda_link6"",""collider1"":""/World/FormalObstacle"",""contact_count"":3,""minimum_separation_m"":-0.0007342919707298279}"
multiscene_candidate_006__inflation_005mm__direction_078__052mm,multiscene_candidate_006__inflation_005mm,multiscene_candidate_006,5,direction_078,52.0,False,True,False,0.0020343437790870667,-0.0012767277657985687,24,24,"{""actor0"":""/World/Franka/panda_link6"",""actor1"":""/World/FormalObstacle"",""collider0"":""/World/Franka/panda_link6/geometry/panda_link6"",""collider1"":""/World/FormalObstacle"",""contact_count"":3,""minimum_separation_m"":-0.0012767277657985687}"
multiscene_candidate_006__inflation_005mm__direction_078__054mm,multiscene_candidate_006__inflation_005mm,multiscene_candidate_006,5,direction_078,54.0,False,True,False,0.0015321560204029083,-0.0018191412091255188,24,24,"{""actor0"":""/World/Franka/panda_link6"",""actor1"":""/World/FormalObstacle"",""collider0"":""/World/Franka/panda_link6/geometry/panda_link6"",""collider1"":""/World/FormalObstacle"",""contact_count"":3,""minimum_separation_m"":-0.0018191412091255188}"
multiscene_candidate_006__inflation_005mm__direction_078__056mm,multiscene_candidate_006__inflation_005mm,multiscene_candidate_006,5,direction_078,56.0,False,True,False,0.001034911721944809,-0.0022840164601802826,24,24,"{""actor0"":""/World/Franka/panda_link6"",""actor1"":""/World/FormalObstacle"",""collider0"":""/World/Franka/panda_link6/geometry/panda_link6"",""collider1"":""/World/FormalObstacle"",""contact_count"":4,""minimum_separation_m"":-0.0022840164601802826}"
multiscene_candidate_006__inflation_005mm__direction_078__058mm,multiscene_candidate_006__inflation_005mm,multiscene_candidate_006,5,direction_078,58.0,False,True,False,0.0005427151918411255,-0.002737194299697876,24,24,"{""actor0"":""/World/Franka/panda_link6"",""actor1"":""/World/FormalObstacle"",""collider0"":""/World/Franka/panda_link6/geometry/panda_link6"",""collider1"":""/World/FormalObstacle"",""contact_count"":4,""minimum_separation_m"":-0.002737194299697876}"
multiscene_candidate_006__inflation_005mm__direction_078__060mm,multiscene_candidate_006__inflation_005mm,multiscene_candidate_006,5,direction_078,60.0,False,True,False,5.58607280254364e-05,-0.003190312534570694,24,24,"{""actor0"":""/World/Franka/panda_link6"",""actor1"":""/World/FormalObstacle"",""collider0"":""/World/Franka/panda_link6/geometry/panda_link6"",""collider1"":""/World/FormalObstacle"",""contact_count"":4,""minimum_separation_m"":-0.003190312534570694}"
multiscene_candidate_006__inflation_005mm__direction_081__038mm,multiscene_candidate_006__inflation_005mm,multiscene_candidate_006,5,direction_081,38.0,False,True,False,0.0008392222225666046,-0.0002025812864303589,23,23,"{""actor0"":""/World/Franka/panda_link6"",""actor1"":""/World/FormalObstacle"",""collider0"":""/World/Franka/panda_link6/geometry/panda_link6"",""collider1"":""/World/FormalObstacle"",""contact_count"":4,""minimum_separation_m"":-0.0002025812864303589}"
multiscene_candidate_006__inflation_005mm__direction_081__040mm,multiscene_candidate_006__inflation_005mm,multiscene_candidate_006,5,direction_081,40.0,False,True,False,0.0002870224416255951,-0.0008712559938430786,23,23,"{""actor0"":""/World/Franka/panda_link6"",""actor1"":""/World/FormalObstacle"",""collider0"":""/World/Franka/panda_link6/geometry/panda_link6"",""collider1"":""/World/FormalObstacle"",""contact_count"":4,""minimum_separation_m"":-0.0008712559938430786}"
multiscene_candidate_006__inflation_005mm__direction_083__048mm,multiscene_candidate_006__inflation_005mm,multiscene_candidate_006,5,direction_083,48.0,False,True,False,0.0034747980535030365,-0.00018070638179779053,26,26,"{""actor0"":""/World/Franka/panda_link6"",""actor1"":""/World/FormalObstacle"",""collider0"":""/World/Franka/panda_link6/geometry/panda_link6"",""collider1"":""/World/FormalObstacle"",""contact_count"":4,""minimum_separation_m"":-0.00018070638179779053}"
multiscene_candidate_006__inflation_005mm__direction_083__050mm,multiscene_candidate_006__inflation_005mm,multiscene_candidate_006,5,direction_083,50.0,False,True,False,0.0028654001653194427,-0.0007901042699813843,26,26,"{""actor0"":""/World/Franka/panda_link6"",""actor1"":""/World/FormalObstacle"",""collider0"":""/World/Franka/panda_link6/geometry/panda_link6"",""collider1"":""/World/FormalObstacle"",""contact_count"":4,""minimum_separation_m"":-0.0007901042699813843}"
multiscene_candidate_006__inflation_005mm__direction_083__052mm,multiscene_candidate_006__inflation_005mm,multiscene_candidate_006,5,direction_083,52.0,False,True,False,0.002256002277135849,-0.0013994835317134857,26,26,"{""actor0"":""/World/Franka/panda_link6"",""actor1"":""/World/FormalObstacle"",""collider0"":""/World/Franka/panda_link6/geometry/panda_link6"",""collider1"":""/World/FormalObstacle"",""contact_count"":4,""minimum_separation_m"":-0.0013994835317134857}"
multiscene_candidate_006__inflation_005mm__direction_083__054mm,multiscene_candidate_006__inflation_005mm,multiscene_candidate_006,5,direction_083,54.0,False,True,False,0.0016467645764350891,-0.0020088329911231995,26,26,"{""actor0"":""/World/Franka/panda_link6"",""actor1"":""/World/FormalObstacle"",""collider0"":""/World/Franka/panda_link6/geometry/panda_link6"",""collider1"":""/World/FormalObstacle"",""contact_count"":4,""minimum_separation_m"":-0.0020088329911231995}"
multiscene_candidate_006__inflation_005mm__direction_083__056mm,multiscene_candidate_006__inflation_005mm,multiscene_candidate_006,5,direction_083,56.0,False,True,False,0.0010418407618999481,-0.002618230879306793,26,26,"{""actor0"":""/World/Franka/panda_link6"",""actor1"":""/World/FormalObstacle"",""collider0"":""/World/Franka/panda_link6/geometry/panda_link6"",""collider1"":""/World/FormalObstacle"",""contact_count"":4,""minimum_separation_m"":-0.002618230879306793}"
multiscene_candidate_006__inflation_005mm__direction_083__058mm,multiscene_candidate_006__inflation_005mm,multiscene_candidate_006,5,direction_083,58.0,False,True,False,0.00044380873441696167,-0.003227580338716507,26,26,"{""actor0"":""/World/Franka/panda_link6"",""actor1"":""/World/FormalObstacle"",""collider0"":""/World/Franka/panda_link6/geometry/panda_link6"",""collider1"":""/World/FormalObstacle"",""contact_count"":4,""minimum_separation_m"":-0.003227580338716507}"
multiscene_candidate_006__inflation_005mm__direction_084__048mm,multiscene_candidate_006__inflation_005mm,multiscene_candidate_006,5,direction_084,48.0,True,False,False,-0.000296812504529953,0.0003940984606742859,24,25,"{""actor0"":""/World/Franka/panda_link6"",""actor1"":""/World/FormalObstacle"",""collider0"":""/World/Franka/panda_link6/geometry/panda_link6"",""collider1"":""/World/FormalObstacle"",""contact_count"":3,""minimum_separation_m"":0.0003940984606742859}"
multiscene_candidate_006__inflation_005mm__direction_085__056mm,multiscene_candidate_006__inflation_005mm,multiscene_candidate_006,5,direction_085,56.0,False,True,False,0.003652140498161316,-0.00014333799481391907,28,28,"{""actor0"":""/World/Franka/panda_link6"",""actor1"":""/World/FormalObstacle"",""collider0"":""/World/Franka/panda_link6/geometry/panda_link6"",""collider1"":""/World/FormalObstacle"",""contact_count"":3,""minimum_separation_m"":-0.00014333799481391907}"
multiscene_candidate_006__inflation_005mm__direction_085__058mm,multiscene_candidate_006__inflation_005mm,multiscene_candidate_006,5,direction_085,58.0,False,True,False,0.0031620264053344727,-0.00042361021041870117,28,28,"{""actor0"":""/World/Franka/panda_link6"",""actor1"":""/World/FormalObstacle"",""collider0"":""/World/Franka/panda_link6/geometry/panda_link6"",""collider1"":""/World/FormalObstacle"",""contact_count"":3,""minimum_separation_m"":-0.00042361021041870117}"
multiscene_candidate_006__inflation_005mm__direction_085__060mm,multiscene_candidate_006__inflation_005mm,multiscene_candidate_006,5,direction_085,60.0,False,True,False,0.002747591584920883,-0.0007038936018943787,28,28,"{""actor0"":""/World/Franka/panda_link6"",""actor1"":""/World/FormalObstacle"",""collider0"":""/World/Franka/panda_link6/geometry/panda_link6"",""collider1"":""/World/FormalObstacle"",""contact_count"":3,""minimum_separation_m"":-0.0007038936018943787}"
multiscene_candidate_006__inflation_005mm__direction_086__030mm,multiscene_candidate_006__inflation_005mm,multiscene_candidate_006,5,direction_086,30.0,False,True,False,0.003064565360546112,-0.00014343112707138062,24,24,"{""actor0"":""/World/Franka/panda_link6"",""actor1"":""/World/FormalObstacle"",""collider0"":""/World/Franka/panda_link6/geometry/panda_link6"",""collider1"":""/World/FormalObstacle"",""contact_count"":4,""minimum_separation_m"":-0.00014343112707138062}"
multiscene_candidate_006__inflation_005mm__direction_086__032mm,multiscene_candidate_006__inflation_005mm,multiscene_candidate_006,5,direction_086,32.0,False,True,False,0.002326603978872299,-0.0009942688047885895,24,23,"{""actor0"":""/World/Franka/panda_link6"",""actor1"":""/World/FormalObstacle"",""collider0"":""/World/Franka/panda_link6/geometry/panda_link6"",""collider1"":""/World/FormalObstacle"",""contact_count"":3,""minimum_separation_m"":-0.0009942688047885895}"
multiscene_candidate_006__inflation_005mm__direction_086__034mm,multiscene_candidate_006__inflation_005mm,multiscene_candidate_006,5,direction_086,34.0,False,True,False,0.001612987369298935,-0.001869790256023407,24,23,"{""actor0"":""/World/Franka/panda_link6"",""actor1"":""/World/FormalObstacle"",""collider0"":""/World/Franka/panda_link6/geometry/panda_link6"",""collider1"":""/World/FormalObstacle"",""contact_count"":3,""minimum_separation_m"":-0.001869790256023407}"
multiscene_candidate_006__inflation_005mm__direction_086__036mm,multiscene_candidate_006__inflation_005mm,multiscene_candidate_006,5,direction_086,36.0,False,True,False,0.0009098909795284271,-0.0027452558279037476,24,23,"{""actor0"":""/World/Franka/panda_link6"",""actor1"":""/World/FormalObstacle"",""collider0"":""/World/Franka/panda_link6/geometry/panda_link6"",""collider1"":""/World/FormalObstacle"",""contact_count"":3,""minimum_separation_m"":-0.0027452558279037476}"
multiscene_candidate_006__inflation_005mm__direction_086__038mm,multiscene_candidate_006__inflation_005mm,multiscene_candidate_006,5,direction_086,38.0,False,True,False,5.538761615753174e-05,-0.0036207735538482666,23,23,"{""actor0"":""/World/Franka/panda_link6"",""actor1"":""/World/FormalObstacle"",""collider0"":""/World/Franka/panda_link6/geometry/panda_link6"",""collider1"":""/World/FormalObstacle"",""contact_count"":3,""minimum_separation_m"":-0.0036207735538482666}"
multiscene_candidate_006__inflation_005mm__direction_088__044mm,multiscene_candidate_006__inflation_005mm,multiscene_candidate_006,5,direction_088,44.0,False,True,False,0.0034119151532649994,-0.00045795738697052,27,27,"{""actor0"":""/World/Franka/panda_link6"",""actor1"":""/World/FormalObstacle"",""collider0"":""/World/Franka/panda_link6/geometry/panda_link6"",""collider1"":""/World/FormalObstacle"",""contact_count"":4,""minimum_separation_m"":-0.00045795738697052}"
multiscene_candidate_006__inflation_005mm__direction_088__046mm,multiscene_candidate_006__inflation_005mm,multiscene_candidate_006,5,direction_088,46.0,False,True,False,0.0026519447565078735,-0.001223582774400711,27,27,"{""actor0"":""/World/Franka/panda_link6"",""actor1"":""/World/FormalObstacle"",""collider0"":""/World/Franka/panda_link6/geometry/panda_link6"",""collider1"":""/World/FormalObstacle"",""contact_count"":4,""minimum_separation_m"":-0.001223582774400711}"
multiscene_candidate_006__inflation_005mm__direction_088__048mm,multiscene_candidate_006__inflation_005mm,multiscene_candidate_006,5,direction_088,48.0,False,True,False,0.001929260790348053,-0.001989200711250305,27,27,"{""actor0"":""/World/Franka/panda_link6"",""actor1"":""/World/FormalObstacle"",""collider0"":""/World/Franka/panda_link6/geometry/panda_link6"",""collider1"":""/World/FormalObstacle"",""contact_count"":4,""minimum_separation_m"":-0.001989200711250305}"
multiscene_candidate_006__inflation_005mm__direction_088__050mm,multiscene_candidate_006__inflation_005mm,multiscene_candidate_006,5,direction_088,50.0,False,True,False,0.0012504234910011292,-0.0025096237659454346,27,27,"{""actor0"":""/World/Franka/panda_link6"",""actor1"":""/World/FormalObstacle"",""collider0"":""/World/Franka/panda_link6/geometry/panda_link6"",""collider1"":""/World/FormalObstacle"",""contact_count"":3,""minimum_separation_m"":-0.0025096237659454346}"
multiscene_candidate_006__inflation_005mm__direction_088__052mm,multiscene_candidate_006__inflation_005mm,multiscene_candidate_006,5,direction_088,52.0,False,True,False,0.0006173886358737946,-0.0029908381402492523,27,27,"{""actor0"":""/World/Franka/panda_link6"",""actor1"":""/World/FormalObstacle"",""collider0"":""/World/Franka/panda_link6/geometry/panda_link6"",""collider1"":""/World/FormalObstacle"",""contact_count"":3,""minimum_separation_m"":-0.0029908381402492523}"
multiscene_candidate_006__inflation_005mm__direction_088__054mm,multiscene_candidate_006__inflation_005mm,multiscene_candidate_006,5,direction_088,54.0,False,True,False,3.209337592124939e-05,-0.003472067415714264,27,27,"{""actor0"":""/World/Franka/panda_link6"",""actor1"":""/World/FormalObstacle"",""collider0"":""/World/Franka/panda_link6/geometry/panda_link6"",""collider1"":""/World/FormalObstacle"",""contact_count"":3,""minimum_separation_m"":-0.003472067415714264}"
multiscene_candidate_006__inflation_005mm__direction_089__030mm,multiscene_candidate_006__inflation_005mm,multiscene_candidate_006,5,direction_089,30.0,True,False,False,-0.00015795230865478516,9.819120168685913e-05,23,24,"{""actor0"":""/World/Franka/panda_link6"",""actor1"":""/World/FormalObstacle"",""collider0"":""/World/Franka/panda_link6/geometry/panda_link6"",""collider1"":""/World/FormalObstacle"",""contact_count"":4,""minimum_separation_m"":9.819120168685913e-05}"
multiscene_candidate_006__inflation_005mm__direction_090__042mm,multiscene_candidate_006__inflation_005mm,multiscene_candidate_006,5,direction_090,42.0,False,True,False,0.0023991167545318604,-0.00012088567018508911,26,27,"{""actor0"":""/World/Franka/panda_link6"",""actor1"":""/World/FormalObstacle"",""collider0"":""/World/Franka/panda_link6/geometry/panda_link6"",""collider1"":""/World/FormalObstacle"",""contact_count"":4,""minimum_separation_m"":-0.00012088567018508911}"
multiscene_candidate_006__inflation_005mm__direction_090__044mm,multiscene_candidate_006__inflation_005mm,multiscene_candidate_006,5,direction_090,44.0,False,True,False,0.001968543976545334,-0.0007110759615898132,26,27,"{""actor0"":""/World/Franka/panda_link6"",""actor1"":""/World/FormalObstacle"",""collider0"":""/World/Franka/panda_link6/geometry/panda_link6"",""collider1"":""/World/FormalObstacle"",""contact_count"":4,""minimum_separation_m"":-0.0007110759615898132}"
multiscene_candidate_006__inflation_005mm__direction_090__046mm,multiscene_candidate_006__inflation_005mm,multiscene_candidate_006,5,direction_090,46.0,False,True,False,0.001208808273077011,-0.0011793747544288635,27,27,"{""actor0"":""/World/Franka/panda_link6"",""actor1"":""/World/FormalObstacle"",""collider0"":""/World/Franka/panda_link6/geometry/panda_link6"",""collider1"":""/World/FormalObstacle"",""contact_count"":4,""minimum_separation_m"":-0.0011793747544288635}"
multiscene_candidate_006__inflation_005mm__direction_090__048mm,multiscene_candidate_006__inflation_005mm,multiscene_candidate_006,5,direction_090,48.0,False,True,False,0.00038066133856773376,-0.0016476884484291077,27,27,"{""actor0"":""/World/Franka/panda_link6"",""actor1"":""/World/FormalObstacle"",""collider0"":""/World/Franka/panda_link6/geometry/panda_link6"",""collider1"":""/World/FormalObstacle"",""contact_count"":4,""minimum_separation_m"":-0.0016476884484291077}"
multiscene_candidate_006__inflation_005mm__direction_091__030mm,multiscene_candidate_006__inflation_005mm,multiscene_candidate_006,5,direction_091,30.0,False,True,False,0.0029754042625427246,-0.0004459880292415619,25,25,"{""actor0"":""/World/Franka/panda_link6"",""actor1"":""/World/FormalObstacle"",""collider0"":""/World/Franka/panda_link6/geometry/panda_link6"",""collider1"":""/World/FormalObstacle"",""contact_count"":4,""minimum_separation_m"":-0.0004459880292415619}"
multiscene_candidate_006__inflation_005mm__direction_091__032mm,multiscene_candidate_006__inflation_005mm,multiscene_candidate_006,5,direction_091,32.0,False,True,False,0.0021153129637241364,-0.001305360347032547,25,25,"{""actor0"":""/World/Franka/panda_link6"",""actor1"":""/World/FormalObstacle"",""collider0"":""/World/Franka/panda_link6/geometry/panda_link6"",""collider1"":""/World/FormalObstacle"",""contact_count"":4,""minimum_separation_m"":-0.001305360347032547}"
multiscene_candidate_006__inflation_005mm__direction_091__034mm,multiscene_candidate_006__inflation_005mm,multiscene_candidate_006,5,direction_091,34.0,False,True,False,0.0012554116547107697,-0.002164747565984726,25,25,"{""actor0"":""/World/Franka/panda_link6"",""actor1"":""/World/FormalObstacle"",""collider0"":""/World/Franka/panda_link6/geometry/panda_link6"",""collider1"":""/World/FormalObstacle"",""contact_count"":4,""minimum_separation_m"":-0.002164747565984726}"
multiscene_candidate_006__inflation_005mm__direction_091__036mm,multiscene_candidate_006__inflation_005mm,multiscene_candidate_006,5,direction_091,36.0,False,True,False,0.0003957189619541168,-0.0030241236090660095,25,25,"{""actor0"":""/World/Franka/panda_link6"",""actor1"":""/World/FormalObstacle"",""collider0"":""/World/Franka/panda_link6/geometry/panda_link6"",""collider1"":""/World/FormalObstacle"",""contact_count"":4,""minimum_separation_m"":-0.0030241236090660095}"
multiscene_candidate_006__inflation_005mm__direction_092__036mm,multiscene_candidate_006__inflation_005mm,multiscene_candidate_006,5,direction_092,36.0,True,False,False,-0.0004358217120170593,1.858919858932495e-05,24,25,"{""actor0"":""/World/Franka/panda_link6"",""actor1"":""/World/FormalObstacle"",""collider0"":""/World/Franka/panda_link6/geometry/panda_link6"",""collider1"":""/World/FormalObstacle"",""contact_count"":3,""minimum_separation_m"":1.858919858932495e-05}"
multiscene_candidate_006__inflation_005mm__direction_093__036mm,multiscene_candidate_006__inflation_005mm,multiscene_candidate_006,5,direction_093,36.0,False,True,False,0.003662124276161194,-0.00020792707800865173,27,27,"{""actor0"":""/World/Franka/panda_link6"",""actor1"":""/World/FormalObstacle"",""collider0"":""/World/Franka/panda_link6/geometry/panda_link6"",""collider1"":""/World/FormalObstacle"",""contact_count"":4,""minimum_separation_m"":-0.00020792707800865173}"
multiscene_candidate_006__inflation_005mm__direction_093__038mm,multiscene_candidate_006__inflation_005mm,multiscene_candidate_006,5,direction_093,38.0,False,True,False,0.002777203917503357,-0.0011298172175884247,27,27,"{""actor0"":""/World/Franka/panda_link6"",""actor1"":""/World/FormalObstacle"",""collider0"":""/World/Franka/panda_link6/geometry/panda_link6"",""collider1"":""/World/FormalObstacle"",""contact_count"":4,""minimum_separation_m"":-0.0011298172175884247}"
multiscene_candidate_006__inflation_005mm__direction_093__040mm,multiscene_candidate_006__inflation_005mm,multiscene_candidate_006,5,direction_093,40.0,False,True,False,0.001959528774023056,-0.0017852820456027985,27,27,"{""actor0"":""/World/Franka/panda_link6"",""actor1"":""/World/FormalObstacle"",""collider0"":""/World/Franka/panda_link6/geometry/panda_link6"",""collider1"":""/World/FormalObstacle"",""contact_count"":3,""minimum_separation_m"":-0.0017852820456027985}"
multiscene_candidate_006__inflation_005mm__direction_093__042mm,multiscene_candidate_006__inflation_005mm,multiscene_candidate_006,5,direction_093,42.0,False,True,False,0.00121254101395607,-0.0023506172001361847,27,27,"{""actor0"":""/World/Franka/panda_link6"",""actor1"":""/World/FormalObstacle"",""collider0"":""/World/Franka/panda_link6/geometry/panda_link6"",""collider1"":""/World/FormalObstacle"",""contact_count"":3,""minimum_separation_m"":-0.0023506172001361847}"
multiscene_candidate_006__inflation_005mm__direction_093__044mm,multiscene_candidate_006__inflation_005mm,multiscene_candidate_006,5,direction_093,44.0,False,True,False,0.0005398392677307129,-0.0029159076511859894,27,27,"{""actor0"":""/World/Franka/panda_link6"",""actor1"":""/World/FormalObstacle"",""collider0"":""/World/Franka/panda_link6/geometry/panda_link6"",""collider1"":""/World/FormalObstacle"",""contact_count"":3,""minimum_separation_m"":-0.0029159076511859894}"
multiscene_candidate_006__inflation_005mm__direction_094__024mm,multiscene_candidate_006__inflation_005mm,multiscene_candidate_006,5,direction_094,24.0,False,True,False,0.002139803022146225,-0.0009639188647270203,24,24,"{""actor0"":""/World/Franka/panda_link6"",""actor1"":""/World/FormalObstacle"",""collider0"":""/World/Franka/panda_link6/geometry/panda_link6"",""collider1"":""/World/FormalObstacle"",""contact_count"":4,""minimum_separation_m"":-0.0009639188647270203}"
multiscene_candidate_006__inflation_005mm__direction_094__026mm,multiscene_candidate_006__inflation_005mm,multiscene_candidate_006,5,direction_094,26.0,False,True,False,0.0011754892766475677,-0.001987174153327942,24,24,"{""actor0"":""/World/Franka/panda_link6"",""actor1"":""/World/FormalObstacle"",""collider0"":""/World/Franka/panda_link6/geometry/panda_link6"",""collider1"":""/World/FormalObstacle"",""contact_count"":4,""minimum_separation_m"":-0.001987174153327942}"
multiscene_candidate_006__inflation_005mm__direction_094__028mm,multiscene_candidate_006__inflation_005mm,multiscene_candidate_006,5,direction_094,28.0,False,True,False,0.0001951158046722412,-0.0030249059200286865,23,23,"{""actor0"":""/World/Franka/panda_link6"",""actor1"":""/World/FormalObstacle"",""collider0"":""/World/Franka/panda_link6/geometry/panda_link6"",""collider1"":""/World/FormalObstacle"",""contact_count"":4,""minimum_separation_m"":-0.0030249059200286865}"
multiscene_candidate_006__inflation_005mm__direction_096__030mm,multiscene_candidate_006__inflation_005mm,multiscene_candidate_006,5,direction_096,30.0,False,True,False,0.0028654001653194427,-0.0007901079952716827,26,26,"{""actor0"":""/World/Franka/panda_link6"",""actor1"":""/World/FormalObstacle"",""collider0"":""/World/Franka/panda_link6/geometry/panda_link6"",""collider1"":""/World/FormalObstacle"",""contact_count"":4,""minimum_separation_m"":-0.0007901079952716827}"
multiscene_candidate_006__inflation_005mm__direction_096__032mm,multiscene_candidate_006__inflation_005mm,multiscene_candidate_006,5,direction_096,32.0,False,True,False,0.0018497966229915619,-0.0018057040870189667,26,26,"{""actor0"":""/World/Franka/panda_link6"",""actor1"":""/World/FormalObstacle"",""collider0"":""/World/Franka/panda_link6/geometry/panda_link6"",""collider1"":""/World/FormalObstacle"",""contact_count"":4,""minimum_separation_m"":-0.0018057040870189667}"
multiscene_candidate_006__inflation_005mm__direction_096__034mm,multiscene_candidate_006__inflation_005mm,multiscene_candidate_006,5,direction_096,34.0,False,True,False,0.0008341334760189056,-0.002821367233991623,26,26,"{""actor0"":""/World/Franka/panda_link6"",""actor1"":""/World/FormalObstacle"",""collider0"":""/World/Franka/panda_link6/geometry/panda_link6"",""collider1"":""/World/FormalObstacle"",""contact_count"":4,""minimum_separation_m"":-0.002821367233991623}"
multiscene_candidate_006__inflation_005mm__direction_098__030mm,multiscene_candidate_006__inflation_005mm,multiscene_candidate_006,5,direction_098,30.0,False,True,False,0.0026429854333400726,-0.0007010772824287415,26,26,"{""actor0"":""/World/Franka/panda_link6"",""actor1"":""/World/FormalObstacle"",""collider0"":""/World/Franka/panda_link6/geometry/panda_link6"",""collider1"":""/World/FormalObstacle"",""contact_count"":3,""minimum_separation_m"":-0.0007010772824287415}"
multiscene_candidate_006__inflation_005mm__direction_098__032mm,multiscene_candidate_006__inflation_005mm,multiscene_candidate_006,5,direction_098,32.0,False,True,False,0.001876968890428543,-0.0014829039573669434,26,26,"{""actor0"":""/World/Franka/panda_link6"",""actor1"":""/World/FormalObstacle"",""collider0"":""/World/Franka/panda_link6/geometry/panda_link6"",""collider1"":""/World/FormalObstacle"",""contact_count"":3,""minimum_separation_m"":-0.0014829039573669434}"
multiscene_candidate_006__inflation_005mm__direction_098__034mm,multiscene_candidate_006__inflation_005mm,multiscene_candidate_006,5,direction_098,34.0,False,True,False,0.0011746175587177277,-0.002264697104692459,26,26,"{""actor0"":""/World/Franka/panda_link6"",""actor1"":""/World/FormalObstacle"",""collider0"":""/World/Franka/panda_link6/geometry/panda_link6"",""collider1"":""/World/FormalObstacle"",""contact_count"":3,""minimum_separation_m"":-0.002264697104692459}"
multiscene_candidate_006__inflation_005mm__direction_098__036mm,multiscene_candidate_006__inflation_005mm,multiscene_candidate_006,5,direction_098,36.0,False,True,False,0.0005387626588344574,-0.0030465424060821533,26,26,"{""actor0"":""/World/Franka/panda_link6"",""actor1"":""/World/FormalObstacle"",""collider0"":""/World/Franka/panda_link6/geometry/panda_link6"",""collider1"":""/World/FormalObstacle"",""contact_count"":3,""minimum_separation_m"":-0.0030465424060821533}"
multiscene_candidate_006__inflation_005mm__direction_099__022mm,multiscene_candidate_006__inflation_005mm,multiscene_candidate_006,5,direction_099,22.0,False,True,False,0.002703998237848282,-0.0006088167428970337,24,24,"{""actor0"":""/World/Franka/panda_link6"",""actor1"":""/World/FormalObstacle"",""collider0"":""/World/Franka/panda_link6/geometry/panda_link6"",""collider1"":""/World/FormalObstacle"",""contact_count"":3,""minimum_separation_m"":-0.0006088167428970337}"
multiscene_candidate_006__inflation_005mm__direction_099__024mm,multiscene_candidate_006__inflation_005mm,multiscene_candidate_006,5,direction_099,24.0,False,True,False,0.0014725811779499054,-0.0018302351236343384,24,24,"{""actor0"":""/World/Franka/panda_link6"",""actor1"":""/World/FormalObstacle"",""collider0"":""/World/Franka/panda_link6/geometry/panda_link6"",""collider1"":""/World/FormalObstacle"",""contact_count"":3,""minimum_separation_m"":-0.0018302351236343384}"
multiscene_candidate_006__inflation_005mm__direction_099__026mm,multiscene_candidate_006__inflation_005mm,multiscene_candidate_006,5,direction_099,26.0,False,True,False,0.00024440139532089233,-0.003051668405532837,24,24,"{""actor0"":""/World/Franka/panda_link6"",""actor1"":""/World/FormalObstacle"",""collider0"":""/World/Franka/panda_link6/geometry/panda_link6"",""collider1"":""/World/FormalObstacle"",""contact_count"":3,""minimum_separation_m"":-0.003051668405532837}"
multiscene_candidate_006__inflation_005mm__direction_100__028mm,multiscene_candidate_006__inflation_005mm,multiscene_candidate_006,5,direction_100,28.0,True,False,False,-0.00010440126061439514,2.288818359375e-05,25,26,"{""actor0"":""/World/Franka/panda_link6"",""actor1"":""/World/FormalObstacle"",""collider0"":""/World/Franka/panda_link6/geometry/panda_link6"",""collider1"":""/World/FormalObstacle"",""contact_count"":4,""minimum_separation_m"":2.288818359375e-05}"
multiscene_candidate_006__inflation_005mm__direction_101__026mm,multiscene_candidate_006__inflation_005mm,multiscene_candidate_006,5,direction_101,26.0,False,True,False,0.003011062741279602,-0.000628989189863205,26,26,"{""actor0"":""/World/Franka/panda_link6"",""actor1"":""/World/FormalObstacle"",""collider0"":""/World/Franka/panda_link6/geometry/panda_link6"",""collider1"":""/World/FormalObstacle"",""contact_count"":3,""minimum_separation_m"":-0.000628989189863205}"
multiscene_candidate_006__inflation_005mm__direction_101__028mm,multiscene_candidate_006__inflation_005mm,multiscene_candidate_006,5,direction_101,28.0,False,True,False,0.0019782260060310364,-0.001525580883026123,26,26,"{""actor0"":""/World/Franka/panda_link6"",""actor1"":""/World/FormalObstacle"",""collider0"":""/World/Franka/panda_link6/geometry/panda_link6"",""collider1"":""/World/FormalObstacle"",""contact_count"":3,""minimum_separation_m"":-0.001525580883026123}"
multiscene_candidate_006__inflation_005mm__direction_101__030mm,multiscene_candidate_006__inflation_005mm,multiscene_candidate_006,5,direction_101,30.0,False,True,False,0.000996369868516922,-0.002422165125608444,26,26,"{""actor0"":""/World/Franka/panda_link6"",""actor1"":""/World/FormalObstacle"",""collider0"":""/World/Franka/panda_link6/geometry/panda_link6"",""collider1"":""/World/FormalObstacle"",""contact_count"":3,""minimum_separation_m"":-0.002422165125608444}"
multiscene_candidate_006__inflation_005mm__direction_101__032mm,multiscene_candidate_006__inflation_005mm,multiscene_candidate_006,5,direction_101,32.0,False,True,False,6.888061761856079e-05,-0.00331868976354599,26,26,"{""actor0"":""/World/Franka/panda_link6"",""actor1"":""/World/FormalObstacle"",""collider0"":""/World/Franka/panda_link6/geometry/panda_link6"",""collider1"":""/World/FormalObstacle"",""contact_count"":3,""minimum_separation_m"":-0.00331868976354599}"
multiscene_candidate_006__inflation_005mm__direction_102__020mm,multiscene_candidate_006__inflation_005mm,multiscene_candidate_006,5,direction_102,20.0,False,True,False,0.001629900187253952,-0.0002385750412940979,24,24,"{""actor0"":""/World/Franka/panda_link6"",""actor1"":""/World/FormalObstacle"",""collider0"":""/World/Franka/panda_link6/geometry/panda_link6"",""collider1"":""/World/FormalObstacle"",""contact_count"":4,""minimum_separation_m"":-0.0002385750412940979}"
multiscene_candidate_006__inflation_005mm__direction_102__022mm,multiscene_candidate_006__inflation_005mm,multiscene_candidate_006,5,direction_102,22.0,False,True,False,0.0003541521728038788,-0.0015285089612007141,24,24,"{""actor0"":""/World/Franka/panda_link6"",""actor1"":""/World/FormalObstacle"",""collider0"":""/World/Franka/panda_link6/geometry/panda_link6"",""collider1"":""/World/FormalObstacle"",""contact_count"":4,""minimum_separation_m"":-0.0015285089612007141}"
multiscene_candidate_006__inflation_005mm__direction_103__026mm,multiscene_candidate_006__inflation_005mm,multiscene_candidate_006,5,direction_103,26.0,False,True,False,0.0017050765454769135,-0.0007033273577690125,25,26,"{""actor0"":""/World/Franka/panda_link6"",""actor1"":""/World/FormalObstacle"",""collider0"":""/World/Franka/panda_link6/geometry/panda_link6"",""collider1"":""/World/FormalObstacle"",""contact_count"":4,""minimum_separation_m"":-0.0007033273577690125}"
multiscene_candidate_006__inflation_005mm__direction_103__028mm,multiscene_candidate_006__inflation_005mm,multiscene_candidate_006,5,direction_103,28.0,False,True,False,0.0007788017392158508,-0.0016833692789077759,25,26,"{""actor0"":""/World/Franka/panda_link6"",""actor1"":""/World/FormalObstacle"",""collider0"":""/World/Franka/panda_link6/geometry/panda_link6"",""collider1"":""/World/FormalObstacle"",""contact_count"":4,""minimum_separation_m"":-0.0016833692789077759}"
multiscene_candidate_006__inflation_005mm__direction_104__020mm,multiscene_candidate_006__inflation_005mm,multiscene_candidate_006,5,direction_104,20.0,False,True,False,0.003407251089811325,-5.757063627243042e-05,25,25,"{""actor0"":""/World/Franka/panda_link6"",""actor1"":""/World/FormalObstacle"",""collider0"":""/World/Franka/panda_link6/geometry/panda_link6"",""collider1"":""/World/FormalObstacle"",""contact_count"":3,""minimum_separation_m"":-5.757063627243042e-05}"
multiscene_candidate_006__inflation_005mm__direction_104__022mm,multiscene_candidate_006__inflation_005mm,multiscene_candidate_006,5,direction_104,22.0,False,True,False,0.0021706074476242065,-0.001278173178434372,25,25,"{""actor0"":""/World/Franka/panda_link6"",""actor1"":""/World/FormalObstacle"",""collider0"":""/World/Franka/panda_link6/geometry/panda_link6"",""collider1"":""/World/FormalObstacle"",""contact_count"":3,""minimum_separation_m"":-0.001278173178434372}"
multiscene_candidate_006__inflation_005mm__direction_104__024mm,multiscene_candidate_006__inflation_005mm,multiscene_candidate_006,5,direction_104,24.0,False,True,False,0.0009368807077407837,-0.0024987831711769104,25,25,"{""actor0"":""/World/Franka/panda_link6"",""actor1"":""/World/FormalObstacle"",""collider0"":""/World/Franka/panda_link6/geometry/panda_link6"",""collider1"":""/World/FormalObstacle"",""contact_count"":3,""minimum_separation_m"":-0.0024987831711769104}"
multiscene_candidate_006__inflation_005mm__direction_106__022mm,multiscene_candidate_006__inflation_005mm,multiscene_candidate_006,5,direction_106,22.0,False,True,False,0.00351642444729805,-0.00016510486602783203,26,26,"{""actor0"":""/World/Franka/panda_link6"",""actor1"":""/World/FormalObstacle"",""collider0"":""/World/Franka/panda_link6/geometry/panda_link6"",""collider1"":""/World/FormalObstacle"",""contact_count"":4,""minimum_separation_m"":-0.00016510486602783203}"
multiscene_candidate_006__inflation_005mm__direction_106__024mm,multiscene_candidate_006__inflation_005mm,multiscene_candidate_006,5,direction_106,24.0,False,True,False,0.002262759953737259,-0.0014588497579097748,26,26,"{""actor0"":""/World/Franka/panda_link6"",""actor1"":""/World/FormalObstacle"",""collider0"":""/World/Franka/panda_link6/geometry/panda_link6"",""collider1"":""/World/FormalObstacle"",""contact_count"":3,""minimum_separation_m"":-0.0014588497579097748}"
multiscene_candidate_006__inflation_005mm__direction_106__026mm,multiscene_candidate_006__inflation_005mm,multiscene_candidate_006,5,direction_106,26.0,False,True,False,0.0010615251958370209,-0.0024993419647216797,26,26,"{""actor0"":""/World/Franka/panda_link6"",""actor1"":""/World/FormalObstacle"",""collider0"":""/World/Franka/panda_link6/geometry/panda_link6"",""collider1"":""/World/FormalObstacle"",""contact_count"":3,""minimum_separation_m"":-0.0024993419647216797}"
multiscene_candidate_006__inflation_005mm__direction_107__018mm,multiscene_candidate_006__inflation_005mm,multiscene_candidate_006,5,direction_107,18.0,False,True,False,0.0022762492299079895,-0.0009517371654510498,24,24,"{""actor0"":""/World/Franka/panda_link6"",""actor1"":""/World/FormalObstacle"",""collider0"":""/World/Franka/panda_link6/geometry/panda_link6"",""collider1"":""/World/FormalObstacle"",""contact_count"":3,""minimum_separation_m"":-0.0009517371654510498}"
multiscene_candidate_006__inflation_005mm__direction_107__020mm,multiscene_candidate_006__inflation_005mm,multiscene_candidate_006,5,direction_107,20.0,False,True,False,0.0007493942975997925,-0.002482745796442032,24,24,"{""actor0"":""/World/Franka/panda_link6"",""actor1"":""/World/FormalObstacle"",""collider0"":""/World/Franka/panda_link6/geometry/panda_link6"",""collider1"":""/World/FormalObstacle"",""contact_count"":3,""minimum_separation_m"":-0.002482745796442032}"
multiscene_candidate_006__inflation_005mm__direction_108__022mm,multiscene_candidate_006__inflation_005mm,multiscene_candidate_006,5,direction_108,22.0,False,True,False,0.0006178542971611023,-0.00013968348503112793,25,26,"{""actor0"":""/World/Franka/panda_link6"",""actor1"":""/World/FormalObstacle"",""collider0"":""/World/Franka/panda_link6/geometry/panda_link6"",""collider1"":""/World/FormalObstacle"",""contact_count"":4,""minimum_separation_m"":-0.00013968348503112793}"
multiscene_candidate_006__inflation_005mm__direction_109__020mm,multiscene_candidate_006__inflation_005mm,multiscene_candidate_006,5,direction_109,20.0,False,True,False,0.0029854625463485718,-0.00036850571632385254,25,25,"{""actor0"":""/World/Franka/panda_link6"",""actor1"":""/World/FormalObstacle"",""collider0"":""/World/Franka/panda_link6/geometry/panda_link6"",""collider1"":""/World/FormalObstacle"",""contact_count"":3,""minimum_separation_m"":-0.00036850571632385254}"
multiscene_candidate_006__inflation_005mm__direction_109__022mm,multiscene_candidate_006__inflation_005mm,multiscene_candidate_006,5,direction_109,22.0,False,True,False,0.0018391385674476624,-0.001620180904865265,25,25,"{""actor0"":""/World/Franka/panda_link6"",""actor1"":""/World/FormalObstacle"",""collider0"":""/World/Franka/panda_link6/geometry/panda_link6"",""collider1"":""/World/FormalObstacle"",""contact_count"":3,""minimum_separation_m"":-0.001620180904865265}"
multiscene_candidate_006__inflation_005mm__direction_109__024mm,multiscene_candidate_006__inflation_005mm,multiscene_candidate_006,5,direction_109,24.0,False,True,False,0.0007274076342582703,-0.0028718337416648865,25,25,"{""actor0"":""/World/Franka/panda_link6"",""actor1"":""/World/FormalObstacle"",""collider0"":""/World/Franka/panda_link6/geometry/panda_link6"",""collider1"":""/World/FormalObstacle"",""contact_count"":3,""minimum_separation_m"":-0.0028718337416648865}"
multiscene_candidate_006__inflation_005mm__direction_110__018mm,multiscene_candidate_006__inflation_005mm,multiscene_candidate_006,5,direction_110,18.0,False,True,False,0.0009031295776367188,-0.000430472195148468,24,25,"{""actor0"":""/World/Franka/panda_link6"",""actor1"":""/World/FormalObstacle"",""collider0"":""/World/Franka/panda_link6/geometry/panda_link6"",""collider1"":""/World/FormalObstacle"",""contact_count"":4,""minimum_separation_m"":-0.000430472195148468}"
multiscene_candidate_006__inflation_005mm__direction_111__020mm,multiscene_candidate_006__inflation_005mm,multiscene_candidate_006,5,direction_111,20.0,False,True,False,0.0027322769165039062,-0.0005453452467918396,25,25,"{""actor0"":""/World/Franka/panda_link6"",""actor1"":""/World/FormalObstacle"",""collider0"":""/World/Franka/panda_link6/geometry/panda_link6"",""collider1"":""/World/FormalObstacle"",""contact_count"":4,""minimum_separation_m"":-0.0005453452467918396}"
multiscene_candidate_006__inflation_005mm__direction_111__022mm,multiscene_candidate_006__inflation_005mm,multiscene_candidate_006,5,direction_111,22.0,False,True,False,0.0016085244715213776,-0.0018838383257389069,25,26,"{""actor0"":""/World/Franka/panda_link6"",""actor1"":""/World/FormalObstacle"",""collider0"":""/World/Franka/panda_link6/geometry/panda_link6"",""collider1"":""/World/FormalObstacle"",""contact_count"":4,""minimum_separation_m"":-0.0018838383257389069}"
multiscene_candidate_006__inflation_005mm__direction_111__024mm,multiscene_candidate_006__inflation_005mm,multiscene_candidate_006,5,direction_111,24.0,False,True,False,0.00028726086020469666,-0.003368232399225235,26,26,"{""actor0"":""/World/Franka/panda_link6"",""actor1"":""/World/FormalObstacle"",""collider0"":""/World/Franka/panda_link6/geometry/panda_link6"",""collider1"":""/World/FormalObstacle"",""contact_count"":4,""minimum_separation_m"":-0.003368232399225235}"
multiscene_candidate_006__inflation_005mm__direction_112__018mm,multiscene_candidate_006__inflation_005mm,multiscene_candidate_006,5,direction_112,18.0,False,True,False,0.0022237561643123627,-0.0011959746479988098,25,25,"{""actor0"":""/World/Franka/panda_link6"",""actor1"":""/World/FormalObstacle"",""collider0"":""/World/Franka/panda_link6/geometry/panda_link6"",""collider1"":""/World/FormalObstacle"",""contact_count"":4,""minimum_separation_m"":-0.0011959746479988098}"
multiscene_candidate_006__inflation_005mm__direction_112__020mm,multiscene_candidate_006__inflation_005mm,multiscene_candidate_006,5,direction_112,20.0,False,True,False,0.0007081292569637299,-0.0027488134801387787,25,24,"{""actor0"":""/World/Franka/panda_link6"",""actor1"":""/World/FormalObstacle"",""collider0"":""/World/Franka/panda_link6/geometry/panda_link6"",""collider1"":""/World/FormalObstacle"",""contact_count"":3,""minimum_separation_m"":-0.0027488134801387787}"
multiscene_candidate_006__inflation_005mm__direction_113__018mm,multiscene_candidate_006__inflation_005mm,multiscene_candidate_006,5,direction_113,18.0,False,True,False,0.0013558827340602875,-1.7702579498291016e-05,24,25,"{""actor0"":""/World/Franka/panda_link6"",""actor1"":""/World/FormalObstacle"",""collider0"":""/World/Franka/panda_link6/geometry/panda_link6"",""collider1"":""/World/FormalObstacle"",""contact_count"":4,""minimum_separation_m"":-1.7702579498291016e-05}"
multiscene_candidate_006__inflation_005mm__direction_114__018mm,multiscene_candidate_006__inflation_005mm,multiscene_candidate_006,5,direction_114,18.0,False,True,False,0.003318898379802704,-0.00011842697858810425,25,25,"{""actor0"":""/World/Franka/panda_link6"",""actor1"":""/World/FormalObstacle"",""collider0"":""/World/Franka/panda_link6/geometry/panda_link6"",""collider1"":""/World/FormalObstacle"",""contact_count"":3,""minimum_separation_m"":-0.00011842697858810425}"
multiscene_candidate_006__inflation_005mm__direction_114__020mm,multiscene_candidate_006__inflation_005mm,multiscene_candidate_006,5,direction_114,20.0,False,True,False,0.0021272823214530945,-0.0014814287424087524,25,25,"{""actor0"":""/World/Franka/panda_link6"",""actor1"":""/World/FormalObstacle"",""collider0"":""/World/Franka/panda_link6/geometry/panda_link6"",""collider1"":""/World/FormalObstacle"",""contact_count"":3,""minimum_separation_m"":-0.0014814287424087524}"
multiscene_candidate_006__inflation_005mm__direction_114__022mm,multiscene_candidate_006__inflation_005mm,multiscene_candidate_006,5,direction_114,22.0,False,True,False,0.0007403753697872162,-0.002915129065513611,26,26,"{""actor0"":""/World/Franka/panda_link6"",""actor1"":""/World/FormalObstacle"",""collider0"":""/World/Franka/panda_link6/geometry/panda_link6"",""collider1"":""/World/FormalObstacle"",""contact_count"":4,""minimum_separation_m"":-0.002915129065513611}"
multiscene_candidate_006__inflation_005mm__direction_115__016mm,multiscene_candidate_006__inflation_005mm,multiscene_candidate_006,5,direction_115,16.0,False,True,False,0.0017661415040493011,-0.0009588077664375305,24,23,"{""actor0"":""/World/Franka/panda_link6"",""actor1"":""/World/FormalObstacle"",""collider0"":""/World/Franka/panda_link6/geometry/panda_link6"",""collider1"":""/World/FormalObstacle"",""contact_count"":4,""minimum_separation_m"":-0.0009588077664375305}"
multiscene_candidate_006__inflation_005mm__direction_116__018mm,multiscene_candidate_006__inflation_005mm,multiscene_candidate_006,5,direction_116,18.0,False,True,False,0.0014357790350914001,-0.000470869243144989,25,25,"{""actor0"":""/World/Franka/panda_link6"",""actor1"":""/World/FormalObstacle"",""collider0"":""/World/Franka/panda_link6/geometry/panda_link6"",""collider1"":""/World/FormalObstacle"",""contact_count"":4,""minimum_separation_m"":-0.000470869243144989}"
multiscene_candidate_006__inflation_005mm__direction_117__016mm,multiscene_candidate_006__inflation_005mm,multiscene_candidate_006,5,direction_117,16.0,False,True,False,0.0027670972049236298,-0.0006384402513504028,25,25,"{""actor0"":""/World/Franka/panda_link6"",""actor1"":""/World/FormalObstacle"",""collider0"":""/World/Franka/panda_link6/geometry/panda_link6"",""collider1"":""/World/FormalObstacle"",""contact_count"":3,""minimum_separation_m"":-0.0006384402513504028}"
multiscene_candidate_006__inflation_005mm__direction_117__018mm,multiscene_candidate_006__inflation_005mm,multiscene_candidate_006,5,direction_117,18.0,False,True,False,0.001152127981185913,-0.0022367462515830994,25,25,"{""actor0"":""/World/Franka/panda_link6"",""actor1"":""/World/FormalObstacle"",""collider0"":""/World/Franka/panda_link6/geometry/panda_link6"",""collider1"":""/World/FormalObstacle"",""contact_count"":3,""minimum_separation_m"":-0.0022367462515830994}"
multiscene_candidate_006__inflation_005mm__direction_118__016mm,multiscene_candidate_006__inflation_005mm,multiscene_candidate_006,5,direction_118,16.0,False,True,False,0.001248389482498169,-0.0006324127316474915,24,25,"{""actor0"":""/World/Franka/panda_link6"",""actor1"":""/World/FormalObstacle"",""collider0"":""/World/Franka/panda_link6/geometry/panda_link6"",""collider1"":""/World/FormalObstacle"",""contact_count"":4,""minimum_separation_m"":-0.0006324127316474915}"
multiscene_candidate_006__inflation_005mm__direction_119__016mm,multiscene_candidate_006__inflation_005mm,multiscene_candidate_006,5,direction_119,16.0,False,True,False,0.0029497891664505005,-0.00033631548285484314,25,25,"{""actor0"":""/World/Franka/panda_link6"",""actor1"":""/World/FormalObstacle"",""collider0"":""/World/Franka/panda_link6/geometry/panda_link6"",""collider1"":""/World/FormalObstacle"",""contact_count"":3,""minimum_separation_m"":-0.00033631548285484314}"
multiscene_candidate_006__inflation_005mm__direction_119__018mm,multiscene_candidate_006__inflation_005mm,multiscene_candidate_006,5,direction_119,18.0,False,True,False,0.0014579109847545624,-0.0018968954682350159,25,25,"{""actor0"":""/World/Franka/panda_link6"",""actor1"":""/World/FormalObstacle"",""collider0"":""/World/Franka/panda_link6/geometry/panda_link6"",""collider1"":""/World/FormalObstacle"",""contact_count"":3,""minimum_separation_m"":-0.0018968954682350159}"
multiscene_candidate_006__inflation_005mm__direction_119__020mm,multiscene_candidate_006__inflation_005mm,multiscene_candidate_006,5,direction_119,20.0,False,True,False,3.6731362342834473e-06,-0.0034574493765830994,25,25,"{""actor0"":""/World/Franka/panda_link6"",""actor1"":""/World/FormalObstacle"",""collider0"":""/World/Franka/panda_link6/geometry/panda_link6"",""collider1"":""/World/FormalObstacle"",""contact_count"":3,""minimum_separation_m"":-0.0034574493765830994}"
multiscene_candidate_006__inflation_005mm__direction_120__014mm,multiscene_candidate_006__inflation_005mm,multiscene_candidate_006,5,direction_120,14.0,False,True,False,0.0035050176084041595,-0.0001086406409740448,25,24,"{""actor0"":""/World/Franka/panda_link6"",""actor1"":""/World/FormalObstacle"",""collider0"":""/World/Franka/panda_link6/geometry/panda_link6"",""collider1"":""/World/FormalObstacle"",""contact_count"":3,""minimum_separation_m"":-0.0001086406409740448}"
multiscene_candidate_006__inflation_005mm__direction_120__016mm,multiscene_candidate_006__inflation_005mm,multiscene_candidate_006,5,direction_120,16.0,False,True,False,0.001739349216222763,-0.0019566193222999573,25,24,"{""actor0"":""/World/Franka/panda_link6"",""actor1"":""/World/FormalObstacle"",""collider0"":""/World/Franka/panda_link6/geometry/panda_link6"",""collider1"":""/World/FormalObstacle"",""contact_count"":3,""minimum_separation_m"":-0.0019566193222999573}"
multiscene_candidate_006__inflation_005mm__direction_121__016mm,multiscene_candidate_006__inflation_005mm,multiscene_candidate_006,5,direction_121,16.0,False,True,False,0.0014921016991138458,-0.000778496265411377,25,25,"{""actor0"":""/World/Franka/panda_link6"",""actor1"":""/World/FormalObstacle"",""collider0"":""/World/Franka/panda_link6/geometry/panda_link6"",""collider1"":""/World/FormalObstacle"",""contact_count"":4,""minimum_separation_m"":-0.000778496265411377}"
multiscene_candidate_006__inflation_005mm__direction_122__016mm,multiscene_candidate_006__inflation_005mm,multiscene_candidate_006,5,direction_122,16.0,False,True,False,0.0017913095653057098,-0.0015202686190605164,25,25,"{""actor0"":""/World/Franka/panda_link6"",""actor1"":""/World/FormalObstacle"",""collider0"":""/World/Franka/panda_link6/geometry/panda_link6"",""collider1"":""/World/FormalObstacle"",""contact_count"":3,""minimum_separation_m"":-0.0015202686190605164}"
multiscene_candidate_006__inflation_005mm__direction_122__018mm,multiscene_candidate_006__inflation_005mm,multiscene_candidate_006,5,direction_122,18.0,False,True,False,9.486451745033264e-05,-0.0032288283109664917,25,25,"{""actor0"":""/World/Franka/panda_link6"",""actor1"":""/World/FormalObstacle"",""collider0"":""/World/Franka/panda_link6/geometry/panda_link6"",""collider1"":""/World/FormalObstacle"",""contact_count"":3,""minimum_separation_m"":-0.0032288283109664917}"
multiscene_candidate_006__inflation_005mm__direction_123__014mm,multiscene_candidate_006__inflation_005mm,multiscene_candidate_006,5,direction_123,14.0,False,True,False,0.002463527023792267,-0.000571034848690033,24,25,"{""actor0"":""/World/Franka/panda_link6"",""actor1"":""/World/FormalObstacle"",""collider0"":""/World/Franka/panda_link6/geometry/panda_link6"",""collider1"":""/World/FormalObstacle"",""contact_count"":4,""minimum_separation_m"":-0.000571034848690033}"
multiscene_candidate_006__inflation_005mm__direction_123__016mm,multiscene_candidate_006__inflation_005mm,multiscene_candidate_006,5,direction_123,16.0,False,True,False,0.0004737637937068939,-0.002430405467748642,24,25,"{""actor0"":""/World/Franka/panda_link6"",""actor1"":""/World/FormalObstacle"",""collider0"":""/World/Franka/panda_link6/geometry/panda_link6"",""collider1"":""/World/FormalObstacle"",""contact_count"":4,""minimum_separation_m"":-0.002430405467748642}"
multiscene_candidate_006__inflation_005mm__direction_124__014mm,multiscene_candidate_006__inflation_005mm,multiscene_candidate_006,5,direction_124,14.0,False,True,False,0.002881936728954315,-8.594244718551636e-05,25,25,"{""actor0"":""/World/Franka/panda_link6"",""actor1"":""/World/FormalObstacle"",""collider0"":""/World/Franka/panda_link6/geometry/panda_link6"",""collider1"":""/World/FormalObstacle"",""contact_count"":4,""minimum_separation_m"":-8.594244718551636e-05}"
multiscene_candidate_006__inflation_005mm__direction_124__016mm,multiscene_candidate_006__inflation_005mm,multiscene_candidate_006,5,direction_124,16.0,False,True,False,0.0010492615401744843,-0.0018402859568595886,25,25,"{""actor0"":""/World/Franka/panda_link6"",""actor1"":""/World/FormalObstacle"",""collider0"":""/World/Franka/panda_link6/geometry/panda_link6"",""collider1"":""/World/FormalObstacle"",""contact_count"":4,""minimum_separation_m"":-0.0018402859568595886}"
multiscene_candidate_006__inflation_005mm__direction_125__014mm,multiscene_candidate_006__inflation_005mm,multiscene_candidate_006,5,direction_125,14.0,False,True,False,0.0024540387094020844,-0.0010085366666316986,25,25,"{""actor0"":""/World/Franka/panda_link6"",""actor1"":""/World/FormalObstacle"",""collider0"":""/World/Franka/panda_link6/geometry/panda_link6"",""collider1"":""/World/FormalObstacle"",""contact_count"":4,""minimum_separation_m"":-0.0010085366666316986}"
multiscene_candidate_006__inflation_005mm__direction_125__016mm,multiscene_candidate_006__inflation_005mm,multiscene_candidate_006,5,direction_125,16.0,False,True,False,0.0005346722900867462,-0.002930358052253723,25,25,"{""actor0"":""/World/Franka/panda_link6"",""actor1"":""/World/FormalObstacle"",""collider0"":""/World/Franka/panda_link6/geometry/panda_link6"",""collider1"":""/World/FormalObstacle"",""contact_count"":4,""minimum_separation_m"":-0.002930358052253723}"
multiscene_candidate_006__inflation_005mm__direction_126__014mm,multiscene_candidate_006__inflation_005mm,multiscene_candidate_006,5,direction_126,14.0,False,True,False,0.0021924637258052826,-0.0008910670876502991,25,25,"{""actor0"":""/World/Franka/panda_link6"",""actor1"":""/World/FormalObstacle"",""collider0"":""/World/Franka/panda_link6/geometry/panda_link6"",""collider1"":""/World/FormalObstacle"",""contact_count"":4,""minimum_separation_m"":-0.0008910670876502991}"
multiscene_candidate_006__inflation_005mm__direction_126__016mm,multiscene_candidate_006__inflation_005mm,multiscene_candidate_006,5,direction_126,16.0,False,True,False,0.0002393387258052826,-0.0027837157249450684,25,25,"{""actor0"":""/World/Franka/panda_link6"",""actor1"":""/World/FormalObstacle"",""collider0"":""/World/Franka/panda_link6/geometry/panda_link6"",""collider1"":""/World/FormalObstacle"",""contact_count"":4,""minimum_separation_m"":-0.0027837157249450684}"
multiscene_candidate_006__inflation_005mm__direction_127__014mm,multiscene_candidate_006__inflation_005mm,multiscene_candidate_006,5,direction_127,14.0,False,True,False,0.002115737646818161,-0.0014250203967094421,25,25,"{""actor0"":""/World/Franka/panda_link6"",""actor1"":""/World/FormalObstacle"",""collider0"":""/World/Franka/panda_link6/geometry/panda_link6"",""collider1"":""/World/FormalObstacle"",""contact_count"":3,""minimum_separation_m"":-0.0014250203967094421}"
multiscene_candidate_006__inflation_005mm__direction_127__016mm,multiscene_candidate_006__inflation_005mm,multiscene_candidate_006,5,direction_127,16.0,False,True,False,0.00015847757458686829,-0.00336403027176857,25,25,"{""actor0"":""/World/Franka/panda_link6"",""actor1"":""/World/FormalObstacle"",""collider0"":""/World/Franka/panda_link6/geometry/panda_link6"",""collider1"":""/World/FormalObstacle"",""contact_count"":3,""minimum_separation_m"":-0.00336403027176857}"
multiscene_candidate_006__inflation_010mm__direction_086__044mm,multiscene_candidate_006__inflation_010mm,multiscene_candidate_006,10,direction_086,44.0,False,True,False,0.0030891001224517822,-0.0005742274224758148,23,23,"{""actor0"":""/World/Franka/panda_link6"",""actor1"":""/World/FormalObstacle"",""collider0"":""/World/Franka/panda_link6/geometry/panda_link6"",""collider1"":""/World/FormalObstacle"",""contact_count"":3,""minimum_separation_m"":-0.0005742274224758148}"
multiscene_candidate_006__inflation_010mm__direction_086__046mm,multiscene_candidate_006__inflation_010mm,multiscene_candidate_006,10,direction_086,46.0,False,True,False,0.002120908349752426,-0.0014474131166934967,23,23,"{""actor0"":""/World/Franka/panda_link6"",""actor1"":""/World/FormalObstacle"",""collider0"":""/World/Franka/panda_link6/geometry/panda_link6"",""collider1"":""/World/FormalObstacle"",""contact_count"":3,""minimum_separation_m"":-0.0014474131166934967}"
multiscene_candidate_006__inflation_010mm__direction_086__048mm,multiscene_candidate_006__inflation_010mm,multiscene_candidate_006,10,direction_086,48.0,False,True,False,0.0011689923703670502,-0.0023205503821372986,23,23,"{""actor0"":""/World/Franka/panda_link6"",""actor1"":""/World/FormalObstacle"",""collider0"":""/World/Franka/panda_link6/geometry/panda_link6"",""collider1"":""/World/FormalObstacle"",""contact_count"":3,""minimum_separation_m"":-0.0023205503821372986}"
multiscene_candidate_006__inflation_010mm__direction_086__050mm,multiscene_candidate_006__inflation_010mm,multiscene_candidate_006,10,direction_086,50.0,False,True,False,0.0002342723309993744,-0.0031937696039676666,23,23,"{""actor0"":""/World/Franka/panda_link6"",""actor1"":""/World/FormalObstacle"",""collider0"":""/World/Franka/panda_link6/geometry/panda_link6"",""collider1"":""/World/FormalObstacle"",""contact_count"":3,""minimum_separation_m"":-0.0031937696039676666}"
multiscene_candidate_006__inflation_010mm__direction_088__058mm,multiscene_candidate_006__inflation_010mm,multiscene_candidate_006,10,direction_088,58.0,False,True,False,0.0035353191196918488,-0.0004384443163871765,27,28,"{""actor0"":""/World/Franka/panda_link6"",""actor1"":""/World/FormalObstacle"",""collider0"":""/World/Franka/panda_link6/geometry/panda_link6"",""collider1"":""/World/FormalObstacle"",""contact_count"":4,""minimum_separation_m"":-0.0004384443163871765}"
multiscene_candidate_006__inflation_010mm__direction_088__060mm,multiscene_candidate_006__inflation_010mm,multiscene_candidate_006,10,direction_088,60.0,False,True,False,0.003041233867406845,-0.0012040548026561737,28,28,"{""actor0"":""/World/Franka/panda_link6"",""actor1"":""/World/FormalObstacle"",""collider0"":""/World/Franka/panda_link6/geometry/panda_link6"",""collider1"":""/World/FormalObstacle"",""contact_count"":4,""minimum_separation_m"":-0.0012040548026561737}"
multiscene_candidate_006__inflation_010mm__direction_089__042mm,multiscene_candidate_006__inflation_010mm,multiscene_candidate_006,10,direction_089,42.0,True,False,False,-2.619996666908264e-05,0.00025074928998947144,23,24,"{""actor0"":""/World/Franka/panda_link6"",""actor1"":""/World/FormalObstacle"",""collider0"":""/World/Franka/panda_link6/geometry/panda_link6"",""collider1"":""/World/FormalObstacle"",""contact_count"":4,""minimum_separation_m"":0.00025074928998947144}"
multiscene_candidate_006__inflation_010mm__direction_090__056mm,multiscene_candidate_006__inflation_010mm,multiscene_candidate_006,10,direction_090,56.0,False,True,False,0.001783270388841629,-0.0005874857306480408,27,28,"{""actor0"":""/World/Franka/panda_link6"",""actor1"":""/World/FormalObstacle"",""collider0"":""/World/Franka/panda_link6/geometry/panda_link6"",""collider1"":""/World/FormalObstacle"",""contact_count"":4,""minimum_separation_m"":-0.0005874857306480408}"
multiscene_candidate_006__inflation_010mm__direction_090__058mm,multiscene_candidate_006__inflation_010mm,multiscene_candidate_006,10,direction_090,58.0,False,True,False,0.001179475337266922,-0.001218743622303009,27,28,"{""actor0"":""/World/Franka/panda_link6"",""actor1"":""/World/FormalObstacle"",""collider0"":""/World/Franka/panda_link6/geometry/panda_link6"",""collider1"":""/World/FormalObstacle"",""contact_count"":4,""minimum_separation_m"":-0.001218743622303009}"
multiscene_candidate_006__inflation_010mm__direction_090__060mm,multiscene_candidate_006__inflation_010mm,multiscene_candidate_006,10,direction_090,60.0,False,True,False,0.0006199516355991364,-0.001850023865699768,27,28,"{""actor0"":""/World/Franka/panda_link6"",""actor1"":""/World/FormalObstacle"",""collider0"":""/World/Franka/panda_link6/geometry/panda_link6"",""collider1"":""/World/FormalObstacle"",""contact_count"":4,""minimum_separation_m"":-0.001850023865699768}"
multiscene_candidate_006__inflation_010mm__direction_091__042mm,multiscene_candidate_006__inflation_010mm,multiscene_candidate_006,10,direction_091,42.0,False,True,False,0.002890676259994507,-0.0008306168019771576,25,25,"{""actor0"":""/World/Franka/panda_link6"",""actor1"":""/World/FormalObstacle"",""collider0"":""/World/Franka/panda_link6/geometry/panda_link6"",""collider1"":""/World/FormalObstacle"",""contact_count"":4,""minimum_separation_m"":-0.0008306168019771576}"
multiscene_candidate_006__inflation_010mm__direction_091__044mm,multiscene_candidate_006__inflation_010mm,multiscene_candidate_006,10,direction_091,44.0,False,True,False,0.002027660608291626,-0.0016900114715099335,25,25,"{""actor0"":""/World/Franka/panda_link6"",""actor1"":""/World/FormalObstacle"",""collider0"":""/World/Franka/panda_link6/geometry/panda_link6"",""collider1"":""/World/FormalObstacle"",""contact_count"":4,""minimum_separation_m"":-0.0016900114715099335}"
multiscene_candidate_006__inflation_010mm__direction_091__046mm,multiscene_candidate_006__inflation_010mm,multiscene_candidate_006,10,direction_091,46.0,False,True,False,0.0011647343635559082,-0.0025493837893009186,25,25,"{""actor0"":""/World/Franka/panda_link6"",""actor1"":""/World/FormalObstacle"",""collider0"":""/World/Franka/panda_link6/geometry/panda_link6"",""collider1"":""/World/FormalObstacle"",""contact_count"":4,""minimum_separation_m"":-0.0025493837893009186}"
multiscene_candidate_006__inflation_010mm__direction_091__048mm,multiscene_candidate_006__inflation_010mm,multiscene_candidate_006,10,direction_091,48.0,False,True,False,0.0003018975257873535,-0.0034087486565113068,25,25,"{""actor0"":""/World/Franka/panda_link6"",""actor1"":""/World/FormalObstacle"",""collider0"":""/World/Franka/panda_link6/geometry/panda_link6"",""collider1"":""/World/FormalObstacle"",""contact_count"":4,""minimum_separation_m"":-0.0034087486565113068}"
multiscene_candidate_006__inflation_010mm__direction_092__050mm,multiscene_candidate_006__inflation_010mm,multiscene_candidate_006,10,direction_092,50.0,True,False,False,-0.00023499131202697754,8.022040128707886e-05,25,27,"{""actor0"":""/World/Franka/panda_link6"",""actor1"":""/World/FormalObstacle"",""collider0"":""/World/Franka/panda_link6/geometry/panda_link6"",""collider1"":""/World/FormalObstacle"",""contact_count"":4,""minimum_separation_m"":8.022040128707886e-05}"
multiscene_candidate_006__inflation_010mm__direction_093__048mm,multiscene_candidate_006__inflation_010mm,multiscene_candidate_006,10,direction_093,48.0,False,True,False,0.0038849972188472748,-0.0003602951765060425,28,28,"{""actor0"":""/World/Franka/panda_link6"",""actor1"":""/World/FormalObstacle"",""collider0"":""/World/Franka/panda_link6/geometry/panda_link6"",""collider1"":""/World/FormalObstacle"",""contact_count"":4,""minimum_separation_m"":-0.0003602951765060425}"
multiscene_candidate_006__inflation_010mm__direction_093__050mm,multiscene_candidate_006__inflation_010mm,multiscene_candidate_006,10,direction_093,50.0,False,True,False,0.002963092178106308,-0.001282189041376114,28,28,"{""actor0"":""/World/Franka/panda_link6"",""actor1"":""/World/FormalObstacle"",""collider0"":""/World/Franka/panda_link6/geometry/panda_link6"",""collider1"":""/World/FormalObstacle"",""contact_count"":4,""minimum_separation_m"":-0.001282189041376114}"
multiscene_candidate_006__inflation_010mm__direction_093__052mm,multiscene_candidate_006__inflation_010mm,multiscene_candidate_006,10,direction_093,52.0,False,True,False,0.0020412467420101166,-0.0022040531039237976,28,28,"{""actor0"":""/World/Franka/panda_link6"",""actor1"":""/World/FormalObstacle"",""collider0"":""/World/Franka/panda_link6/geometry/panda_link6"",""collider1"":""/World/FormalObstacle"",""contact_count"":4,""minimum_separation_m"":-0.0022040531039237976}"
multiscene_candidate_006__inflation_010mm__direction_093__054mm,multiscene_candidate_006__inflation_010mm,multiscene_candidate_006,10,direction_093,54.0,False,True,False,0.0011374503374099731,-0.0031259506940841675,28,28,"{""actor0"":""/World/Franka/panda_link6"",""actor1"":""/World/FormalObstacle"",""collider0"":""/World/Franka/panda_link6/geometry/panda_link6"",""collider1"":""/World/FormalObstacle"",""contact_count"":4,""minimum_separation_m"":-0.0031259506940841675}"
multiscene_candidate_006__inflation_010mm__direction_093__056mm,multiscene_candidate_006__inflation_010mm,multiscene_candidate_006,10,direction_093,56.0,False,True,False,0.00030023232102394104,-0.003732208162546158,28,28,"{""actor0"":""/World/Franka/panda_link6"",""actor1"":""/World/FormalObstacle"",""collider0"":""/World/Franka/panda_link6/geometry/panda_link6"",""collider1"":""/World/FormalObstacle"",""contact_count"":3,""minimum_separation_m"":-0.003732208162546158}"
multiscene_candidate_006__inflation_010mm__direction_094__032mm,multiscene_candidate_006__inflation_010mm,multiscene_candidate_006,10,direction_094,32.0,False,True,False,0.0035155564546585083,-0.00023562461137771606,23,23,"{""actor0"":""/World/Franka/panda_link6"",""actor1"":""/World/FormalObstacle"",""collider0"":""/World/Franka/panda_link6/geometry/panda_link6"",""collider1"":""/World/FormalObstacle"",""contact_count"":3,""minimum_separation_m"":-0.00023562461137771606}"
multiscene_candidate_006__inflation_010mm__direction_094__034mm,multiscene_candidate_006__inflation_010mm,multiscene_candidate_006,10,direction_094,34.0,False,True,False,0.0021973997354507446,-0.0014150775969028473,23,23,"{""actor0"":""/World/Franka/panda_link6"",""actor1"":""/World/FormalObstacle"",""collider0"":""/World/Franka/panda_link6/geometry/panda_link6"",""collider1"":""/World/FormalObstacle"",""contact_count"":3,""minimum_separation_m"":-0.0014150775969028473}"
multiscene_candidate_006__inflation_010mm__direction_094__036mm,multiscene_candidate_006__inflation_010mm,multiscene_candidate_006,10,direction_094,36.0,False,True,False,0.0009071864187717438,-0.0025661103427410126,23,22,"{""actor0"":""/World/Franka/panda_link6"",""actor1"":""/World/FormalObstacle"",""collider0"":""/World/Franka/panda_link6/geometry/panda_link6"",""collider1"":""/World/FormalObstacle"",""contact_count"":3,""minimum_separation_m"":-0.0025661103427410126}"
multiscene_candidate_006__inflation_010mm__direction_096__038mm,multiscene_candidate_006__inflation_010mm,multiscene_candidate_006,10,direction_096,38.0,False,True,False,0.0035664215683937073,-0.00027994439005851746,26,26,"{""actor0"":""/World/Franka/panda_link6"",""actor1"":""/World/FormalObstacle"",""collider0"":""/World/Franka/panda_link6/geometry/panda_link6"",""collider1"":""/World/FormalObstacle"",""contact_count"":3,""minimum_separation_m"":-0.00027994439005851746}"
multiscene_candidate_006__inflation_010mm__direction_096__040mm,multiscene_candidate_006__inflation_010mm,multiscene_candidate_006,10,direction_096,40.0,False,True,False,0.0026201382279396057,-0.0011348016560077667,26,26,"{""actor0"":""/World/Franka/panda_link6"",""actor1"":""/World/FormalObstacle"",""collider0"":""/World/Franka/panda_link6/geometry/panda_link6"",""collider1"":""/World/FormalObstacle"",""contact_count"":3,""minimum_separation_m"":-0.0011348016560077667}"
multiscene_candidate_006__inflation_010mm__direction_096__042mm,multiscene_candidate_006__inflation_010mm,multiscene_candidate_006,10,direction_096,42.0,False,True,False,0.001692015677690506,-0.0019896291196346283,26,26,"{""actor0"":""/World/Franka/panda_link6"",""actor1"":""/World/FormalObstacle"",""collider0"":""/World/Franka/panda_link6/geometry/panda_link6"",""collider1"":""/World/FormalObstacle"",""contact_count"":3,""minimum_separation_m"":-0.0019896291196346283}"
multiscene_candidate_006__inflation_010mm__direction_096__044mm,multiscene_candidate_006__inflation_010mm,multiscene_candidate_006,10,direction_096,44.0,False,True,False,0.0007831007242202759,-0.002844434231519699,26,26,"{""actor0"":""/World/Franka/panda_link6"",""actor1"":""/World/FormalObstacle"",""collider0"":""/World/Franka/panda_link6/geometry/panda_link6"",""collider1"":""/World/FormalObstacle"",""contact_count"":3,""minimum_separation_m"":-0.002844434231519699}"
multiscene_candidate_006__inflation_010mm__direction_098__038mm,multiscene_candidate_006__inflation_010mm,multiscene_candidate_006,10,direction_098,38.0,False,True,False,0.003967132419347763,-0.00011114031076431274,27,27,"{""actor0"":""/World/Franka/panda_link6"",""actor1"":""/World/FormalObstacle"",""collider0"":""/World/Franka/panda_link6/geometry/panda_link6"",""collider1"":""/World/FormalObstacle"",""contact_count"":4,""minimum_separation_m"":-0.00011114031076431274}"
multiscene_candidate_006__inflation_010mm__direction_098__040mm,multiscene_candidate_006__inflation_010mm,multiscene_candidate_006,10,direction_098,40.0,False,True,False,0.002903800457715988,-0.0011892877519130707,27,27,"{""actor0"":""/World/Franka/panda_link6"",""actor1"":""/World/FormalObstacle"",""collider0"":""/World/Franka/panda_link6/geometry/panda_link6"",""collider1"":""/World/FormalObstacle"",""contact_count"":4,""minimum_separation_m"":-0.0011892877519130707}"
multiscene_candidate_006__inflation_010mm__direction_098__042mm,multiscene_candidate_006__inflation_010mm,multiscene_candidate_006,10,direction_098,42.0,False,True,False,0.0018902160227298737,-0.002123456448316574,27,27,"{""actor0"":""/World/Franka/panda_link6"",""actor1"":""/World/FormalObstacle"",""collider0"":""/World/Franka/panda_link6/geometry/panda_link6"",""collider1"":""/World/FormalObstacle"",""contact_count"":3,""minimum_separation_m"":-0.002123456448316574}"
multiscene_candidate_006__inflation_010mm__direction_098__044mm,multiscene_candidate_006__inflation_010mm,multiscene_candidate_006,10,direction_098,44.0,False,True,False,0.0009309723973274231,-0.002892531454563141,27,27,"{""actor0"":""/World/Franka/panda_link6"",""actor1"":""/World/FormalObstacle"",""collider0"":""/World/Franka/panda_link6/geometry/panda_link6"",""collider1"":""/World/FormalObstacle"",""contact_count"":3,""minimum_separation_m"":-0.002892531454563141}"
multiscene_candidate_006__inflation_010mm__direction_098__046mm,multiscene_candidate_006__inflation_010mm,multiscene_candidate_006,10,direction_098,46.0,False,True,False,2.9537826776504517e-05,-0.003661610186100006,27,27,"{""actor0"":""/World/Franka/panda_link6"",""actor1"":""/World/FormalObstacle"",""collider0"":""/World/Franka/panda_link6/geometry/panda_link6"",""collider1"":""/World/FormalObstacle"",""contact_count"":3,""minimum_separation_m"":-0.003661610186100006}"
multiscene_candidate_006__inflation_010mm__direction_099__032mm,multiscene_candidate_006__inflation_010mm,multiscene_candidate_006,10,direction_099,32.0,False,True,False,0.0022943131625652313,-0.0011854395270347595,24,24,"{""actor0"":""/World/Franka/panda_link6"",""actor1"":""/World/FormalObstacle"",""collider0"":""/World/Franka/panda_link6/geometry/panda_link6"",""collider1"":""/World/FormalObstacle"",""contact_count"":3,""minimum_separation_m"":-0.0011854395270347595}"
multiscene_candidate_006__inflation_010mm__direction_099__034mm,multiscene_candidate_006__inflation_010mm,multiscene_candidate_006,10,direction_099,34.0,False,True,False,0.0010687857866287231,-0.0024054795503616333,24,24,"{""actor0"":""/World/Franka/panda_link6"",""actor1"":""/World/FormalObstacle"",""collider0"":""/World/Franka/panda_link6/geometry/panda_link6"",""collider1"":""/World/FormalObstacle"",""contact_count"":3,""minimum_separation_m"":-0.0024054795503616333}"
multiscene_candidate_006__inflation_010mm__direction_101__036mm,multiscene_candidate_006__inflation_010mm,multiscene_candidate_006,10,direction_101,36.0,False,True,False,0.0033577345311641693,-0.0007205531001091003,27,27,"{""actor0"":""/World/Franka/panda_link6"",""actor1"":""/World/FormalObstacle"",""collider0"":""/World/Franka/panda_link6/geometry/panda_link6"",""collider1"":""/World/FormalObstacle"",""contact_count"":4,""minimum_separation_m"":-0.0007205531001091003}"
multiscene_candidate_006__inflation_010mm__direction_101__038mm,multiscene_candidate_006__inflation_010mm,multiscene_candidate_006,10,direction_101,38.0,False,True,False,0.0021858476102352142,-0.0018924325704574585,27,27,"{""actor0"":""/World/Franka/panda_link6"",""actor1"":""/World/FormalObstacle"",""collider0"":""/World/Franka/panda_link6/geometry/panda_link6"",""collider1"":""/World/FormalObstacle"",""contact_count"":4,""minimum_separation_m"":-0.0018924325704574585}"
multiscene_candidate_006__inflation_010mm__direction_101__040mm,multiscene_candidate_006__inflation_010mm,multiscene_candidate_006,10,direction_101,40.0,False,True,False,0.0010139606893062592,-0.003064323216676712,27,27,"{""actor0"":""/World/Franka/panda_link6"",""actor1"":""/World/FormalObstacle"",""collider0"":""/World/Franka/panda_link6/geometry/panda_link6"",""collider1"":""/World/FormalObstacle"",""contact_count"":4,""minimum_separation_m"":-0.003064323216676712}"
multiscene_candidate_006__inflation_010mm__direction_102__028mm,multiscene_candidate_006__inflation_010mm,multiscene_candidate_006,10,direction_102,28.0,False,True,False,0.002030756324529648,-0.0005411580204963684,24,24,"{""actor0"":""/World/Franka/panda_link6"",""actor1"":""/World/FormalObstacle"",""collider0"":""/World/Franka/panda_link6/geometry/panda_link6"",""collider1"":""/World/FormalObstacle"",""contact_count"":4,""minimum_separation_m"":-0.0005411580204963684}"
multiscene_candidate_006__inflation_010mm__direction_102__030mm,multiscene_candidate_006__inflation_010mm,multiscene_candidate_006,10,direction_102,30.0,False,True,False,0.0008276365697383881,-0.0018021687865257263,24,24,"{""actor0"":""/World/Franka/panda_link6"",""actor1"":""/World/FormalObstacle"",""collider0"":""/World/Franka/panda_link6/geometry/panda_link6"",""collider1"":""/World/FormalObstacle"",""contact_count"":4,""minimum_separation_m"":-0.0018021687865257263}"
multiscene_candidate_006__inflation_010mm__direction_103__034mm,multiscene_candidate_006__inflation_010mm,multiscene_candidate_006,10,direction_103,34.0,False,True,False,0.0018074214458465576,-0.0005354508757591248,26,27,"{""actor0"":""/World/Franka/panda_link6"",""actor1"":""/World/FormalObstacle"",""collider0"":""/World/Franka/panda_link6/geometry/panda_link6"",""collider1"":""/World/FormalObstacle"",""contact_count"":4,""minimum_separation_m"":-0.0005354508757591248}"
multiscene_candidate_006__inflation_010mm__direction_103__036mm,multiscene_candidate_006__inflation_010mm,multiscene_candidate_006,10,direction_103,36.0,False,True,False,0.0006212964653968811,-0.001557670533657074,26,27,"{""actor0"":""/World/Franka/panda_link6"",""actor1"":""/World/FormalObstacle"",""collider0"":""/World/Franka/panda_link6/geometry/panda_link6"",""collider1"":""/World/FormalObstacle"",""contact_count"":4,""minimum_separation_m"":-0.001557670533657074}"
multiscene_candidate_006__inflation_010mm__direction_104__030mm,multiscene_candidate_006__inflation_010mm,multiscene_candidate_006,10,direction_104,30.0,False,True,False,0.002579879015684128,-0.0008924752473831177,25,25,"{""actor0"":""/World/Franka/panda_link6"",""actor1"":""/World/FormalObstacle"",""collider0"":""/World/Franka/panda_link6/geometry/panda_link6"",""collider1"":""/World/FormalObstacle"",""contact_count"":3,""minimum_separation_m"":-0.0008924752473831177}"
multiscene_candidate_006__inflation_010mm__direction_104__032mm,multiscene_candidate_006__inflation_010mm,multiscene_candidate_006,10,direction_104,32.0,False,True,False,0.001376032829284668,-0.0021135248243808746,25,25,"{""actor0"":""/World/Franka/panda_link6"",""actor1"":""/World/FormalObstacle"",""collider0"":""/World/Franka/panda_link6/geometry/panda_link6"",""collider1"":""/World/FormalObstacle"",""contact_count"":3,""minimum_separation_m"":-0.0021135248243808746}"
multiscene_candidate_006__inflation_010mm__direction_104__034mm,multiscene_candidate_006__inflation_010mm,multiscene_candidate_006,10,direction_104,34.0,False,True,False,0.0001768544316291809,-0.0033346153795719147,25,25,"{""actor0"":""/World/Franka/panda_link6"",""actor1"":""/World/FormalObstacle"",""collider0"":""/World/Franka/panda_link6/geometry/panda_link6"",""collider1"":""/World/FormalObstacle"",""contact_count"":3,""minimum_separation_m"":-0.0033346153795719147}"
multiscene_candidate_006__inflation_010mm__direction_106__032mm,multiscene_candidate_006__inflation_010mm,multiscene_candidate_006,10,direction_106,32.0,False,True,False,0.0028325095772743225,-0.0008767768740653992,26,27,"{""actor0"":""/World/Franka/panda_link6"",""actor1"":""/World/FormalObstacle"",""collider0"":""/World/Franka/panda_link6/geometry/panda_link6"",""collider1"":""/World/FormalObstacle"",""contact_count"":4,""minimum_separation_m"":-0.0008767768740653992}"
multiscene_candidate_006__inflation_010mm__direction_106__034mm,multiscene_candidate_006__inflation_010mm,multiscene_candidate_006,10,direction_106,34.0,False,True,False,0.0018733404576778412,-0.0022049397230148315,27,27,"{""actor0"":""/World/Franka/panda_link6"",""actor1"":""/World/FormalObstacle"",""collider0"":""/World/Franka/panda_link6/geometry/panda_link6"",""collider1"":""/World/FormalObstacle"",""contact_count"":4,""minimum_separation_m"":-0.0022049397230148315}"
multiscene_candidate_006__inflation_010mm__direction_106__036mm,multiscene_candidate_006__inflation_010mm,multiscene_candidate_006,10,direction_106,36.0,False,True,False,0.0005452297627925873,-0.003533054143190384,27,27,"{""actor0"":""/World/Franka/panda_link6"",""actor1"":""/World/FormalObstacle"",""collider0"":""/World/Franka/panda_link6/geometry/panda_link6"",""collider1"":""/World/FormalObstacle"",""contact_count"":4,""minimum_separation_m"":-0.003533054143190384}"
multiscene_candidate_006__inflation_010mm__direction_107__024mm,multiscene_candidate_006__inflation_010mm,multiscene_candidate_006,10,direction_107,24.0,False,True,False,0.003386087715625763,-1.0848045349121094e-05,24,24,"{""actor0"":""/World/Franka/panda_link6"",""actor1"":""/World/FormalObstacle"",""collider0"":""/World/Franka/panda_link6/geometry/panda_link6"",""collider1"":""/World/FormalObstacle"",""contact_count"":3,""minimum_separation_m"":-1.0848045349121094e-05}"
multiscene_candidate_006__inflation_010mm__direction_107__026mm,multiscene_candidate_006__inflation_010mm,multiscene_candidate_006,10,direction_107,26.0,False,True,False,0.0018707327544689178,-0.0015396811068058014,24,24,"{""actor0"":""/World/Franka/panda_link6"",""actor1"":""/World/FormalObstacle"",""collider0"":""/World/Franka/panda_link6/geometry/panda_link6"",""collider1"":""/World/FormalObstacle"",""contact_count"":3,""minimum_separation_m"":-0.0015396811068058014}"
multiscene_candidate_006__inflation_010mm__direction_107__028mm,multiscene_candidate_006__inflation_010mm,multiscene_candidate_006,10,direction_107,28.0,False,True,False,0.00036777183413505554,-0.0030685439705848694,24,24,"{""actor0"":""/World/Franka/panda_link6"",""actor1"":""/World/FormalObstacle"",""collider0"":""/World/Franka/panda_link6/geometry/panda_link6"",""collider1"":""/World/FormalObstacle"",""contact_count"":3,""minimum_separation_m"":-0.0030685439705848694}"
multiscene_candidate_006__inflation_010mm__direction_108__030mm,multiscene_candidate_006__inflation_010mm,multiscene_candidate_006,10,direction_108,30.0,False,True,False,0.0002631954848766327,-0.0005436092615127563,25,26,"{""actor0"":""/World/Franka/panda_link6"",""actor1"":""/World/FormalObstacle"",""collider0"":""/World/Franka/panda_link6/geometry/panda_link6"",""collider1"":""/World/FormalObstacle"",""contact_count"":4,""minimum_separation_m"":-0.0005436092615127563}"
multiscene_candidate_006__inflation_010mm__direction_109__028mm,multiscene_candidate_006__inflation_010mm,multiscene_candidate_006,10,direction_109,28.0,False,True,False,0.0028427764773368835,-0.0010471120476722717,26,26,"{""actor0"":""/World/Franka/panda_link6"",""actor1"":""/World/FormalObstacle"",""collider0"":""/World/Franka/panda_link6/geometry/panda_link6"",""collider1"":""/World/FormalObstacle"",""contact_count"":4,""minimum_separation_m"":-0.0010471120476722717}"
multiscene_candidate_006__inflation_010mm__direction_109__030mm,multiscene_candidate_006__inflation_010mm,multiscene_candidate_006,10,direction_109,30.0,False,True,False,0.0014394260942935944,-0.0024689920246601105,26,26,"{""actor0"":""/World/Franka/panda_link6"",""actor1"":""/World/FormalObstacle"",""collider0"":""/World/Franka/panda_link6/geometry/panda_link6"",""collider1"":""/World/FormalObstacle"",""contact_count"":4,""minimum_separation_m"":-0.0024689920246601105}"
multiscene_candidate_006__inflation_010mm__direction_109__032mm,multiscene_candidate_006__inflation_010mm,multiscene_candidate_006,10,direction_109,32.0,False,True,False,5.66430389881134e-05,-0.003890860825777054,26,26,"{""actor0"":""/World/Franka/panda_link6"",""actor1"":""/World/FormalObstacle"",""collider0"":""/World/Franka/panda_link6/geometry/panda_link6"",""collider1"":""/World/FormalObstacle"",""contact_count"":4,""minimum_separation_m"":-0.003890860825777054}"
multiscene_candidate_006__inflation_010mm__direction_110__024mm,multiscene_candidate_006__inflation_010mm,multiscene_candidate_006,10,direction_110,24.0,False,True,False,0.0016611367464065552,-0.00019344687461853027,24,25,"{""actor0"":""/World/Franka/panda_link6"",""actor1"":""/World/FormalObstacle"",""collider0"":""/World/Franka/panda_link6/geometry/panda_link6"",""collider1"":""/World/FormalObstacle"",""contact_count"":4,""minimum_separation_m"":-0.00019344687461853027}"
multiscene_candidate_006__inflation_010mm__direction_110__026mm,multiscene_candidate_006__inflation_010mm,multiscene_candidate_006,10,direction_110,26.0,False,True,False,9.759515523910522e-05,-0.0016070455312728882,24,25,"{""actor0"":""/World/Franka/panda_link6"",""actor1"":""/World/FormalObstacle"",""collider0"":""/World/Franka/panda_link6/geometry/panda_link6"",""collider1"":""/World/FormalObstacle"",""contact_count"":4,""minimum_separation_m"":-0.0016070455312728882}"
multiscene_candidate_006__inflation_010mm__direction_111__026mm,multiscene_candidate_006__inflation_010mm,multiscene_candidate_006,10,direction_111,26.0,False,True,False,0.0034687109291553497,-0.0004377327859401703,26,26,"{""actor0"":""/World/Franka/panda_link6"",""actor1"":""/World/FormalObstacle"",""collider0"":""/World/Franka/panda_link6/geometry/panda_link6"",""collider1"":""/World/FormalObstacle"",""contact_count"":4,""minimum_separation_m"":-0.0004377327859401703}"
multiscene_candidate_006__inflation_010mm__direction_111__028mm,multiscene_candidate_006__inflation_010mm,multiscene_candidate_006,10,direction_111,28.0,False,True,False,0.0020279660820961,-0.0019221231341362,26,26,"{""actor0"":""/World/Franka/panda_link6"",""actor1"":""/World/FormalObstacle"",""collider0"":""/World/Franka/panda_link6/geometry/panda_link6"",""collider1"":""/World/FormalObstacle"",""contact_count"":4,""minimum_separation_m"":-0.0019221231341362}"
multiscene_candidate_006__inflation_010mm__direction_111__030mm,multiscene_candidate_006__inflation_010mm,multiscene_candidate_006,10,direction_111,30.0,False,True,False,0.000615391880273819,-0.0032228566706180573,26,26,"{""actor0"":""/World/Franka/panda_link6"",""actor1"":""/World/FormalObstacle"",""collider0"":""/World/Franka/panda_link6/geometry/panda_link6"",""collider1"":""/World/FormalObstacle"",""contact_count"":3,""minimum_separation_m"":-0.0032228566706180573}"
multiscene_candidate_006__inflation_010mm__direction_112__024mm,multiscene_candidate_006__inflation_010mm,multiscene_candidate_006,10,direction_112,24.0,False,True,False,0.0027199089527130127,-0.0009712353348731995,25,25,"{""actor0"":""/World/Franka/panda_link6"",""actor1"":""/World/FormalObstacle"",""collider0"":""/World/Franka/panda_link6/geometry/panda_link6"",""collider1"":""/World/FormalObstacle"",""contact_count"":4,""minimum_separation_m"":-0.0009712353348731995}"
multiscene_candidate_006__inflation_010mm__direction_112__026mm,multiscene_candidate_006__inflation_010mm,multiscene_candidate_006,10,direction_112,26.0,False,True,False,0.0011984892189502716,-0.002486851066350937,25,25,"{""actor0"":""/World/Franka/panda_link6"",""actor1"":""/World/FormalObstacle"",""collider0"":""/World/Franka/panda_link6/geometry/panda_link6"",""collider1"":""/World/FormalObstacle"",""contact_count"":4,""minimum_separation_m"":-0.002486851066350937}"
multiscene_candidate_006__inflation_010mm__direction_113__026mm,multiscene_candidate_006__inflation_010mm,multiscene_candidate_006,10,direction_113,26.0,False,True,False,0.00048402324318885803,-0.0009773150086402893,24,26,"{""actor0"":""/World/Franka/panda_link6"",""actor1"":""/World/FormalObstacle"",""collider0"":""/World/Franka/panda_link6/geometry/panda_link6"",""collider1"":""/World/FormalObstacle"",""contact_count"":4,""minimum_separation_m"":-0.0009773150086402893}"
multiscene_candidate_006__inflation_010mm__direction_114__024mm,multiscene_candidate_006__inflation_010mm,multiscene_candidate_006,10,direction_114,24.0,False,True,False,0.0038337893784046173,-7.836148142814636e-05,26,26,"{""actor0"":""/World/Franka/panda_link6"",""actor1"":""/World/FormalObstacle"",""collider0"":""/World/Franka/panda_link6/geometry/panda_link6"",""collider1"":""/World/FormalObstacle"",""contact_count"":4,""minimum_separation_m"":-7.836148142814636e-05}"
multiscene_candidate_006__inflation_010mm__direction_114__026mm,multiscene_candidate_006__inflation_010mm,multiscene_candidate_006,10,direction_114,26.0,False,True,False,0.0023097731173038483,-0.0016201063990592957,26,26,"{""actor0"":""/World/Franka/panda_link6"",""actor1"":""/World/FormalObstacle"",""collider0"":""/World/Franka/panda_link6/geometry/panda_link6"",""collider1"":""/World/FormalObstacle"",""contact_count"":3,""minimum_separation_m"":-0.0016201063990592957}"
multiscene_candidate_006__inflation_010mm__direction_114__028mm,multiscene_candidate_006__inflation_010mm,multiscene_candidate_006,10,direction_114,28.0,False,True,False,0.000819966197013855,-0.0029725395143032074,26,26,"{""actor0"":""/World/Franka/panda_link6"",""actor1"":""/World/FormalObstacle"",""collider0"":""/World/Franka/panda_link6/geometry/panda_link6"",""collider1"":""/World/FormalObstacle"",""contact_count"":3,""minimum_separation_m"":-0.0029725395143032074}"
multiscene_candidate_006__inflation_010mm__direction_115__022mm,multiscene_candidate_006__inflation_010mm,multiscene_candidate_006,10,direction_115,22.0,False,True,False,0.002097487449645996,-0.0013054907321929932,24,24,"{""actor0"":""/World/Franka/panda_link6"",""actor1"":""/World/FormalObstacle"",""collider0"":""/World/Franka/panda_link6/geometry/panda_link6"",""collider1"":""/World/FormalObstacle"",""contact_count"":4,""minimum_separation_m"":-0.0013054907321929932}"
multiscene_candidate_006__inflation_010mm__direction_115__024mm,multiscene_candidate_006__inflation_010mm,multiscene_candidate_006,10,direction_115,24.0,False,True,False,0.00031602010130882263,-0.0029986202716827393,24,24,"{""actor0"":""/World/Franka/panda_link6"",""actor1"":""/World/FormalObstacle"",""collider0"":""/World/Franka/panda_link6/geometry/panda_link6"",""collider1"":""/World/FormalObstacle"",""contact_count"":4,""minimum_separation_m"":-0.0029986202716827393}"
multiscene_candidate_006__inflation_010mm__direction_116__024mm,multiscene_candidate_006__inflation_010mm,multiscene_candidate_006,10,direction_116,24.0,False,True,False,0.002103414386510849,-0.0007489696145057678,25,26,"{""actor0"":""/World/Franka/panda_link6"",""actor1"":""/World/FormalObstacle"",""collider0"":""/World/Franka/panda_link6/geometry/panda_link6"",""collider1"":""/World/FormalObstacle"",""contact_count"":4,""minimum_separation_m"":-0.0007489696145057678}"
multiscene_candidate_006__inflation_010mm__direction_116__026mm,multiscene_candidate_006__inflation_010mm,multiscene_candidate_006,10,direction_116,26.0,False,True,False,0.0005793608725070953,-0.002205759286880493,25,26,"{""actor0"":""/World/Franka/panda_link6"",""actor1"":""/World/FormalObstacle"",""collider0"":""/World/Franka/panda_link6/geometry/panda_link6"",""collider1"":""/World/FormalObstacle"",""contact_count"":4,""minimum_separation_m"":-0.002205759286880493}"
multiscene_candidate_006__inflation_010mm__direction_117__022mm,multiscene_candidate_006__inflation_010mm,multiscene_candidate_006,10,direction_117,22.0,False,True,False,0.003292165696620941,-0.0001668594777584076,25,25,"{""actor0"":""/World/Franka/panda_link6"",""actor1"":""/World/FormalObstacle"",""collider0"":""/World/Franka/panda_link6/geometry/panda_link6"",""collider1"":""/World/FormalObstacle"",""contact_count"":3,""minimum_separation_m"":-0.0001668594777584076}"
multiscene_candidate_006__inflation_010mm__direction_117__024mm,multiscene_candidate_006__inflation_010mm,multiscene_candidate_006,10,direction_117,24.0,False,True,False,0.0017259567975997925,-0.0017659850418567657,25,25,"{""actor0"":""/World/Franka/panda_link6"",""actor1"":""/World/FormalObstacle"",""collider0"":""/World/Franka/panda_link6/geometry/panda_link6"",""collider1"":""/World/FormalObstacle"",""contact_count"":3,""minimum_separation_m"":-0.0017659850418567657}"
multiscene_candidate_006__inflation_010mm__direction_117__026mm,multiscene_candidate_006__inflation_010mm,multiscene_candidate_006,10,direction_117,26.0,False,True,False,0.000170879065990448,-0.0033651702105998993,25,25,"{""actor0"":""/World/Franka/panda_link6"",""actor1"":""/World/FormalObstacle"",""collider0"":""/World/Franka/panda_link6/geometry/panda_link6"",""collider1"":""/World/FormalObstacle"",""contact_count"":3,""minimum_separation_m"":-0.0033651702105998993}"
multiscene_candidate_006__inflation_010mm__direction_118__022mm,multiscene_candidate_006__inflation_010mm,multiscene_candidate_006,10,direction_118,22.0,False,True,False,0.0013676583766937256,-0.0009400248527526855,24,25,"{""actor0"":""/World/Franka/panda_link6"",""actor1"":""/World/FormalObstacle"",""collider0"":""/World/Franka/panda_link6/geometry/panda_link6"",""collider1"":""/World/FormalObstacle"",""contact_count"":4,""minimum_separation_m"":-0.0009400248527526855}"
multiscene_candidate_006__inflation_010mm__direction_119__022mm,multiscene_candidate_006__inflation_010mm,multiscene_candidate_006,10,direction_119,22.0,False,True,False,0.003668811172246933,-0.00021896511316299438,26,26,"{""actor0"":""/World/Franka/panda_link6"",""actor1"":""/World/FormalObstacle"",""collider0"":""/World/Franka/panda_link6/geometry/panda_link6"",""collider1"":""/World/FormalObstacle"",""contact_count"":4,""minimum_separation_m"":-0.00021896511316299438}"
multiscene_candidate_006__inflation_010mm__direction_119__024mm,multiscene_candidate_006__inflation_010mm,multiscene_candidate_006,10,direction_119,24.0,False,True,False,0.0019344352185726166,-0.0019533447921276093,26,26,"{""actor0"":""/World/Franka/panda_link6"",""actor1"":""/World/FormalObstacle"",""collider0"":""/World/Franka/panda_link6/geometry/panda_link6"",""collider1"":""/World/FormalObstacle"",""contact_count"":4,""minimum_separation_m"":-0.0019533447921276093}"
multiscene_candidate_006__inflation_010mm__direction_119__026mm,multiscene_candidate_006__inflation_010mm,multiscene_candidate_006,10,direction_119,26.0,False,True,False,0.00020005926489830017,-0.003687705844640732,26,26,"{""actor0"":""/World/Franka/panda_link6"",""actor1"":""/World/FormalObstacle"",""collider0"":""/World/Franka/panda_link6/geometry/panda_link6"",""collider1"":""/World/FormalObstacle"",""contact_count"":4,""minimum_separation_m"":-0.003687705844640732}"
multiscene_candidate_006__inflation_010mm__direction_120__020mm,multiscene_candidate_006__inflation_010mm,multiscene_candidate_006,10,direction_120,20.0,False,True,False,0.0032328031957149506,-0.00043996796011924744,25,25,"{""actor0"":""/World/Franka/panda_link6"",""actor1"":""/World/FormalObstacle"",""collider0"":""/World/Franka/panda_link6/geometry/panda_link6"",""collider1"":""/World/FormalObstacle"",""contact_count"":4,""minimum_separation_m"":-0.00043996796011924744}"
multiscene_candidate_006__inflation_010mm__direction_120__022mm,multiscene_candidate_006__inflation_010mm,multiscene_candidate_006,10,direction_120,22.0,False,True,False,0.001467134803533554,-0.002205643802881241,25,25,"{""actor0"":""/World/Franka/panda_link6"",""actor1"":""/World/FormalObstacle"",""collider0"":""/World/Franka/panda_link6/geometry/panda_link6"",""collider1"":""/World/FormalObstacle"",""contact_count"":4,""minimum_separation_m"":-0.002205643802881241}"
multiscene_candidate_006__inflation_010mm__direction_121__022mm,multiscene_candidate_006__inflation_010mm,multiscene_candidate_006,10,direction_121,22.0,False,True,False,0.00118274986743927,-0.0010461658239364624,25,25,"{""actor0"":""/World/Franka/panda_link6"",""actor1"":""/World/FormalObstacle"",""collider0"":""/World/Franka/panda_link6/geometry/panda_link6"",""collider1"":""/World/FormalObstacle"",""contact_count"":4,""minimum_separation_m"":-0.0010461658239364624}"
multiscene_candidate_006__inflation_010mm__direction_122__022mm,multiscene_candidate_006__inflation_010mm,multiscene_candidate_006,10,direction_122,22.0,False,True,False,0.002201974391937256,-0.0013850443065166473,25,25,"{""actor0"":""/World/Franka/panda_link6"",""actor1"":""/World/FormalObstacle"",""collider0"":""/World/Franka/panda_link6/geometry/panda_link6"",""collider1"":""/World/FormalObstacle"",""contact_count"":3,""minimum_separation_m"":-0.0013850443065166473}"
multiscene_candidate_006__inflation_010mm__direction_122__024mm,multiscene_candidate_006__inflation_010mm,multiscene_candidate_006,10,direction_122,24.0,False,True,False,0.0006017573177814484,-0.003094945102930069,25,25,"{""actor0"":""/World/Franka/panda_link6"",""actor1"":""/World/FormalObstacle"",""collider0"":""/World/Franka/panda_link6/geometry/panda_link6"",""collider1"":""/World/FormalObstacle"",""contact_count"":3,""minimum_separation_m"":-0.003094945102930069}"
multiscene_candidate_006__inflation_010mm__direction_123__020mm,multiscene_candidate_006__inflation_010mm,multiscene_candidate_006,10,direction_123,20.0,False,True,False,0.0022943466901779175,-0.0013774894177913666,24,25,"{""actor0"":""/World/Franka/panda_link6"",""actor1"":""/World/FormalObstacle"",""collider0"":""/World/Franka/panda_link6/geometry/panda_link6"",""collider1"":""/World/FormalObstacle"",""contact_count"":4,""minimum_separation_m"":-0.0013774894177913666}"
multiscene_candidate_006__inflation_010mm__direction_123__022mm,multiscene_candidate_006__inflation_010mm,multiscene_candidate_006,10,direction_123,22.0,False,True,False,0.0003031529486179352,-0.0032368600368499756,24,25,"{""actor0"":""/World/Franka/panda_link6"",""actor1"":""/World/FormalObstacle"",""collider0"":""/World/Franka/panda_link6/geometry/panda_link6"",""collider1"":""/World/FormalObstacle"",""contact_count"":4,""minimum_separation_m"":-0.0032368600368499756}"
multiscene_candidate_006__inflation_010mm__direction_124__020mm,multiscene_candidate_006__inflation_010mm,multiscene_candidate_006,10,direction_124,20.0,False,True,False,0.002754960209131241,-0.0007125101983547211,25,25,"{""actor0"":""/World/Franka/panda_link6"",""actor1"":""/World/FormalObstacle"",""collider0"":""/World/Franka/panda_link6/geometry/panda_link6"",""collider1"":""/World/FormalObstacle"",""contact_count"":3,""minimum_separation_m"":-0.0007125101983547211}"
multiscene_candidate_006__inflation_010mm__direction_124__022mm,multiscene_candidate_006__inflation_010mm,multiscene_candidate_006,10,direction_124,22.0,False,True,False,0.000977795571088791,-0.002526111900806427,25,25,"{""actor0"":""/World/Franka/panda_link6"",""actor1"":""/World/FormalObstacle"",""collider0"":""/World/Franka/panda_link6/geometry/panda_link6"",""collider1"":""/World/FormalObstacle"",""contact_count"":3,""minimum_separation_m"":-0.002526111900806427}"
multiscene_candidate_006__inflation_010mm__direction_125__020mm,multiscene_candidate_006__inflation_010mm,multiscene_candidate_006,10,direction_125,20.0,False,True,False,0.0018795132637023926,-0.0017683953046798706,25,25,"{""actor0"":""/World/Franka/panda_link6"",""actor1"":""/World/FormalObstacle"",""collider0"":""/World/Franka/panda_link6/geometry/panda_link6"",""collider1"":""/World/FormalObstacle"",""contact_count"":3,""minimum_separation_m"":-0.0017683953046798706}"
multiscene_candidate_006__inflation_010mm__direction_126__018mm,multiscene_candidate_006__inflation_010mm,multiscene_candidate_006,10,direction_126,18.0,False,True,False,0.0033368542790412903,-0.00015664845705032349,25,25,"{""actor0"":""/World/Franka/panda_link6"",""actor1"":""/World/FormalObstacle"",""collider0"":""/World/Franka/panda_link6/geometry/panda_link6"",""collider1"":""/World/FormalObstacle"",""contact_count"":4,""minimum_separation_m"":-0.00015664845705032349}"
multiscene_candidate_006__inflation_010mm__direction_126__020mm,multiscene_candidate_006__inflation_010mm,multiscene_candidate_006,10,direction_126,20.0,False,True,False,0.0013755708932876587,-0.0020373016595840454,25,25,"{""actor0"":""/World/Franka/panda_link6"",""actor1"":""/World/FormalObstacle"",""collider0"":""/World/Franka/panda_link6/geometry/panda_link6"",""collider1"":""/World/FormalObstacle"",""contact_count"":4,""minimum_separation_m"":-0.0020373016595840454}"
multiscene_candidate_006__inflation_010mm__direction_127__018mm,multiscene_candidate_006__inflation_010mm,multiscene_candidate_006,10,direction_127,18.0,False,True,False,0.0034699290990829468,-3.201141953468323e-05,25,25,"{""actor0"":""/World/Franka/panda_link6"",""actor1"":""/World/FormalObstacle"",""collider0"":""/World/Franka/panda_link6/geometry/panda_link6"",""collider1"":""/World/FormalObstacle"",""contact_count"":3,""minimum_separation_m"":-3.201141953468323e-05}"
multiscene_candidate_006__inflation_010mm__direction_127__020mm,multiscene_candidate_006__inflation_010mm,multiscene_candidate_006,10,direction_127,20.0,False,True,False,0.0015399232506752014,-0.0019715316593647003,25,25,"{""actor0"":""/World/Franka/panda_link6"",""actor1"":""/World/FormalObstacle"",""collider0"":""/World/Franka/panda_link6/geometry/panda_link6"",""collider1"":""/World/FormalObstacle"",""contact_count"":3,""minimum_separation_m"":-0.0019715316593647003}"
multiscene_candidate_006__inflation_015mm__direction_086__056mm,multiscene_candidate_006__inflation_015mm,multiscene_candidate_006,15,direction_086,56.0,False,True,False,0.0035246573388576508,-6.51925802230835e-06,23,23,"{""actor0"":""/World/Franka/panda_link6"",""actor1"":""/World/FormalObstacle"",""collider0"":""/World/Franka/panda_link6/geometry/panda_link6"",""collider1"":""/World/FormalObstacle"",""contact_count"":3,""minimum_separation_m"":-6.51925802230835e-06}"
multiscene_candidate_006__inflation_015mm__direction_086__058mm,multiscene_candidate_006__inflation_015mm,multiscene_candidate_006,15,direction_086,58.0,False,True,False,0.002635464072227478,-0.0008773542940616608,23,23,"{""actor0"":""/World/Franka/panda_link6"",""actor1"":""/World/FormalObstacle"",""collider0"":""/World/Franka/panda_link6/geometry/panda_link6"",""collider1"":""/World/FormalObstacle"",""contact_count"":3,""minimum_separation_m"":-0.0008773542940616608}"
multiscene_candidate_006__inflation_015mm__direction_086__060mm,multiscene_candidate_006__inflation_015mm,multiscene_candidate_006,15,direction_086,60.0,False,True,False,0.0017653629183769226,-0.0017482712864875793,23,23,"{""actor0"":""/World/Franka/panda_link6"",""actor1"":""/World/FormalObstacle"",""collider0"":""/World/Franka/panda_link6/geometry/panda_link6"",""collider1"":""/World/FormalObstacle"",""contact_count"":3,""minimum_separation_m"":-0.0017482712864875793}"
multiscene_candidate_006__inflation_015mm__direction_091__052mm,multiscene_candidate_006__inflation_015mm,multiscene_candidate_006,15,direction_091,52.0,False,True,False,0.0037744715809822083,-8.140131831169128e-05,25,25,"{""actor0"":""/World/Franka/panda_link6"",""actor1"":""/World/FormalObstacle"",""collider0"":""/World/Franka/panda_link6/geometry/panda_link6"",""collider1"":""/World/FormalObstacle"",""contact_count"":4,""minimum_separation_m"":-8.140131831169128e-05}"
multiscene_candidate_006__inflation_015mm__direction_091__054mm,multiscene_candidate_006__inflation_015mm,multiscene_candidate_006,15,direction_091,54.0,False,True,False,0.0029097311198711395,-0.0009587593376636505,25,25,"{""actor0"":""/World/Franka/panda_link6"",""actor1"":""/World/FormalObstacle"",""collider0"":""/World/Franka/panda_link6/geometry/panda_link6"",""collider1"":""/World/FormalObstacle"",""contact_count"":4,""minimum_separation_m"":-0.0009587593376636505}"
multiscene_candidate_006__inflation_015mm__direction_091__056mm,multiscene_candidate_006__inflation_015mm,multiscene_candidate_006,15,direction_091,56.0,False,True,False,0.0020450130105018616,-0.0018361248075962067,25,25,"{""actor0"":""/World/Franka/panda_link6"",""actor1"":""/World/FormalObstacle"",""collider0"":""/World/Franka/panda_link6/geometry/panda_link6"",""collider1"":""/World/FormalObstacle"",""contact_count"":4,""minimum_separation_m"":-0.0018361248075962067}"
multiscene_candidate_006__inflation_015mm__direction_091__058mm,multiscene_candidate_006__inflation_015mm,multiscene_candidate_006,15,direction_091,58.0,False,True,False,0.001180313527584076,-0.002713501453399658,25,25,"{""actor0"":""/World/Franka/panda_link6"",""actor1"":""/World/FormalObstacle"",""collider0"":""/World/Franka/panda_link6/geometry/panda_link6"",""collider1"":""/World/FormalObstacle"",""contact_count"":4,""minimum_separation_m"":-0.002713501453399658}"
multiscene_candidate_006__inflation_015mm__direction_091__060mm,multiscene_candidate_006__inflation_015mm,multiscene_candidate_006,15,direction_091,60.0,False,True,False,0.00031563639640808105,-0.003590863198041916,25,25,"{""actor0"":""/World/Franka/panda_link6"",""actor1"":""/World/FormalObstacle"",""collider0"":""/World/Franka/panda_link6/geometry/panda_link6"",""collider1"":""/World/FormalObstacle"",""contact_count"":4,""minimum_separation_m"":-0.003590863198041916}"
multiscene_candidate_006__inflation_015mm__direction_092__060mm,multiscene_candidate_006__inflation_015mm,multiscene_candidate_006,15,direction_092,60.0,False,True,False,0.000987216830253601,-0.00020467489957809448,26,29,"{""actor0"":""/World/Franka/panda_link6"",""actor1"":""/World/FormalObstacle"",""collider0"":""/World/Franka/panda_link6/geometry/panda_link6"",""collider1"":""/World/FormalObstacle"",""contact_count"":4,""minimum_separation_m"":-0.00020467489957809448}"
multiscene_candidate_006__inflation_015mm__direction_093__058mm,multiscene_candidate_006__inflation_015mm,multiscene_candidate_006,15,direction_093,58.0,False,True,False,0.003359466791152954,-0.0007436834275722504,28,29,"{""actor0"":""/World/Franka/panda_link6"",""actor1"":""/World/FormalObstacle"",""collider0"":""/World/Franka/panda_link6/geometry/panda_link6"",""collider1"":""/World/FormalObstacle"",""contact_count"":4,""minimum_separation_m"":-0.0007436834275722504}"
multiscene_candidate_006__inflation_015mm__direction_093__060mm,multiscene_candidate_006__inflation_015mm,multiscene_candidate_006,15,direction_093,60.0,False,True,False,0.002717234194278717,-0.0016655437648296356,28,29,"{""actor0"":""/World/Franka/panda_link6"",""actor1"":""/World/FormalObstacle"",""collider0"":""/World/Franka/panda_link6/geometry/panda_link6"",""collider1"":""/World/FormalObstacle"",""contact_count"":4,""minimum_separation_m"":-0.0016655437648296356}"
multiscene_candidate_006__inflation_015mm__direction_094__042mm,multiscene_candidate_006__inflation_015mm,multiscene_candidate_006,15,direction_094,42.0,False,True,False,0.003213129937648773,-0.0003262348473072052,23,23,"{""actor0"":""/World/Franka/panda_link6"",""actor1"":""/World/FormalObstacle"",""collider0"":""/World/Franka/panda_link6/geometry/panda_link6"",""collider1"":""/World/FormalObstacle"",""contact_count"":3,""minimum_separation_m"":-0.0003262348473072052}"
multiscene_candidate_006__inflation_015mm__direction_094__044mm,multiscene_candidate_006__inflation_015mm,multiscene_candidate_006,15,direction_094,44.0,False,True,False,0.002013739198446274,-0.0015026293694972992,23,23,"{""actor0"":""/World/Franka/panda_link6"",""actor1"":""/World/FormalObstacle"",""collider0"":""/World/Franka/panda_link6/geometry/panda_link6"",""collider1"":""/World/FormalObstacle"",""contact_count"":3,""minimum_separation_m"":-0.0015026293694972992}"
multiscene_candidate_006__inflation_015mm__direction_094__046mm,multiscene_candidate_006__inflation_015mm,multiscene_candidate_006,15,direction_094,46.0,False,True,False,0.0008488520979881287,-0.002679046243429184,23,23,"{""actor0"":""/World/Franka/panda_link6"",""actor1"":""/World/FormalObstacle"",""collider0"":""/World/Franka/panda_link6/geometry/panda_link6"",""collider1"":""/World/FormalObstacle"",""contact_count"":3,""minimum_separation_m"":-0.002679046243429184}"
multiscene_candidate_006__inflation_015mm__direction_095__056mm,multiscene_candidate_006__inflation_015mm,multiscene_candidate_006,15,direction_095,56.0,False,True,False,0.0011080838739871979,-0.000430520623922348,27,31,"{""actor0"":""/World/Franka/panda_link6"",""actor1"":""/World/FormalObstacle"",""collider0"":""/World/Franka/panda_link6/geometry/panda_link6"",""collider1"":""/World/FormalObstacle"",""contact_count"":4,""minimum_separation_m"":-0.000430520623922348}"
multiscene_candidate_006__inflation_015mm__direction_095__058mm,multiscene_candidate_006__inflation_015mm,multiscene_candidate_006,15,direction_095,58.0,False,True,False,0.000235632061958313,-0.0012925639748573303,27,31,"{""actor0"":""/World/Franka/panda_link6"",""actor1"":""/World/FormalObstacle"",""collider0"":""/World/Franka/panda_link6/geometry/panda_link6"",""collider1"":""/World/FormalObstacle"",""contact_count"":4,""minimum_separation_m"":-0.0012925639748573303}"
multiscene_candidate_006__inflation_015mm__direction_096__048mm,multiscene_candidate_006__inflation_015mm,multiscene_candidate_006,15,direction_096,48.0,False,True,False,0.00399031862616539,-3.291293978691101e-05,26,27,"{""actor0"":""/World/Franka/panda_link6"",""actor1"":""/World/FormalObstacle"",""collider0"":""/World/Franka/panda_link6/geometry/panda_link6"",""collider1"":""/World/FormalObstacle"",""contact_count"":4,""minimum_separation_m"":-3.291293978691101e-05}"
multiscene_candidate_006__inflation_015mm__direction_096__050mm,multiscene_candidate_006__inflation_015mm,multiscene_candidate_006,15,direction_096,50.0,False,True,False,0.003172248601913452,-0.001048590987920761,26,27,"{""actor0"":""/World/Franka/panda_link6"",""actor1"":""/World/FormalObstacle"",""collider0"":""/World/Franka/panda_link6/geometry/panda_link6"",""collider1"":""/World/FormalObstacle"",""contact_count"":4,""minimum_separation_m"":-0.001048590987920761}"
multiscene_candidate_006__inflation_015mm__direction_096__052mm,multiscene_candidate_006__inflation_015mm,multiscene_candidate_006,15,direction_096,52.0,False,True,False,0.0022161267697811127,-0.002064187079668045,27,27,"{""actor0"":""/World/Franka/panda_link6"",""actor1"":""/World/FormalObstacle"",""collider0"":""/World/Franka/panda_link6/geometry/panda_link6"",""collider1"":""/World/FormalObstacle"",""contact_count"":4,""minimum_separation_m"":-0.002064187079668045}"
multiscene_candidate_006__inflation_015mm__direction_096__054mm,multiscene_candidate_006__inflation_015mm,multiscene_candidate_006,15,direction_096,54.0,False,True,False,0.0012005232274532318,-0.003079775720834732,27,27,"{""actor0"":""/World/Franka/panda_link6"",""actor1"":""/World/FormalObstacle"",""collider0"":""/World/Franka/panda_link6/geometry/panda_link6"",""collider1"":""/World/FormalObstacle"",""contact_count"":4,""minimum_separation_m"":-0.003079775720834732}"
multiscene_candidate_006__inflation_015mm__direction_096__056mm,multiscene_candidate_006__inflation_015mm,multiscene_candidate_006,15,direction_096,56.0,False,True,False,0.00018486008048057556,-0.004095461219549179,27,27,"{""actor0"":""/World/Franka/panda_link6"",""actor1"":""/World/FormalObstacle"",""collider0"":""/World/Franka/panda_link6/geometry/panda_link6"",""collider1"":""/World/FormalObstacle"",""contact_count"":4,""minimum_separation_m"":-0.004095461219549179}"
multiscene_candidate_006__inflation_015mm__direction_098__048mm,multiscene_candidate_006__inflation_015mm,multiscene_candidate_006,15,direction_098,48.0,False,True,False,0.0036323182284832,-0.0006373301148414612,27,28,"{""actor0"":""/World/Franka/panda_link6"",""actor1"":""/World/FormalObstacle"",""collider0"":""/World/Franka/panda_link6/geometry/panda_link6"",""collider1"":""/World/FormalObstacle"",""contact_count"":4,""minimum_separation_m"":-0.0006373301148414612}"
multiscene_candidate_006__inflation_015mm__direction_098__050mm,multiscene_candidate_006__inflation_015mm,multiscene_candidate_006,15,direction_098,50.0,False,True,False,0.0027063749730587006,-0.0017154626548290253,28,28,"{""actor0"":""/World/Franka/panda_link6"",""actor1"":""/World/FormalObstacle"",""collider0"":""/World/Franka/panda_link6/geometry/panda_link6"",""collider1"":""/World/FormalObstacle"",""contact_count"":4,""minimum_separation_m"":-0.0017154626548290253}"
multiscene_candidate_006__inflation_015mm__direction_098__052mm,multiscene_candidate_006__inflation_015mm,multiscene_candidate_006,15,direction_098,52.0,False,True,False,0.001628246158361435,-0.002793591469526291,28,28,"{""actor0"":""/World/Franka/panda_link6"",""actor1"":""/World/FormalObstacle"",""collider0"":""/World/Franka/panda_link6/geometry/panda_link6"",""collider1"":""/World/FormalObstacle"",""contact_count"":4,""minimum_separation_m"":-0.002793591469526291}"
multiscene_candidate_006__inflation_015mm__direction_098__054mm,multiscene_candidate_006__inflation_015mm,multiscene_candidate_006,15,direction_098,54.0,False,True,False,0.0005501173436641693,-0.0038717128336429596,28,28,"{""actor0"":""/World/Franka/panda_link6"",""actor1"":""/World/FormalObstacle"",""collider0"":""/World/Franka/panda_link6/geometry/panda_link6"",""collider1"":""/World/FormalObstacle"",""contact_count"":4,""minimum_separation_m"":-0.0038717128336429596}"
multiscene_candidate_006__inflation_015mm__direction_099__040mm,multiscene_candidate_006__inflation_015mm,multiscene_candidate_006,15,direction_099,40.0,False,True,False,0.003197692334651947,-0.0004527680575847626,24,24,"{""actor0"":""/World/Franka/panda_link6"",""actor1"":""/World/FormalObstacle"",""collider0"":""/World/Franka/panda_link6/geometry/panda_link6"",""collider1"":""/World/FormalObstacle"",""contact_count"":3,""minimum_separation_m"":-0.0004527680575847626}"
multiscene_candidate_006__inflation_015mm__direction_099__042mm,multiscene_candidate_006__inflation_015mm,multiscene_candidate_006,15,direction_099,42.0,False,True,False,0.001975167542695999,-0.0016714148223400116,24,24,"{""actor0"":""/World/Franka/panda_link6"",""actor1"":""/World/FormalObstacle"",""collider0"":""/World/Franka/panda_link6/geometry/panda_link6"",""collider1"":""/World/FormalObstacle"",""contact_count"":3,""minimum_separation_m"":-0.0016714148223400116}"
multiscene_candidate_006__inflation_015mm__direction_099__044mm,multiscene_candidate_006__inflation_015mm,multiscene_candidate_006,15,direction_099,44.0,False,True,False,0.0007563233375549316,-0.0028900913894176483,24,24,"{""actor0"":""/World/Franka/panda_link6"",""actor1"":""/World/FormalObstacle"",""collider0"":""/World/Franka/panda_link6/geometry/panda_link6"",""collider1"":""/World/FormalObstacle"",""contact_count"":3,""minimum_separation_m"":-0.0028900913894176483}"
multiscene_candidate_006__inflation_015mm__direction_100__046mm,multiscene_candidate_006__inflation_015mm,multiscene_candidate_006,15,direction_100,46.0,False,True,False,0.0007874667644500732,-0.000310361385345459,25,28,"{""actor0"":""/World/Franka/panda_link6"",""actor1"":""/World/FormalObstacle"",""collider0"":""/World/Franka/panda_link6/geometry/panda_link6"",""collider1"":""/World/FormalObstacle"",""contact_count"":4,""minimum_separation_m"":-0.000310361385345459}"
multiscene_candidate_006__inflation_015mm__direction_100__048mm,multiscene_candidate_006__inflation_015mm,multiscene_candidate_006,15,direction_100,48.0,False,True,False,3.238022327423096e-05,-0.0013843253254890442,26,29,"{""actor0"":""/World/Franka/panda_link6"",""actor1"":""/World/FormalObstacle"",""collider0"":""/World/Franka/panda_link6/geometry/panda_link6"",""collider1"":""/World/FormalObstacle"",""contact_count"":4,""minimum_separation_m"":-0.0013843253254890442}"
multiscene_candidate_006__inflation_015mm__direction_101__042mm,multiscene_candidate_006__inflation_015mm,multiscene_candidate_006,15,direction_101,42.0,False,True,False,0.004068959504365921,-0.00013738498091697693,27,27,"{""actor0"":""/World/Franka/panda_link6"",""actor1"":""/World/FormalObstacle"",""collider0"":""/World/Franka/panda_link6/geometry/panda_link6"",""collider1"":""/World/FormalObstacle"",""contact_count"":4,""minimum_separation_m"":-0.00013738498091697693}"
multiscene_candidate_006__inflation_015mm__direction_101__044mm,multiscene_candidate_006__inflation_015mm,multiscene_candidate_006,15,direction_101,44.0,False,True,False,0.002989407628774643,-0.0010246075689792633,27,27,"{""actor0"":""/World/Franka/panda_link6"",""actor1"":""/World/FormalObstacle"",""collider0"":""/World/Franka/panda_link6/geometry/panda_link6"",""collider1"":""/World/FormalObstacle"",""contact_count"":4,""minimum_separation_m"":-0.0010246075689792633}"
multiscene_candidate_006__inflation_015mm__direction_101__046mm,multiscene_candidate_006__inflation_015mm,multiscene_candidate_006,15,direction_101,46.0,False,True,False,0.001957681030035019,-0.0019118227064609528,27,27,"{""actor0"":""/World/Franka/panda_link6"",""actor1"":""/World/FormalObstacle"",""collider0"":""/World/Franka/panda_link6/geometry/panda_link6"",""collider1"":""/World/FormalObstacle"",""contact_count"":4,""minimum_separation_m"":-0.0019118227064609528}"
multiscene_candidate_006__inflation_015mm__direction_101__048mm,multiscene_candidate_006__inflation_015mm,multiscene_candidate_006,15,direction_101,48.0,False,True,False,0.0009770095348358154,-0.0028873495757579803,27,28,"{""actor0"":""/World/Franka/panda_link6"",""actor1"":""/World/FormalObstacle"",""collider0"":""/World/Franka/panda_link6/geometry/panda_link6"",""collider1"":""/World/FormalObstacle"",""contact_count"":4,""minimum_separation_m"":-0.0028873495757579803}"
multiscene_candidate_006__inflation_015mm__direction_101__050mm,multiscene_candidate_006__inflation_015mm,multiscene_candidate_006,15,direction_101,50.0,False,True,False,5.07161021232605e-05,-0.004059236496686935,27,28,"{""actor0"":""/World/Franka/panda_link6"",""actor1"":""/World/FormalObstacle"",""collider0"":""/World/Franka/panda_link6/geometry/panda_link6"",""collider1"":""/World/FormalObstacle"",""contact_count"":4,""minimum_separation_m"":-0.004059236496686935}"
multiscene_candidate_006__inflation_015mm__direction_102__036mm,multiscene_candidate_006__inflation_015mm,multiscene_candidate_006,15,direction_102,36.0,False,True,False,0.002201668918132782,-0.000740446150302887,23,24,"{""actor0"":""/World/Franka/panda_link6"",""actor1"":""/World/FormalObstacle"",""collider0"":""/World/Franka/panda_link6/geometry/panda_link6"",""collider1"":""/World/FormalObstacle"",""contact_count"":4,""minimum_separation_m"":-0.000740446150302887}"
multiscene_candidate_006__inflation_015mm__direction_102__038mm,multiscene_candidate_006__inflation_015mm,multiscene_candidate_006,15,direction_102,38.0,False,True,False,0.000661361962556839,-0.001994885504245758,23,24,"{""actor0"":""/World/Franka/panda_link6"",""actor1"":""/World/FormalObstacle"",""collider0"":""/World/Franka/panda_link6/geometry/panda_link6"",""collider1"":""/World/FormalObstacle"",""contact_count"":4,""minimum_separation_m"":-0.001994885504245758}"
multiscene_candidate_006__inflation_015mm__direction_103__042mm,multiscene_candidate_006__inflation_015mm,multiscene_candidate_006,15,direction_103,42.0,False,True,False,0.002096891403198242,-0.0008613839745521545,26,27,"{""actor0"":""/World/Franka/panda_link6"",""actor1"":""/World/FormalObstacle"",""collider0"":""/World/Franka/panda_link6/geometry/panda_link6"",""collider1"":""/World/FormalObstacle"",""contact_count"":4,""minimum_separation_m"":-0.0008613839745521545}"
multiscene_candidate_006__inflation_015mm__direction_103__044mm,multiscene_candidate_006__inflation_015mm,multiscene_candidate_006,15,direction_103,44.0,False,True,False,0.00103074312210083,-0.0019185952842235565,26,28,"{""actor0"":""/World/Franka/panda_link6"",""actor1"":""/World/FormalObstacle"",""collider0"":""/World/Franka/panda_link6/geometry/panda_link6"",""collider1"":""/World/FormalObstacle"",""contact_count"":3,""minimum_separation_m"":-0.0019185952842235565}"
multiscene_candidate_006__inflation_015mm__direction_104__038mm,multiscene_candidate_006__inflation_015mm,multiscene_candidate_006,15,direction_104,38.0,False,True,False,0.0032506659626960754,-0.0007637590169906616,25,26,"{""actor0"":""/World/Franka/panda_link6"",""actor1"":""/World/FormalObstacle"",""collider0"":""/World/Franka/panda_link6/geometry/panda_link6"",""collider1"":""/World/FormalObstacle"",""contact_count"":4,""minimum_separation_m"":-0.0007637590169906616}"
multiscene_candidate_006__inflation_015mm__direction_104__040mm,multiscene_candidate_006__inflation_015mm,multiscene_candidate_006,15,direction_104,40.0,False,True,False,0.0020811893045902252,-0.002029404044151306,25,26,"{""actor0"":""/World/Franka/panda_link6"",""actor1"":""/World/FormalObstacle"",""collider0"":""/World/Franka/panda_link6/geometry/panda_link6"",""collider1"":""/World/FormalObstacle"",""contact_count"":4,""minimum_separation_m"":-0.002029404044151306}"
multiscene_candidate_006__inflation_015mm__direction_104__042mm,multiscene_candidate_006__inflation_015mm,multiscene_candidate_006,15,direction_104,42.0,False,True,False,0.0008187554776668549,-0.0032950416207313538,26,26,"{""actor0"":""/World/Franka/panda_link6"",""actor1"":""/World/FormalObstacle"",""collider0"":""/World/Franka/panda_link6/geometry/panda_link6"",""collider1"":""/World/FormalObstacle"",""contact_count"":4,""minimum_separation_m"":-0.0032950416207313538}"
multiscene_candidate_006__inflation_015mm__direction_106__038mm,multiscene_candidate_006__inflation_015mm,multiscene_candidate_006,15,direction_106,38.0,False,True,False,0.0033931806683540344,-0.0008922889828681946,27,27,"{""actor0"":""/World/Franka/panda_link6"",""actor1"":""/World/FormalObstacle"",""collider0"":""/World/Franka/panda_link6/geometry/panda_link6"",""collider1"":""/World/FormalObstacle"",""contact_count"":4,""minimum_separation_m"":-0.0008922889828681946}"
multiscene_candidate_006__inflation_015mm__direction_106__040mm,multiscene_candidate_006__inflation_015mm,multiscene_candidate_006,15,direction_106,40.0,False,True,False,0.0021112188696861267,-0.0021192096173763275,27,27,"{""actor0"":""/World/Franka/panda_link6"",""actor1"":""/World/FormalObstacle"",""collider0"":""/World/Franka/panda_link6/geometry/panda_link6"",""collider1"":""/World/FormalObstacle"",""contact_count"":4,""minimum_separation_m"":-0.0021192096173763275}"
multiscene_candidate_006__inflation_015mm__direction_106__042mm,multiscene_candidate_006__inflation_015mm,multiscene_candidate_006,15,direction_106,42.0,False,True,False,0.0008803382515907288,-0.003149908035993576,27,27,"{""actor0"":""/World/Franka/panda_link6"",""actor1"":""/World/FormalObstacle"",""collider0"":""/World/Franka/panda_link6/geometry/panda_link6"",""collider1"":""/World/FormalObstacle"",""contact_count"":4,""minimum_separation_m"":-0.003149908035993576}"
multiscene_candidate_006__inflation_015mm__direction_107__032mm,multiscene_candidate_006__inflation_015mm,multiscene_candidate_006,15,direction_107,32.0,False,True,False,0.003085099160671234,-0.0005072206258773804,24,24,"{""actor0"":""/World/Franka/panda_link6"",""actor1"":""/World/FormalObstacle"",""collider0"":""/World/Franka/panda_link6/geometry/panda_link6"",""collider1"":""/World/FormalObstacle"",""contact_count"":3,""minimum_separation_m"":-0.0005072206258773804}"
multiscene_candidate_006__inflation_015mm__direction_107__034mm,multiscene_candidate_006__inflation_015mm,multiscene_candidate_006,15,direction_107,34.0,False,True,False,0.00159449502825737,-0.002033974975347519,24,24,"{""actor0"":""/World/Franka/panda_link6"",""actor1"":""/World/FormalObstacle"",""collider0"":""/World/Franka/panda_link6/geometry/panda_link6"",""collider1"":""/World/FormalObstacle"",""contact_count"":3,""minimum_separation_m"":-0.002033974975347519}"
multiscene_candidate_006__inflation_015mm__direction_107__036mm,multiscene_candidate_006__inflation_015mm,multiscene_candidate_006,15,direction_107,36.0,False,True,False,0.00011813268065452576,-0.0035606995224952698,24,24,"{""actor0"":""/World/Franka/panda_link6"",""actor1"":""/World/FormalObstacle"",""collider0"":""/World/Franka/panda_link6/geometry/panda_link6"",""collider1"":""/World/FormalObstacle"",""contact_count"":3,""minimum_separation_m"":-0.0035606995224952698}"
multiscene_candidate_006__inflation_015mm__direction_108__036mm,multiscene_candidate_006__inflation_015mm,multiscene_candidate_006,15,direction_108,36.0,False,True,False,0.0014518164098262787,-0.00027342885732650757,25,27,"{""actor0"":""/World/Franka/panda_link6"",""actor1"":""/World/FormalObstacle"",""collider0"":""/World/Franka/panda_link6/geometry/panda_link6"",""collider1"":""/World/FormalObstacle"",""contact_count"":4,""minimum_separation_m"":-0.00027342885732650757}"
multiscene_candidate_006__inflation_015mm__direction_108__038mm,multiscene_candidate_006__inflation_015mm,multiscene_candidate_006,15,direction_108,38.0,False,True,False,0.00010398402810096741,-0.001408010721206665,25,27,"{""actor0"":""/World/Franka/panda_link6"",""actor1"":""/World/FormalObstacle"",""collider0"":""/World/Franka/panda_link6/geometry/panda_link6"",""collider1"":""/World/FormalObstacle"",""contact_count"":4,""minimum_separation_m"":-0.001408010721206665}"
multiscene_candidate_006__inflation_015mm__direction_109__034mm,multiscene_candidate_006__inflation_015mm,multiscene_candidate_006,15,direction_109,34.0,False,True,False,0.003523852676153183,-0.0002804696559906006,26,26,"{""actor0"":""/World/Franka/panda_link6"",""actor1"":""/World/FormalObstacle"",""collider0"":""/World/Franka/panda_link6/geometry/panda_link6"",""collider1"":""/World/FormalObstacle"",""contact_count"":4,""minimum_separation_m"":-0.0002804696559906006}"
multiscene_candidate_006__inflation_015mm__direction_109__036mm,multiscene_candidate_006__inflation_015mm,multiscene_candidate_006,15,direction_109,36.0,False,True,False,0.002226822078227997,-0.001525580883026123,26,26,"{""actor0"":""/World/Franka/panda_link6"",""actor1"":""/World/FormalObstacle"",""collider0"":""/World/Franka/panda_link6/geometry/panda_link6"",""collider1"":""/World/FormalObstacle"",""contact_count"":4,""minimum_separation_m"":-0.001525580883026123}"
multiscene_candidate_006__inflation_015mm__direction_109__038mm,multiscene_candidate_006__inflation_015mm,multiscene_candidate_006,15,direction_109,38.0,False,True,False,0.0009561404585838318,-0.0027707628905773163,26,26,"{""actor0"":""/World/Franka/panda_link6"",""actor1"":""/World/FormalObstacle"",""collider0"":""/World/Franka/panda_link6/geometry/panda_link6"",""collider1"":""/World/FormalObstacle"",""contact_count"":4,""minimum_separation_m"":-0.0027707628905773163}"
multiscene_candidate_006__inflation_015mm__direction_110__032mm,multiscene_candidate_006__inflation_015mm,multiscene_candidate_006,15,direction_110,32.0,False,True,False,0.0010476671159267426,-0.0012142769992351532,24,25,"{""actor0"":""/World/Franka/panda_link6"",""actor1"":""/World/FormalObstacle"",""collider0"":""/World/Franka/panda_link6/geometry/panda_link6"",""collider1"":""/World/FormalObstacle"",""contact_count"":4,""minimum_separation_m"":-0.0012142769992351532}"
multiscene_candidate_006__inflation_015mm__direction_111__034mm,multiscene_candidate_006__inflation_015mm,multiscene_candidate_006,15,direction_111,34.0,False,True,False,0.0027981996536254883,-0.0008922852575778961,26,27,"{""actor0"":""/World/Franka/panda_link6"",""actor1"":""/World/FormalObstacle"",""collider0"":""/World/Franka/panda_link6/geometry/panda_link6"",""collider1"":""/World/FormalObstacle"",""contact_count"":4,""minimum_separation_m"":-0.0008922852575778961}"
multiscene_candidate_006__inflation_015mm__direction_111__036mm,multiscene_candidate_006__inflation_015mm,multiscene_candidate_006,15,direction_111,36.0,False,True,False,0.0015266090631484985,-0.002376686781644821,26,27,"{""actor0"":""/World/Franka/panda_link6"",""actor1"":""/World/FormalObstacle"",""collider0"":""/World/Franka/panda_link6/geometry/panda_link6"",""collider1"":""/World/FormalObstacle"",""contact_count"":4,""minimum_separation_m"":-0.002376686781644821}"
multiscene_candidate_006__inflation_015mm__direction_111__038mm,multiscene_candidate_006__inflation_015mm,multiscene_candidate_006,15,direction_111,38.0,False,True,False,0.00029357895255088806,-0.003861039876937866,26,27,"{""actor0"":""/World/Franka/panda_link6"",""actor1"":""/World/FormalObstacle"",""collider0"":""/World/Franka/panda_link6/geometry/panda_link6"",""collider1"":""/World/FormalObstacle"",""contact_count"":4,""minimum_separation_m"":-0.003861039876937866}"
multiscene_candidate_006__inflation_015mm__direction_112__030mm,multiscene_candidate_006__inflation_015mm,multiscene_candidate_006,15,direction_112,30.0,False,True,False,0.0033094175159931183,-0.0006616152822971344,25,25,"{""actor0"":""/World/Franka/panda_link6"",""actor1"":""/World/FormalObstacle"",""collider0"":""/World/Franka/panda_link6/geometry/panda_link6"",""collider1"":""/World/FormalObstacle"",""contact_count"":4,""minimum_separation_m"":-0.0006616152822971344}"
multiscene_candidate_006__inflation_015mm__direction_112__032mm,multiscene_candidate_006__inflation_015mm,multiscene_candidate_006,15,direction_112,32.0,False,True,False,0.0017819888889789581,-0.0022142641246318817,25,25,"{""actor0"":""/World/Franka/panda_link6"",""actor1"":""/World/FormalObstacle"",""collider0"":""/World/Franka/panda_link6/geometry/panda_link6"",""collider1"":""/World/FormalObstacle"",""contact_count"":4,""minimum_separation_m"":-0.0022142641246318817}"
multiscene_candidate_006__inflation_015mm__direction_112__034mm,multiscene_candidate_006__inflation_015mm,multiscene_candidate_006,15,direction_112,34.0,False,True,False,0.0002551041543483734,-0.0037298910319805145,25,25,"{""actor0"":""/World/Franka/panda_link6"",""actor1"":""/World/FormalObstacle"",""collider0"":""/World/Franka/panda_link6/geometry/panda_link6"",""collider1"":""/World/FormalObstacle"",""contact_count"":4,""minimum_separation_m"":-0.0037298910319805145}"
multiscene_candidate_006__inflation_015mm__direction_113__032mm,multiscene_candidate_006__inflation_015mm,multiscene_candidate_006,15,direction_113,32.0,False,True,False,0.0012063048779964447,-0.0008866414427757263,25,26,"{""actor0"":""/World/Franka/panda_link6"",""actor1"":""/World/FormalObstacle"",""collider0"":""/World/Franka/panda_link6/geometry/panda_link6"",""collider1"":""/World/FormalObstacle"",""contact_count"":4,""minimum_separation_m"":-0.0008866414427757263}"
multiscene_candidate_006__inflation_015mm__direction_114__032mm,multiscene_candidate_006__inflation_015mm,multiscene_candidate_006,15,direction_114,32.0,False,True,False,0.002888023853302002,-0.0009079240262508392,26,27,"{""actor0"":""/World/Franka/panda_link6"",""actor1"":""/World/FormalObstacle"",""collider0"":""/World/Franka/panda_link6/geometry/panda_link6"",""collider1"":""/World/FormalObstacle"",""contact_count"":4,""minimum_separation_m"":-0.0009079240262508392}"
multiscene_candidate_006__inflation_015mm__direction_114__034mm,multiscene_candidate_006__inflation_015mm,multiscene_candidate_006,15,direction_114,34.0,False,True,False,0.0015636608004570007,-0.0024860650300979614,26,27,"{""actor0"":""/World/Franka/panda_link6"",""actor1"":""/World/FormalObstacle"",""collider0"":""/World/Franka/panda_link6/geometry/panda_link6"",""collider1"":""/World/FormalObstacle"",""contact_count"":4,""minimum_separation_m"":-0.0024860650300979614}"
multiscene_candidate_006__inflation_015mm__direction_114__036mm,multiscene_candidate_006__inflation_015mm,multiscene_candidate_006,15,direction_114,36.0,False,True,False,0.00021615251898765564,-0.004064157605171204,27,27,"{""actor0"":""/World/Franka/panda_link6"",""actor1"":""/World/FormalObstacle"",""collider0"":""/World/Franka/panda_link6/geometry/panda_link6"",""collider1"":""/World/FormalObstacle"",""contact_count"":4,""minimum_separation_m"":-0.004064157605171204}"
multiscene_candidate_006__inflation_015mm__direction_115__028mm,multiscene_candidate_006__inflation_015mm,multiscene_candidate_006,15,direction_115,28.0,False,True,False,0.0025221779942512512,-0.001081664115190506,24,24,"{""actor0"":""/World/Franka/panda_link6"",""actor1"":""/World/FormalObstacle"",""collider0"":""/World/Franka/panda_link6/geometry/panda_link6"",""collider1"":""/World/FormalObstacle"",""contact_count"":3,""minimum_separation_m"":-0.001081664115190506}"
multiscene_candidate_006__inflation_015mm__direction_115__030mm,multiscene_candidate_006__inflation_015mm,multiscene_candidate_006,15,direction_115,30.0,False,True,False,0.0007535926997661591,-0.0028675757348537445,24,24,"{""actor0"":""/World/Franka/panda_link6"",""actor1"":""/World/FormalObstacle"",""collider0"":""/World/Franka/panda_link6/geometry/panda_link6"",""collider1"":""/World/FormalObstacle"",""contact_count"":3,""minimum_separation_m"":-0.0028675757348537445}"
multiscene_candidate_006__inflation_015mm__direction_116__030mm,multiscene_candidate_006__inflation_015mm,multiscene_candidate_006,15,direction_116,30.0,False,True,False,0.0027875564992427826,-0.0009618997573852539,26,26,"{""actor0"":""/World/Franka/panda_link6"",""actor1"":""/World/FormalObstacle"",""collider0"":""/World/Franka/panda_link6/geometry/panda_link6"",""collider1"":""/World/FormalObstacle"",""contact_count"":4,""minimum_separation_m"":-0.0009618997573852539}"
multiscene_candidate_006__inflation_015mm__direction_116__032mm,multiscene_candidate_006__inflation_015mm,multiscene_candidate_006,15,direction_116,32.0,False,True,False,0.0011469386518001556,-0.002396419644355774,26,26,"{""actor0"":""/World/Franka/panda_link6"",""actor1"":""/World/FormalObstacle"",""collider0"":""/World/Franka/panda_link6/geometry/panda_link6"",""collider1"":""/World/FormalObstacle"",""contact_count"":4,""minimum_separation_m"":-0.002396419644355774}"
multiscene_candidate_006__inflation_015mm__direction_117__028mm,multiscene_candidate_006__inflation_015mm,multiscene_candidate_006,15,direction_117,28.0,False,True,False,0.003990676254034042,-0.00012312456965446472,26,26,"{""actor0"":""/World/Franka/panda_link6"",""actor1"":""/World/FormalObstacle"",""collider0"":""/World/Franka/panda_link6/geometry/panda_link6"",""collider1"":""/World/FormalObstacle"",""contact_count"":4,""minimum_separation_m"":-0.00012312456965446472}"
multiscene_candidate_006__inflation_015mm__direction_117__030mm,multiscene_candidate_006__inflation_015mm,multiscene_candidate_006,15,direction_117,30.0,False,True,False,0.0023187659680843353,-0.0017950311303138733,26,26,"{""actor0"":""/World/Franka/panda_link6"",""actor1"":""/World/FormalObstacle"",""collider0"":""/World/Franka/panda_link6/geometry/panda_link6"",""collider1"":""/World/FormalObstacle"",""contact_count"":4,""minimum_separation_m"":-0.0017950311303138733}"
multiscene_candidate_006__inflation_015mm__direction_117__032mm,multiscene_candidate_006__inflation_015mm,multiscene_candidate_006,15,direction_117,32.0,False,True,False,0.0006469152867794037,-0.0034669004380702972,26,26,"{""actor0"":""/World/Franka/panda_link6"",""actor1"":""/World/FormalObstacle"",""collider0"":""/World/Franka/panda_link6/geometry/panda_link6"",""collider1"":""/World/FormalObstacle"",""contact_count"":4,""minimum_separation_m"":-0.0034669004380702972}"
multiscene_candidate_006__inflation_015mm__direction_118__028mm,multiscene_candidate_006__inflation_015mm,multiscene_candidate_006,15,direction_118,28.0,False,True,False,0.0015689879655838013,-0.001219816505908966,24,25,"{""actor0"":""/World/Franka/panda_link6"",""actor1"":""/World/FormalObstacle"",""collider0"":""/World/Franka/panda_link6/geometry/panda_link6"",""collider1"":""/World/FormalObstacle"",""contact_count"":4,""minimum_separation_m"":-0.001219816505908966}"
multiscene_candidate_006__inflation_015mm__direction_119__028mm,multiscene_candidate_006__inflation_015mm,multiscene_candidate_006,15,direction_119,28.0,False,True,False,0.0031999535858631134,-0.0008677653968334198,26,26,"{""actor0"":""/World/Franka/panda_link6"",""actor1"":""/World/FormalObstacle"",""collider0"":""/World/Franka/panda_link6/geometry/panda_link6"",""collider1"":""/World/FormalObstacle"",""contact_count"":4,""minimum_separation_m"":-0.0008677653968334198}"
multiscene_candidate_006__inflation_015mm__direction_119__030mm,multiscene_candidate_006__inflation_015mm,multiscene_candidate_006,15,direction_119,30.0,False,True,False,0.0015369988977909088,-0.0024216584861278534,26,26,"{""actor0"":""/World/Franka/panda_link6"",""actor1"":""/World/FormalObstacle"",""collider0"":""/World/Franka/panda_link6/geometry/panda_link6"",""collider1"":""/World/FormalObstacle"",""contact_count"":4,""minimum_separation_m"":-0.0024216584861278534}"
multiscene_candidate_006__inflation_015mm__direction_120__026mm,multiscene_candidate_006__inflation_015mm,multiscene_candidate_006,15,direction_120,26.0,False,True,False,0.0030042678117752075,-0.000917389988899231,25,25,"{""actor0"":""/World/Franka/panda_link6"",""actor1"":""/World/FormalObstacle"",""collider0"":""/World/Franka/panda_link6/geometry/panda_link6"",""collider1"":""/World/FormalObstacle"",""contact_count"":4,""minimum_separation_m"":-0.000917389988899231}"
multiscene_candidate_006__inflation_015mm__direction_120__028mm,multiscene_candidate_006__inflation_015mm,multiscene_candidate_006,15,direction_120,28.0,False,True,False,0.0012375973165035248,-0.0026830099523067474,25,25,"{""actor0"":""/World/Franka/panda_link6"",""actor1"":""/World/FormalObstacle"",""collider0"":""/World/Franka/panda_link6/geometry/panda_link6"",""collider1"":""/World/FormalObstacle"",""contact_count"":4,""minimum_separation_m"":-0.0026830099523067474}"
multiscene_candidate_006__inflation_015mm__direction_121__026mm,multiscene_candidate_006__inflation_015mm,multiscene_candidate_006,15,direction_121,26.0,False,True,False,0.0027915798127651215,-7.627904415130615e-05,25,26,"{""actor0"":""/World/Franka/panda_link6"",""actor1"":""/World/FormalObstacle"",""collider0"":""/World/Franka/panda_link6/geometry/panda_link6"",""collider1"":""/World/FormalObstacle"",""contact_count"":4,""minimum_separation_m"":-7.627904415130615e-05}"
multiscene_candidate_006__inflation_015mm__direction_121__028mm,multiscene_candidate_006__inflation_015mm,multiscene_candidate_006,15,direction_121,28.0,False,True,False,0.000986192375421524,-0.0018731243908405304,25,26,"{""actor0"":""/World/Franka/panda_link6"",""actor1"":""/World/FormalObstacle"",""collider0"":""/World/Franka/panda_link6/geometry/panda_link6"",""collider1"":""/World/FormalObstacle"",""contact_count"":4,""minimum_separation_m"":-0.0018731243908405304}"
multiscene_candidate_006__inflation_015mm__direction_122__026mm,multiscene_candidate_006__inflation_015mm,multiscene_candidate_006,15,direction_122,26.0,False,True,False,0.003631260246038437,-0.0004825405776500702,26,26,"{""actor0"":""/World/Franka/panda_link6"",""actor1"":""/World/FormalObstacle"",""collider0"":""/World/Franka/panda_link6/geometry/panda_link6"",""collider1"":""/World/FormalObstacle"",""contact_count"":4,""minimum_separation_m"":-0.0004825405776500702}"
multiscene_candidate_006__inflation_015mm__direction_122__028mm,multiscene_candidate_006__inflation_015mm,multiscene_candidate_006,15,direction_122,28.0,False,True,False,0.0018031857907772064,-0.002310618758201599,26,26,"{""actor0"":""/World/Franka/panda_link6"",""actor1"":""/World/FormalObstacle"",""collider0"":""/World/Franka/panda_link6/geometry/panda_link6"",""collider1"":""/World/FormalObstacle"",""contact_count"":4,""minimum_separation_m"":-0.002310618758201599}"
multiscene_candidate_006__inflation_015mm__direction_123__024mm,multiscene_candidate_006__inflation_015mm,multiscene_candidate_006,15,direction_123,24.0,False,True,False,0.0036438368260860443,-0.000276762992143631,25,25,"{""actor0"":""/World/Franka/panda_link6"",""actor1"":""/World/FormalObstacle"",""collider0"":""/World/Franka/panda_link6/geometry/panda_link6"",""collider1"":""/World/FormalObstacle"",""contact_count"":4,""minimum_separation_m"":-0.000276762992143631}"
multiscene_candidate_006__inflation_015mm__direction_123__026mm,multiscene_candidate_006__inflation_015mm,multiscene_candidate_006,15,direction_123,26.0,False,True,False,0.0017844699323177338,-0.002136118710041046,25,25,"{""actor0"":""/World/Franka/panda_link6"",""actor1"":""/World/FormalObstacle"",""collider0"":""/World/Franka/panda_link6/geometry/panda_link6"",""collider1"":""/World/FormalObstacle"",""contact_count"":4,""minimum_separation_m"":-0.002136118710041046}"
multiscene_candidate_006__inflation_015mm__direction_124__026mm,multiscene_candidate_006__inflation_015mm,multiscene_candidate_006,15,direction_124,26.0,False,True,False,0.0028187893331050873,-0.0012950114905834198,26,26,"{""actor0"":""/World/Franka/panda_link6"",""actor1"":""/World/FormalObstacle"",""collider0"":""/World/Franka/panda_link6/geometry/panda_link6"",""collider1"":""/World/FormalObstacle"",""contact_count"":4,""minimum_separation_m"":-0.0012950114905834198}"
multiscene_candidate_006__inflation_015mm__direction_124__028mm,multiscene_candidate_006__inflation_015mm,multiscene_candidate_006,15,direction_124,28.0,False,True,False,0.000928189605474472,-0.0031856000423431396,26,26,"{""actor0"":""/World/Franka/panda_link6"",""actor1"":""/World/FormalObstacle"",""collider0"":""/World/Franka/panda_link6/geometry/panda_link6"",""collider1"":""/World/FormalObstacle"",""contact_count"":4,""minimum_separation_m"":-0.0031856000423431396}"
multiscene_candidate_006__inflation_015mm__direction_125__024mm,multiscene_candidate_006__inflation_015mm,multiscene_candidate_006,15,direction_125,24.0,False,True,False,0.0033705271780490875,-0.0003010109066963196,25,25,"{""actor0"":""/World/Franka/panda_link6"",""actor1"":""/World/FormalObstacle"",""collider0"":""/World/Franka/panda_link6/geometry/panda_link6"",""collider1"":""/World/FormalObstacle"",""contact_count"":4,""minimum_separation_m"":-0.0003010109066963196}"
multiscene_candidate_006__inflation_015mm__direction_125__026mm,multiscene_candidate_006__inflation_015mm,multiscene_candidate_006,15,direction_125,26.0,False,True,False,0.0014705061912536621,-0.0022202730178833008,25,25,"{""actor0"":""/World/Franka/panda_link6"",""actor1"":""/World/FormalObstacle"",""collider0"":""/World/Franka/panda_link6/geometry/panda_link6"",""collider1"":""/World/FormalObstacle"",""contact_count"":4,""minimum_separation_m"":-0.0022202730178833008}"
multiscene_candidate_006__inflation_015mm__direction_126__024mm,multiscene_candidate_006__inflation_015mm,multiscene_candidate_006,15,direction_126,24.0,False,True,False,0.002613849937915802,-0.0012767389416694641,25,25,"{""actor0"":""/World/Franka/panda_link6"",""actor1"":""/World/FormalObstacle"",""collider0"":""/World/Franka/panda_link6/geometry/panda_link6"",""collider1"":""/World/FormalObstacle"",""contact_count"":4,""minimum_separation_m"":-0.0012767389416694641}"
multiscene_candidate_006__inflation_015mm__direction_126__026mm,multiscene_candidate_006__inflation_015mm,multiscene_candidate_006,15,direction_126,26.0,False,True,False,0.0006460659205913544,-0.0031372830271720886,25,25,"{""actor0"":""/World/Franka/panda_link6"",""actor1"":""/World/FormalObstacle"",""collider0"":""/World/Franka/panda_link6/geometry/panda_link6"",""collider1"":""/World/FormalObstacle"",""contact_count"":4,""minimum_separation_m"":-0.0031372830271720886}"
multiscene_candidate_006__inflation_015mm__direction_127__024mm,multiscene_candidate_006__inflation_015mm,multiscene_candidate_006,15,direction_127,24.0,False,True,False,0.003108423203229904,-0.0005505010485649109,25,25,"{""actor0"":""/World/Franka/panda_link6"",""actor1"":""/World/FormalObstacle"",""collider0"":""/World/Franka/panda_link6/geometry/panda_link6"",""collider1"":""/World/FormalObstacle"",""contact_count"":4,""minimum_separation_m"":-0.0005505010485649109}"
multiscene_candidate_006__inflation_015mm__direction_127__026mm,multiscene_candidate_006__inflation_015mm,multiscene_candidate_006,15,direction_127,26.0,False,True,False,0.0012178979814052582,-0.002513747662305832,25,26,"{""actor0"":""/World/Franka/panda_link6"",""actor1"":""/World/FormalObstacle"",""collider0"":""/World/Franka/panda_link6/geometry/panda_link6"",""collider1"":""/World/FormalObstacle"",""contact_count"":4,""minimum_separation_m"":-0.002513747662305832}"
multiscene_candidate_006__inflation_020mm__direction_094__052mm,multiscene_candidate_006__inflation_020mm,multiscene_candidate_006,20,direction_094,52.0,False,True,False,0.003256049007177353,-0.0005262717604637146,23,23,"{""actor0"":""/World/Franka/panda_link6"",""actor1"":""/World/FormalObstacle"",""collider0"":""/World/Franka/panda_link6/geometry/panda_link6"",""collider1"":""/World/FormalObstacle"",""contact_count"":4,""minimum_separation_m"":-0.0005262717604637146}"
multiscene_candidate_006__inflation_020mm__direction_094__054mm,multiscene_candidate_006__inflation_020mm,multiscene_candidate_006,20,direction_094,54.0,False,True,False,0.002196844667196274,-0.001599084585905075,23,23,"{""actor0"":""/World/Franka/panda_link6"",""actor1"":""/World/FormalObstacle"",""collider0"":""/World/Franka/panda_link6/geometry/panda_link6"",""collider1"":""/World/FormalObstacle"",""contact_count"":4,""minimum_separation_m"":-0.001599084585905075}"
multiscene_candidate_006__inflation_020mm__direction_094__056mm,multiscene_candidate_006__inflation_020mm,multiscene_candidate_006,20,direction_094,56.0,False,True,False,0.0011787600815296173,-0.002593517303466797,23,22,"{""actor0"":""/World/Franka/panda_link6"",""actor1"":""/World/FormalObstacle"",""collider0"":""/World/Franka/panda_link6/geometry/panda_link6"",""collider1"":""/World/FormalObstacle"",""contact_count"":3,""minimum_separation_m"":-0.002593517303466797}"
multiscene_candidate_006__inflation_020mm__direction_094__058mm,multiscene_candidate_006__inflation_020mm,multiscene_candidate_006,20,direction_094,58.0,False,True,False,0.00020458921790122986,-0.00374748557806015,23,22,"{""actor0"":""/World/Franka/panda_link6"",""actor1"":""/World/FormalObstacle"",""collider0"":""/World/Franka/panda_link6/geometry/panda_link6"",""collider1"":""/World/FormalObstacle"",""contact_count"":3,""minimum_separation_m"":-0.00374748557806015}"
multiscene_candidate_006__inflation_020mm__direction_095__060mm,multiscene_candidate_006__inflation_020mm,multiscene_candidate_006,20,direction_095,60.0,False,True,False,0.003502868115901947,-0.000522267073392868,27,32,"{""actor0"":""/World/Franka/panda_link6"",""actor1"":""/World/FormalObstacle"",""collider0"":""/World/Franka/panda_link6/geometry/panda_link6"",""collider1"":""/World/FormalObstacle"",""contact_count"":4,""minimum_separation_m"":-0.000522267073392868}"
multiscene_candidate_006__inflation_020mm__direction_096__056mm,multiscene_candidate_006__inflation_020mm,multiscene_candidate_006,20,direction_096,56.0,False,True,False,0.004390265792608261,-8.7004154920578e-05,27,27,"{""actor0"":""/World/Franka/panda_link6"",""actor1"":""/World/FormalObstacle"",""collider0"":""/World/Franka/panda_link6/geometry/panda_link6"",""collider1"":""/World/FormalObstacle"",""contact_count"":4,""minimum_separation_m"":-8.7004154920578e-05}"
multiscene_candidate_006__inflation_020mm__direction_096__058mm,multiscene_candidate_006__inflation_020mm,multiscene_candidate_006,20,direction_096,58.0,False,True,False,0.0033746622502803802,-0.001102600246667862,27,27,"{""actor0"":""/World/Franka/panda_link6"",""actor1"":""/World/FormalObstacle"",""collider0"":""/World/Franka/panda_link6/geometry/panda_link6"",""collider1"":""/World/FormalObstacle"",""contact_count"":4,""minimum_separation_m"":-0.001102600246667862}"
multiscene_candidate_006__inflation_020mm__direction_096__060mm,multiscene_candidate_006__inflation_020mm,multiscene_candidate_006,20,direction_096,60.0,False,True,False,0.0023590587079524994,-0.0021182075142860413,27,27,"{""actor0"":""/World/Franka/panda_link6"",""actor1"":""/World/FormalObstacle"",""collider0"":""/World/Franka/panda_link6/geometry/panda_link6"",""collider1"":""/World/FormalObstacle"",""contact_count"":4,""minimum_separation_m"":-0.0021182075142860413}"
multiscene_candidate_006__inflation_020mm__direction_097__054mm,multiscene_candidate_006__inflation_020mm,multiscene_candidate_006,20,direction_097,54.0,False,True,False,0.0011727996170520782,-0.0005372203886508942,23,26,"{""actor0"":""/World/Franka/panda_link6"",""actor1"":""/World/FormalObstacle"",""collider0"":""/World/Franka/panda_link6/geometry/panda_link6"",""collider1"":""/World/FormalObstacle"",""contact_count"":3,""minimum_separation_m"":-0.0005372203886508942}"
multiscene_candidate_006__inflation_020mm__direction_097__056mm,multiscene_candidate_006__inflation_020mm,multiscene_candidate_006,20,direction_097,56.0,False,True,False,0.00029942020773887634,-0.0015841089189052582,24,26,"{""actor0"":""/World/Franka/panda_link6"",""actor1"":""/World/FormalObstacle"",""collider0"":""/World/Franka/panda_link6/geometry/panda_link6"",""collider1"":""/World/FormalObstacle"",""contact_count"":3,""minimum_separation_m"":-0.0015841089189052582}"
multiscene_candidate_006__inflation_020mm__direction_098__054mm,multiscene_candidate_006__inflation_020mm,multiscene_candidate_006,20,direction_098,54.0,False,True,False,0.004157807677984238,-0.0007509775459766388,38,38,"{""actor0"":""/World/Franka/panda_link6"",""actor1"":""/World/FormalObstacle"",""collider0"":""/World/Franka/panda_link6/geometry/panda_link6"",""collider1"":""/World/FormalObstacle"",""contact_count"":4,""minimum_separation_m"":-0.0007509775459766388}"
multiscene_candidate_006__inflation_020mm__direction_098__056mm,multiscene_candidate_006__inflation_020mm,multiscene_candidate_006,20,direction_098,56.0,False,True,False,0.003079678863286972,-0.0018291100859642029,38,38,"{""actor0"":""/World/Franka/panda_link6"",""actor1"":""/World/FormalObstacle"",""collider0"":""/World/Franka/panda_link6/geometry/panda_link6"",""collider1"":""/World/FormalObstacle"",""contact_count"":4,""minimum_separation_m"":-0.0018291100859642029}"
multiscene_candidate_006__inflation_020mm__direction_098__058mm,multiscene_candidate_006__inflation_020mm,multiscene_candidate_006,20,direction_098,58.0,False,True,False,0.0020015500485897064,-0.00290723517537117,38,38,"{""actor0"":""/World/Franka/panda_link6"",""actor1"":""/World/FormalObstacle"",""collider0"":""/World/Franka/panda_link6/geometry/panda_link6"",""collider1"":""/World/FormalObstacle"",""contact_count"":4,""minimum_separation_m"":-0.00290723517537117}"
multiscene_candidate_006__inflation_020mm__direction_098__060mm,multiscene_candidate_006__inflation_020mm,multiscene_candidate_006,20,direction_098,60.0,False,True,False,0.0009234212338924408,-0.003985363990068436,38,38,"{""actor0"":""/World/Franka/panda_link6"",""actor1"":""/World/FormalObstacle"",""collider0"":""/World/Franka/panda_link6/geometry/panda_link6"",""collider1"":""/World/FormalObstacle"",""contact_count"":4,""minimum_separation_m"":-0.003985363990068436}"
multiscene_candidate_006__inflation_020mm__direction_099__050mm,multiscene_candidate_006__inflation_020mm,multiscene_candidate_006,20,direction_099,50.0,False,True,False,0.0027695707976818085,-0.001031097024679184,24,24,"{""actor0"":""/World/Franka/panda_link6"",""actor1"":""/World/FormalObstacle"",""collider0"":""/World/Franka/panda_link6/geometry/panda_link6"",""collider1"":""/World/FormalObstacle"",""contact_count"":4,""minimum_separation_m"":-0.001031097024679184}"
multiscene_candidate_006__inflation_020mm__direction_099__052mm,multiscene_candidate_006__inflation_020mm,multiscene_candidate_006,20,direction_099,52.0,False,True,False,0.0015564747154712677,-0.0022485926747322083,24,24,"{""actor0"":""/World/Franka/panda_link6"",""actor1"":""/World/FormalObstacle"",""collider0"":""/World/Franka/panda_link6/geometry/panda_link6"",""collider1"":""/World/FormalObstacle"",""contact_count"":4,""minimum_separation_m"":-0.0022485926747322083}"
multiscene_candidate_006__inflation_020mm__direction_099__054mm,multiscene_candidate_006__inflation_020mm,multiscene_candidate_006,20,direction_099,54.0,False,True,False,0.00034754350781440735,-0.003466140478849411,24,24,"{""actor0"":""/World/Franka/panda_link6"",""actor1"":""/World/FormalObstacle"",""collider0"":""/World/Franka/panda_link6/geometry/panda_link6"",""collider1"":""/World/FormalObstacle"",""contact_count"":4,""minimum_separation_m"":-0.003466140478849411}"
multiscene_candidate_006__inflation_020mm__direction_100__052mm,multiscene_candidate_006__inflation_020mm,multiscene_candidate_006,20,direction_100,52.0,False,True,False,0.0024976953864097595,-0.0005601085722446442,26,30,"{""actor0"":""/World/Franka/panda_link6"",""actor1"":""/World/FormalObstacle"",""collider0"":""/World/Franka/panda_link6/geometry/panda_link6"",""collider1"":""/World/FormalObstacle"",""contact_count"":4,""minimum_separation_m"":-0.0005601085722446442}"
multiscene_candidate_006__inflation_020mm__direction_100__054mm,multiscene_candidate_006__inflation_020mm,multiscene_candidate_006,20,direction_100,54.0,False,True,False,0.0014846064150333405,-0.0017007067799568176,26,30,"{""actor0"":""/World/Franka/panda_link6"",""actor1"":""/World/FormalObstacle"",""collider0"":""/World/Franka/panda_link6/geometry/panda_link6"",""collider1"":""/World/FormalObstacle"",""contact_count"":4,""minimum_separation_m"":-0.0017007067799568176}"
multiscene_candidate_006__inflation_020mm__direction_100__056mm,multiscene_candidate_006__inflation_020mm,multiscene_candidate_006,20,direction_100,56.0,False,True,False,0.0005303733050823212,-0.002841360867023468,26,30,"{""actor0"":""/World/Franka/panda_link6"",""actor1"":""/World/FormalObstacle"",""collider0"":""/World/Franka/panda_link6/geometry/panda_link6"",""collider1"":""/World/FormalObstacle"",""contact_count"":4,""minimum_separation_m"":-0.002841360867023468}"
multiscene_candidate_006__inflation_020mm__direction_101__050mm,multiscene_candidate_006__inflation_020mm,multiscene_candidate_006,20,direction_101,50.0,False,True,False,0.0040393732488155365,-0.0007514022290706635,36,35,"{""actor0"":""/World/Franka/panda_link6"",""actor1"":""/World/FormalObstacle"",""collider0"":""/World/Franka/panda_link6/geometry/panda_link6"",""collider1"":""/World/FormalObstacle"",""contact_count"":4,""minimum_separation_m"":-0.0007514022290706635}"
multiscene_candidate_006__inflation_020mm__direction_101__052mm,multiscene_candidate_006__inflation_020mm,multiscene_candidate_006,20,direction_101,52.0,False,True,False,0.0028312914073467255,-0.0020512230694293976,37,36,"{""actor0"":""/World/Franka/panda_link6"",""actor1"":""/World/FormalObstacle"",""collider0"":""/World/Franka/panda_link6/geometry/panda_link6"",""collider1"":""/World/FormalObstacle"",""contact_count"":4,""minimum_separation_m"":-0.0020512230694293976}"
multiscene_candidate_006__inflation_020mm__direction_101__054mm,multiscene_candidate_006__inflation_020mm,multiscene_candidate_006,20,direction_101,54.0,False,True,False,0.0016284547746181488,-0.0032231025397777557,38,36,"{""actor0"":""/World/Franka/panda_link6"",""actor1"":""/World/FormalObstacle"",""collider0"":""/World/Franka/panda_link6/geometry/panda_link6"",""collider1"":""/World/FormalObstacle"",""contact_count"":4,""minimum_separation_m"":-0.0032231025397777557}"
multiscene_candidate_006__inflation_020mm__direction_101__056mm,multiscene_candidate_006__inflation_020mm,multiscene_candidate_006,20,direction_101,56.0,False,True,False,0.0004580840468406677,-0.0044541023671627045,38,38,"{""actor0"":""/World/Franka/panda_link6"",""actor1"":""/World/FormalObstacle"",""collider0"":""/World/Franka/panda_link6/geometry/panda_link6"",""collider1"":""/World/FormalObstacle"",""contact_count"":4,""minimum_separation_m"":-0.0044541023671627045}"
multiscene_candidate_006__inflation_020mm__direction_102__044mm,multiscene_candidate_006__inflation_020mm,multiscene_candidate_006,20,direction_102,44.0,False,True,False,0.0020626410841941833,-0.0008077993988990784,23,24,"{""actor0"":""/World/Franka/panda_link6"",""actor1"":""/World/FormalObstacle"",""collider0"":""/World/Franka/panda_link6/geometry/panda_link6"",""collider1"":""/World/FormalObstacle"",""contact_count"":4,""minimum_separation_m"":-0.0008077993988990784}"
multiscene_candidate_006__inflation_020mm__direction_102__046mm,multiscene_candidate_006__inflation_020mm,multiscene_candidate_006,20,direction_102,46.0,False,True,False,0.0006326362490653992,-0.0020110085606575012,23,24,"{""actor0"":""/World/Franka/panda_link6"",""actor1"":""/World/FormalObstacle"",""collider0"":""/World/Franka/panda_link6/geometry/panda_link6"",""collider1"":""/World/FormalObstacle"",""contact_count"":4,""minimum_separation_m"":-0.0020110085606575012}"
multiscene_candidate_006__inflation_020mm__direction_103__048mm,multiscene_candidate_006__inflation_020mm,multiscene_candidate_006,20,direction_103,48.0,False,True,False,0.0032027624547481537,-0.0008654184639453888,27,28,"{""actor0"":""/World/Franka/panda_link6"",""actor1"":""/World/FormalObstacle"",""collider0"":""/World/Franka/panda_link6/geometry/panda_link6"",""collider1"":""/World/FormalObstacle"",""contact_count"":3,""minimum_separation_m"":-0.0008654184639453888}"
multiscene_candidate_006__inflation_020mm__direction_103__050mm,multiscene_candidate_006__inflation_020mm,multiscene_candidate_006,20,direction_103,50.0,False,True,False,0.0019684098660945892,-0.0020674020051956177,27,28,"{""actor0"":""/World/Franka/panda_link6"",""actor1"":""/World/FormalObstacle"",""collider0"":""/World/Franka/panda_link6/geometry/panda_link6"",""collider1"":""/World/FormalObstacle"",""contact_count"":4,""minimum_separation_m"":-0.0020674020051956177}"
multiscene_candidate_006__inflation_020mm__direction_103__052mm,multiscene_candidate_006__inflation_020mm,multiscene_candidate_006,20,direction_103,52.0,False,True,False,0.0007340572774410248,-0.003216750919818878,27,33,"{""actor0"":""/World/Franka/panda_link6"",""actor1"":""/World/FormalObstacle"",""collider0"":""/World/Franka/panda_link6/geometry/panda_link6"",""collider1"":""/World/FormalObstacle"",""contact_count"":4,""minimum_separation_m"":-0.003216750919818878}"
multiscene_candidate_006__inflation_020mm__direction_104__044mm,multiscene_candidate_006__inflation_020mm,multiscene_candidate_006,20,direction_104,44.0,False,True,False,0.004217173904180527,-0.00011533871293067932,26,26,"{""actor0"":""/World/Franka/panda_link6"",""actor1"":""/World/FormalObstacle"",""collider0"":""/World/Franka/panda_link6/geometry/panda_link6"",""collider1"":""/World/FormalObstacle"",""contact_count"":4,""minimum_separation_m"":-0.00011533871293067932}"
multiscene_candidate_006__inflation_020mm__direction_104__046mm,multiscene_candidate_006__inflation_020mm,multiscene_candidate_006,20,direction_104,46.0,False,True,False,0.002951528877019882,-0.0013809986412525177,26,26,"{""actor0"":""/World/Franka/panda_link6"",""actor1"":""/World/FormalObstacle"",""collider0"":""/World/Franka/panda_link6/geometry/panda_link6"",""collider1"":""/World/FormalObstacle"",""contact_count"":4,""minimum_separation_m"":-0.0013809986412525177}"
multiscene_candidate_006__inflation_020mm__direction_104__048mm,multiscene_candidate_006__inflation_020mm,multiscene_candidate_006,20,direction_104,48.0,False,True,False,0.001685943454504013,-0.0026465803384780884,26,26,"{""actor0"":""/World/Franka/panda_link6"",""actor1"":""/World/FormalObstacle"",""collider0"":""/World/Franka/panda_link6/geometry/panda_link6"",""collider1"":""/World/FormalObstacle"",""contact_count"":4,""minimum_separation_m"":-0.0026465803384780884}"
multiscene_candidate_006__inflation_020mm__direction_104__050mm,multiscene_candidate_006__inflation_020mm,multiscene_candidate_006,20,direction_104,50.0,False,True,False,0.00042029842734336853,-0.0039122141897678375,26,26,"{""actor0"":""/World/Franka/panda_link6"",""actor1"":""/World/FormalObstacle"",""collider0"":""/World/Franka/panda_link6/geometry/panda_link6"",""collider1"":""/World/FormalObstacle"",""contact_count"":4,""minimum_separation_m"":-0.0039122141897678375}"
multiscene_candidate_006__inflation_020mm__direction_105__044mm,multiscene_candidate_006__inflation_020mm,multiscene_candidate_006,20,direction_105,44.0,False,True,False,0.0013988614082336426,-0.000180758535861969,24,27,"{""actor0"":""/World/Franka/panda_link6"",""actor1"":""/World/FormalObstacle"",""collider0"":""/World/Franka/panda_link6/geometry/panda_link6"",""collider1"":""/World/FormalObstacle"",""contact_count"":3,""minimum_separation_m"":-0.000180758535861969}"
multiscene_candidate_006__inflation_020mm__direction_105__046mm,multiscene_candidate_006__inflation_020mm,multiscene_candidate_006,20,direction_105,46.0,False,True,False,0.00023440644145011902,-0.0014775730669498444,24,27,"{""actor0"":""/World/Franka/panda_link6"",""actor1"":""/World/FormalObstacle"",""collider0"":""/World/Franka/panda_link6/geometry/panda_link6"",""collider1"":""/World/FormalObstacle"",""contact_count"":3,""minimum_separation_m"":-0.0014775730669498444}"
multiscene_candidate_006__inflation_020mm__direction_106__044mm,multiscene_candidate_006__inflation_020mm,multiscene_candidate_006,20,direction_106,44.0,False,True,False,0.004094425588846207,-0.0006732679903507233,27,35,"{""actor0"":""/World/Franka/panda_link6"",""actor1"":""/World/FormalObstacle"",""collider0"":""/World/Franka/panda_link6/geometry/panda_link6"",""collider1"":""/World/FormalObstacle"",""contact_count"":4,""minimum_separation_m"":-0.0006732679903507233}"
multiscene_candidate_006__inflation_020mm__direction_106__046mm,multiscene_candidate_006__inflation_020mm,multiscene_candidate_006,20,direction_106,46.0,False,True,False,0.002807881683111191,-0.002001367509365082,28,35,"{""actor0"":""/World/Franka/panda_link6"",""actor1"":""/World/FormalObstacle"",""collider0"":""/World/Franka/panda_link6/geometry/panda_link6"",""collider1"":""/World/FormalObstacle"",""contact_count"":4,""minimum_separation_m"":-0.002001367509365082}"
multiscene_candidate_006__inflation_020mm__direction_106__048mm,multiscene_candidate_006__inflation_020mm,multiscene_candidate_006,20,direction_106,48.0,False,True,False,0.0014595091342926025,-0.0033294856548309326,36,35,"{""actor0"":""/World/Franka/panda_link6"",""actor1"":""/World/FormalObstacle"",""collider0"":""/World/Franka/panda_link6/geometry/panda_link6"",""collider1"":""/World/FormalObstacle"",""contact_count"":4,""minimum_separation_m"":-0.0033294856548309326}"
multiscene_candidate_006__inflation_020mm__direction_106__050mm,multiscene_candidate_006__inflation_020mm,multiscene_candidate_006,20,direction_106,50.0,False,True,False,9.262189269065857e-05,-0.004785645753145218,37,36,"{""actor0"":""/World/Franka/panda_link6"",""actor1"":""/World/FormalObstacle"",""collider0"":""/World/Franka/panda_link6/geometry/panda_link6"",""collider1"":""/World/FormalObstacle"",""contact_count"":4,""minimum_separation_m"":-0.004785645753145218}"
multiscene_candidate_006__inflation_020mm__direction_107__040mm,multiscene_candidate_006__inflation_020mm,multiscene_candidate_006,20,direction_107,40.0,False,True,False,0.0027411356568336487,-0.0010926127433776855,24,24,"{""actor0"":""/World/Franka/panda_link6"",""actor1"":""/World/FormalObstacle"",""collider0"":""/World/Franka/panda_link6/geometry/panda_link6"",""collider1"":""/World/FormalObstacle"",""contact_count"":4,""minimum_separation_m"":-0.0010926127433776855}"
multiscene_candidate_006__inflation_020mm__direction_107__042mm,multiscene_candidate_006__inflation_020mm,multiscene_candidate_006,20,direction_107,42.0,False,True,False,0.0012826807796955109,-0.0026176124811172485,24,24,"{""actor0"":""/World/Franka/panda_link6"",""actor1"":""/World/FormalObstacle"",""collider0"":""/World/Franka/panda_link6/geometry/panda_link6"",""collider1"":""/World/FormalObstacle"",""contact_count"":4,""minimum_separation_m"":-0.0026176124811172485}"
multiscene_candidate_006__inflation_020mm__direction_108__042mm,multiscene_candidate_006__inflation_020mm,multiscene_candidate_006,20,direction_108,42.0,False,True,False,0.002781212329864502,-0.00044353678822517395,25,28,"{""actor0"":""/World/Franka/panda_link6"",""actor1"":""/World/FormalObstacle"",""collider0"":""/World/Franka/panda_link6/geometry/panda_link6"",""collider1"":""/World/FormalObstacle"",""contact_count"":3,""minimum_separation_m"":-0.00044353678822517395}"
multiscene_candidate_006__inflation_020mm__direction_108__044mm,multiscene_candidate_006__inflation_020mm,multiscene_candidate_006,20,direction_108,44.0,False,True,False,0.001467134803533554,-0.001834176480770111,26,28,"{""actor0"":""/World/Franka/panda_link6"",""actor1"":""/World/FormalObstacle"",""collider0"":""/World/Franka/panda_link6/geometry/panda_link6"",""collider1"":""/World/FormalObstacle"",""contact_count"":3,""minimum_separation_m"":-0.001834176480770111}"
multiscene_candidate_006__inflation_020mm__direction_108__046mm,multiscene_candidate_006__inflation_020mm,multiscene_candidate_006,20,direction_108,46.0,False,True,False,7.65584409236908e-05,-0.003148972988128662,26,28,"{""actor0"":""/World/Franka/panda_link6"",""actor1"":""/World/FormalObstacle"",""collider0"":""/World/Franka/panda_link6/geometry/panda_link6"",""collider1"":""/World/FormalObstacle"",""contact_count"":4,""minimum_separation_m"":-0.003148972988128662}"
multiscene_candidate_006__inflation_020mm__direction_109__040mm,multiscene_candidate_006__inflation_020mm,multiscene_candidate_006,20,direction_109,40.0,False,True,False,0.004390265792608261,-8.699670433998108e-05,27,27,"{""actor0"":""/World/Franka/panda_link6"",""actor1"":""/World/FormalObstacle"",""collider0"":""/World/Franka/panda_link6/geometry/panda_link6"",""collider1"":""/World/FormalObstacle"",""contact_count"":4,""minimum_separation_m"":-8.699670433998108e-05}"
multiscene_candidate_006__inflation_020mm__direction_109__042mm,multiscene_candidate_006__inflation_020mm,multiscene_candidate_006,20,direction_109,42.0,False,True,False,0.0029683969914913177,-0.001508869230747223,27,27,"{""actor0"":""/World/Franka/panda_link6"",""actor1"":""/World/FormalObstacle"",""collider0"":""/World/Franka/panda_link6/geometry/panda_link6"",""collider1"":""/World/FormalObstacle"",""contact_count"":4,""minimum_separation_m"":-0.001508869230747223}"
multiscene_candidate_006__inflation_020mm__direction_109__044mm,multiscene_candidate_006__inflation_020mm,multiscene_candidate_006,20,direction_109,44.0,False,True,False,0.0015465281903743744,-0.0029307380318641663,27,27,"{""actor0"":""/World/Franka/panda_link6"",""actor1"":""/World/FormalObstacle"",""collider0"":""/World/Franka/panda_link6/geometry/panda_link6"",""collider1"":""/World/FormalObstacle"",""contact_count"":4,""minimum_separation_m"":-0.0029307380318641663}"
multiscene_candidate_006__inflation_020mm__direction_109__046mm,multiscene_candidate_006__inflation_020mm,multiscene_candidate_006,20,direction_109,46.0,False,True,False,0.00012465938925743103,-0.004352610558271408,27,27,"{""actor0"":""/World/Franka/panda_link6"",""actor1"":""/World/FormalObstacle"",""collider0"":""/World/Franka/panda_link6/geometry/panda_link6"",""collider1"":""/World/FormalObstacle"",""contact_count"":4,""minimum_separation_m"":-0.004352610558271408}"
multiscene_candidate_006__inflation_020mm__direction_110__038mm,multiscene_candidate_006__inflation_020mm,multiscene_candidate_006,20,direction_110,38.0,False,True,False,0.002002563327550888,-0.0007614046335220337,24,25,"{""actor0"":""/World/Franka/panda_link6"",""actor1"":""/World/FormalObstacle"",""collider0"":""/World/Franka/panda_link6/geometry/panda_link6"",""collider1"":""/World/FormalObstacle"",""contact_count"":4,""minimum_separation_m"":-0.0007614046335220337}"
multiscene_candidate_006__inflation_020mm__direction_110__040mm,multiscene_candidate_006__inflation_020mm,multiscene_candidate_006,20,direction_110,40.0,False,True,False,0.00054946169257164,-0.00221450999379158,24,25,"{""actor0"":""/World/Franka/panda_link6"",""actor1"":""/World/FormalObstacle"",""collider0"":""/World/Franka/panda_link6/geometry/panda_link6"",""collider1"":""/World/FormalObstacle"",""contact_count"":4,""minimum_separation_m"":-0.00221450999379158}"
multiscene_candidate_006__inflation_020mm__direction_111__040mm,multiscene_candidate_006__inflation_020mm,multiscene_candidate_006,20,direction_111,40.0,False,True,False,0.0031402967870235443,-0.0013369806110858917,27,27,"{""actor0"":""/World/Franka/panda_link6"",""actor1"":""/World/FormalObstacle"",""collider0"":""/World/Franka/panda_link6/geometry/panda_link6"",""collider1"":""/World/FormalObstacle"",""contact_count"":4,""minimum_separation_m"":-0.0013369806110858917}"
multiscene_candidate_006__inflation_020mm__direction_111__042mm,multiscene_candidate_006__inflation_020mm,multiscene_candidate_006,20,direction_111,42.0,False,True,False,0.0016559027135372162,-0.002821359783411026,27,27,"{""actor0"":""/World/Franka/panda_link6"",""actor1"":""/World/FormalObstacle"",""collider0"":""/World/Franka/panda_link6/geometry/panda_link6"",""collider1"":""/World/FormalObstacle"",""contact_count"":4,""minimum_separation_m"":-0.002821359783411026}"
multiscene_candidate_006__inflation_020mm__direction_111__044mm,multiscene_candidate_006__inflation_020mm,multiscene_candidate_006,20,direction_111,44.0,False,True,False,0.00017150864005088806,-0.004305768758058548,27,27,"{""actor0"":""/World/Franka/panda_link6"",""actor1"":""/World/FormalObstacle"",""collider0"":""/World/Franka/panda_link6/geometry/panda_link6"",""collider1"":""/World/FormalObstacle"",""contact_count"":4,""minimum_separation_m"":-0.004305768758058548}"
multiscene_candidate_006__inflation_020mm__direction_112__036mm,multiscene_candidate_006__inflation_020mm,multiscene_candidate_006,20,direction_112,36.0,False,True,False,0.003906365483999252,-9.265542030334473e-05,25,25,"{""actor0"":""/World/Franka/panda_link6"",""actor1"":""/World/FormalObstacle"",""collider0"":""/World/Franka/panda_link6/geometry/panda_link6"",""collider1"":""/World/FormalObstacle"",""contact_count"":4,""minimum_separation_m"":-9.265542030334473e-05}"
multiscene_candidate_006__inflation_020mm__direction_112__038mm,multiscene_candidate_006__inflation_020mm,multiscene_candidate_006,20,direction_112,38.0,False,True,False,0.002375315874814987,-0.0016516707837581635,25,25,"{""actor0"":""/World/Franka/panda_link6"",""actor1"":""/World/FormalObstacle"",""collider0"":""/World/Franka/panda_link6/geometry/panda_link6"",""collider1"":""/World/FormalObstacle"",""contact_count"":4,""minimum_separation_m"":-0.0016516707837581635}"
multiscene_candidate_006__inflation_020mm__direction_112__040mm,multiscene_candidate_006__inflation_020mm,multiscene_candidate_006,20,direction_112,40.0,False,True,False,0.0008445605635643005,-0.003210708498954773,25,25,"{""actor0"":""/World/Franka/panda_link6"",""actor1"":""/World/FormalObstacle"",""collider0"":""/World/Franka/panda_link6/geometry/panda_link6"",""collider1"":""/World/FormalObstacle"",""contact_count"":4,""minimum_separation_m"":-0.003210708498954773}"
multiscene_candidate_006__inflation_020mm__direction_113__038mm,multiscene_candidate_006__inflation_020mm,multiscene_candidate_006,20,direction_113,38.0,False,True,False,0.0016152523458003998,-0.001040082424879074,25,27,"{""actor0"":""/World/Franka/panda_link6"",""actor1"":""/World/FormalObstacle"",""collider0"":""/World/Franka/panda_link6/geometry/panda_link6"",""collider1"":""/World/FormalObstacle"",""contact_count"":3,""minimum_separation_m"":-0.001040082424879074}"
multiscene_candidate_006__inflation_020mm__direction_113__040mm,multiscene_candidate_006__inflation_020mm,multiscene_candidate_006,20,direction_113,40.0,False,True,False,6.833299994468689e-05,-0.00258699432015419,25,27,"{""actor0"":""/World/Franka/panda_link6"",""actor1"":""/World/FormalObstacle"",""collider0"":""/World/Franka/panda_link6/geometry/panda_link6"",""collider1"":""/World/FormalObstacle"",""contact_count"":3,""minimum_separation_m"":-0.00258699432015419}"
multiscene_candidate_006__inflation_020mm__direction_114__036mm,multiscene_candidate_006__inflation_020mm,multiscene_candidate_006,20,direction_114,36.0,False,True,False,0.004421558231115341,-5.5711716413497925e-05,27,27,"{""actor0"":""/World/Franka/panda_link6"",""actor1"":""/World/FormalObstacle"",""collider0"":""/World/Franka/panda_link6/geometry/panda_link6"",""collider1"":""/World/FormalObstacle"",""contact_count"":4,""minimum_separation_m"":-5.5711716413497925e-05}"
multiscene_candidate_006__inflation_020mm__direction_114__038mm,multiscene_candidate_006__inflation_020mm,multiscene_candidate_006,20,direction_114,38.0,False,True,False,0.0028434060513973236,-0.0016338713467121124,27,27,"{""actor0"":""/World/Franka/panda_link6"",""actor1"":""/World/FormalObstacle"",""collider0"":""/World/Franka/panda_link6/geometry/panda_link6"",""collider1"":""/World/FormalObstacle"",""contact_count"":4,""minimum_separation_m"":-0.0016338713467121124}"
multiscene_candidate_006__inflation_020mm__direction_114__040mm,multiscene_candidate_006__inflation_020mm,multiscene_candidate_006,20,direction_114,40.0,False,True,False,0.0012653134763240814,-0.0032119527459144592,27,27,"{""actor0"":""/World/Franka/panda_link6"",""actor1"":""/World/FormalObstacle"",""collider0"":""/World/Franka/panda_link6/geometry/panda_link6"",""collider1"":""/World/FormalObstacle"",""contact_count"":4,""minimum_separation_m"":-0.0032119527459144592}"
multiscene_candidate_006__inflation_020mm__direction_115__034mm,multiscene_candidate_006__inflation_020mm,multiscene_candidate_006,20,direction_115,34.0,False,True,False,0.0028558969497680664,-0.0009214729070663452,24,24,"{""actor0"":""/World/Franka/panda_link6"",""actor1"":""/World/FormalObstacle"",""collider0"":""/World/Franka/panda_link6/geometry/panda_link6"",""collider1"":""/World/FormalObstacle"",""contact_count"":4,""minimum_separation_m"":-0.0009214729070663452}"
multiscene_candidate_006__inflation_020mm__direction_115__036mm,multiscene_candidate_006__inflation_020mm,multiscene_candidate_006,20,direction_115,36.0,False,True,False,0.001105576753616333,-0.002705499529838562,24,24,"{""actor0"":""/World/Franka/panda_link6"",""actor1"":""/World/FormalObstacle"",""collider0"":""/World/Franka/panda_link6/geometry/panda_link6"",""collider1"":""/World/FormalObstacle"",""contact_count"":4,""minimum_separation_m"":-0.002705499529838562}"
multiscene_candidate_006__inflation_020mm__direction_116__036mm,multiscene_candidate_006__inflation_020mm,multiscene_candidate_006,20,direction_116,36.0,False,True,False,0.0025296472012996674,-0.001180756837129593,26,27,"{""actor0"":""/World/Franka/panda_link6"",""actor1"":""/World/FormalObstacle"",""collider0"":""/World/Franka/panda_link6/geometry/panda_link6"",""collider1"":""/World/FormalObstacle"",""contact_count"":4,""minimum_separation_m"":-0.001180756837129593}"
multiscene_candidate_006__inflation_020mm__direction_116__038mm,multiscene_candidate_006__inflation_020mm,multiscene_candidate_006,20,direction_116,38.0,False,True,False,0.0008890293538570404,-0.002821359783411026,26,27,"{""actor0"":""/World/Franka/panda_link6"",""actor1"":""/World/FormalObstacle"",""collider0"":""/World/Franka/panda_link6/geometry/panda_link6"",""collider1"":""/World/FormalObstacle"",""contact_count"":4,""minimum_separation_m"":-0.002821359783411026}"
multiscene_candidate_006__inflation_020mm__direction_117__034mm,multiscene_candidate_006__inflation_020mm,multiscene_candidate_006,20,direction_117,34.0,False,True,False,0.003639068454504013,-0.0006934516131877899,26,26,"{""actor0"":""/World/Franka/panda_link6"",""actor1"":""/World/FormalObstacle"",""collider0"":""/World/Franka/panda_link6/geometry/panda_link6"",""collider1"":""/World/FormalObstacle"",""contact_count"":4,""minimum_separation_m"":-0.0006934516131877899}"
multiscene_candidate_006__inflation_020mm__direction_117__036mm,multiscene_candidate_006__inflation_020mm,multiscene_candidate_006,20,direction_117,36.0,False,True,False,0.001967158168554306,-0.002365346997976303,26,26,"{""actor0"":""/World/Franka/panda_link6"",""actor1"":""/World/FormalObstacle"",""collider0"":""/World/Franka/panda_link6/geometry/panda_link6"",""collider1"":""/World/FormalObstacle"",""contact_count"":4,""minimum_separation_m"":-0.002365346997976303}"
multiscene_candidate_006__inflation_020mm__direction_117__038mm,multiscene_candidate_006__inflation_020mm,multiscene_candidate_006,20,direction_117,38.0,False,True,False,0.0002953074872493744,-0.004037205129861832,26,26,"{""actor0"":""/World/Franka/panda_link6"",""actor1"":""/World/FormalObstacle"",""collider0"":""/World/Franka/panda_link6/geometry/panda_link6"",""collider1"":""/World/FormalObstacle"",""contact_count"":4,""minimum_separation_m"":-0.004037205129861832}"
multiscene_candidate_006__inflation_020mm__direction_118__034mm,multiscene_candidate_006__inflation_020mm,multiscene_candidate_006,20,direction_118,34.0,False,True,False,0.0016553327441215515,-0.0014993324875831604,24,25,"{""actor0"":""/World/Franka/panda_link6"",""actor1"":""/World/FormalObstacle"",""collider0"":""/World/Franka/panda_link6/geometry/panda_link6"",""collider1"":""/World/FormalObstacle"",""contact_count"":4,""minimum_separation_m"":-0.0014993324875831604}"
multiscene_candidate_006__inflation_020mm__direction_119__034mm,multiscene_candidate_006__inflation_020mm,multiscene_candidate_006,20,direction_119,34.0,False,True,False,0.0031799376010894775,-0.0011338330805301666,26,27,"{""actor0"":""/World/Franka/panda_link6"",""actor1"":""/World/FormalObstacle"",""collider0"":""/World/Franka/panda_link6/geometry/panda_link6"",""collider1"":""/World/FormalObstacle"",""contact_count"":4,""minimum_separation_m"":-0.0011338330805301666}"
multiscene_candidate_006__inflation_020mm__direction_119__036mm,multiscene_candidate_006__inflation_020mm,multiscene_candidate_006,20,direction_119,36.0,False,True,False,0.0016090534627437592,-0.0028682127594947815,27,27,"{""actor0"":""/World/Franka/panda_link6"",""actor1"":""/World/FormalObstacle"",""collider0"":""/World/Franka/panda_link6/geometry/panda_link6"",""collider1"":""/World/FormalObstacle"",""contact_count"":4,""minimum_separation_m"":-0.0028682127594947815}"
multiscene_candidate_006__inflation_020mm__direction_120__032mm,multiscene_candidate_006__inflation_020mm,multiscene_candidate_006,20,direction_120,32.0,False,True,False,0.002764623612165451,-0.0014020279049873352,25,25,"{""actor0"":""/World/Franka/panda_link6"",""actor1"":""/World/FormalObstacle"",""collider0"":""/World/Franka/panda_link6/geometry/panda_link6"",""collider1"":""/World/FormalObstacle"",""contact_count"":4,""minimum_separation_m"":-0.0014020279049873352}"
multiscene_candidate_006__inflation_020mm__direction_120__034mm,multiscene_candidate_006__inflation_020mm,multiscene_candidate_006,20,direction_120,34.0,False,True,False,0.0009922757744789124,-0.00316765159368515,25,25,"{""actor0"":""/World/Franka/panda_link6"",""actor1"":""/World/FormalObstacle"",""collider0"":""/World/Franka/panda_link6/geometry/panda_link6"",""collider1"":""/World/FormalObstacle"",""contact_count"":4,""minimum_separation_m"":-0.00316765159368515}"
multiscene_candidate_006__inflation_020mm__direction_121__032mm,multiscene_candidate_006__inflation_020mm,multiscene_candidate_006,20,direction_121,32.0,False,True,False,0.0026136115193367004,-0.0010216236114501953,25,26,"{""actor0"":""/World/Franka/panda_link6"",""actor1"":""/World/FormalObstacle"",""collider0"":""/World/Franka/panda_link6/geometry/panda_link6"",""collider1"":""/World/FormalObstacle"",""contact_count"":4,""minimum_separation_m"":-0.0010216236114501953}"
multiscene_candidate_006__inflation_020mm__direction_121__034mm,multiscene_candidate_006__inflation_020mm,multiscene_candidate_006,20,direction_121,34.0,False,True,False,0.0008087567985057831,-0.0028184540569782257,25,26,"{""actor0"":""/World/Franka/panda_link6"",""actor1"":""/World/FormalObstacle"",""collider0"":""/World/Franka/panda_link6/geometry/panda_link6"",""collider1"":""/World/FormalObstacle"",""contact_count"":4,""minimum_separation_m"":-0.0028184540569782257}"
multiscene_candidate_006__inflation_020mm__direction_122__032mm,multiscene_candidate_006__inflation_020mm,multiscene_candidate_006,20,direction_122,32.0,False,True,False,0.002847876399755478,-0.0015051662921905518,26,26,"{""actor0"":""/World/Franka/panda_link6"",""actor1"":""/World/FormalObstacle"",""collider0"":""/World/Franka/panda_link6/geometry/panda_link6"",""collider1"":""/World/FormalObstacle"",""contact_count"":4,""minimum_separation_m"":-0.0015051662921905518}"
multiscene_candidate_006__inflation_020mm__direction_122__034mm,multiscene_candidate_006__inflation_020mm,multiscene_candidate_006,20,direction_122,34.0,False,True,False,0.00105271115899086,-0.003210209310054779,26,26,"{""actor0"":""/World/Franka/panda_link6"",""actor1"":""/World/FormalObstacle"",""collider0"":""/World/Franka/panda_link6/geometry/panda_link6"",""collider1"":""/World/FormalObstacle"",""contact_count"":4,""minimum_separation_m"":-0.003210209310054779}"
multiscene_candidate_006__inflation_020mm__direction_123__030mm,multiscene_candidate_006__inflation_020mm,multiscene_candidate_006,20,direction_123,30.0,False,True,False,0.003115203231573105,-0.0010426715016365051,25,25,"{""actor0"":""/World/Franka/panda_link6"",""actor1"":""/World/FormalObstacle"",""collider0"":""/World/Franka/panda_link6/geometry/panda_link6"",""collider1"":""/World/FormalObstacle"",""contact_count"":4,""minimum_separation_m"":-0.0010426715016365051}"
multiscene_candidate_006__inflation_020mm__direction_123__032mm,multiscene_candidate_006__inflation_020mm,multiscene_candidate_006,20,direction_123,32.0,False,True,False,0.0012558363378047943,-0.0029020383954048157,25,25,"{""actor0"":""/World/Franka/panda_link6"",""actor1"":""/World/FormalObstacle"",""collider0"":""/World/Franka/panda_link6/geometry/panda_link6"",""collider1"":""/World/FormalObstacle"",""contact_count"":4,""minimum_separation_m"":-0.0029020383954048157}"
multiscene_candidate_006__inflation_020mm__direction_124__030mm,multiscene_candidate_006__inflation_020mm,multiscene_candidate_006,20,direction_124,30.0,False,True,False,0.0037015341222286224,-0.0006309784948825836,26,26,"{""actor0"":""/World/Franka/panda_link6"",""actor1"":""/World/FormalObstacle"",""collider0"":""/World/Franka/panda_link6/geometry/panda_link6"",""collider1"":""/World/FormalObstacle"",""contact_count"":4,""minimum_separation_m"":-0.0006309784948825836}"
multiscene_candidate_006__inflation_020mm__direction_124__032mm,multiscene_candidate_006__inflation_020mm,multiscene_candidate_006,20,direction_124,32.0,False,True,False,0.0018109343945980072,-0.0025215670466423035,26,26,"{""actor0"":""/World/Franka/panda_link6"",""actor1"":""/World/FormalObstacle"",""collider0"":""/World/Franka/panda_link6/geometry/panda_link6"",""collider1"":""/World/FormalObstacle"",""contact_count"":4,""minimum_separation_m"":-0.0025215670466423035}"
multiscene_candidate_006__inflation_020mm__direction_125__030mm,multiscene_candidate_006__inflation_020mm,multiscene_candidate_006,20,direction_125,30.0,False,True,False,0.003003157675266266,-0.001099713146686554,25,26,"{""actor0"":""/World/Franka/panda_link6"",""actor1"":""/World/FormalObstacle"",""collider0"":""/World/Franka/panda_link6/geometry/panda_link6"",""collider1"":""/World/FormalObstacle"",""contact_count"":4,""minimum_separation_m"":-0.001099713146686554}"
multiscene_candidate_006__inflation_020mm__direction_125__032mm,multiscene_candidate_006__inflation_020mm,multiscene_candidate_006,20,direction_125,32.0,False,True,False,0.0011185146868228912,-0.0030216090381145477,25,26,"{""actor0"":""/World/Franka/panda_link6"",""actor1"":""/World/FormalObstacle"",""collider0"":""/World/Franka/panda_link6/geometry/panda_link6"",""collider1"":""/World/FormalObstacle"",""contact_count"":4,""minimum_separation_m"":-0.0030216090381145477}"
multiscene_candidate_006__inflation_020mm__direction_126__028mm,multiscene_candidate_006__inflation_020mm,multiscene_candidate_006,20,direction_126,28.0,False,True,False,0.0038654841482639313,-0.00011261925101280212,25,25,"{""actor0"":""/World/Franka/panda_link6"",""actor1"":""/World/FormalObstacle"",""collider0"":""/World/Franka/panda_link6/geometry/panda_link6"",""collider1"":""/World/FormalObstacle"",""contact_count"":4,""minimum_separation_m"":-0.00011261925101280212}"
multiscene_candidate_006__inflation_020mm__direction_126__030mm,multiscene_candidate_006__inflation_020mm,multiscene_candidate_006,20,direction_126,30.0,False,True,False,0.0018933750689029694,-0.0021185018122196198,25,25,"{""actor0"":""/World/Franka/panda_link6"",""actor1"":""/World/FormalObstacle"",""collider0"":""/World/Franka/panda_link6/geometry/panda_link6"",""collider1"":""/World/FormalObstacle"",""contact_count"":4,""minimum_separation_m"":-0.0021185018122196198}"
multiscene_candidate_006__inflation_020mm__direction_127__028mm,multiscene_candidate_006__inflation_020mm,multiscene_candidate_006,20,direction_127,28.0,False,True,False,0.004279639571905136,-5.286559462547302e-05,26,26,"{""actor0"":""/World/Franka/panda_link6"",""actor1"":""/World/FormalObstacle"",""collider0"":""/World/Franka/panda_link6/geometry/panda_link6"",""collider1"":""/World/FormalObstacle"",""contact_count"":4,""minimum_separation_m"":-5.286559462547302e-05}"
multiscene_candidate_006__inflation_020mm__direction_127__030mm,multiscene_candidate_006__inflation_020mm,multiscene_candidate_006,20,direction_127,30.0,False,True,False,0.0022952817380428314,-0.0020372234284877777,26,26,"{""actor0"":""/World/Franka/panda_link6"",""actor1"":""/World/FormalObstacle"",""collider0"":""/World/Franka/panda_link6/geometry/panda_link6"",""collider1"":""/World/FormalObstacle"",""contact_count"":4,""minimum_separation_m"":-0.0020372234284877777}"
multiscene_candidate_006__inflation_020mm__direction_127__032mm,multiscene_candidate_006__inflation_020mm,multiscene_candidate_006,20,direction_127,32.0,False,True,False,0.00031092390418052673,-0.004021596163511276,26,26,"{""actor0"":""/World/Franka/panda_link6"",""actor1"":""/World/FormalObstacle"",""collider0"":""/World/Franka/panda_link6/geometry/panda_link6"",""collider1"":""/World/FormalObstacle"",""contact_count"":4,""minimum_separation_m"":-0.004021596163511276}"
